subsection_id,paper_id,PMID,PMCID,DOI,title,journal,publication_year,article_type,abstract_review_decision,evidence_role,draft_access_status,verified_access_status,venue_trust_label,source_query_ids,reason
SUB001,pmid-23903756,23903756,PMC3935768,10.1126/scitranslmed.3005747,mTORC1 inhibition is required for sensitivity to PI3K p110α inhibitors in PIK3CA-mutant breast cancer.,Science translational medicine,2013,"Journal Article;Research Support, Non-U.S. Gov't",include_context,primary_mechanism,unknown,pmc_available,unknown,SUB001-Q001,"Useful for framing PI3K-alpha biology, clinical use, testing, or resistance heterogeneity, but not the cleanest primary proof for this subsection claim."
SUB001,pmid-25002028,25002028,PMC4155598,10.1016/j.ccr.2014.05.020,CDK 4/6 inhibitors sensitize PIK3CA mutant breast cancer to PI3K inhibitors.,Cancer cell,2014,"Clinical Trial, Phase I;Journal Article;Research Support, Non-U.S. Gov't",include_context,primary_mechanism,unknown,pmc_available,unknown,SUB001-Q001,"Useful for framing PI3K-alpha biology, clinical use, testing, or resistance heterogeneity, but not the cleanest primary proof for this subsection claim."
SUB001,pmid-26793003,26793003,PMC4708174,10.2147/OTT.S89967,PI3K inhibitors as new cancer therapeutics: implications for clinical trial design.,OncoTargets and therapy,2016,Journal Article;Review,include_context,review_or_background,unknown,pmc_available,unknown,SUB001-Q001,"Useful for framing PI3K-alpha biology, clinical use, testing, or resistance heterogeneity, but not the cleanest primary proof for this subsection claim."
SUB001,pmid-27048245,27048245,PMC4820873,10.1186/s13058-016-0697-1,Activation of IGF1R/p110β/AKT/mTOR confers resistance to α-specific PI3K inhibition.,Breast cancer research : BCR,2016,"Journal Article;Research Support, Non-U.S. Gov't",include_context,primary_mechanism,unknown,pmc_available,unknown,SUB001-Q001,"Useful for framing PI3K-alpha biology, clinical use, testing, or resistance heterogeneity, but not the cleanest primary proof for this subsection claim."
SUB001,pmid-27604488,27604488,PMC5050154,10.1158/2159-8290.CD-16-0305,Systematic Functional Characterization of Resistance to PI3K Inhibition in Breast Cancer.,Cancer discovery,2016,Journal Article,include_context,primary_mechanism,unknown,pmc_available,unknown,SUB001-Q001,"Useful for framing PI3K-alpha biology, clinical use, testing, or resistance heterogeneity, but not the cleanest primary proof for this subsection claim."
SUB001,pmid-28382169,28382169,PMC5381259,10.7150/thno.17830,Integration of Receptor Tyrosine Kinases Determines Sensitivity to PI3Kα-selective Inhibitors in Breast Cancer.,Theranostics,2017,Journal Article,include_context,primary_mechanism,unknown,pmc_available,unknown,SUB001-Q001,"Useful for framing PI3K-alpha biology, clinical use, testing, or resistance heterogeneity, but not the cleanest primary proof for this subsection claim."
SUB001,pmid-28486103,28486103,unknown,10.1016/j.ccell.2017.04.010,Tackling Resistance to PI3K Inhibition by Targeting the Epigenome.,Cancer cell,2017,Journal Article;Comment,include_context,primary_mechanism,unknown,abstract_available,unknown,SUB001-Q001,"Useful for framing PI3K-alpha biology, clinical use, testing, or resistance heterogeneity, but not the cleanest primary proof for this subsection claim."
SUB001,pmid-29252036,29252036,unknown,10.1080/13543784.2018.1417384,PI3K inhibition to overcome endocrine resistance in breast cancer.,Expert opinion on investigational drugs,2018,Journal Article;Review,include_context,review_or_background,unknown,abstract_available,unknown,SUB001-Q001,"Useful for framing PI3K-alpha biology, clinical use, testing, or resistance heterogeneity, but not the cleanest primary proof for this subsection claim."
SUB001,pmid-29284706,29284706,PMC5856622,10.1158/1078-0432.CCR-17-2141,"PIK3CA C2 Domain Deletions Hyperactivate Phosphoinositide 3-kinase (PI3K), Generate Oncogene Dependence, and Are Exquisitely Sensitive to PI3Kα Inhibitors.",Clinical cancer research : an official journal of the American Association for Cancer Research,2017,"Journal Article;Research Support, N.I.H., Extramural;Research Support, Non-U.S. Gov't",include_context,clinical_or_translational,unknown,pmc_available,unknown,SUB001-Q001,"Useful for framing PI3K-alpha biology, clinical use, testing, or resistance heterogeneity, but not the cleanest primary proof for this subsection claim."
SUB001,pmid-29850984,29850984,unknown,10.1007/s10549-018-4792-0,Phase I study of alpelisib (BYL-719) and trastuzumab emtansine (T-DM1) in HER2-positive metastatic breast cancer (MBC) after trastuzumab and taxane therapy.,Breast cancer research and treatment,2018,"Clinical Trial, Phase I;Journal Article",include_context,primary_mechanism,unknown,abstract_available,unknown,SUB001-Q001,"Useful for framing PI3K-alpha biology, clinical use, testing, or resistance heterogeneity, but not the cleanest primary proof for this subsection claim."
SUB001,pmid-29868122,29868122,PMC5968201,10.3389/fgene.2018.00174,Screen for MicroRNA and Drug Interactions in Breast Cancer Cell Lines Points to miR-126 as a Modulator of CDK4/6 and PIK3CA Inhibitors.,Frontiers in genetics,2018,Journal Article,include_context,primary_mechanism,unknown,pmc_available,unknown,SUB001-Q001,"Useful for framing PI3K-alpha biology, clinical use, testing, or resistance heterogeneity, but not the cleanest primary proof for this subsection claim."
SUB001,pmid-30315845,30315845,unknown,10.1016/j.canlet.2018.09.030,Inhibition of BTF3 sensitizes luminal breast cancer cells to PI3Kα inhibition through the transcriptional regulation of ERα.,Cancer letters,2018,"Journal Article;Research Support, Non-U.S. Gov't",include_context,clinical_or_translational,unknown,abstract_available,unknown,SUB001-Q001,"Useful for framing PI3K-alpha biology, clinical use, testing, or resistance heterogeneity, but not the cleanest primary proof for this subsection claim."
SUB001,pmid-30413407,30413407,unknown,10.1158/2159-8290.CD-NB2018-146,Alpelisib Extends PFS in PIK3CA-Mutant Breast Cancer.,Cancer discovery,2018,News,include_context,clinical_or_translational,unknown,abstract_available,unknown,SUB001-Q001,"Useful for framing PI3K-alpha biology, clinical use, testing, or resistance heterogeneity, but not the cleanest primary proof for this subsection claim."
SUB001,pmid-30588709,30588709,PMC6398875,10.1111/cas.13923,"Phase I study of alpelisib (BYL719), an α-specific PI3K inhibitor, in Japanese patients with advanced solid tumors.",Cancer science,2019,"Clinical Trial, Phase I;Journal Article;Multicenter Study",include_context,clinical_or_translational,unknown,pmc_available,unknown,SUB001-Q001,"Useful for framing PI3K-alpha biology, clinical use, testing, or resistance heterogeneity, but not the cleanest primary proof for this subsection claim."
SUB001,pmid-30595753,30595753,PMC6280779,10.1007/s12254-018-0450-9,ASCO 2018 highlights: metastatic breast cancer.,Memo,2018,Journal Article;Review,include_context,review_or_background,unknown,pmc_available,unknown,SUB001-Q001,"Useful for framing PI3K-alpha biology, clinical use, testing, or resistance heterogeneity, but not the cleanest primary proof for this subsection claim."
SUB001,pmid-31130321,31130321,unknown,10.1016/S1470-2045(19)30372-9,Alpelisib plus fulvestrant for PIK3CA-mutated breast cancer.,The Lancet. Oncology,2019,News,include_context,clinical_or_translational,unknown,abstract_available,unknown,SUB001-Q001,"Useful for framing PI3K-alpha biology, clinical use, testing, or resistance heterogeneity, but not the cleanest primary proof for this subsection claim."
SUB001,pmid-31256368,31256368,unknown,10.1007/s40265-019-01161-6,Alpelisib: First Global Approval.,Drugs,2019,Journal Article;Review,include_context,review_or_background,unknown,abstract_available,unknown,SUB001-Q001,"Useful for framing PI3K-alpha biology, clinical use, testing, or resistance heterogeneity, but not the cleanest primary proof for this subsection claim."
SUB001,pmid-31412191,31412191,unknown,10.1056/NEJMc1907856,Alpelisib for PIK3CA-Mutated Advanced Breast Cancer.,The New England journal of medicine,2019,Letter;Comment,include_context,clinical_or_translational,unknown,abstract_available,unknown,SUB001-Q001,"Useful for framing PI3K-alpha biology, clinical use, testing, or resistance heterogeneity, but not the cleanest primary proof for this subsection claim."
SUB001,pmid-31412192,31412192,unknown,10.1056/NEJMc1907856,Alpelisib for PIK3CA-Mutated Advanced Breast Cancer.,The New England journal of medicine,2019,Letter;Comment,include_context,clinical_or_translational,unknown,abstract_available,unknown,SUB001-Q001,"Useful for framing PI3K-alpha biology, clinical use, testing, or resistance heterogeneity, but not the cleanest primary proof for this subsection claim."
SUB001,pmid-31412193,31412193,unknown,10.1056/NEJMc1907856,Alpelisib for PIK3CA-Mutated Advanced Breast Cancer. Reply.,The New England journal of medicine,2019,Letter;Comment,include_context,clinical_or_translational,unknown,abstract_available,unknown,SUB001-Q001,"Useful for framing PI3K-alpha biology, clinical use, testing, or resistance heterogeneity, but not the cleanest primary proof for this subsection claim."
SUB001,pmid-31439579,31439579,unknown,10.1158/1078-0432.CCR-19-0508,"POSEIDON Trial Phase 1b Results: Safety, Efficacy and Circulating Tumor DNA Response of the Beta Isoform-Sparing PI3K Inhibitor Taselisib (GDC-0032) Combined with Tamoxifen in Hormone Receptor Positive Metastatic Breast Cancer Patients.",Clinical cancer research : an official journal of the American Association for Cancer Research,2019,"Clinical Trial, Phase I;Journal Article;Multicenter Study;Research Support, Non-U.S. Gov't",include_context,primary_mechanism,unknown,abstract_available,unknown,SUB001-Q001,"Useful for framing PI3K-alpha biology, clinical use, testing, or resistance heterogeneity, but not the cleanest primary proof for this subsection claim."
SUB001,pmid-31485143,31485143,PMC6705475,unknown,Pharmaceutical Approval Update.,P & T : a peer-reviewed journal for formulary management,2019,Journal Article,include_context,clinical_or_translational,unknown,pmc_available,unknown,SUB001-Q001,"Useful for framing PI3K-alpha biology, clinical use, testing, or resistance heterogeneity, but not the cleanest primary proof for this subsection claim."
SUB001,pmid-31552290,31552290,PMC6757060,10.1038/s41523-019-0126-6,PIK3CA and MAP3K1 alterations imply luminal A status and are associated with clinical benefit from pan-PI3K inhibitor buparlisib and letrozole in ER+ metastatic breast cancer.,NPJ breast cancer,2019,Journal Article,include_context,clinical_or_translational,unknown,pmc_available,unknown,SUB001-Q001,"Useful for framing PI3K-alpha biology, clinical use, testing, or resistance heterogeneity, but not the cleanest primary proof for this subsection claim."
SUB001,pmid-31780379,31780379,unknown,10.1016/j.clbc.2019.06.017,Practical Treatment Strategies and Future Directions After Progression While Receiving CDK4/6 Inhibition and Endocrine Therapy in Advanced HR+/HER2- Breast Cancer.,Clinical breast cancer,2019,Journal Article,include_context,primary_mechanism,unknown,abstract_available,unknown,SUB001-Q001,"Useful for framing PI3K-alpha biology, clinical use, testing, or resistance heterogeneity, but not the cleanest primary proof for this subsection claim."
SUB001,pmid-31828441,31828441,unknown,10.1007/s11912-019-0846-7,PI3K Inhibitors in Breast Cancer Therapy.,Current oncology reports,2019,Journal Article;Review,include_context,review_or_background,unknown,abstract_available,unknown,SUB001-Q001,"Useful for framing PI3K-alpha biology, clinical use, testing, or resistance heterogeneity, but not the cleanest primary proof for this subsection claim."
SUB001,pmid-31859349,31859349,PMC6923787,10.1093/annonc/mdz381,Efficacy of PI3K inhibitors in advanced breast cancer.,Annals of oncology : official journal of the European Society for Medical Oncology,2019,"Journal Article;Research Support, Non-U.S. Gov't;Review",include_context,review_or_background,unknown,pmc_available,unknown,SUB001-Q001,"Useful for framing PI3K-alpha biology, clinical use, testing, or resistance heterogeneity, but not the cleanest primary proof for this subsection claim."
SUB001,pmid-31928690,31928690,unknown,10.1093/annonc/mdz381,Efficacy of PI3K inhibitors in advanced breast cancer.,Annals of oncology : official journal of the European Society for Medical Oncology,2019,"Journal Article;Research Support, Non-U.S. Gov't;Review",include_context,review_or_background,unknown,abstract_available,unknown,SUB001-Q001,"Useful for framing PI3K-alpha biology, clinical use, testing, or resistance heterogeneity, but not the cleanest primary proof for this subsection claim."
SUB001,pmid-32416251,32416251,unknown,10.1016/j.annonc.2020.05.001,Time course and management of key adverse events during the randomized phase III SOLAR-1 study of PI3K inhibitor alpelisib plus fulvestrant in patients with HR-positive advanced breast cancer.,Annals of oncology : official journal of the European Society for Medical Oncology,2020,"Clinical Trial, Phase III;Journal Article;Randomized Controlled Trial;Research Support, Non-U.S. Gov't",include_context,clinical_or_translational,unknown,abstract_available,unknown,SUB001-Q001,"Useful for framing PI3K-alpha biology, clinical use, testing, or resistance heterogeneity, but not the cleanest primary proof for this subsection claim."
SUB001,pmid-32525134,32525134,unknown,10.1358/dot.2020.56.6.3137526,Alpelisib to treat breast cancer.,"Drugs of today (Barcelona, Spain : 1998)",2020,Journal Article;Review,include_context,review_or_background,unknown,abstract_available,unknown,SUB001-Q001,"Useful for framing PI3K-alpha biology, clinical use, testing, or resistance heterogeneity, but not the cleanest primary proof for this subsection claim."
SUB001,pmid-32637176,32637176,PMC7322582,10.1155/2020/3759179,A Systematic Review of the Prevalence and Diagnostic Workup of PIK3CA Mutations in HR+/HER2- Metastatic Breast Cancer.,International journal of breast cancer,2020,Journal Article,include_context,review_or_background,unknown,pmc_available,unknown,SUB001-Q001,"Useful review, guideline, or approval framing for the subsection, but not direct primary evidence under the workflow threshold."
SUB001,pmid-32782489,32782489,PMC7388095,10.1177/1758835920940939,Targeting the PI3K/Akt/mTOR pathway in estrogen-receptor positive HER2 negative advanced breast cancer.,Therapeutic advances in medical oncology,2020,Journal Article;Review,include_context,review_or_background,unknown,pmc_available,unknown,SUB001-Q001,"Useful for framing PI3K-alpha biology, clinical use, testing, or resistance heterogeneity, but not the cleanest primary proof for this subsection claim."
SUB001,pmid-32795346,32795346,PMC7427086,10.1186/s13058-020-01320-8,Targeting activated PI3K/mTOR signaling overcomes acquired resistance to CDK4/6-based therapies in preclinical models of hormone receptor-positive breast cancer.,Breast cancer research : BCR,2020,"Journal Article;Research Support, Non-U.S. Gov't;Research Support, U.S. Gov't, Non-P.H.S.",include_context,primary_mechanism,unknown,pmc_available,unknown,SUB001-Q001,"Useful for framing PI3K-alpha biology, clinical use, testing, or resistance heterogeneity, but not the cleanest primary proof for this subsection claim."
SUB001,pmid-32817061,32817061,PMC7437706,10.1136/esmoopen-2020-000890,PIK3CA mutation inhibition in hormone receptor-positive breast cancer: time has come.,ESMO open,2020,"Editorial;Research Support, Non-U.S. Gov't",include_context,clinical_or_translational,unknown,pmc_available,unknown,SUB001-Q001,"Useful for framing PI3K-alpha biology, clinical use, testing, or resistance heterogeneity, but not the cleanest primary proof for this subsection claim."
SUB001,pmid-32881420,32881420,PMC7941483,10.1002/cnr2.1287,Paired tumor sequencing and germline testing in breast cancer management: An experience of a single academic center.,"Cancer reports (Hoboken, N.J.)",2020,"Journal Article;Research Support, Non-U.S. Gov't",include_context,clinical_or_translational,unknown,pmc_available,unknown,SUB001-Q001,"Useful for framing PI3K-alpha biology, clinical use, testing, or resistance heterogeneity, but not the cleanest primary proof for this subsection claim."
SUB001,pmid-32953006,32953006,PMC7472334,10.1039/d0sc01676d,PI3K inhibitors: review and new strategies.,Chemical science,2020,Journal Article;Review,include_context,review_or_background,unknown,pmc_available,unknown,SUB001-Q001,"Useful for framing PI3K-alpha biology, clinical use, testing, or resistance heterogeneity, but not the cleanest primary proof for this subsection claim."
SUB001,pmid-32964734,32964734,unknown,10.2217/fon-2020-0464,Alpelisib in the treatment of metastatic HR+ breast cancer with PIK3CA mutations.,"Future oncology (London, England)",2020,Journal Article;Review,include_context,review_or_background,unknown,abstract_available,unknown,SUB001-Q001,"Useful for framing PI3K-alpha biology, clinical use, testing, or resistance heterogeneity, but not the cleanest primary proof for this subsection claim."
SUB001,pmid-32977934,32977934,unknown,10.1016/j.bulcan.2020.07.007,[New European approvals: Alpelisib for HRpos/HER2neg metastatic breast cancer with PIK3CA mutation].,Bulletin du cancer,2020,Letter,include_context,clinical_or_translational,unknown,abstract_available,unknown,SUB001-Q001,"Useful for framing PI3K-alpha biology, clinical use, testing, or resistance heterogeneity, but not the cleanest primary proof for this subsection claim."
SUB001,pmid-33168657,33168657,PMC8535764,10.1158/1078-0432.CCR-20-3652,"FDA Approval Summary: Alpelisib Plus Fulvestrant for Patients with HR-positive, HER2-negative, PIK3CA-mutated, Advanced or Metastatic Breast Cancer.",Clinical cancer research : an official journal of the American Association for Cancer Research,2020,Journal Article;Randomized Controlled Trial,include_context,review_or_background,unknown,pmc_available,unknown,SUB001-Q001,"Useful review, guideline, or approval framing for the subsection, but not direct primary evidence under the workflow threshold."
SUB001,pmid-33186740,33186740,PMC8457522,10.1016/j.annonc.2020.10.596,"Phase III randomized study of taselisib or placebo with fulvestrant in estrogen receptor-positive, PIK3CA-mutant, HER2-negative, advanced breast cancer: the SANDPIPER trial.",Annals of oncology : official journal of the European Society for Medical Oncology,2020,"Clinical Trial, Phase III;Journal Article;Randomized Controlled Trial;Research Support, Non-U.S. Gov't",include_context,clinical_or_translational,unknown,pmc_available,unknown,SUB001-Q001,"Useful for framing PI3K-alpha biology, clinical use, testing, or resistance heterogeneity, but not the cleanest primary proof for this subsection claim."
SUB001,pmid-33239910,33239910,PMC7680678,10.2147/BCTT.S219436,Alpelisib in the Treatment of Breast Cancer: A Short Review on the Emerging Clinical Data.,Breast cancer (Dove Medical Press),2020,Journal Article;Review,include_context,review_or_background,unknown,pmc_available,unknown,SUB001-Q001,"Useful for framing PI3K-alpha biology, clinical use, testing, or resistance heterogeneity, but not the cleanest primary proof for this subsection claim."
SUB001,pmid-33414137,33414137,PMC8075007,10.1158/1078-0432.CCR-20-3017,"Combining Neratinib with CDK4/6, mTOR, and MEK Inhibitors in Models of HER2-positive Cancer.",Clinical cancer research : an official journal of the American Association for Cancer Research,2021,"Journal Article;Research Support, N.I.H., Extramural",include_context,clinical_or_translational,unknown,pmc_available,unknown,SUB001-Q001,"Useful for framing PI3K-alpha biology, clinical use, testing, or resistance heterogeneity, but not the cleanest primary proof for this subsection claim."
SUB001,pmid-33520003,33520003,PMC7829038,10.1007/s12254-021-00674-9,ASCO 2020: highlights in breast cancer.,Memo,2021,Journal Article;Review,include_context,review_or_background,unknown,pmc_available,unknown,SUB001-Q001,"Useful for framing PI3K-alpha biology, clinical use, testing, or resistance heterogeneity, but not the cleanest primary proof for this subsection claim."
SUB001,pmid-33575071,33575071,PMC7646628,10.6004/jadpro.2020.11.7.9,Alpelisib: A Novel Therapy for Patients With PIK3CA-Mutated Metastatic Breast Cancer.,Journal of the advanced practitioner in oncology,2020,Journal Article,include_context,primary_mechanism,unknown,pmc_available,unknown,SUB001-Q001,"Useful for framing PI3K-alpha biology, clinical use, testing, or resistance heterogeneity, but not the cleanest primary proof for this subsection claim."
SUB001,pmid-33622114,33622114,unknown,10.1080/14656566.2021.1873952,"Alpelisib for the treatment of PIK3CA-mutated, hormone receptor-positive, HER2-negative metastatic breast cancer.",Expert opinion on pharmacotherapy,2021,"Clinical Trial, Phase III;Journal Article;Randomized Controlled Trial",include_context,primary_mechanism,unknown,abstract_available,unknown,SUB001-Q001,"Useful for framing PI3K-alpha biology, clinical use, testing, or resistance heterogeneity, but not the cleanest primary proof for this subsection claim."
SUB001,pmid-33707948,33707948,PMC7943556,10.2147/TCRM.S251668,Role of Alpelisib in the Treatment of PIK3CA-Mutated Breast Cancer: Patient Selection and Clinical Perspectives.,Therapeutics and clinical risk management,2021,Journal Article;Review,include_context,review_or_background,unknown,pmc_available,unknown,SUB001-Q001,"Useful for framing PI3K-alpha biology, clinical use, testing, or resistance heterogeneity, but not the cleanest primary proof for this subsection claim."
SUB001,pmid-33842357,33842357,PMC8027489,10.3389/fonc.2021.644737,"PIK3CA Mutations as a Molecular Target for Hormone Receptor-Positive, HER2-Negative Metastatic Breast Cancer.",Frontiers in oncology,2021,Journal Article;Review,include_context,review_or_background,unknown,pmc_available,unknown,SUB001-Q001,"Useful for framing PI3K-alpha biology, clinical use, testing, or resistance heterogeneity, but not the cleanest primary proof for this subsection claim."
SUB001,pmid-33865994,33865994,unknown,10.1016/j.critrevonc.2021.103334,PI3K inhibition in breast cancer: Identifying and overcoming different flavors of resistance.,Critical reviews in oncology/hematology,2021,Journal Article;Review,include_context,review_or_background,unknown,abstract_available,unknown,SUB001-Q001,"Useful for framing PI3K-alpha biology, clinical use, testing, or resistance heterogeneity, but not the cleanest primary proof for this subsection claim."
SUB001,pmid-33867564,33867564,PMC8046519,10.1055/a-1397-7170,Update Breast Cancer 2020 Part 5 - Moving Therapies From Advanced to Early Breast Cancer Patients.,Geburtshilfe und Frauenheilkunde,2021,Journal Article,include_context,clinical_or_translational,unknown,pmc_available,unknown,SUB001-Q001,"Useful for framing PI3K-alpha biology, clinical use, testing, or resistance heterogeneity, but not the cleanest primary proof for this subsection claim."
SUB001,pmid-33947692,33947692,PMC8282678,10.1158/1078-0432.CCR-21-0047,A Phase I Study of Alpelisib in Combination with Trastuzumab and LJM716 in Patients with PIK3CA-Mutated HER2-Positive Metastatic Breast Cancer.,Clinical cancer research : an official journal of the American Association for Cancer Research,2021,"Clinical Trial, Phase I;Journal Article;Research Support, N.I.H., Extramural;Research Support, Non-U.S. Gov't",include_context,primary_mechanism,unknown,pmc_available,unknown,SUB001-Q001,"Useful for framing PI3K-alpha biology, clinical use, testing, or resistance heterogeneity, but not the cleanest primary proof for this subsection claim."
SUB001,pmid-34012367,34012367,PMC8114069,10.1159/000514794,First Experiences with Alpelisib in Clinical Routine: Case Reports from a German Breast Center.,"Breast care (Basel, Switzerland)",2021,Journal Article,include_context,clinical_or_translational,unknown,pmc_available,unknown,SUB001-Q001,"Useful for framing PI3K-alpha biology, clinical use, testing, or resistance heterogeneity, but not the cleanest primary proof for this subsection claim."
SUB001,pmid-34084688,34084688,PMC8166359,10.7759/cureus.14796,Alpelisib-Induced Diabetic Ketoacidosis.,Cureus,2021,Case Reports;Journal Article,include_context,clinical_or_translational,unknown,pmc_available,unknown,SUB001-Q001,"Useful for framing PI3K-alpha biology, clinical use, testing, or resistance heterogeneity, but not the cleanest primary proof for this subsection claim."
SUB001,pmid-34127844,34127844,PMC9297732,10.1038/s41573-021-00209-1,PI3K inhibitors are finally coming of age.,Nature reviews. Drug discovery,2021,Journal Article;Review,include_context,review_or_background,unknown,pmc_available,unknown,SUB001-Q001,"Useful for framing PI3K-alpha biology, clinical use, testing, or resistance heterogeneity, but not the cleanest primary proof for this subsection claim."
SUB001,pmid-34257082,34257082,PMC8744502,10.1158/0008-5472.CAN-21-1208,Cell Line-Specific Network Models of ER+ Breast Cancer Identify Potential PI3Kα Inhibitor Resistance Mechanisms and Drug Combinations.,Cancer research,2021,"Journal Article;Research Support, Non-U.S. Gov't;Research Support, U.S. Gov't, Non-P.H.S.",include_context,primary_mechanism,unknown,pmc_available,unknown,SUB001-Q001,"Useful for framing PI3K-alpha biology, clinical use, testing, or resistance heterogeneity, but not the cleanest primary proof for this subsection claim."
SUB001,pmid-34324367,34324367,PMC8659999,10.1200/JCO.21.01392,"Endocrine Treatment and Targeted Therapy for Hormone Receptor-Positive, Human Epidermal Growth Factor Receptor 2-Negative Metastatic Breast Cancer: ASCO Guideline Update.",Journal of clinical oncology : official journal of the American Society of Clinical Oncology,2021,Journal Article;Systematic Review,include_context,review_or_background,unknown,pmc_available,unknown,SUB001-Q001,"Useful review, guideline, or approval framing for the subsection, but not direct primary evidence under the workflow threshold."
SUB001,pmid-34483661,34483661,PMC8408891,10.1177/11782234211037421,Tumor lysis Syndrome in a Patient with Metastatic Breast Cancer Treated with Alpelisib.,Breast cancer : basic and clinical research,2021,Case Reports;Journal Article,include_context,clinical_or_translational,unknown,pmc_available,unknown,SUB001-Q001,"Useful for framing PI3K-alpha biology, clinical use, testing, or resistance heterogeneity, but not the cleanest primary proof for this subsection claim."
SUB001,pmid-34544753,34544753,PMC9762331,10.1158/2159-8290.CD-21-0072,RTK-Dependent Inducible Degradation of Mutant PI3Kα Drives GDC-0077 (Inavolisib) Efficacy.,Cancer discovery,2021,"Journal Article;Research Support, Non-U.S. Gov't",include_context,clinical_or_translational,unknown,pmc_available,unknown,SUB001-Q001,"Useful for framing PI3K-alpha biology, clinical use, testing, or resistance heterogeneity, but not the cleanest primary proof for this subsection claim."
SUB001,pmid-34765318,34765318,PMC8569340,unknown,Chemoresistance in breast cancer: PI3K/Akt pathway inhibitors vs the current chemotherapy.,American journal of cancer research,2021,Journal Article;Review,include_context,review_or_background,unknown,pmc_available,unknown,SUB001-Q001,"Useful for framing PI3K-alpha biology, clinical use, testing, or resistance heterogeneity, but not the cleanest primary proof for this subsection claim."
SUB001,pmid-34842356,34842356,PMC8567053,10.1002/ctm2.589,Large-scale genomic sequencing reveals adaptive opportunity of targeting mutated-PI3Kα in early and advanced HER2-positive breast cancer.,Clinical and translational medicine,2021,"Journal Article;Research Support, Non-U.S. Gov't",include_context,primary_mechanism,unknown,pmc_available,unknown,SUB001-Q001,"Useful for framing PI3K-alpha biology, clinical use, testing, or resistance heterogeneity, but not the cleanest primary proof for this subsection claim."
SUB001,pmid-34900474,34900474,PMC8648282,10.7759/cureus.19295,Alpelisib-Induced Diabetic Ketoacidosis in a Non-diabetic Patient.,Cureus,2021,Case Reports;Journal Article,include_context,clinical_or_translational,unknown,pmc_available,unknown,SUB001-Q001,"Useful for framing PI3K-alpha biology, clinical use, testing, or resistance heterogeneity, but not the cleanest primary proof for this subsection claim."
SUB001,pmid-34911971,34911971,PMC8674263,10.1038/s41598-021-02643-y,Circulating PIK3CA mutation detection at diagnosis in non-metastatic inflammatory breast cancer patients.,Scientific reports,2021,"Journal Article;Research Support, Non-U.S. Gov't",include_context,clinical_or_translational,unknown,pmc_available,unknown,SUB001-Q001,"Useful for framing PI3K-alpha biology, clinical use, testing, or resistance heterogeneity, but not the cleanest primary proof for this subsection claim."
SUB001,pmid-34986950,34986950,unknown,10.1691/ph.2021.1820,Recent clinical advances in PI3K inhibitors on colorectal cancer.,Die Pharmazie,2021,Journal Article;Review,include_context,review_or_background,unknown,abstract_available,unknown,SUB001-Q001,"Useful for framing PI3K-alpha biology, clinical use, testing, or resistance heterogeneity, but not the cleanest primary proof for this subsection claim."
SUB001,pmid-35000092,35000092,unknown,10.1007/s10549-021-06476-1,"Factors leading to alpelisib discontinuation in patients with hormone receptor positive, human epidermal growth factor receptor-2 negative breast cancer.",Breast cancer research and treatment,2022,Journal Article,include_context,clinical_or_translational,unknown,abstract_available,unknown,SUB001-Q001,"Useful for framing PI3K-alpha biology, clinical use, testing, or resistance heterogeneity, but not the cleanest primary proof for this subsection claim."
SUB001,pmid-35016012,35016012,PMC8749445,10.1016/j.breast.2021.12.016,A multidisciplinary approach to optimizing care of patients treated with alpelisib.,"Breast (Edinburgh, Scotland)",2021,Journal Article;Review,include_context,review_or_background,unknown,pmc_available,unknown,SUB001-Q001,"Useful for framing PI3K-alpha biology, clinical use, testing, or resistance heterogeneity, but not the cleanest primary proof for this subsection claim."
SUB001,pmid-35022207,35022207,PMC7612218,10.1158/2159-8290.CD-21-1411,Precision Targeting of Mutant PI3Kα in Cancer by Selective Degradation.,Cancer discovery,2022,"Journal Article;Research Support, Non-U.S. Gov't;Comment",include_context,primary_mechanism,unknown,pmc_available,unknown,SUB001-Q001,"Useful for framing PI3K-alpha biology, clinical use, testing, or resistance heterogeneity, but not the cleanest primary proof for this subsection claim."
SUB001,pmid-35023985,35023985,PMC8743979,10.1177/11795549211068804,"PIK3CA Mutations in Diffuse Gliomas: An Update on Molecular Stratification, Prognosis, Recurrence, and Aggressiveness.",Clinical Medicine Insights. Oncology,2022,Journal Article,include_context,clinical_or_translational,unknown,pmc_available,unknown,SUB001-Q001,"Useful for framing PI3K-alpha biology, clinical use, testing, or resistance heterogeneity, but not the cleanest primary proof for this subsection claim."
SUB001,pmid-35075945,35075945,PMC8793384,10.1177/15347354211073163,Management of Phosphatidylinositol-3-Kinase Inhibitor-Associated Hyperglycemia.,Integrative cancer therapies,2022,"Journal Article;Research Support, Non-U.S. Gov't",include_context,primary_mechanism,unknown,pmc_available,unknown,SUB001-Q001,"Useful for framing PI3K-alpha biology, clinical use, testing, or resistance heterogeneity, but not the cleanest primary proof for this subsection claim."
SUB001,pmid-35100734,35100734,unknown,10.1200/PO.19.00221,"Combined PIK3CA and FGFR Inhibition With Alpelisib and Infigratinib in Patients With PIK3CA-Mutant Solid Tumors, With or Without FGFR Alterations.",JCO precision oncology,2019,Journal Article,include_context,clinical_or_translational,unknown,abstract_available,unknown,SUB001-Q001,"Useful for framing PI3K-alpha biology, clinical use, testing, or resistance heterogeneity, but not the cleanest primary proof for this subsection claim."
SUB001,pmid-35138919,35138919,PMC8865530,10.1200/PO.21.00424,Phase II Study of Taselisib in PIK3CA-Mutated Solid Tumors Other Than Breast and Squamous Lung Cancer: Results From the NCI-MATCH ECOG-ACRIN Trial (EAY131) Subprotocol I.,JCO precision oncology,2022,"Clinical Trial, Phase II;Journal Article;Research Support, N.I.H., Extramural",include_context,clinical_or_translational,unknown,pmc_available,unknown,SUB001-Q001,"Useful for framing PI3K-alpha biology, clinical use, testing, or resistance heterogeneity, but not the cleanest primary proof for this subsection claim."
SUB001,pmid-35149538,35149538,PMC9066379,10.1158/1078-0432.CCR-21-3045,Phase 1b Clinical Trial with Alpelisib plus Olaparib for Patients with Advanced Triple-Negative Breast Cancer.,Clinical cancer research : an official journal of the American Association for Cancer Research,2022,"Clinical Trial, Phase I;Journal Article;Research Support, Non-U.S. Gov't;Research Support, N.I.H., Extramural",include_context,clinical_or_translational,unknown,pmc_available,unknown,SUB001-Q001,"Useful for framing PI3K-alpha biology, clinical use, testing, or resistance heterogeneity, but not the cleanest primary proof for this subsection claim."
SUB001,pmid-35442400,35442400,PMC9354703,10.1158/0008-5472.CAN-22-0446,The Oncogenic PI3K-Induced Transcriptomic Landscape Reveals Key Functions in Splicing and Gene Expression Regulation.,Cancer research,2022,"Journal Article;Research Support, N.I.H., Extramural;Research Support, Non-U.S. Gov't",include_context,clinical_or_translational,unknown,pmc_available,unknown,SUB001-Q001,"Useful for framing PI3K-alpha biology, clinical use, testing, or resistance heterogeneity, but not the cleanest primary proof for this subsection claim."
SUB001,pmid-35465733,35465733,unknown,10.2217/fon-2022-0045,A phase III trial of alpelisib + trastuzumab ± fulvestrant versus trastuzumab + chemotherapy in HER2+ PIK3CA-mutated breast cancer.,"Future oncology (London, England)",2022,Clinical Trial Protocol;Journal Article,include_context,clinical_or_translational,unknown,abstract_available,unknown,SUB001-Q001,"Useful for framing PI3K-alpha biology, clinical use, testing, or resistance heterogeneity, but not the cleanest primary proof for this subsection claim."
SUB001,pmid-35682999,35682999,PMC9181240,10.3390/ijms23116320,Targeting PIK3CA Actionable Mutations in the Circulome: A Proof of Concept in Metastatic Breast Cancer.,International journal of molecular sciences,2022,Journal Article,include_context,clinical_or_translational,unknown,pmc_available,unknown,SUB001-Q001,"Useful for framing PI3K-alpha biology, clinical use, testing, or resistance heterogeneity, but not the cleanest primary proof for this subsection claim."
SUB001,pmid-35712858,35712858,PMC9210085,10.1177/23247096221105249,S.U.G.A.R: A Case to Outline Tactics for the Prevention of Alpelisib-Induced Hyperglycemia.,Journal of investigative medicine high impact case reports,2022,Case Reports;Journal Article,include_context,clinical_or_translational,unknown,pmc_available,unknown,SUB001-Q001,"Useful for framing PI3K-alpha biology, clinical use, testing, or resistance heterogeneity, but not the cleanest primary proof for this subsection claim."
SUB001,pmid-35759724,35759724,unknown,10.1200/JCO.22.01063,Biomarkers for Systemic Therapy in Metastatic Breast Cancer: ASCO Guideline Update.,Journal of clinical oncology : official journal of the American Society of Clinical Oncology,2022,Journal Article;Systematic Review;Practice Guideline,include_context,review_or_background,unknown,abstract_available,unknown,SUB001-Q001,"Useful review, guideline, or approval framing for the subsection, but not direct primary evidence under the workflow threshold."
SUB001,pmid-35778737,35778737,PMC9248192,10.1186/s12920-022-01297-7,Mutational landscape of pan-cancer patients with PIK3CA alterations in Chinese population.,BMC medical genomics,2022,Journal Article,include_context,clinical_or_translational,unknown,pmc_available,unknown,SUB001-Q001,"Useful for framing PI3K-alpha biology, clinical use, testing, or resistance heterogeneity, but not the cleanest primary proof for this subsection claim."
SUB001,pmid-35842959,35842959,unknown,10.1016/j.compbiolchem.2022.107726,Comparative molecular dynamics analyses on PIK3CA hotspot mutations with PI3Kα specific inhibitors and ATP.,Computational biology and chemistry,2022,Journal Article,include_context,clinical_or_translational,unknown,abstract_available,unknown,SUB001-Q001,"Useful for framing PI3K-alpha biology, clinical use, testing, or resistance heterogeneity, but not the cleanest primary proof for this subsection claim."
SUB001,pmid-35869553,35869553,PMC9306102,10.1186/s12943-022-01617-6,A PIK3CA-mutant breast cancer metastatic patient-derived organoid approach to evaluate alpelisib treatment for multiple secondary lesions.,Molecular cancer,2022,"Letter;Research Support, Non-U.S. Gov't",include_context,clinical_or_translational,unknown,pmc_available,unknown,SUB001-Q001,"Useful for framing PI3K-alpha biology, clinical use, testing, or resistance heterogeneity, but not the cleanest primary proof for this subsection claim."
SUB001,pmid-35968355,35968355,PMC9360227,unknown,PI3K inhibitors in trastuzumab-resistant HER2-positive breast cancer cells with PI3K pathway alterations.,American journal of cancer research,2022,Journal Article,include_context,primary_mechanism,unknown,pmc_available,unknown,SUB001-Q001,"Useful for framing PI3K-alpha biology, clinical use, testing, or resistance heterogeneity, but not the cleanest primary proof for this subsection claim."
SUB001,pmid-35982377,35982377,unknown,10.1007/s11427-021-2140-8,Overexpressed Cyclin D1 and CDK4 proteins are responsible for the resistance to CDK4/6 inhibitor in breast cancer that can be reversed by PI3K/mTOR inhibitors.,Science China. Life sciences,2022,Journal Article,include_context,primary_mechanism,unknown,abstract_available,unknown,SUB001-Q001,"Useful for framing PI3K-alpha biology, clinical use, testing, or resistance heterogeneity, but not the cleanest primary proof for this subsection claim."
SUB001,pmid-36046364,36046364,PMC9423951,10.1155/2022/9390912,Combining Organoid Models with Next-Generation Sequencing to Reveal Tumor Heterogeneity and Predict Therapeutic Response in Breast Cancer.,Journal of oncology,2022,Journal Article,include_context,clinical_or_translational,unknown,pmc_available,unknown,SUB001-Q001,"Useful for framing PI3K-alpha biology, clinical use, testing, or resistance heterogeneity, but not the cleanest primary proof for this subsection claim."
SUB001,pmid-36071033,36071033,PMC9452562,10.1038/s41467-022-32828-6,High p16 expression and heterozygous RB1 loss are biomarkers for CDK4/6 inhibitor resistance in ER+ breast cancer.,Nature communications,2022,"Journal Article;Research Support, Non-U.S. Gov't;Research Support, N.I.H., Extramural;Research Support, U.S. Gov't, Non-P.H.S.",include_context,primary_mechanism,unknown,pmc_available,unknown,SUB001-Q001,"Useful for framing PI3K-alpha biology, clinical use, testing, or resistance heterogeneity, but not the cleanest primary proof for this subsection claim."
SUB001,pmid-36249040,36249040,PMC9554210,10.3389/fonc.2022.954027,Case report: Alpelisib-induced Stevens-Johnson syndrome.,Frontiers in oncology,2022,Case Reports;Journal Article,include_context,clinical_or_translational,unknown,pmc_available,unknown,SUB001-Q001,"Useful for framing PI3K-alpha biology, clinical use, testing, or resistance heterogeneity, but not the cleanest primary proof for this subsection claim."
SUB001,pmid-36292649,36292649,PMC9601363,10.3390/genes13101763,Alpelisib Efficacy in Hormone Receptor-Positive HER2-Negative PIK3CA-Mutant Advanced Breast Cancer Post-Everolimus Treatment.,Genes,2022,"Journal Article;Research Support, Non-U.S. Gov't",include_context,clinical_or_translational,unknown,pmc_available,unknown,SUB001-Q001,"Useful for framing PI3K-alpha biology, clinical use, testing, or resistance heterogeneity, but not the cleanest primary proof for this subsection claim."
SUB001,pmid-36338738,36338738,PMC9631302,10.3389/fonc.2022.1012391,Real world outcomes with alpelisib in metastatic hormone receptor-positive breast cancer patients: A single institution experience.,Frontiers in oncology,2022,Journal Article,include_context,clinical_or_translational,unknown,pmc_available,unknown,SUB001-Q001,"Useful for framing PI3K-alpha biology, clinical use, testing, or resistance heterogeneity, but not the cleanest primary proof for this subsection claim."
SUB001,pmid-36343340,36343340,PMC9905287,10.1158/1940-6207.CAPR-22-0275,Short-term PI3K Inhibition Prevents Breast Cancer in Preclinical Models.,"Cancer prevention research (Philadelphia, Pa.)",2023,"Journal Article;Research Support, N.I.H., Extramural;Research Support, Non-U.S. Gov't;Research Support, U.S. Gov't, Non-P.H.S.",include_context,clinical_or_translational,unknown,pmc_available,unknown,SUB001-Q001,"Useful for framing PI3K-alpha biology, clinical use, testing, or resistance heterogeneity, but not the cleanest primary proof for this subsection claim."
SUB001,pmid-36409396,36409396,unknown,10.1007/s10549-022-06798-8,"Evaluation of alpelisib-induced hyperglycemia prophylaxis and associated risk factors in PIK3CA-mutated hormone-receptor positive, human epidermal growth factor-2 negative advanced breast cancer.",Breast cancer research and treatment,2022,Journal Article,include_context,clinical_or_translational,unknown,abstract_available,unknown,SUB001-Q001,"Useful for framing PI3K-alpha biology, clinical use, testing, or resistance heterogeneity, but not the cleanest primary proof for this subsection claim."
SUB001,pmid-36481616,36481616,unknown,10.1159/000528578,Genomic Landscape of Circulating-Tumor DNA in a Diverse Cohort of Metastatic Breast Cancer Patients.,Oncology research and treatment,2022,Journal Article,include_context,clinical_or_translational,unknown,abstract_available,unknown,SUB001-Q001,"Useful for framing PI3K-alpha biology, clinical use, testing, or resistance heterogeneity, but not the cleanest primary proof for this subsection claim."
SUB001,pmid-36521557,36521557,unknown,10.1016/j.bcp.2022.115380,Upregulation of PIK3IP1 monitors the anti-cancer activity of PI3Kα inhibitors in gastric cancer cells.,Biochemical pharmacology,2022,"Journal Article;Research Support, Non-U.S. Gov't",include_context,clinical_or_translational,unknown,abstract_available,unknown,SUB001-Q001,"Useful for framing PI3K-alpha biology, clinical use, testing, or resistance heterogeneity, but not the cleanest primary proof for this subsection claim."
SUB001,pmid-36612130,36612130,PMC9817693,10.3390/cancers15010135,The FDA-Approved Drug Pyrvinium Selectively Targets ER+ Breast Cancer Cells with High INPP4B Expression.,Cancers,2022,Journal Article,include_context,clinical_or_translational,unknown,pmc_available,unknown,SUB001-Q001,"Useful for framing PI3K-alpha biology, clinical use, testing, or resistance heterogeneity, but not the cleanest primary proof for this subsection claim."
SUB001,pmid-36825100,36825100,PMC9941792,10.1159/000526642,Utilizing Liquid Biopsy for Treatment Management in Bone-Dominant Metastatic Breast Cancer: A Case Report.,Case reports in oncology,2022,Case Reports;Journal Article,include_context,clinical_or_translational,unknown,pmc_available,unknown,SUB001-Q001,"Useful for framing PI3K-alpha biology, clinical use, testing, or resistance heterogeneity, but not the cleanest primary proof for this subsection claim."
SUB001,pmid-36825198,36825198,PMC9941536,10.3389/fmolb.2023.1082915,Evaluation of PIK3CA mutations in advanced ER+/HER2-breast cancer in Portugal - U-PIK Project.,Frontiers in molecular biosciences,2023,Journal Article,include_context,clinical_or_translational,unknown,pmc_available,unknown,SUB001-Q001,"Useful for framing PI3K-alpha biology, clinical use, testing, or resistance heterogeneity, but not the cleanest primary proof for this subsection claim."
SUB001,pmid-36863843,36863843,PMC10240844,10.1101/mcs.a006255,PIK3CA copy-number gain and inhibitors of the PI3K/AKT/mTOR pathway in triple-negative breast cancer.,Cold Spring Harbor molecular case studies,2023,Journal Article,include_context,clinical_or_translational,unknown,pmc_available,unknown,SUB001-Q001,"Useful for framing PI3K-alpha biology, clinical use, testing, or resistance heterogeneity, but not the cleanest primary proof for this subsection claim."
SUB001,pmid-36892268,36892268,PMC10552898,10.1002/1878-0261.13416,"ER+, HER2- advanced breast cancer treated with taselisib and fulvestrant: genomic landscape and associated clinical outcomes.",Molecular oncology,2023,"Journal Article;Research Support, Non-U.S. Gov't",include_context,primary_mechanism,unknown,pmc_available,unknown,SUB001-Q001,"Useful for framing PI3K-alpha biology, clinical use, testing, or resistance heterogeneity, but not the cleanest primary proof for this subsection claim."
SUB001,pmid-36900375,36900375,PMC10001201,10.3390/cancers15051582,Discovering Synergistic Compounds with BYL-719 in PI3K Overactivated Basal-like PDXs.,Cancers,2023,Journal Article,include_context,primary_mechanism,unknown,pmc_available,unknown,SUB001-Q001,"Useful for framing PI3K-alpha biology, clinical use, testing, or resistance heterogeneity, but not the cleanest primary proof for this subsection claim."
SUB001,pmid-36901954,36901954,PMC10003259,10.3390/ijms24054522,Drugging the PI3K/AKT/mTOR Pathway in ER+ Breast Cancer.,International journal of molecular sciences,2023,Journal Article;Review,include_context,review_or_background,unknown,pmc_available,unknown,SUB001-Q001,"Useful for framing PI3K-alpha biology, clinical use, testing, or resistance heterogeneity, but not the cleanest primary proof for this subsection claim."
SUB001,pmid-36913051,36913051,PMC10147754,10.1007/s10549-023-06895-2,"Antitumor activity of the PI3K δ-sparing inhibitor MEN1611 in PIK3CA mutated, trastuzumab-resistant HER2 + breast cancer.",Breast cancer research and treatment,2023,Journal Article,include_context,primary_mechanism,unknown,pmc_available,unknown,SUB001-Q001,"Useful for framing PI3K-alpha biology, clinical use, testing, or resistance heterogeneity, but not the cleanest primary proof for this subsection claim."
SUB001,pmid-36922682,36922682,unknown,10.1038/s41388-023-02615-8,Correction: Alpelisib and fulvestrant in PIK3CA-mutated hormone receptor-positive HER2-negative advanced breast cancer included in the French early access program.,Oncogene,2023,Published Erratum,include_context,clinical_or_translational,unknown,abstract_available,unknown,SUB001-Q001,"Useful for framing PI3K-alpha biology, clinical use, testing, or resistance heterogeneity, but not the cleanest primary proof for this subsection claim."
SUB001,pmid-36923283,36923283,PMC10010328,10.1158/2767-9764.CRC-22-0028,A Phase IB Trial of the PI3K Inhibitor Alpelisib and Weekly Cisplatin in Patients with Solid Tumor Malignancies.,Cancer research communications,2022,"Clinical Trial, Phase I;Journal Article;Research Support, Non-U.S. Gov't",include_context,primary_mechanism,unknown,pmc_available,unknown,SUB001-Q001,"Useful for framing PI3K-alpha biology, clinical use, testing, or resistance heterogeneity, but not the cleanest primary proof for this subsection claim."
SUB001,pmid-36943382,36943382,PMC10322119,10.1093/oncolo/oyad024,Predicting Hyperglycemia Among Patients Receiving Alpelisib Plus Fulvestrant for Metastatic Breast Cancer.,The oncologist,2023,"Journal Article;Research Support, N.I.H., Extramural",include_context,clinical_or_translational,unknown,pmc_available,unknown,SUB001-Q001,"Useful for framing PI3K-alpha biology, clinical use, testing, or resistance heterogeneity, but not the cleanest primary proof for this subsection claim."
SUB001,pmid-36970726,36970726,PMC10036132,10.1158/2767-9764.CRC-22-0158,Targeting MLL Methyltransferases Enhances the Antitumor Effects of PI3K Inhibition in Hormone Receptor-positive Breast Cancer.,Cancer research communications,2022,"Journal Article;Research Support, N.I.H., Extramural;Research Support, U.S. Gov't, Non-P.H.S.;Research Support, Non-U.S. Gov't",include_context,clinical_or_translational,unknown,pmc_available,unknown,SUB001-Q001,"Useful for framing PI3K-alpha biology, clinical use, testing, or resistance heterogeneity, but not the cleanest primary proof for this subsection claim."
SUB001,pmid-36998707,36998707,PMC10043427,10.17179/excli2022-5064,Anti-tumor effects of low-dose metronomic vinorelbine in combination with alpelisib in breast cancer cells.,EXCLI journal,2023,Journal Article,include_context,primary_mechanism,unknown,pmc_available,unknown,SUB001-Q001,"Useful for framing PI3K-alpha biology, clinical use, testing, or resistance heterogeneity, but not the cleanest primary proof for this subsection claim."
SUB001,pmid-37044095,37044095,PMC10140479,10.1016/j.xcrm.2023.101002,N-acetylcysteine overcomes NF1 loss-driven resistance to PI3Kα inhibition in breast cancer.,Cell reports. Medicine,2023,"Journal Article;Research Support, Non-U.S. Gov't",include_context,primary_mechanism,unknown,pmc_available,unknown,SUB001-Q001,"Useful for framing PI3K-alpha biology, clinical use, testing, or resistance heterogeneity, but not the cleanest primary proof for this subsection claim."
SUB001,pmid-37086483,37086483,PMC10322120,10.1093/oncolo/oyad092,Beyond Skin Rash: Alpelisib-Induced Anaphylactic Reactions.,The oncologist,2023,Journal Article,include_context,clinical_or_translational,unknown,pmc_available,unknown,SUB001-Q001,"Useful for framing PI3K-alpha biology, clinical use, testing, or resistance heterogeneity, but not the cleanest primary proof for this subsection claim."
SUB001,pmid-37086897,37086897,unknown,10.1016/j.lfs.2023.121708,Synergistic actions of Alpelisib and Melatonin in breast cancer cell lines with PIK3CA gene mutation.,Life sciences,2023,Journal Article,include_context,clinical_or_translational,unknown,abstract_available,unknown,SUB001-Q001,"Useful for framing PI3K-alpha biology, clinical use, testing, or resistance heterogeneity, but not the cleanest primary proof for this subsection claim."
SUB001,pmid-37163178,37163178,PMC10164376,10.2147/BTT.S395817,Treating Alpelisib-Induced Hyperinsulinemia in Patients with Advanced Breast Cancer - A Real-Life Experience.,Biologics : targets & therapy,2023,Case Reports;Journal Article,include_context,primary_mechanism,unknown,pmc_available,unknown,SUB001-Q001,"Useful for framing PI3K-alpha biology, clinical use, testing, or resistance heterogeneity, but not the cleanest primary proof for this subsection claim."
SUB001,pmid-37348428,37348428,PMC10314290,10.1016/j.neo.2023.100913,P110α inhibitor alpelisib exhibits a synergistic effect with pyrotinib and reverses pyrotinib resistant in HER2+ breast cancer.,"Neoplasia (New York, N.Y.)",2023,"Journal Article;Research Support, Non-U.S. Gov't",include_context,primary_mechanism,unknown,pmc_available,unknown,SUB001-Q001,"Useful for framing PI3K-alpha biology, clinical use, testing, or resistance heterogeneity, but not the cleanest primary proof for this subsection claim."
SUB001,pmid-37469415,37469415,PMC10353540,10.3389/fonc.2023.1108242,The effect of the alpha-specific PI3K inhibitor alpelisib combined with anti-HER2 therapy in HER2+/PIK3CA mutant breast cancer.,Frontiers in oncology,2023,Journal Article,include_context,primary_mechanism,unknown,pmc_available,unknown,SUB001-Q001,"Useful for framing PI3K-alpha biology, clinical use, testing, or resistance heterogeneity, but not the cleanest primary proof for this subsection claim."
SUB001,pmid-37530184,37530184,unknown,10.17116/patol2023850415,[Characteristics of PIK3CA gene mutations in Her2-low breast cancer].,Arkhiv patologii,2023,English Abstract;Journal Article,include_context,clinical_or_translational,unknown,abstract_available,unknown,SUB001-Q001,"Useful for framing PI3K-alpha biology, clinical use, testing, or resistance heterogeneity, but not the cleanest primary proof for this subsection claim."
SUB001,pmid-37743730,37743730,PMC10863751,10.1002/cncr.34928,"Incidence, risk factors, and management of alpelisib-associated hyperglycemia in metastatic breast cancer.",Cancer,2023,"Journal Article;Research Support, Non-U.S. Gov't;Research Support, N.I.H., Extramural",include_context,clinical_or_translational,unknown,pmc_available,unknown,SUB001-Q001,"Useful for framing PI3K-alpha biology, clinical use, testing, or resistance heterogeneity, but not the cleanest primary proof for this subsection claim."
SUB001,pmid-37835582,37835582,PMC10571568,10.3390/cancers15194887,"Combined PI3K Inhibitor and Eribulin Enhances Anti-Tumor Activity in Preclinical Models of Paclitaxel-Resistant, PIK3CA-Mutated Endometrial Cancer.",Cancers,2023,Journal Article,include_context,primary_mechanism,unknown,pmc_available,unknown,SUB001-Q001,"Useful for framing PI3K-alpha biology, clinical use, testing, or resistance heterogeneity, but not the cleanest primary proof for this subsection claim."
SUB001,pmid-37916958,37916958,PMC10850944,10.1158/2159-8290.CD-23-0704,Allosteric PI3Kα Inhibition Overcomes On-target Resistance to Orthosteric Inhibitors Mediated by Secondary PIK3CA Mutations.,Cancer discovery,2024,"Journal Article;Research Support, U.S. Gov't, Non-P.H.S.;Research Support, N.I.H., Extramural",include_context,primary_mechanism,unknown,pmc_available,unknown,SUB001-Q001,"Useful for framing PI3K-alpha biology, clinical use, testing, or resistance heterogeneity, but not the cleanest primary proof for this subsection claim."
SUB001,pmid-37965451,37965451,PMC10642942,10.3389/fonc.2023.1255832,"Acrofacial vitiligo secondary to PI3KCA inhibitor, alpelisib: case report.",Frontiers in oncology,2023,Case Reports;Journal Article,include_context,clinical_or_translational,unknown,pmc_available,unknown,SUB001-Q001,"Useful for framing PI3K-alpha biology, clinical use, testing, or resistance heterogeneity, but not the cleanest primary proof for this subsection claim."
SUB001,pmid-37975961,37975961,unknown,10.1007/s40261-023-01325-z,"Is Alpelisib Plus Fulvestrant Cost-Effective for Treating PIK3CA-Mutation, HR+/HER2- Advanced Breast Cancer in the USA?",Clinical drug investigation,2023,Journal Article,include_context,clinical_or_translational,unknown,abstract_available,unknown,SUB001-Q001,"Useful for framing PI3K-alpha biology, clinical use, testing, or resistance heterogeneity, but not the cleanest primary proof for this subsection claim."
SUB001,pmid-38033642,38033642,PMC10684731,10.3389/fvets.2023.1279535,Anticancer effects of alpelisib on PIK3CA-mutated canine mammary tumor cell lines.,Frontiers in veterinary science,2023,Journal Article,include_context,clinical_or_translational,unknown,pmc_available,unknown,SUB001-Q001,"Useful for framing PI3K-alpha biology, clinical use, testing, or resistance heterogeneity, but not the cleanest primary proof for this subsection claim."
SUB001,pmid-38089455,38089455,PMC10686175,10.1002/cai2.10,Expert consensus on the clinical application of PI3K/AKT/mTOR inhibitors in the treatment of advanced breast cancer.,Cancer innovation,2022,Journal Article,include_context,review_or_background,unknown,pmc_available,unknown,SUB001-Q001,"Useful for framing PI3K-alpha biology, clinical use, testing, or resistance heterogeneity, but not the cleanest primary proof for this subsection claim."
SUB001,pmid-38142701,38142701,unknown,10.1016/S1470-2045(23)00673-3,"Expression of concern-Alpelisib plus fulvestrant in PIK3CA-mutated, hormone receptor-positive advanced breast cancer after a CDK4/6 inhibitor (BYLieve): one cohort of a phase 2, multicentre, open-label, non-comparative study.",The Lancet. Oncology,2023,Journal Article;Expression of Concern,include_context,clinical_or_translational,unknown,abstract_available,unknown,SUB001-Q001,"Useful for framing PI3K-alpha biology, clinical use, testing, or resistance heterogeneity, but not the cleanest primary proof for this subsection claim."
SUB001,pmid-38164185,38164185,PMC10750295,10.7150/ijbs.88285,MRCK as a Potential Target for Claudin-Low Subtype of Breast Cancer.,International journal of biological sciences,2024,"Journal Article;Research Support, Non-U.S. Gov't",include_context,clinical_or_translational,unknown,pmc_available,unknown,SUB001-Q001,"Useful for framing PI3K-alpha biology, clinical use, testing, or resistance heterogeneity, but not the cleanest primary proof for this subsection claim."
SUB001,pmid-38273040,38273040,PMC10810864,10.1038/s41698-024-00496-y,Integrative modeling uncovers p21-driven drug resistance and prioritizes therapies for PIK3CA-mutant breast cancer.,NPJ precision oncology,2024,Journal Article,include_context,primary_mechanism,unknown,pmc_available,unknown,SUB001-Q001,"Useful for framing PI3K-alpha biology, clinical use, testing, or resistance heterogeneity, but not the cleanest primary proof for this subsection claim."
SUB001,pmid-38373112,38373112,unknown,10.1021/acs.jpcb.3c06766,Dissecting the Interaction Fingerprints and Binding Affinity of BYL719 Analogs Targeting PI3Kα.,The journal of physical chemistry. B,2024,Journal Article,include_context,clinical_or_translational,unknown,abstract_available,unknown,SUB001-Q001,"Useful for framing PI3K-alpha biology, clinical use, testing, or resistance heterogeneity, but not the cleanest primary proof for this subsection claim."
SUB001,pmid-38439079,38439079,PMC10913434,10.1186/s13058-024-01773-1,A risk analysis of alpelisib-induced hyperglycemia in patients with advanced solid tumors and breast cancer.,Breast cancer research : BCR,2024,Randomized Controlled Trial;Journal Article,include_context,clinical_or_translational,unknown,pmc_available,unknown,SUB001-Q001,"Useful for framing PI3K-alpha biology, clinical use, testing, or resistance heterogeneity, but not the cleanest primary proof for this subsection claim."
SUB001,pmid-38496864,38496864,PMC10944239,10.1016/j.heliyon.2024.e27529,A real-world disproportionality analysis of FDA adverse event reporting system (FAERS) events for alpelisib.,Heliyon,2024,Journal Article,include_context,clinical_or_translational,unknown,pmc_available,unknown,SUB001-Q001,"Useful for framing PI3K-alpha biology, clinical use, testing, or resistance heterogeneity, but not the cleanest primary proof for this subsection claim."
SUB001,pmid-38518529,38518529,unknown,10.1016/j.ygyno.2024.02.029,Alpelisib for PIK3CA-mutated advanced gynecological cancers: First clues of clinical activity.,Gynecologic oncology,2024,Journal Article,include_context,clinical_or_translational,unknown,abstract_available,unknown,SUB001-Q001,"Useful for framing PI3K-alpha biology, clinical use, testing, or resistance heterogeneity, but not the cleanest primary proof for this subsection claim."
SUB001,pmid-38547898,38547898,unknown,10.1016/S1470-2045(23)00676-9,Optimal targeting of PI3K-AKT and mTOR in advanced oestrogen receptor-positive breast cancer.,The Lancet. Oncology,2024,Journal Article;Review,include_context,review_or_background,unknown,abstract_available,unknown,SUB001-Q001,"Useful for framing PI3K-alpha biology, clinical use, testing, or resistance heterogeneity, but not the cleanest primary proof for this subsection claim."
SUB001,pmid-38584192,38584192,PMC11182811,10.1007/s10549-024-07315-9,Body composition measures as a determinant of Alpelisib related toxicity.,Breast cancer research and treatment,2024,Journal Article;Observational Study,include_context,clinical_or_translational,unknown,pmc_available,unknown,SUB001-Q001,"Useful for framing PI3K-alpha biology, clinical use, testing, or resistance heterogeneity, but not the cleanest primary proof for this subsection claim."
SUB001,pmid-38638399,38638399,PMC11024566,10.1016/j.eclinm.2024.102520,"Preventing alpelisib-related hyperglycaemia in HR+/HER2-/PIK3CA-mutated advanced breast cancer using metformin (METALLICA): a multicentre, open-label, single-arm, phase 2 trial.",EClinicalMedicine,2024,Journal Article,include_context,clinical_or_translational,unknown,pmc_available,unknown,SUB001-Q001,"Useful for framing PI3K-alpha biology, clinical use, testing, or resistance heterogeneity, but not the cleanest primary proof for this subsection claim."
SUB001,pmid-38700982,38700982,PMC11265541,10.1016/j.celrep.2024.114174,Methylation of the chromatin modifier KMT2D by SMYD2 contributes to therapeutic response in hormone-dependent breast cancer.,Cell reports,2024,"Journal Article;Research Support, N.I.H., Extramural;Research Support, Non-U.S. Gov't",include_context,clinical_or_translational,unknown,pmc_available,unknown,SUB001-Q001,"Useful for framing PI3K-alpha biology, clinical use, testing, or resistance heterogeneity, but not the cleanest primary proof for this subsection claim."
SUB001,pmid-38839777,38839777,PMC11153628,10.1038/s41523-024-00648-0,Gedatolisib shows superior potency and efficacy versus single-node PI3K/AKT/mTOR inhibitors in breast cancer models.,NPJ breast cancer,2024,Journal Article,include_context,primary_mechanism,unknown,pmc_available,unknown,SUB001-Q001,"Useful for framing PI3K-alpha biology, clinical use, testing, or resistance heterogeneity, but not the cleanest primary proof for this subsection claim."
SUB001,pmid-38937298,38937298,unknown,10.1007/s00280-024-04690-4,"Quantitative characterization of the effects of fulvestrant alone or in combination with taselisib (PI3Kinase inhibitor) on longitudinal tumor growth in patients with estrogen receptor-positive, HER2-negative, PIK3CA-mutant, advanced or metastatic breast cancer.",Cancer chemotherapy and pharmacology,2024,"Journal Article;Research Support, Non-U.S. Gov't",include_context,primary_mechanism,unknown,abstract_available,unknown,SUB001-Q001,"Useful for framing PI3K-alpha biology, clinical use, testing, or resistance heterogeneity, but not the cleanest primary proof for this subsection claim."
SUB001,pmid-38952553,38952553,PMC11215150,10.3389/fonc.2024.1372947,The somatic mutation profile of estrogen receptor-positive HER2-negative metastatic breast cancer in Brazilian patients.,Frontiers in oncology,2024,Journal Article,include_context,clinical_or_translational,unknown,pmc_available,unknown,SUB001-Q001,"Useful for framing PI3K-alpha biology, clinical use, testing, or resistance heterogeneity, but not the cleanest primary proof for this subsection claim."
SUB001,pmid-38986734,38986734,unknown,10.1016/j.canlet.2024.217112,PI3K PROTAC overcomes the lapatinib resistance in PIK3CA-mutant HER2 positive breast cancer.,Cancer letters,2024,Journal Article,include_context,primary_mechanism,unknown,abstract_available,unknown,SUB001-Q001,"Useful for framing PI3K-alpha biology, clinical use, testing, or resistance heterogeneity, but not the cleanest primary proof for this subsection claim."
SUB001,pmid-39070139,39070139,PMC11272611,10.3389/fonc.2024.1390452,"Phase Ib and pharmacokinetics study of alpelisib, a PIK3CA inhibitor, and capecitabine in patients with advanced solid tumors.",Frontiers in oncology,2024,Journal Article,include_context,clinical_or_translational,unknown,pmc_available,unknown,SUB001-Q001,"Useful for framing PI3K-alpha biology, clinical use, testing, or resistance heterogeneity, but not the cleanest primary proof for this subsection claim."
SUB001,pmid-39092562,39092562,PMC11705819,10.1002/1878-0261.13703,"Assessments of prostate cancer cell functions highlight differences between a pan-PI3K/mTOR inhibitor, gedatolisib, and single-node inhibitors of the PI3K/AKT/mTOR pathway.",Molecular oncology,2024,Journal Article,include_context,primary_mechanism,unknown,pmc_available,unknown,SUB001-Q001,"Useful for framing PI3K-alpha biology, clinical use, testing, or resistance heterogeneity, but not the cleanest primary proof for this subsection claim."
SUB001,pmid-39177931,39177931,PMC11452482,10.1007/s10549-024-07405-8,SGLT2 inhibition improves PI3Kα inhibitor-induced hyperglycemia: findings from preclinical animal models and from patients in the BYLieve and SOLAR-1 trials.,Breast cancer research and treatment,2024,"Clinical Trial, Phase II;Clinical Trial, Phase III;Journal Article;Multicenter Study;Randomized Controlled Trial",include_context,clinical_or_translational,unknown,pmc_available,unknown,SUB001-Q001,"Useful for framing PI3K-alpha biology, clinical use, testing, or resistance heterogeneity, but not the cleanest primary proof for this subsection claim."
SUB001,pmid-39217059,39217059,PMC11840667,10.1016/j.clbc.2024.08.001,A Phase I Trial of Alpelisib Combined With Capecitabine in Patients With HER2-Negative Metastatic Breast Cancer.,Clinical breast cancer,2024,"Journal Article;Clinical Trial, Phase I",include_context,clinical_or_translational,unknown,pmc_available,unknown,SUB001-Q001,"Useful for framing PI3K-alpha biology, clinical use, testing, or resistance heterogeneity, but not the cleanest primary proof for this subsection claim."
SUB001,pmid-39244005,39244005,PMC11837982,10.1016/j.canlet.2024.217219,Combined inhibition of CDK4/6 and AKT is highly effective against the luminal androgen receptor (LAR) subtype of triple negative breast cancer.,Cancer letters,2024,Journal Article,include_context,clinical_or_translational,unknown,pmc_available,unknown,SUB001-Q001,"Useful for framing PI3K-alpha biology, clinical use, testing, or resistance heterogeneity, but not the cleanest primary proof for this subsection claim."
SUB001,pmid-39302579,39302579,unknown,10.1007/s10549-024-07495-4,Genomic and transcriptomic landscape of HER2-low breast cancer.,Breast cancer research and treatment,2024,Journal Article,include_context,primary_mechanism,unknown,abstract_available,unknown,SUB001-Q001,"Useful for framing PI3K-alpha biology, clinical use, testing, or resistance heterogeneity, but not the cleanest primary proof for this subsection claim."
SUB001,pmid-39409880,39409880,PMC11476299,10.3390/cancers16193259,PLK1 Inhibitor Onvansertib Enhances the Efficacy of Alpelisib in PIK3CA-Mutated HR-Positive Breast Cancer Resistant to Palbociclib and Endocrine Therapy: Preclinical Insights.,Cancers,2024,Journal Article,include_context,primary_mechanism,unknown,pmc_available,unknown,SUB001-Q001,"Useful for framing PI3K-alpha biology, clinical use, testing, or resistance heterogeneity, but not the cleanest primary proof for this subsection claim."
SUB001,pmid-39429931,39429931,PMC11487321,10.1039/d4ra05715e,"Development, cross-validation and greenness assessment of capillary electrophoresis method for determination of ALP in pharmaceutical dosage forms - an alternative to liquid chromatography.",RSC advances,2024,Journal Article,include_context,clinical_or_translational,unknown,pmc_available,unknown,SUB001-Q001,"Useful for framing PI3K-alpha biology, clinical use, testing, or resistance heterogeneity, but not the cleanest primary proof for this subsection claim."
SUB001,pmid-39539943,39539943,PMC11558728,10.1177/17588359241297101,Elacestrant plus alpelisib in an ESR1 and PIK3CA co-mutated and heavily pretreated metastatic breast cancer: the first case report for combination efficacy and safety.,Therapeutic advances in medical oncology,2024,Case Reports;Journal Article,include_context,clinical_or_translational,unknown,pmc_available,unknown,SUB001-Q001,"Useful for framing PI3K-alpha biology, clinical use, testing, or resistance heterogeneity, but not the cleanest primary proof for this subsection claim."
SUB001,pmid-39674130,39674130,PMC11699375,10.1016/j.esmoop.2024.103997,Practical treatment strategies and novel therapies in the phosphoinositide 3-kinase (PI3K)/protein kinase B (AKT)/mammalian target of rapamycin (mTOR) pathway in hormone receptor-positive/human epidermal growth factor receptor 2 (HER2)-negative (HR+/HER2-) advanced breast cancer.,ESMO open,2024,Journal Article;Review,include_context,review_or_background,unknown,pmc_available,unknown,SUB001-Q001,"Useful for framing PI3K-alpha biology, clinical use, testing, or resistance heterogeneity, but not the cleanest primary proof for this subsection claim."
SUB001,pmid-39883146,39883146,unknown,10.14423/SMJ.0000000000001791,Alpelisib-Induced Hyperglycemia in PIK3CA+ Breast Cancer Patients.,Southern medical journal,2025,Journal Article;Review,include_context,review_or_background,unknown,abstract_available,unknown,SUB001-Q001,"Useful for framing PI3K-alpha biology, clinical use, testing, or resistance heterogeneity, but not the cleanest primary proof for this subsection claim."
SUB001,pmid-40113784,40113784,PMC11926384,10.1038/s41392-025-02180-4,Targeting PI3K inhibitor resistance in breast cancer with metabolic drugs.,Signal transduction and targeted therapy,2025,"Journal Article;Research Support, Non-U.S. Gov't",include_context,primary_mechanism,unknown,pmc_available,unknown,SUB001-Q001,"Useful for framing PI3K-alpha biology, clinical use, testing, or resistance heterogeneity, but not the cleanest primary proof for this subsection claim."
SUB001,pmid-40152314,40152314,PMC11950915,10.1093/oncolo/oyaf023,Dynamics of hyperglycemia of patients treated with alpelisib: exploratory interim analysis of ITACA trial.,The oncologist,2025,"Journal Article;Research Support, Non-U.S. Gov't",include_context,clinical_or_translational,unknown,pmc_available,unknown,SUB001-Q001,"Useful for framing PI3K-alpha biology, clinical use, testing, or resistance heterogeneity, but not the cleanest primary proof for this subsection claim."
SUB001,pmid-40192953,40192953,PMC12062054,10.1007/s40291-025-00777-7,Clinical Actionability of Molecular Targets in Multi-Ethnic Breast Cancer Patients: A Retrospective Single-Institutional Study.,Molecular diagnosis & therapy,2025,"Journal Article;Research Support, N.I.H., Extramural",include_context,clinical_or_translational,unknown,pmc_available,unknown,SUB001-Q001,"Useful for framing PI3K-alpha biology, clinical use, testing, or resistance heterogeneity, but not the cleanest primary proof for this subsection claim."
SUB001,pmid-40303291,40303291,PMC12035905,10.7150/ijbs.104850,The SGK3/GSK3β/β-catenin signaling promotes breast cancer stemness and confers resistance to alpelisib therapy.,International journal of biological sciences,2025,"Journal Article;Research Support, Non-U.S. Gov't",include_context,primary_mechanism,unknown,pmc_available,unknown,SUB001-Q001,"Useful for framing PI3K-alpha biology, clinical use, testing, or resistance heterogeneity, but not the cleanest primary proof for this subsection claim."
SUB001,pmid-40360883,40360883,PMC12304390,10.1038/s41416-025-03035-z,"Multi-node inhibition targeting mTORC1, mTORC2 and PI3Kα potently inhibits the PI3K/AKT/mTOR pathway in endometrial and breast cancer models.",British journal of cancer,2025,Journal Article,include_context,clinical_or_translational,unknown,pmc_available,unknown,SUB001-Q001,"Useful for framing PI3K-alpha biology, clinical use, testing, or resistance heterogeneity, but not the cleanest primary proof for this subsection claim."
SUB001,pmid-40525530,40525530,unknown,10.1177/10781552251350959,"Efficacy and safety of phosphoinositide 3-kinase inhibitors and AKT-inhibitors in combination with fulvestrant in PIK3CA mutated, HR-positive, HER2-negative invasive breast cancer: A systematic review.",Journal of oncology pharmacy practice : official publication of the International Society of Oncology Pharmacy Practitioners,2025,Journal Article,include_context,review_or_background,unknown,abstract_available,unknown,SUB001-Q001,"Useful review, guideline, or approval framing for the subsection, but not direct primary evidence under the workflow threshold."
SUB001,pmid-40965803,40965803,PMC12847147,10.1007/s40291-025-00815-4,From PIK3CA Mutations to Rational PI3K Inhibition for the Treatment of Colorectal Cancer.,Molecular diagnosis & therapy,2025,Journal Article;Review,include_context,review_or_background,unknown,pmc_available,unknown,SUB001-Q001,"Useful for framing PI3K-alpha biology, clinical use, testing, or resistance heterogeneity, but not the cleanest primary proof for this subsection claim."
SUB001,pmid-40991650,40991650,PMC12618074,10.1172/JCI180927,USP10/GSK3β-mediated inhibition of PTEN drives resistance to PI3K inhibitors in breast cancer.,The Journal of clinical investigation,2025,"Journal Article;Research Support, Non-U.S. Gov't",include_context,primary_mechanism,unknown,pmc_available,unknown,SUB001-Q001,"Useful for framing PI3K-alpha biology, clinical use, testing, or resistance heterogeneity, but not the cleanest primary proof for this subsection claim."
SUB001,pmid-41024108,41024108,PMC12482239,10.1186/s40164-025-00706-8,Precise regulation of RAS-Mediated PI3Kα activation: therapeutic potential of BBO-10203 in cancer treatment.,Experimental hematology & oncology,2025,Editorial,include_context,primary_mechanism,unknown,pmc_available,unknown,SUB001-Q001,"Useful for framing PI3K-alpha biology, clinical use, testing, or resistance heterogeneity, but not the cleanest primary proof for this subsection claim."
SUB001,pmid-41281644,41281644,PMC12637072,10.1016/j.mtbio.2025.102492,Targeted inhibition of MDSC-derived exosomal miR-155-5p restrains epithelial-mesenchymal transition in hormone receptor-positive breast cancer by regulating SIRT1.,Materials today. Bio,2025,Journal Article,include_context,clinical_or_translational,unknown,pmc_available,unknown,SUB001-Q001,"Useful for framing PI3K-alpha biology, clinical use, testing, or resistance heterogeneity, but not the cleanest primary proof for this subsection claim."
SUB001,pmid-41306515,41306515,PMC12646283,10.1101/2024.10.11.617918,Anticancer Target Combinations: Network-Informed Signaling-Based Approach to Discovery.,bioRxiv : the preprint server for biology,2024,Journal Article;Preprint,include_context,primary_mechanism,unknown,pmc_available,unknown,SUB001-Q001,"Useful for framing PI3K-alpha biology, clinical use, testing, or resistance heterogeneity, but not the cleanest primary proof for this subsection claim."
SUB001,pmid-41347072,41347072,PMC12672257,10.3389/fonc.2025.1631415,Metformin enhances alpelisib sensitivity in HER2+ breast cancer by suppressing cancer stemness and oncogenic signaling.,Frontiers in oncology,2025,Journal Article,include_context,clinical_or_translational,unknown,pmc_available,unknown,SUB001-Q001,"Useful for framing PI3K-alpha biology, clinical use, testing, or resistance heterogeneity, but not the cleanest primary proof for this subsection claim."
SUB001,pmid-41406241,41406241,unknown,10.1126/scitranslmed.adp5088,Dual PI3K/mTOR inhibition is required to combat resistance to CDK4/6 inhibitor and endocrine therapy in PIK3CA-mutant breast cancer.,Science translational medicine,2025,"Journal Article;Research Support, Non-U.S. Gov't",include_context,primary_mechanism,unknown,abstract_available,unknown,SUB001-Q001,"Useful for framing PI3K-alpha biology, clinical use, testing, or resistance heterogeneity, but not the cleanest primary proof for this subsection claim."
SUB001,pmid-41620612,41620612,PMC12964663,10.1186/s13058-025-02152-0,Sequential use of PI3K/AKT/mTOR pathway inhibitors alpelisib and everolimus in patients with hormone receptor-positive metastatic breast cancer.,Breast cancer research : BCR,2026,Journal Article;Observational Study,include_context,clinical_or_translational,unknown,pmc_available,unknown,SUB001-Q001,"Useful for framing PI3K-alpha biology, clinical use, testing, or resistance heterogeneity, but not the cleanest primary proof for this subsection claim."
SUB001,pmid-41631183,41631183,PMC12861264,10.1016/j.rmcr.2026.102375,Ossifying fibromyxoid tumor with a novel PIK3CA mutation (c.1624G>A) unresponsive to alpelisib: A case report.,Respiratory medicine case reports,2026,Case Reports;Journal Article,include_context,clinical_or_translational,unknown,pmc_available,unknown,SUB001-Q001,"Useful for framing PI3K-alpha biology, clinical use, testing, or resistance heterogeneity, but not the cleanest primary proof for this subsection claim."
SUB001,pmid-42024964,42024964,unknown,10.1016/j.ejmech.2026.118879,"Benzothiophene-based, orally active PIK3CA H1047R mutant-selective inhibitors for the treatment of HR+/HER2- breast cancer.",European journal of medicinal chemistry,2026,Journal Article,include_context,clinical_or_translational,unknown,abstract_available,unknown,SUB001-Q001,"Useful for framing PI3K-alpha biology, clinical use, testing, or resistance heterogeneity, but not the cleanest primary proof for this subsection claim."
SUB001,pmid-42635598,42635598,unknown,10.1158/1078-0432.CCR-26-1816,"Elacestrant in Combination with Everolimus for Estrogen Receptor-Positive, HER2-Negative Previously Treated Advanced Breast Cancer: Results from ELEVATE.",Clinical cancer research : an official journal of the American Association for Cancer Research,2026,Journal Article,include_context,primary_mechanism,unknown,abstract_available,unknown,SUB001-Q001,"Useful for framing PI3K-alpha biology, clinical use, testing, or resistance heterogeneity, but not the cleanest primary proof for this subsection claim."
SUB001,pmid-25409150,25409150,PMC4326538,10.1038/nature13948,Convergent loss of PTEN leads to clinical resistance to a PI(3)Kα inhibitor.,Nature,2014,"Journal Article;Research Support, N.I.H., Extramural;Research Support, Non-U.S. Gov't",include_primary,methods_or_assay,unknown,pmc_available,unknown,SUB001-Q001,"Directly informs PIK3CA alteration as a treatment-selection biomarker, alteration spectrum/testing, or biomarker heterogeneity in breast cancer."
SUB001,pmid-25877889,25877889,PMC4433148,10.1126/scitranslmed.aaa4442,PI3K inhibition results in enhanced estrogen receptor function and dependence in hormone receptor-positive breast cancer.,Science translational medicine,2015,"Journal Article;Research Support, N.I.H., Extramural;Research Support, Non-U.S. Gov't",include_primary,clinical_or_translational,unknown,pmc_available,unknown,SUB001-Q001,"Directly informs PIK3CA alteration as a treatment-selection biomarker, alteration spectrum/testing, or biomarker heterogeneity in breast cancer."
SUB001,pmid-27126994,27126994,PMC5085926,10.1158/1078-0432.CCR-16-0134,"A Phase Ib Study of Alpelisib (BYL719), a PI3Kα-Specific Inhibitor, with Letrozole in ER+/HER2- Metastatic Breast Cancer.",Clinical cancer research : an official journal of the American Association for Cancer Research,2016,"Clinical Trial, Phase I;Journal Article;Multicenter Study",include_primary,methods_or_assay,unknown,pmc_available,unknown,SUB001-Q001,"Directly informs PIK3CA alteration as a treatment-selection biomarker, alteration spectrum/testing, or biomarker heterogeneity in breast cancer."
SUB001,pmid-29401002,29401002,PMC5920739,10.1200/JCO.2017.72.7107,Phosphatidylinositol 3-Kinase α-Selective Inhibition With Alpelisib (BYL719) in PIK3CA-Altered Solid Tumors: Results From the First-in-Human Study.,Journal of clinical oncology : official journal of the American Society of Clinical Oncology,2018,"Clinical Trial, Phase I;Journal Article;Multicenter Study;Research Support, Non-U.S. Gov't",include_primary,clinical_or_translational,unknown,pmc_available,unknown,SUB001-Q001,"Directly informs PIK3CA alteration as a treatment-selection biomarker, alteration spectrum/testing, or biomarker heterogeneity in breast cancer."
SUB001,pmid-30543347,30543347,PMC6439561,10.1001/jamaoncol.2018.4475,Alpelisib Plus Fulvestrant in PIK3CA-Altered and PIK3CA-Wild-Type Estrogen Receptor-Positive Advanced Breast Cancer: A Phase 1b Clinical Trial.,JAMA oncology,2019,"Clinical Trial, Phase I;Journal Article;Multicenter Study;Research Support, Non-U.S. Gov't",include_primary,clinical_or_translational,unknown,pmc_available,unknown,SUB001-Q001,"Directly informs PIK3CA alteration as a treatment-selection biomarker, alteration spectrum/testing, or biomarker heterogeneity in breast cancer."
SUB001,pmid-31091374,31091374,unknown,10.1056/NEJMoa1813904,"Alpelisib for PIK3CA-Mutated, Hormone Receptor-Positive Advanced Breast Cancer.",The New England journal of medicine,2019,"Clinical Trial, Phase III;Comparative Study;Journal Article;Multicenter Study;Randomized Controlled Trial;Research Support, Non-U.S. Gov't",include_primary,clinical_or_translational,unknown,abstract_available,unknown,SUB001-Q001,"Directly informs PIK3CA alteration as a treatment-selection biomarker, alteration spectrum/testing, or biomarker heterogeneity in breast cancer."
SUB001,pmid-32404150,32404150,PMC7222307,10.1186/s13058-020-01284-9,Frequency and spectrum of PIK3CA somatic mutations in breast cancer.,Breast cancer research : BCR,2020,"Journal Article;Research Support, Non-U.S. Gov't",include_primary,methods_or_assay,unknown,pmc_available,unknown,SUB001-Q001,"Directly informs PIK3CA alteration as a treatment-selection biomarker, alteration spectrum/testing, or biomarker heterogeneity in breast cancer."
SUB001,pmid-32591580,32591580,PMC7319999,10.1038/s41598-020-67393-9,Real world data analysis of next generation sequencing and protein expression in metastatic breast cancer patients.,Scientific reports,2020,Journal Article,include_primary,methods_or_assay,unknown,pmc_available,unknown,SUB001-Q001,"Directly informs PIK3CA alteration as a treatment-selection biomarker, alteration spectrum/testing, or biomarker heterogeneity in breast cancer."
SUB001,pmid-32869930,32869930,PMC7648336,10.1634/theoncologist.2020-0449,Biomarkers in Breast Cancer: An Integrated Analysis of Comprehensive Genomic Profiling and PD-L1 Immunohistochemistry Biomarkers in 312 Patients with Breast Cancer.,The oncologist,2020,Journal Article,include_primary,methods_or_assay,unknown,pmc_available,unknown,SUB001-Q001,"Directly informs PIK3CA alteration as a treatment-selection biomarker, alteration spectrum/testing, or biomarker heterogeneity in breast cancer."
SUB001,pmid-33246021,33246021,unknown,10.1016/j.annonc.2020.11.011,"Alpelisib plus fulvestrant for PIK3CA-mutated, hormone receptor-positive, human epidermal growth factor receptor-2-negative advanced breast cancer: final overall survival results from SOLAR-1.",Annals of oncology : official journal of the European Society for Medical Oncology,2020,"Journal Article;Randomized Controlled Trial;Research Support, Non-U.S. Gov't",include_primary,clinical_or_translational,unknown,abstract_available,unknown,SUB001-Q001,"Directly informs PIK3CA alteration as a treatment-selection biomarker, alteration spectrum/testing, or biomarker heterogeneity in breast cancer."
SUB001,pmid-33386585,33386585,PMC8065000,10.1007/s12282-020-01199-5,PIK3CA somatic alterations in invasive breast cancers: different spectrum from Caucasians to Chinese detected by next generation sequencing.,"Breast cancer (Tokyo, Japan)",2021,Comparative Study;Journal Article,include_primary,methods_or_assay,unknown,pmc_available,unknown,SUB001-Q001,"Directly informs PIK3CA alteration as a treatment-selection biomarker, alteration spectrum/testing, or biomarker heterogeneity in breast cancer."
SUB001,pmid-33602685,33602685,PMC8282704,10.1158/1078-0432.CCR-20-4879,Clinical and Biomarker Results from Phase I/II Study of PI3K Inhibitor Alpelisib plus Nab-paclitaxel in HER2-Negative Metastatic Breast Cancer.,Clinical cancer research : an official journal of the American Association for Cancer Research,2021,"Clinical Trial, Phase I;Clinical Trial, Phase II;Journal Article;Research Support, N.I.H., Extramural;Research Support, Non-U.S. Gov't",include_primary,clinical_or_translational,unknown,pmc_available,unknown,SUB001-Q001,"Directly informs PIK3CA alteration as a treatment-selection biomarker, alteration spectrum/testing, or biomarker heterogeneity in breast cancer."
SUB001,pmid-33780274,33780274,PMC8210974,10.1200/JCO.20.01139,"Patient-Reported Outcomes in Patients With PIK3CA-Mutated Hormone Receptor-Positive, Human Epidermal Growth Factor Receptor 2-Negative Advanced Breast Cancer From SOLAR-1.",Journal of clinical oncology : official journal of the American Society of Clinical Oncology,2021,"Journal Article;Research Support, Non-U.S. Gov't",include_primary,clinical_or_translational,unknown,pmc_available,unknown,SUB001-Q001,"Directly informs PIK3CA alteration as a treatment-selection biomarker, alteration spectrum/testing, or biomarker heterogeneity in breast cancer."
SUB001,pmid-33794206,33794206,unknown,10.1016/S1470-2045(21)00034-6,"Alpelisib plus fulvestrant in PIK3CA-mutated, hormone receptor-positive advanced breast cancer after a CDK4/6 inhibitor (BYLieve): one cohort of a phase 2, multicentre, open-label, non-comparative study.",The Lancet. Oncology,2021,"Clinical Trial, Phase II;Journal Article;Multicenter Study;Research Support, Non-U.S. Gov't",include_primary,methods_or_assay,unknown,abstract_available,unknown,SUB001-Q001,"Directly informs PIK3CA alteration as a treatment-selection biomarker, alteration spectrum/testing, or biomarker heterogeneity in breast cancer."
SUB001,pmid-33909934,33909934,PMC8265362,10.1002/onco.13804,"Effectiveness of Alpelisib + Fulvestrant Compared with Real-World Standard Treatment Among Patients with HR+, HER2-, PIK3CA-Mutated Breast Cancer.",The oncologist,2021,"Clinical Trial, Phase II;Journal Article;Multicenter Study;Research Support, Non-U.S. Gov't",include_primary,clinical_or_translational,unknown,pmc_available,unknown,SUB001-Q001,"Directly informs PIK3CA alteration as a treatment-selection biomarker, alteration spectrum/testing, or biomarker heterogeneity in breast cancer."
SUB001,pmid-34173298,34173298,PMC8262312,10.1002/onco.13873,Potential for Long-Term Disease Control with Alpelisib Plus Fulvestrant Spans Patient Subgroups in HR+ PIK3CA-Mutated Advanced Breast Cancer.,The oncologist,2021,"Clinical Trial, Phase III;Journal Article;Randomized Controlled Trial",include_primary,clinical_or_translational,unknown,pmc_available,unknown,SUB001-Q001,"Directly informs PIK3CA alteration as a treatment-selection biomarker, alteration spectrum/testing, or biomarker heterogeneity in breast cancer."
SUB001,pmid-34754095,34754095,PMC8810831,10.1038/s41416-021-01601-9,Sensitive and robust liquid biopsy-based detection of PIK3CA mutations in hormone-receptor-positive metastatic breast cancer patients.,British journal of cancer,2021,"Journal Article;Research Support, Non-U.S. Gov't",include_primary,methods_or_assay,unknown,pmc_available,unknown,SUB001-Q001,"Directly informs PIK3CA alteration as a treatment-selection biomarker, alteration spectrum/testing, or biomarker heterogeneity in breast cancer."
SUB001,pmid-35181669,35181669,PMC8857304,10.1038/s41523-022-00382-5,PIK3CA co-occurring mutations and copy-number gain in hormone receptor positive and HER2 negative breast cancer.,NPJ breast cancer,2022,Journal Article,include_primary,clinical_or_translational,unknown,pmc_available,unknown,SUB001-Q001,"Directly informs PIK3CA alteration as a treatment-selection biomarker, alteration spectrum/testing, or biomarker heterogeneity in breast cancer."
SUB001,pmid-35348782,35348782,PMC8963159,10.1093/oncolo/oyac011,Alpelisib Plus Fulvestrant or Letrozole Demonstrates Sustained Benefits Across Subgroups of Patients with PIK3CA-Mutated HR+/HER2- Advanced Breast Cancer.,The oncologist,2022,Journal Article,include_primary,methods_or_assay,unknown,pmc_available,unknown,SUB001-Q001,"Directly informs PIK3CA alteration as a treatment-selection biomarker, alteration spectrum/testing, or biomarker heterogeneity in breast cancer."
SUB001,pmid-35771551,35771551,unknown,10.1158/2159-8290.CD-21-1696,"Alpelisib Monotherapy for PI3K-Altered, Pretreated Advanced Breast Cancer: A Phase II Study.",Cancer discovery,2022,"Clinical Trial, Phase II;Journal Article;Research Support, Non-U.S. Gov't",include_primary,methods_or_assay,unknown,abstract_available,unknown,SUB001-Q001,"Directly informs PIK3CA alteration as a treatment-selection biomarker, alteration spectrum/testing, or biomarker heterogeneity in breast cancer."
SUB001,pmid-36321996,36321996,PMC10011882,10.1158/1078-0432.CCR-22-2115,Biology and Targetability of the Extended Spectrum of PIK3CA Mutations Detected in Breast Carcinoma.,Clinical cancer research : an official journal of the American Association for Cancer Research,2023,Editorial;Comment,include_primary,methods_or_assay,unknown,pmc_available,unknown,SUB001-Q001,"Directly informs PIK3CA alteration as a treatment-selection biomarker, alteration spectrum/testing, or biomarker heterogeneity in breast cancer."
SUB001,pmid-36367572,36367572,PMC10067656,10.1007/s00428-022-03445-x,Proficiency testing of PIK3CA mutations in HR+/HER2-breast cancer on liquid biopsy and tissue.,Virchows Archiv : an international journal of pathology,2022,Journal Article,include_primary,methods_or_assay,unknown,pmc_available,unknown,SUB001-Q001,"Directly informs PIK3CA alteration as a treatment-selection biomarker, alteration spectrum/testing, or biomarker heterogeneity in breast cancer."
SUB001,pmid-36387506,36387506,PMC9650006,10.1016/j.heliyon.2022.e11396,Chip-based digital Polymerase Chain Reaction as quantitative technique for the detection of PIK3CA mutations in breast cancer patients.,Heliyon,2022,Journal Article,include_primary,methods_or_assay,unknown,pmc_available,unknown,SUB001-Q001,"Directly informs PIK3CA alteration as a treatment-selection biomarker, alteration spectrum/testing, or biomarker heterogeneity in breast cancer."
SUB001,pmid-36428975,36428975,PMC9688837,10.3390/cells11223545,Analytical Performance of Next-Generation Sequencing and RT-PCR on Formalin-Fixed Paraffin-Embedded Tumor Tissues for PIK3CA Testing in HR+/HER2- Breast Cancer.,Cells,2022,"Journal Article;Research Support, Non-U.S. Gov't",include_primary,methods_or_assay,unknown,pmc_available,unknown,SUB001-Q001,"Directly informs PIK3CA alteration as a treatment-selection biomarker, alteration spectrum/testing, or biomarker heterogeneity in breast cancer."
SUB001,pmid-36579519,36579519,PMC9694420,10.3390/jpm12111793,PIK3CAMutations in Breast Cancer Subtypes Other Than HR-Positive/HER2-Negative.,Journal of personalized medicine,2022,Journal Article,include_primary,clinical_or_translational,unknown,pmc_available,unknown,SUB001-Q001,"Directly informs PIK3CA alteration as a treatment-selection biomarker, alteration spectrum/testing, or biomarker heterogeneity in breast cancer."
SUB001,pmid-36611120,36611120,unknown,10.1038/s41388-022-02585-3,Alpelisib and fulvestrant in PIK3CA-mutated hormone receptor-positive HER2-negative advanced breast cancer included in the French early access program.,Oncogene,2023,"Journal Article;Research Support, Non-U.S. Gov't",include_primary,clinical_or_translational,unknown,abstract_available,unknown,SUB001-Q001,"Directly informs PIK3CA alteration as a treatment-selection biomarker, alteration spectrum/testing, or biomarker heterogeneity in breast cancer."
SUB001,pmid-37101291,37101291,PMC10131374,10.1186/s13073-023-01181-8,"Multiple PIK3CA mutation clonality correlates with outcomes in taselisib + fulvestrant-treated ER+/HER2-, PIK3CA-mutated breast cancers.",Genome medicine,2023,"Journal Article;Research Support, Non-U.S. Gov't",include_primary,clinical_or_translational,unknown,pmc_available,unknown,SUB001-Q001,"Directly informs PIK3CA alteration as a treatment-selection biomarker, alteration spectrum/testing, or biomarker heterogeneity in breast cancer."
SUB001,pmid-37761256,37761256,PMC10528120,10.3390/diagnostics13182887,Next-Generation Sequencing-Based Analysis of Clinical and Pathological Features of PIK3CA-Mutated Breast Cancer.,"Diagnostics (Basel, Switzerland)",2023,Journal Article,include_primary,methods_or_assay,unknown,pmc_available,unknown,SUB001-Q001,"Directly informs PIK3CA alteration as a treatment-selection biomarker, alteration spectrum/testing, or biomarker heterogeneity in breast cancer."
SUB001,pmid-38473737,38473737,PMC10931361,10.3390/ijms25052490,Real-World Data and Clinical Implications of Next-Generation Sequencing (NGS)-Based Analysis in Metastatic Breast Cancer Patients.,International journal of molecular sciences,2024,Journal Article,include_primary,methods_or_assay,unknown,pmc_available,unknown,SUB001-Q001,"Directly informs PIK3CA alteration as a treatment-selection biomarker, alteration spectrum/testing, or biomarker heterogeneity in breast cancer."
SUB001,pmid-39596311,39596311,PMC11594956,10.3390/ijms252212246,Molecular Analysis of PIK3CA in Metastatic Hormone Receptor-Positive Breast Cancer in Chile: Clinical and Pathological Insights.,International journal of molecular sciences,2024,Journal Article,include_primary,methods_or_assay,unknown,pmc_available,unknown,SUB001-Q001,"Directly informs PIK3CA alteration as a treatment-selection biomarker, alteration spectrum/testing, or biomarker heterogeneity in breast cancer."
SUB001,pmid-39637900,39637900,unknown,10.1016/S1470-2045(24)00673-9,"Alpelisib plus fulvestrant in PIK3CA-mutated, hormone receptor-positive advanced breast cancer after a CDK4/6 inhibitor (BYLieve): one cohort of a phase 2, multicentre, open-label, non-comparative study.",The Lancet. Oncology,2024,"Journal Article;Multicenter Study;Clinical Trial, Phase II;Research Support, Non-U.S. Gov't",include_primary,methods_or_assay,unknown,abstract_available,unknown,SUB001-Q001,"Directly informs PIK3CA alteration as a treatment-selection biomarker, alteration spectrum/testing, or biomarker heterogeneity in breast cancer."
SUB001,pmid-39839709,39839709,PMC11748133,10.1093/pcmedi/pbae034,"Cell-free tumor DNA analysis in advanced or metastatic breast cancer patients: mutation frequencies, testing intention, and clinical impact.",Precision clinical medicine,2024,Journal Article,include_primary,methods_or_assay,unknown,pmc_available,unknown,SUB001-Q001,"Directly informs PIK3CA alteration as a treatment-selection biomarker, alteration spectrum/testing, or biomarker heterogeneity in breast cancer."
SUB001,pmid-41925922,41925922,PMC13046609,10.1007/s10549-026-07939-z,Alpelisib and Fulvestrant in PIK3CA-mutated hormone receptor-positive HER2-negative advanced breast cancer included in the German PRAEGNANT trial.,Breast cancer research and treatment,2026,Journal Article;Multicenter Study;Observational Study,include_primary,methods_or_assay,unknown,pmc_available,unknown,SUB001-Q001,"Directly informs PIK3CA alteration as a treatment-selection biomarker, alteration spectrum/testing, or biomarker heterogeneity in breast cancer."
SUB001,pmid-41967638,41967638,unknown,10.1016/j.annonc.2026.04.003,Genomic determinants of response to alpelisib plus fulvestrant in the SOLAR-1 trial.,Annals of oncology : official journal of the European Society for Medical Oncology,2026,Journal Article,include_primary,methods_or_assay,unknown,abstract_available,unknown,SUB001-Q001,"Directly informs PIK3CA alteration as a treatment-selection biomarker, alteration spectrum/testing, or biomarker heterogeneity in breast cancer."
SUB002,pmid-23918797,23918797,PMC3790862,10.1158/0008-5472.CAN-13-1191,Combination of antibody that inhibits ligand-independent HER3 dimerization and a p110α inhibitor potently blocks PI3K signaling and growth of HER2+ breast cancers.,Cancer research,2013,"Journal Article;Research Support, N.I.H., Extramural;Research Support, Non-U.S. Gov't",include_context,clinical_or_translational,unknown,pmc_available,unknown,SUB002-Q001,Provides useful background on PI3K-pathway treatment strategy or breast-cancer resistance but is not direct evidence for alpelisib clinical durability or toxicity.
SUB002,pmid-25002028,25002028,PMC4155598,10.1016/j.ccr.2014.05.020,CDK 4/6 inhibitors sensitize PIK3CA mutant breast cancer to PI3K inhibitors.,Cancer cell,2014,"Clinical Trial, Phase I;Journal Article;Research Support, Non-U.S. Gov't",include_context,primary_mechanism,unknown,pmc_available,unknown,SUB002-Q001,Provides useful background on PI3K-pathway treatment strategy or breast-cancer resistance but is not direct evidence for alpelisib clinical durability or toxicity.
SUB002,pmid-25409150,25409150,PMC4326538,10.1038/nature13948,Convergent loss of PTEN leads to clinical resistance to a PI(3)Kα inhibitor.,Nature,2014,"Journal Article;Research Support, N.I.H., Extramural;Research Support, Non-U.S. Gov't",include_context,primary_mechanism,unknown,pmc_available,unknown,SUB002-Q001,Provides useful background on PI3K-pathway treatment strategy or breast-cancer resistance but is not direct evidence for alpelisib clinical durability or toxicity.
SUB002,pmid-25877889,25877889,PMC4433148,10.1126/scitranslmed.aaa4442,PI3K inhibition results in enhanced estrogen receptor function and dependence in hormone receptor-positive breast cancer.,Science translational medicine,2015,"Journal Article;Research Support, N.I.H., Extramural;Research Support, Non-U.S. Gov't",include_context,primary_mechanism,unknown,pmc_available,unknown,SUB002-Q001,Provides useful background on PI3K-pathway treatment strategy or breast-cancer resistance but is not direct evidence for alpelisib clinical durability or toxicity.
SUB002,pmid-27048245,27048245,PMC4820873,10.1186/s13058-016-0697-1,Activation of IGF1R/p110β/AKT/mTOR confers resistance to α-specific PI3K inhibition.,Breast cancer research : BCR,2016,"Journal Article;Research Support, Non-U.S. Gov't",include_context,primary_mechanism,unknown,pmc_available,unknown,SUB002-Q001,Provides useful background on PI3K-pathway treatment strategy or breast-cancer resistance but is not direct evidence for alpelisib clinical durability or toxicity.
SUB002,pmid-27604488,27604488,PMC5050154,10.1158/2159-8290.CD-16-0305,Systematic Functional Characterization of Resistance to PI3K Inhibition in Breast Cancer.,Cancer discovery,2016,Journal Article,include_context,primary_mechanism,unknown,pmc_available,unknown,SUB002-Q001,Provides useful background on PI3K-pathway treatment strategy or breast-cancer resistance but is not direct evidence for alpelisib clinical durability or toxicity.
SUB002,pmid-28382169,28382169,PMC5381259,10.7150/thno.17830,Integration of Receptor Tyrosine Kinases Determines Sensitivity to PI3Kα-selective Inhibitors in Breast Cancer.,Theranostics,2017,Journal Article,include_context,primary_mechanism,unknown,pmc_available,unknown,SUB002-Q001,Provides useful background on PI3K-pathway treatment strategy or breast-cancer resistance but is not direct evidence for alpelisib clinical durability or toxicity.
SUB002,pmid-28486103,28486103,unknown,10.1016/j.ccell.2017.04.010,Tackling Resistance to PI3K Inhibition by Targeting the Epigenome.,Cancer cell,2017,Journal Article;Comment,include_context,primary_mechanism,unknown,abstract_available,unknown,SUB002-Q001,Provides useful background on PI3K-pathway treatment strategy or breast-cancer resistance but is not direct evidence for alpelisib clinical durability or toxicity.
SUB002,pmid-29252036,29252036,unknown,10.1080/13543784.2018.1417384,PI3K inhibition to overcome endocrine resistance in breast cancer.,Expert opinion on investigational drugs,2018,Journal Article;Review,include_context,review_or_background,unknown,abstract_available,unknown,SUB002-Q001,Provides useful background on PI3K-pathway treatment strategy or breast-cancer resistance but is not direct evidence for alpelisib clinical durability or toxicity.
SUB002,pmid-29868122,29868122,PMC5968201,10.3389/fgene.2018.00174,Screen for MicroRNA and Drug Interactions in Breast Cancer Cell Lines Points to miR-126 as a Modulator of CDK4/6 and PIK3CA Inhibitors.,Frontiers in genetics,2018,Journal Article,include_context,primary_mechanism,unknown,pmc_available,unknown,SUB002-Q001,Provides useful background on PI3K-pathway treatment strategy or breast-cancer resistance but is not direct evidence for alpelisib clinical durability or toxicity.
SUB002,pmid-31159599,31159599,unknown,10.1080/14740338.2019.1623877,Benefits versus risk profile of buparlisib for the treatment of breast cancer.,Expert opinion on drug safety,2019,Journal Article;Review,include_context,review_or_background,unknown,abstract_available,unknown,SUB002-Q001,Provides useful background on PI3K-pathway treatment strategy or breast-cancer resistance but is not direct evidence for alpelisib clinical durability or toxicity.
SUB002,pmid-31780379,31780379,unknown,10.1016/j.clbc.2019.06.017,Practical Treatment Strategies and Future Directions After Progression While Receiving CDK4/6 Inhibition and Endocrine Therapy in Advanced HR+/HER2- Breast Cancer.,Clinical breast cancer,2019,Journal Article,include_context,primary_mechanism,unknown,abstract_available,unknown,SUB002-Q001,Provides useful background on PI3K-pathway treatment strategy or breast-cancer resistance but is not direct evidence for alpelisib clinical durability or toxicity.
SUB002,pmid-31859349,31859349,PMC6923787,10.1093/annonc/mdz381,Efficacy of PI3K inhibitors in advanced breast cancer.,Annals of oncology : official journal of the European Society for Medical Oncology,2019,"Journal Article;Research Support, Non-U.S. Gov't;Review",include_context,review_or_background,unknown,pmc_available,unknown,SUB002-Q001,Provides useful background on PI3K-pathway treatment strategy or breast-cancer resistance but is not direct evidence for alpelisib clinical durability or toxicity.
SUB002,pmid-31928690,31928690,unknown,10.1093/annonc/mdz381,Efficacy of PI3K inhibitors in advanced breast cancer.,Annals of oncology : official journal of the European Society for Medical Oncology,2019,"Journal Article;Research Support, Non-U.S. Gov't;Review",include_context,review_or_background,unknown,abstract_available,unknown,SUB002-Q001,Provides useful background on PI3K-pathway treatment strategy or breast-cancer resistance but is not direct evidence for alpelisib clinical durability or toxicity.
SUB002,pmid-32415339,32415339,unknown,10.1007/s11912-020-00917-8,Sequencing Endocrine Therapy for Metastatic Breast Cancer: What Do We Do After Disease Progression on a CDK4/6 Inhibitor?,Current oncology reports,2020,Journal Article;Review,include_context,review_or_background,unknown,abstract_available,unknown,SUB002-Q001,Provides useful background on PI3K-pathway treatment strategy or breast-cancer resistance but is not direct evidence for alpelisib clinical durability or toxicity.
SUB002,pmid-32637176,32637176,PMC7322582,10.1155/2020/3759179,A Systematic Review of the Prevalence and Diagnostic Workup of PIK3CA Mutations in HR+/HER2- Metastatic Breast Cancer.,International journal of breast cancer,2020,Journal Article,include_context,review_or_background,unknown,pmc_available,unknown,SUB002-Q001,Provides useful background on PI3K-pathway treatment strategy or breast-cancer resistance but is not direct evidence for alpelisib clinical durability or toxicity.
SUB002,pmid-32782489,32782489,PMC7388095,10.1177/1758835920940939,Targeting the PI3K/Akt/mTOR pathway in estrogen-receptor positive HER2 negative advanced breast cancer.,Therapeutic advances in medical oncology,2020,Journal Article;Review,include_context,review_or_background,unknown,pmc_available,unknown,SUB002-Q001,Provides useful background on PI3K-pathway treatment strategy or breast-cancer resistance but is not direct evidence for alpelisib clinical durability or toxicity.
SUB002,pmid-32795346,32795346,PMC7427086,10.1186/s13058-020-01320-8,Targeting activated PI3K/mTOR signaling overcomes acquired resistance to CDK4/6-based therapies in preclinical models of hormone receptor-positive breast cancer.,Breast cancer research : BCR,2020,"Journal Article;Research Support, Non-U.S. Gov't;Research Support, U.S. Gov't, Non-P.H.S.",include_context,primary_mechanism,unknown,pmc_available,unknown,SUB002-Q001,Provides useful background on PI3K-pathway treatment strategy or breast-cancer resistance but is not direct evidence for alpelisib clinical durability or toxicity.
SUB002,pmid-32869930,32869930,PMC7648336,10.1634/theoncologist.2020-0449,Biomarkers in Breast Cancer: An Integrated Analysis of Comprehensive Genomic Profiling and PD-L1 Immunohistochemistry Biomarkers in 312 Patients with Breast Cancer.,The oncologist,2020,Journal Article,include_context,clinical_or_translational,unknown,pmc_available,unknown,SUB002-Q001,Provides useful background on PI3K-pathway treatment strategy or breast-cancer resistance but is not direct evidence for alpelisib clinical durability or toxicity.
SUB002,pmid-32953006,32953006,PMC7472334,10.1039/d0sc01676d,PI3K inhibitors: review and new strategies.,Chemical science,2020,Journal Article;Review,include_context,review_or_background,unknown,pmc_available,unknown,SUB002-Q001,Provides useful background on PI3K-pathway treatment strategy or breast-cancer resistance but is not direct evidence for alpelisib clinical durability or toxicity.
SUB002,pmid-32964734,32964734,unknown,10.2217/fon-2020-0464,Alpelisib in the treatment of metastatic HR+ breast cancer with PIK3CA mutations.,"Future oncology (London, England)",2020,Journal Article;Review,include_context,review_or_background,unknown,abstract_available,unknown,SUB002-Q001,"Useful review, guideline, or approval framing for the subsection, but not direct primary evidence under the workflow threshold."
SUB002,pmid-33168657,33168657,PMC8535764,10.1158/1078-0432.CCR-20-3652,"FDA Approval Summary: Alpelisib Plus Fulvestrant for Patients with HR-positive, HER2-negative, PIK3CA-mutated, Advanced or Metastatic Breast Cancer.",Clinical cancer research : an official journal of the American Association for Cancer Research,2020,Journal Article;Randomized Controlled Trial,include_context,review_or_background,unknown,pmc_available,unknown,SUB002-Q001,"Useful review, guideline, or approval framing for the subsection, but not direct primary evidence under the workflow threshold."
SUB002,pmid-33213227,33213227,unknown,10.1080/17425255.2021.1844662,"A pharmacokinetic evaluation of alpelisib for the treatment of HR+, HER2-negative, PIK3CA-mutated advanced or metastatic breast cancer.",Expert opinion on drug metabolism & toxicology,2020,Journal Article;Review,include_context,review_or_background,unknown,abstract_available,unknown,SUB002-Q001,Provides useful background on PI3K-pathway treatment strategy or breast-cancer resistance but is not direct evidence for alpelisib clinical durability or toxicity.
SUB002,pmid-33239910,33239910,PMC7680678,10.2147/BCTT.S219436,Alpelisib in the Treatment of Breast Cancer: A Short Review on the Emerging Clinical Data.,Breast cancer (Dove Medical Press),2020,Journal Article;Review,include_context,review_or_background,unknown,pmc_available,unknown,SUB002-Q001,"Useful review, guideline, or approval framing for the subsection, but not direct primary evidence under the workflow threshold."
SUB002,pmid-33520003,33520003,PMC7829038,10.1007/s12254-021-00674-9,ASCO 2020: highlights in breast cancer.,Memo,2021,Journal Article;Review,include_context,review_or_background,unknown,pmc_available,unknown,SUB002-Q001,Provides useful background on PI3K-pathway treatment strategy or breast-cancer resistance but is not direct evidence for alpelisib clinical durability or toxicity.
SUB002,pmid-33707948,33707948,PMC7943556,10.2147/TCRM.S251668,Role of Alpelisib in the Treatment of PIK3CA-Mutated Breast Cancer: Patient Selection and Clinical Perspectives.,Therapeutics and clinical risk management,2021,Journal Article;Review,include_context,review_or_background,unknown,pmc_available,unknown,SUB002-Q001,"Useful review, guideline, or approval framing for the subsection, but not direct primary evidence under the workflow threshold."
SUB002,pmid-33842357,33842357,PMC8027489,10.3389/fonc.2021.644737,"PIK3CA Mutations as a Molecular Target for Hormone Receptor-Positive, HER2-Negative Metastatic Breast Cancer.",Frontiers in oncology,2021,Journal Article;Review,include_context,review_or_background,unknown,pmc_available,unknown,SUB002-Q001,Provides useful background on PI3K-pathway treatment strategy or breast-cancer resistance but is not direct evidence for alpelisib clinical durability or toxicity.
SUB002,pmid-33865994,33865994,unknown,10.1016/j.critrevonc.2021.103334,PI3K inhibition in breast cancer: Identifying and overcoming different flavors of resistance.,Critical reviews in oncology/hematology,2021,Journal Article;Review,include_context,review_or_background,unknown,abstract_available,unknown,SUB002-Q001,Provides useful background on PI3K-pathway treatment strategy or breast-cancer resistance but is not direct evidence for alpelisib clinical durability or toxicity.
SUB002,pmid-33947692,33947692,PMC8282678,10.1158/1078-0432.CCR-21-0047,A Phase I Study of Alpelisib in Combination with Trastuzumab and LJM716 in Patients with PIK3CA-Mutated HER2-Positive Metastatic Breast Cancer.,Clinical cancer research : an official journal of the American Association for Cancer Research,2021,"Clinical Trial, Phase I;Journal Article;Research Support, N.I.H., Extramural;Research Support, Non-U.S. Gov't",include_context,primary_mechanism,unknown,pmc_available,unknown,SUB002-Q001,Provides useful background on PI3K-pathway treatment strategy or breast-cancer resistance but is not direct evidence for alpelisib clinical durability or toxicity.
SUB002,pmid-34257082,34257082,PMC8744502,10.1158/0008-5472.CAN-21-1208,Cell Line-Specific Network Models of ER+ Breast Cancer Identify Potential PI3Kα Inhibitor Resistance Mechanisms and Drug Combinations.,Cancer research,2021,"Journal Article;Research Support, Non-U.S. Gov't;Research Support, U.S. Gov't, Non-P.H.S.",include_context,primary_mechanism,unknown,pmc_available,unknown,SUB002-Q001,Provides useful background on PI3K-pathway treatment strategy or breast-cancer resistance but is not direct evidence for alpelisib clinical durability or toxicity.
SUB002,pmid-34625531,34625531,PMC8501067,10.1038/s41419-021-04206-5,Alpelisib combination treatment as novel targeted therapy against hepatocellular carcinoma.,Cell death & disease,2021,"Journal Article;Research Support, N.I.H., Extramural",include_context,clinical_or_translational,unknown,pmc_available,unknown,SUB002-Q001,Provides useful background on PI3K-pathway treatment strategy or breast-cancer resistance but is not direct evidence for alpelisib clinical durability or toxicity.
SUB002,pmid-34765318,34765318,PMC8569340,unknown,Chemoresistance in breast cancer: PI3K/Akt pathway inhibitors vs the current chemotherapy.,American journal of cancer research,2021,Journal Article;Review,include_context,review_or_background,unknown,pmc_available,unknown,SUB002-Q001,Provides useful background on PI3K-pathway treatment strategy or breast-cancer resistance but is not direct evidence for alpelisib clinical durability or toxicity.
SUB002,pmid-34779417,34779417,PMC8592538,10.1172/JCI150335,Therapeutic implications of activating noncanonical PIK3CA mutations in head and neck squamous cell carcinoma.,The Journal of clinical investigation,2021,"Journal Article;Research Support, N.I.H., Extramural;Research Support, Non-U.S. Gov't",include_context,clinical_or_translational,unknown,pmc_available,unknown,SUB002-Q001,Provides useful background on PI3K-pathway treatment strategy or breast-cancer resistance but is not direct evidence for alpelisib clinical durability or toxicity.
SUB002,pmid-34842356,34842356,PMC8567053,10.1002/ctm2.589,Large-scale genomic sequencing reveals adaptive opportunity of targeting mutated-PI3Kα in early and advanced HER2-positive breast cancer.,Clinical and translational medicine,2021,"Journal Article;Research Support, Non-U.S. Gov't",include_context,primary_mechanism,unknown,pmc_available,unknown,SUB002-Q001,Provides useful background on PI3K-pathway treatment strategy or breast-cancer resistance but is not direct evidence for alpelisib clinical durability or toxicity.
SUB002,pmid-34986950,34986950,unknown,10.1691/ph.2021.1820,Recent clinical advances in PI3K inhibitors on colorectal cancer.,Die Pharmazie,2021,Journal Article;Review,include_context,review_or_background,unknown,abstract_available,unknown,SUB002-Q001,Provides useful background on PI3K-pathway treatment strategy or breast-cancer resistance but is not direct evidence for alpelisib clinical durability or toxicity.
SUB002,pmid-35016012,35016012,PMC8749445,10.1016/j.breast.2021.12.016,A multidisciplinary approach to optimizing care of patients treated with alpelisib.,"Breast (Edinburgh, Scotland)",2021,Journal Article;Review,include_context,review_or_background,unknown,pmc_available,unknown,SUB002-Q001,"Useful review, guideline, or approval framing for the subsection, but not direct primary evidence under the workflow threshold."
SUB002,pmid-35023985,35023985,PMC8743979,10.1177/11795549211068804,"PIK3CA Mutations in Diffuse Gliomas: An Update on Molecular Stratification, Prognosis, Recurrence, and Aggressiveness.",Clinical Medicine Insights. Oncology,2022,Journal Article,include_context,clinical_or_translational,unknown,pmc_available,unknown,SUB002-Q001,Provides useful background on PI3K-pathway treatment strategy or breast-cancer resistance but is not direct evidence for alpelisib clinical durability or toxicity.
SUB002,pmid-35100734,35100734,unknown,10.1200/PO.19.00221,"Combined PIK3CA and FGFR Inhibition With Alpelisib and Infigratinib in Patients With PIK3CA-Mutant Solid Tumors, With or Without FGFR Alterations.",JCO precision oncology,2019,Journal Article,include_context,clinical_or_translational,unknown,abstract_available,unknown,SUB002-Q001,Provides useful background on PI3K-pathway treatment strategy or breast-cancer resistance but is not direct evidence for alpelisib clinical durability or toxicity.
SUB002,pmid-35442400,35442400,PMC9354703,10.1158/0008-5472.CAN-22-0446,The Oncogenic PI3K-Induced Transcriptomic Landscape Reveals Key Functions in Splicing and Gene Expression Regulation.,Cancer research,2022,"Journal Article;Research Support, N.I.H., Extramural;Research Support, Non-U.S. Gov't",include_context,clinical_or_translational,unknown,pmc_available,unknown,SUB002-Q001,Provides useful background on PI3K-pathway treatment strategy or breast-cancer resistance but is not direct evidence for alpelisib clinical durability or toxicity.
SUB002,pmid-35465733,35465733,unknown,10.2217/fon-2022-0045,A phase III trial of alpelisib + trastuzumab ± fulvestrant versus trastuzumab + chemotherapy in HER2+ PIK3CA-mutated breast cancer.,"Future oncology (London, England)",2022,Clinical Trial Protocol;Journal Article,include_context,clinical_or_translational,unknown,abstract_available,unknown,SUB002-Q001,Provides useful background on PI3K-pathway treatment strategy or breast-cancer resistance but is not direct evidence for alpelisib clinical durability or toxicity.
SUB002,pmid-35968355,35968355,PMC9360227,unknown,PI3K inhibitors in trastuzumab-resistant HER2-positive breast cancer cells with PI3K pathway alterations.,American journal of cancer research,2022,Journal Article,include_context,primary_mechanism,unknown,pmc_available,unknown,SUB002-Q001,Provides useful background on PI3K-pathway treatment strategy or breast-cancer resistance but is not direct evidence for alpelisib clinical durability or toxicity.
SUB002,pmid-36071033,36071033,PMC9452562,10.1038/s41467-022-32828-6,High p16 expression and heterozygous RB1 loss are biomarkers for CDK4/6 inhibitor resistance in ER+ breast cancer.,Nature communications,2022,"Journal Article;Research Support, Non-U.S. Gov't;Research Support, N.I.H., Extramural;Research Support, U.S. Gov't, Non-P.H.S.",include_context,primary_mechanism,unknown,pmc_available,unknown,SUB002-Q001,Provides useful background on PI3K-pathway treatment strategy or breast-cancer resistance but is not direct evidence for alpelisib clinical durability or toxicity.
SUB002,pmid-36221910,36221910,unknown,10.1080/07391102.2022.2132293,Development of PI3Kα inhibitors for tumor therapy.,Journal of biomolecular structure & dynamics,2022,Journal Article;Review,include_context,review_or_background,unknown,abstract_available,unknown,SUB002-Q001,Provides useful background on PI3K-pathway treatment strategy or breast-cancer resistance but is not direct evidence for alpelisib clinical durability or toxicity.
SUB002,pmid-36321996,36321996,PMC10011882,10.1158/1078-0432.CCR-22-2115,Biology and Targetability of the Extended Spectrum of PIK3CA Mutations Detected in Breast Carcinoma.,Clinical cancer research : an official journal of the American Association for Cancer Research,2023,Editorial;Comment,include_context,clinical_or_translational,unknown,pmc_available,unknown,SUB002-Q001,Provides useful background on PI3K-pathway treatment strategy or breast-cancer resistance but is not direct evidence for alpelisib clinical durability or toxicity.
SUB002,pmid-36367572,36367572,PMC10067656,10.1007/s00428-022-03445-x,Proficiency testing of PIK3CA mutations in HR+/HER2-breast cancer on liquid biopsy and tissue.,Virchows Archiv : an international journal of pathology,2022,Journal Article,include_context,clinical_or_translational,unknown,pmc_available,unknown,SUB002-Q001,Provides useful background on PI3K-pathway treatment strategy or breast-cancer resistance but is not direct evidence for alpelisib clinical durability or toxicity.
SUB002,pmid-36579519,36579519,PMC9694420,10.3390/jpm12111793,PIK3CAMutations in Breast Cancer Subtypes Other Than HR-Positive/HER2-Negative.,Journal of personalized medicine,2022,Journal Article,include_context,clinical_or_translational,unknown,pmc_available,unknown,SUB002-Q001,Provides useful background on PI3K-pathway treatment strategy or breast-cancer resistance but is not direct evidence for alpelisib clinical durability or toxicity.
SUB002,pmid-36626159,36626159,PMC10023365,10.1158/1078-0432.CCR-22-3411,Alpelisib Efficacy without Cherry-PI3King Mutations.,Clinical cancer research : an official journal of the American Association for Cancer Research,2023,"Editorial;Research Support, N.I.H., Extramural;Comment",include_context,clinical_or_translational,unknown,pmc_available,unknown,SUB002-Q001,Provides useful background on PI3K-pathway treatment strategy or breast-cancer resistance but is not direct evidence for alpelisib clinical durability or toxicity.
SUB002,pmid-36633813,36633813,unknown,10.1007/s40262-022-01195-2,Pharmacokinetics and Pharmacodynamic of Alpelisib.,Clinical pharmacokinetics,2023,Journal Article;Review,include_context,review_or_background,unknown,abstract_available,unknown,SUB002-Q001,"Useful review, guideline, or approval framing for the subsection, but not direct primary evidence under the workflow threshold."
SUB002,pmid-36825198,36825198,PMC9941536,10.3389/fmolb.2023.1082915,Evaluation of PIK3CA mutations in advanced ER+/HER2-breast cancer in Portugal - U-PIK Project.,Frontiers in molecular biosciences,2023,Journal Article,include_context,clinical_or_translational,unknown,pmc_available,unknown,SUB002-Q001,Provides useful background on PI3K-pathway treatment strategy or breast-cancer resistance but is not direct evidence for alpelisib clinical durability or toxicity.
SUB002,pmid-36900375,36900375,PMC10001201,10.3390/cancers15051582,Discovering Synergistic Compounds with BYL-719 in PI3K Overactivated Basal-like PDXs.,Cancers,2023,Journal Article,include_context,primary_mechanism,unknown,pmc_available,unknown,SUB002-Q001,Provides useful background on PI3K-pathway treatment strategy or breast-cancer resistance but is not direct evidence for alpelisib clinical durability or toxicity.
SUB002,pmid-36901954,36901954,PMC10003259,10.3390/ijms24054522,Drugging the PI3K/AKT/mTOR Pathway in ER+ Breast Cancer.,International journal of molecular sciences,2023,Journal Article;Review,include_context,review_or_background,unknown,pmc_available,unknown,SUB002-Q001,Provides useful background on PI3K-pathway treatment strategy or breast-cancer resistance but is not direct evidence for alpelisib clinical durability or toxicity.
SUB002,pmid-36913051,36913051,PMC10147754,10.1007/s10549-023-06895-2,"Antitumor activity of the PI3K δ-sparing inhibitor MEN1611 in PIK3CA mutated, trastuzumab-resistant HER2 + breast cancer.",Breast cancer research and treatment,2023,Journal Article,include_context,primary_mechanism,unknown,pmc_available,unknown,SUB002-Q001,Provides useful background on PI3K-pathway treatment strategy or breast-cancer resistance but is not direct evidence for alpelisib clinical durability or toxicity.
SUB002,pmid-36943382,36943382,PMC10322119,10.1093/oncolo/oyad024,Predicting Hyperglycemia Among Patients Receiving Alpelisib Plus Fulvestrant for Metastatic Breast Cancer.,The oncologist,2023,"Journal Article;Research Support, N.I.H., Extramural",include_context,clinical_or_translational,unknown,pmc_available,unknown,SUB002-Q001,Provides useful background on PI3K-pathway treatment strategy or breast-cancer resistance but is not direct evidence for alpelisib clinical durability or toxicity.
SUB002,pmid-36998707,36998707,PMC10043427,10.17179/excli2022-5064,Anti-tumor effects of low-dose metronomic vinorelbine in combination with alpelisib in breast cancer cells.,EXCLI journal,2023,Journal Article,include_context,primary_mechanism,unknown,pmc_available,unknown,SUB002-Q001,Provides useful background on PI3K-pathway treatment strategy or breast-cancer resistance but is not direct evidence for alpelisib clinical durability or toxicity.
SUB002,pmid-37044095,37044095,PMC10140479,10.1016/j.xcrm.2023.101002,N-acetylcysteine overcomes NF1 loss-driven resistance to PI3Kα inhibition in breast cancer.,Cell reports. Medicine,2023,"Journal Article;Research Support, Non-U.S. Gov't",include_context,primary_mechanism,unknown,pmc_available,unknown,SUB002-Q001,Provides useful background on PI3K-pathway treatment strategy or breast-cancer resistance but is not direct evidence for alpelisib clinical durability or toxicity.
SUB002,pmid-37348428,37348428,PMC10314290,10.1016/j.neo.2023.100913,P110α inhibitor alpelisib exhibits a synergistic effect with pyrotinib and reverses pyrotinib resistant in HER2+ breast cancer.,"Neoplasia (New York, N.Y.)",2023,"Journal Article;Research Support, Non-U.S. Gov't",include_context,primary_mechanism,unknown,pmc_available,unknown,SUB002-Q001,Provides useful background on PI3K-pathway treatment strategy or breast-cancer resistance but is not direct evidence for alpelisib clinical durability or toxicity.
SUB002,pmid-37469415,37469415,PMC10353540,10.3389/fonc.2023.1108242,The effect of the alpha-specific PI3K inhibitor alpelisib combined with anti-HER2 therapy in HER2+/PIK3CA mutant breast cancer.,Frontiers in oncology,2023,Journal Article,include_context,primary_mechanism,unknown,pmc_available,unknown,SUB002-Q001,Provides useful background on PI3K-pathway treatment strategy or breast-cancer resistance but is not direct evidence for alpelisib clinical durability or toxicity.
SUB002,pmid-37511178,37511178,PMC10379453,10.3390/ijms241411419,Real-World Use of Highly Sensitive Liquid Biopsy Monitoring in Metastatic Breast Cancer Patients Treated with Endocrine Agents after Exposure to Aromatase Inhibitors.,International journal of molecular sciences,2023,Journal Article,include_context,primary_mechanism,unknown,pmc_available,unknown,SUB002-Q001,Provides useful background on PI3K-pathway treatment strategy or breast-cancer resistance but is not direct evidence for alpelisib clinical durability or toxicity.
SUB002,pmid-37761256,37761256,PMC10528120,10.3390/diagnostics13182887,Next-Generation Sequencing-Based Analysis of Clinical and Pathological Features of PIK3CA-Mutated Breast Cancer.,"Diagnostics (Basel, Switzerland)",2023,Journal Article,include_context,clinical_or_translational,unknown,pmc_available,unknown,SUB002-Q001,Provides useful background on PI3K-pathway treatment strategy or breast-cancer resistance but is not direct evidence for alpelisib clinical durability or toxicity.
SUB002,pmid-37835582,37835582,PMC10571568,10.3390/cancers15194887,"Combined PI3K Inhibitor and Eribulin Enhances Anti-Tumor Activity in Preclinical Models of Paclitaxel-Resistant, PIK3CA-Mutated Endometrial Cancer.",Cancers,2023,Journal Article,include_context,primary_mechanism,unknown,pmc_available,unknown,SUB002-Q001,Provides useful background on PI3K-pathway treatment strategy or breast-cancer resistance but is not direct evidence for alpelisib clinical durability or toxicity.
SUB002,pmid-37916958,37916958,PMC10850944,10.1158/2159-8290.CD-23-0704,Allosteric PI3Kα Inhibition Overcomes On-target Resistance to Orthosteric Inhibitors Mediated by Secondary PIK3CA Mutations.,Cancer discovery,2024,"Journal Article;Research Support, U.S. Gov't, Non-P.H.S.;Research Support, N.I.H., Extramural",include_context,primary_mechanism,unknown,pmc_available,unknown,SUB002-Q001,Provides useful background on PI3K-pathway treatment strategy or breast-cancer resistance but is not direct evidence for alpelisib clinical durability or toxicity.
SUB002,pmid-38089455,38089455,PMC10686175,10.1002/cai2.10,Expert consensus on the clinical application of PI3K/AKT/mTOR inhibitors in the treatment of advanced breast cancer.,Cancer innovation,2022,Journal Article,include_context,review_or_background,unknown,pmc_available,unknown,SUB002-Q001,Provides useful background on PI3K-pathway treatment strategy or breast-cancer resistance but is not direct evidence for alpelisib clinical durability or toxicity.
SUB002,pmid-38273040,38273040,PMC10810864,10.1038/s41698-024-00496-y,Integrative modeling uncovers p21-driven drug resistance and prioritizes therapies for PIK3CA-mutant breast cancer.,NPJ precision oncology,2024,Journal Article,include_context,primary_mechanism,unknown,pmc_available,unknown,SUB002-Q001,Provides useful background on PI3K-pathway treatment strategy or breast-cancer resistance but is not direct evidence for alpelisib clinical durability or toxicity.
SUB002,pmid-38547898,38547898,unknown,10.1016/S1470-2045(23)00676-9,Optimal targeting of PI3K-AKT and mTOR in advanced oestrogen receptor-positive breast cancer.,The Lancet. Oncology,2024,Journal Article;Review,include_context,review_or_background,unknown,abstract_available,unknown,SUB002-Q001,Provides useful background on PI3K-pathway treatment strategy or breast-cancer resistance but is not direct evidence for alpelisib clinical durability or toxicity.
SUB002,pmid-38796763,38796763,PMC11145577,10.14341/probl13337,[Toxic manifestations of alpelisib in endocrinology. Description of the clinical case].,Problemy endokrinologii,2023,Journal Article;Case Reports;English Abstract,include_context,primary_mechanism,unknown,pmc_available,unknown,SUB002-Q001,Provides useful background on PI3K-pathway treatment strategy or breast-cancer resistance but is not direct evidence for alpelisib clinical durability or toxicity.
SUB002,pmid-38927964,38927964,PMC11201395,10.3390/cancers16122259,Resistance to Targeted Inhibitors of the PI3K/AKT/mTOR Pathway in Advanced Oestrogen-Receptor-Positive Breast Cancer.,Cancers,2024,Journal Article;Review,include_context,review_or_background,unknown,pmc_available,unknown,SUB002-Q001,Provides useful background on PI3K-pathway treatment strategy or breast-cancer resistance but is not direct evidence for alpelisib clinical durability or toxicity.
SUB002,pmid-38986734,38986734,unknown,10.1016/j.canlet.2024.217112,PI3K PROTAC overcomes the lapatinib resistance in PIK3CA-mutant HER2 positive breast cancer.,Cancer letters,2024,Journal Article,include_context,primary_mechanism,unknown,abstract_available,unknown,SUB002-Q001,Provides useful background on PI3K-pathway treatment strategy or breast-cancer resistance but is not direct evidence for alpelisib clinical durability or toxicity.
SUB002,pmid-39092562,39092562,PMC11705819,10.1002/1878-0261.13703,"Assessments of prostate cancer cell functions highlight differences between a pan-PI3K/mTOR inhibitor, gedatolisib, and single-node inhibitors of the PI3K/AKT/mTOR pathway.",Molecular oncology,2024,Journal Article,include_context,primary_mechanism,unknown,pmc_available,unknown,SUB002-Q001,Provides useful background on PI3K-pathway treatment strategy or breast-cancer resistance but is not direct evidence for alpelisib clinical durability or toxicity.
SUB002,pmid-39302579,39302579,unknown,10.1007/s10549-024-07495-4,Genomic and transcriptomic landscape of HER2-low breast cancer.,Breast cancer research and treatment,2024,Journal Article,include_context,primary_mechanism,unknown,abstract_available,unknown,SUB002-Q001,Provides useful background on PI3K-pathway treatment strategy or breast-cancer resistance but is not direct evidence for alpelisib clinical durability or toxicity.
SUB002,pmid-39409880,39409880,PMC11476299,10.3390/cancers16193259,PLK1 Inhibitor Onvansertib Enhances the Efficacy of Alpelisib in PIK3CA-Mutated HR-Positive Breast Cancer Resistant to Palbociclib and Endocrine Therapy: Preclinical Insights.,Cancers,2024,Journal Article,include_context,primary_mechanism,unknown,pmc_available,unknown,SUB002-Q001,Provides useful background on PI3K-pathway treatment strategy or breast-cancer resistance but is not direct evidence for alpelisib clinical durability or toxicity.
SUB002,pmid-39596311,39596311,PMC11594956,10.3390/ijms252212246,Molecular Analysis of PIK3CA in Metastatic Hormone Receptor-Positive Breast Cancer in Chile: Clinical and Pathological Insights.,International journal of molecular sciences,2024,Journal Article,include_context,clinical_or_translational,unknown,pmc_available,unknown,SUB002-Q001,Provides useful background on PI3K-pathway treatment strategy or breast-cancer resistance but is not direct evidence for alpelisib clinical durability or toxicity.
SUB002,pmid-39674130,39674130,PMC11699375,10.1016/j.esmoop.2024.103997,Practical treatment strategies and novel therapies in the phosphoinositide 3-kinase (PI3K)/protein kinase B (AKT)/mammalian target of rapamycin (mTOR) pathway in hormone receptor-positive/human epidermal growth factor receptor 2 (HER2)-negative (HR+/HER2-) advanced breast cancer.,ESMO open,2024,Journal Article;Review,include_context,review_or_background,unknown,pmc_available,unknown,SUB002-Q001,Provides useful background on PI3K-pathway treatment strategy or breast-cancer resistance but is not direct evidence for alpelisib clinical durability or toxicity.
SUB002,pmid-39839709,39839709,PMC11748133,10.1093/pcmedi/pbae034,"Cell-free tumor DNA analysis in advanced or metastatic breast cancer patients: mutation frequencies, testing intention, and clinical impact.",Precision clinical medicine,2024,Journal Article,include_context,clinical_or_translational,unknown,pmc_available,unknown,SUB002-Q001,Provides useful background on PI3K-pathway treatment strategy or breast-cancer resistance but is not direct evidence for alpelisib clinical durability or toxicity.
SUB002,pmid-39883146,39883146,unknown,10.14423/SMJ.0000000000001791,Alpelisib-Induced Hyperglycemia in PIK3CA+ Breast Cancer Patients.,Southern medical journal,2025,Journal Article;Review,include_context,review_or_background,unknown,abstract_available,unknown,SUB002-Q001,"Useful review, guideline, or approval framing for the subsection, but not direct primary evidence under the workflow threshold."
SUB002,pmid-39920872,39920872,PMC11806886,10.1186/s40170-025-00375-5,CD36 inhibition enhances the anti-proliferative effects of PI3K inhibitors in PTEN-loss anti-HER2 resistant breast cancer cells.,Cancer & metabolism,2025,Journal Article,include_context,primary_mechanism,unknown,pmc_available,unknown,SUB002-Q001,Provides useful background on PI3K-pathway treatment strategy or breast-cancer resistance but is not direct evidence for alpelisib clinical durability or toxicity.
SUB002,pmid-40113784,40113784,PMC11926384,10.1038/s41392-025-02180-4,Targeting PI3K inhibitor resistance in breast cancer with metabolic drugs.,Signal transduction and targeted therapy,2025,"Journal Article;Research Support, Non-U.S. Gov't",include_context,primary_mechanism,unknown,pmc_available,unknown,SUB002-Q001,Provides useful background on PI3K-pathway treatment strategy or breast-cancer resistance but is not direct evidence for alpelisib clinical durability or toxicity.
SUB002,pmid-40163189,40163189,unknown,10.1007/s11864-025-01310-y,Novel Estrogen Receptor - Targeted Therapies in Hormone-Receptor Positive Breast Cancer.,Current treatment options in oncology,2025,Journal Article;Review,include_context,review_or_background,unknown,abstract_available,unknown,SUB002-Q001,Provides useful background on PI3K-pathway treatment strategy or breast-cancer resistance but is not direct evidence for alpelisib clinical durability or toxicity.
SUB002,pmid-40192953,40192953,PMC12062054,10.1007/s40291-025-00777-7,Clinical Actionability of Molecular Targets in Multi-Ethnic Breast Cancer Patients: A Retrospective Single-Institutional Study.,Molecular diagnosis & therapy,2025,"Journal Article;Research Support, N.I.H., Extramural",include_context,clinical_or_translational,unknown,pmc_available,unknown,SUB002-Q001,Provides useful background on PI3K-pathway treatment strategy or breast-cancer resistance but is not direct evidence for alpelisib clinical durability or toxicity.
SUB002,pmid-40303291,40303291,PMC12035905,10.7150/ijbs.104850,The SGK3/GSK3β/β-catenin signaling promotes breast cancer stemness and confers resistance to alpelisib therapy.,International journal of biological sciences,2025,"Journal Article;Research Support, Non-U.S. Gov't",include_context,primary_mechanism,unknown,pmc_available,unknown,SUB002-Q001,Provides useful background on PI3K-pathway treatment strategy or breast-cancer resistance but is not direct evidence for alpelisib clinical durability or toxicity.
SUB002,pmid-40525530,40525530,unknown,10.1177/10781552251350959,"Efficacy and safety of phosphoinositide 3-kinase inhibitors and AKT-inhibitors in combination with fulvestrant in PIK3CA mutated, HR-positive, HER2-negative invasive breast cancer: A systematic review.",Journal of oncology pharmacy practice : official publication of the International Society of Oncology Pharmacy Practitioners,2025,Journal Article,include_context,review_or_background,unknown,abstract_available,unknown,SUB002-Q001,"Useful review, guideline, or approval framing for the subsection, but not direct primary evidence under the workflow threshold."
SUB002,pmid-40965803,40965803,PMC12847147,10.1007/s40291-025-00815-4,From PIK3CA Mutations to Rational PI3K Inhibition for the Treatment of Colorectal Cancer.,Molecular diagnosis & therapy,2025,Journal Article;Review,include_context,review_or_background,unknown,pmc_available,unknown,SUB002-Q001,Provides useful background on PI3K-pathway treatment strategy or breast-cancer resistance but is not direct evidence for alpelisib clinical durability or toxicity.
SUB002,pmid-40989687,40989687,PMC12450692,10.3389/fonc.2025.1596634,Pharmacologic management of HR+/HER2- mBC: a clinically oriented review.,Frontiers in oncology,2025,Journal Article;Review,include_context,review_or_background,unknown,pmc_available,unknown,SUB002-Q001,Provides useful background on PI3K-pathway treatment strategy or breast-cancer resistance but is not direct evidence for alpelisib clinical durability or toxicity.
SUB002,pmid-40991650,40991650,PMC12618074,10.1172/JCI180927,USP10/GSK3β-mediated inhibition of PTEN drives resistance to PI3K inhibitors in breast cancer.,The Journal of clinical investigation,2025,"Journal Article;Research Support, Non-U.S. Gov't",include_context,primary_mechanism,unknown,pmc_available,unknown,SUB002-Q001,Provides useful background on PI3K-pathway treatment strategy or breast-cancer resistance but is not direct evidence for alpelisib clinical durability or toxicity.
SUB002,pmid-41080357,41080357,PMC12510797,10.7759/cureus.91888,From Haemorrhagic Shock to Years of Survival: A Case Report of PIK3CA-Mutated Estrogen Receptor-Positive and Human Epidermal Growth Factor Receptor 2-Negative (ER+/HER2-) Metastatic Breast Cancer With Satellite Lesions.,Cureus,2025,Case Reports;Journal Article,include_context,clinical_or_translational,unknown,pmc_available,unknown,SUB002-Q001,Provides useful background on PI3K-pathway treatment strategy or breast-cancer resistance but is not direct evidence for alpelisib clinical durability or toxicity.
SUB002,pmid-41306515,41306515,PMC12646283,10.1101/2024.10.11.617918,Anticancer Target Combinations: Network-Informed Signaling-Based Approach to Discovery.,bioRxiv : the preprint server for biology,2024,Journal Article;Preprint,include_context,primary_mechanism,unknown,pmc_available,unknown,SUB002-Q001,Provides useful background on PI3K-pathway treatment strategy or breast-cancer resistance but is not direct evidence for alpelisib clinical durability or toxicity.
SUB002,pmid-41406241,41406241,unknown,10.1126/scitranslmed.adp5088,Dual PI3K/mTOR inhibition is required to combat resistance to CDK4/6 inhibitor and endocrine therapy in PIK3CA-mutant breast cancer.,Science translational medicine,2025,"Journal Article;Research Support, Non-U.S. Gov't",include_context,primary_mechanism,unknown,abstract_available,unknown,SUB002-Q001,Provides useful background on PI3K-pathway treatment strategy or breast-cancer resistance but is not direct evidence for alpelisib clinical durability or toxicity.
SUB002,pmid-42074235,42074235,PMC13116710,10.3390/ijms27083597,SGLT2 Inhibitor Dapagliflozin Attenuates Cardiomyocyte Injury and Inflammation Induced by PI3Kα-Selective Inhibitor Alpelisib and Fulvestrant Under Hyperglycemia.,International journal of molecular sciences,2026,Journal Article,include_context,primary_mechanism,unknown,pmc_available,unknown,SUB002-Q001,Provides useful background on PI3K-pathway treatment strategy or breast-cancer resistance but is not direct evidence for alpelisib clinical durability or toxicity.
SUB002,pmid-42341421,42341421,unknown,10.1016/j.bbrc.2026.154189,Functional characterization of PIK3CA E545A mutation in MCF-7 breast cancer cells reveals enhanced proliferation and resistance to Alpelisib.,Biochemical and biophysical research communications,2026,Journal Article,include_context,primary_mechanism,unknown,abstract_available,unknown,SUB002-Q001,Provides useful background on PI3K-pathway treatment strategy or breast-cancer resistance but is not direct evidence for alpelisib clinical durability or toxicity.
SUB002,pmid-42518131,42518131,PMC13529841,10.1007/s40265-026-02347-5,Emerging Strategies Targeting the PI3K/AKT/mTOR Pathway in HR+/HER2- Advanced Breast Cancer.,Drugs,2026,Journal Article;Review,include_context,review_or_background,unknown,pmc_available,unknown,SUB002-Q001,Provides useful background on PI3K-pathway treatment strategy or breast-cancer resistance but is not direct evidence for alpelisib clinical durability or toxicity.
SUB002,pmid-27126994,27126994,PMC5085926,10.1158/1078-0432.CCR-16-0134,"A Phase Ib Study of Alpelisib (BYL719), a PI3Kα-Specific Inhibitor, with Letrozole in ER+/HER2- Metastatic Breast Cancer.",Clinical cancer research : an official journal of the American Association for Cancer Research,2016,"Clinical Trial, Phase I;Journal Article;Multicenter Study",include_primary,negative_or_limiting,unknown,pmc_available,unknown,SUB002-Q001,"Directly addresses alpelisib benefit, post-progression use, durability limits, safety, exposure, or management in the clinical frame of the subsection."
SUB002,pmid-29401002,29401002,PMC5920739,10.1200/JCO.2017.72.7107,Phosphatidylinositol 3-Kinase α-Selective Inhibition With Alpelisib (BYL719) in PIK3CA-Altered Solid Tumors: Results From the First-in-Human Study.,Journal of clinical oncology : official journal of the American Society of Clinical Oncology,2018,"Clinical Trial, Phase I;Journal Article;Multicenter Study;Research Support, Non-U.S. Gov't",include_primary,negative_or_limiting,unknown,pmc_available,unknown,SUB002-Q001,"Directly addresses alpelisib benefit, post-progression use, durability limits, safety, exposure, or management in the clinical frame of the subsection."
SUB002,pmid-29850984,29850984,unknown,10.1007/s10549-018-4792-0,Phase I study of alpelisib (BYL-719) and trastuzumab emtansine (T-DM1) in HER2-positive metastatic breast cancer (MBC) after trastuzumab and taxane therapy.,Breast cancer research and treatment,2018,"Clinical Trial, Phase I;Journal Article",include_primary,negative_or_limiting,unknown,abstract_available,unknown,SUB002-Q001,"Directly addresses alpelisib benefit, post-progression use, durability limits, safety, exposure, or management in the clinical frame of the subsection."
SUB002,pmid-30167089,30167089,PMC6114962,10.18632/oncotarget.25854,"A Phase Ib, open-label, dose-finding study of alpelisib in combination with paclitaxel in patients with advanced solid tumors.",Oncotarget,2018,Journal Article,include_primary,negative_or_limiting,unknown,pmc_available,unknown,SUB002-Q001,"Directly addresses alpelisib benefit, post-progression use, durability limits, safety, exposure, or management in the clinical frame of the subsection."
SUB002,pmid-30413407,30413407,unknown,10.1158/2159-8290.CD-NB2018-146,Alpelisib Extends PFS in PIK3CA-Mutant Breast Cancer.,Cancer discovery,2018,News,include_primary,clinical_or_translational,unknown,abstract_available,unknown,SUB002-Q001,"Directly addresses alpelisib benefit, post-progression use, durability limits, safety, exposure, or management in the clinical frame of the subsection."
SUB002,pmid-30543347,30543347,PMC6439561,10.1001/jamaoncol.2018.4475,Alpelisib Plus Fulvestrant in PIK3CA-Altered and PIK3CA-Wild-Type Estrogen Receptor-Positive Advanced Breast Cancer: A Phase 1b Clinical Trial.,JAMA oncology,2019,"Clinical Trial, Phase I;Journal Article;Multicenter Study;Research Support, Non-U.S. Gov't",include_primary,negative_or_limiting,unknown,pmc_available,unknown,SUB002-Q001,"Directly addresses alpelisib benefit, post-progression use, durability limits, safety, exposure, or management in the clinical frame of the subsection."
SUB002,pmid-30588709,30588709,PMC6398875,10.1111/cas.13923,"Phase I study of alpelisib (BYL719), an α-specific PI3K inhibitor, in Japanese patients with advanced solid tumors.",Cancer science,2019,"Clinical Trial, Phase I;Journal Article;Multicenter Study",include_primary,negative_or_limiting,unknown,pmc_available,unknown,SUB002-Q001,"Directly addresses alpelisib benefit, post-progression use, durability limits, safety, exposure, or management in the clinical frame of the subsection."
SUB002,pmid-31091374,31091374,unknown,10.1056/NEJMoa1813904,"Alpelisib for PIK3CA-Mutated, Hormone Receptor-Positive Advanced Breast Cancer.",The New England journal of medicine,2019,"Clinical Trial, Phase III;Comparative Study;Journal Article;Multicenter Study;Randomized Controlled Trial;Research Support, Non-U.S. Gov't",include_primary,negative_or_limiting,unknown,abstract_available,unknown,SUB002-Q001,"Directly addresses alpelisib benefit, post-progression use, durability limits, safety, exposure, or management in the clinical frame of the subsection."
SUB002,pmid-32416251,32416251,unknown,10.1016/j.annonc.2020.05.001,Time course and management of key adverse events during the randomized phase III SOLAR-1 study of PI3K inhibitor alpelisib plus fulvestrant in patients with HR-positive advanced breast cancer.,Annals of oncology : official journal of the European Society for Medical Oncology,2020,"Clinical Trial, Phase III;Journal Article;Randomized Controlled Trial;Research Support, Non-U.S. Gov't",include_primary,negative_or_limiting,unknown,abstract_available,unknown,SUB002-Q001,"Directly addresses alpelisib benefit, post-progression use, durability limits, safety, exposure, or management in the clinical frame of the subsection."
SUB002,pmid-32817061,32817061,PMC7437706,10.1136/esmoopen-2020-000890,PIK3CA mutation inhibition in hormone receptor-positive breast cancer: time has come.,ESMO open,2020,"Editorial;Research Support, Non-U.S. Gov't",include_primary,clinical_or_translational,unknown,pmc_available,unknown,SUB002-Q001,"Directly addresses alpelisib benefit, post-progression use, durability limits, safety, exposure, or management in the clinical frame of the subsection."
SUB002,pmid-32864625,32864625,PMC7450824,10.1038/s43018-020-0047-1,Alterations in PTEN and ESR1 promote clinical resistance to alpelisib plus aromatase inhibitors.,Nature cancer,2020,"Journal Article;Research Support, N.I.H., Extramural;Research Support, Non-U.S. Gov't;Research Support, U.S. Gov't, Non-P.H.S.",include_primary,negative_or_limiting,unknown,pmc_available,unknown,SUB002-Q001,"Directly addresses alpelisib benefit, post-progression use, durability limits, safety, exposure, or management in the clinical frame of the subsection."
SUB002,pmid-33246021,33246021,unknown,10.1016/j.annonc.2020.11.011,"Alpelisib plus fulvestrant for PIK3CA-mutated, hormone receptor-positive, human epidermal growth factor receptor-2-negative advanced breast cancer: final overall survival results from SOLAR-1.",Annals of oncology : official journal of the European Society for Medical Oncology,2020,"Journal Article;Randomized Controlled Trial;Research Support, Non-U.S. Gov't",include_primary,negative_or_limiting,unknown,abstract_available,unknown,SUB002-Q001,"Directly addresses alpelisib benefit, post-progression use, durability limits, safety, exposure, or management in the clinical frame of the subsection."
SUB002,pmid-33575071,33575071,PMC7646628,10.6004/jadpro.2020.11.7.9,Alpelisib: A Novel Therapy for Patients With PIK3CA-Mutated Metastatic Breast Cancer.,Journal of the advanced practitioner in oncology,2020,Journal Article,include_primary,negative_or_limiting,unknown,pmc_available,unknown,SUB002-Q001,"Directly addresses alpelisib benefit, post-progression use, durability limits, safety, exposure, or management in the clinical frame of the subsection."
SUB002,pmid-33602685,33602685,PMC8282704,10.1158/1078-0432.CCR-20-4879,Clinical and Biomarker Results from Phase I/II Study of PI3K Inhibitor Alpelisib plus Nab-paclitaxel in HER2-Negative Metastatic Breast Cancer.,Clinical cancer research : an official journal of the American Association for Cancer Research,2021,"Clinical Trial, Phase I;Clinical Trial, Phase II;Journal Article;Research Support, N.I.H., Extramural;Research Support, Non-U.S. Gov't",include_primary,negative_or_limiting,unknown,pmc_available,unknown,SUB002-Q001,"Directly addresses alpelisib benefit, post-progression use, durability limits, safety, exposure, or management in the clinical frame of the subsection."
SUB002,pmid-33622114,33622114,unknown,10.1080/14656566.2021.1873952,"Alpelisib for the treatment of PIK3CA-mutated, hormone receptor-positive, HER2-negative metastatic breast cancer.",Expert opinion on pharmacotherapy,2021,"Clinical Trial, Phase III;Journal Article;Randomized Controlled Trial",include_primary,negative_or_limiting,unknown,abstract_available,unknown,SUB002-Q001,"Directly addresses alpelisib benefit, post-progression use, durability limits, safety, exposure, or management in the clinical frame of the subsection."
SUB002,pmid-33780274,33780274,PMC8210974,10.1200/JCO.20.01139,"Patient-Reported Outcomes in Patients With PIK3CA-Mutated Hormone Receptor-Positive, Human Epidermal Growth Factor Receptor 2-Negative Advanced Breast Cancer From SOLAR-1.",Journal of clinical oncology : official journal of the American Society of Clinical Oncology,2021,"Journal Article;Research Support, Non-U.S. Gov't",include_primary,clinical_or_translational,unknown,pmc_available,unknown,SUB002-Q001,"Directly addresses alpelisib benefit, post-progression use, durability limits, safety, exposure, or management in the clinical frame of the subsection."
SUB002,pmid-33794206,33794206,unknown,10.1016/S1470-2045(21)00034-6,"Alpelisib plus fulvestrant in PIK3CA-mutated, hormone receptor-positive advanced breast cancer after a CDK4/6 inhibitor (BYLieve): one cohort of a phase 2, multicentre, open-label, non-comparative study.",The Lancet. Oncology,2021,"Clinical Trial, Phase II;Journal Article;Multicenter Study;Research Support, Non-U.S. Gov't",include_primary,negative_or_limiting,unknown,abstract_available,unknown,SUB002-Q001,"Directly addresses alpelisib benefit, post-progression use, durability limits, safety, exposure, or management in the clinical frame of the subsection."
SUB002,pmid-34012367,34012367,PMC8114069,10.1159/000514794,First Experiences with Alpelisib in Clinical Routine: Case Reports from a German Breast Center.,"Breast care (Basel, Switzerland)",2021,Journal Article,include_primary,negative_or_limiting,unknown,pmc_available,unknown,SUB002-Q001,"Directly addresses alpelisib benefit, post-progression use, durability limits, safety, exposure, or management in the clinical frame of the subsection."
SUB002,pmid-34084688,34084688,PMC8166359,10.7759/cureus.14796,Alpelisib-Induced Diabetic Ketoacidosis.,Cureus,2021,Case Reports;Journal Article,include_primary,negative_or_limiting,unknown,pmc_available,unknown,SUB002-Q001,"Directly addresses alpelisib benefit, post-progression use, durability limits, safety, exposure, or management in the clinical frame of the subsection."
SUB002,pmid-35000092,35000092,unknown,10.1007/s10549-021-06476-1,"Factors leading to alpelisib discontinuation in patients with hormone receptor positive, human epidermal growth factor receptor-2 negative breast cancer.",Breast cancer research and treatment,2022,Journal Article,include_primary,negative_or_limiting,unknown,abstract_available,unknown,SUB002-Q001,"Directly addresses alpelisib benefit, post-progression use, durability limits, safety, exposure, or management in the clinical frame of the subsection."
SUB002,pmid-35075945,35075945,PMC8793384,10.1177/15347354211073163,Management of Phosphatidylinositol-3-Kinase Inhibitor-Associated Hyperglycemia.,Integrative cancer therapies,2022,"Journal Article;Research Support, Non-U.S. Gov't",include_primary,negative_or_limiting,unknown,pmc_available,unknown,SUB002-Q001,"Directly addresses alpelisib benefit, post-progression use, durability limits, safety, exposure, or management in the clinical frame of the subsection."
SUB002,pmid-35178031,35178031,PMC8843667,10.3389/fendo.2022.802612,"Alpelisib-Induced Diabetes Mellitus: Case Report, Pharmacodynamics and Management Considerations.",Frontiers in endocrinology,2022,Case Reports;Journal Article,include_primary,negative_or_limiting,unknown,pmc_available,unknown,SUB002-Q001,"Directly addresses alpelisib benefit, post-progression use, durability limits, safety, exposure, or management in the clinical frame of the subsection."
SUB002,pmid-35348782,35348782,PMC8963159,10.1093/oncolo/oyac011,Alpelisib Plus Fulvestrant or Letrozole Demonstrates Sustained Benefits Across Subgroups of Patients with PIK3CA-Mutated HR+/HER2- Advanced Breast Cancer.,The oncologist,2022,Journal Article,include_primary,clinical_or_translational,unknown,pmc_available,unknown,SUB002-Q001,"Directly addresses alpelisib benefit, post-progression use, durability limits, safety, exposure, or management in the clinical frame of the subsection."
SUB002,pmid-35712858,35712858,PMC9210085,10.1177/23247096221105249,S.U.G.A.R: A Case to Outline Tactics for the Prevention of Alpelisib-Induced Hyperglycemia.,Journal of investigative medicine high impact case reports,2022,Case Reports;Journal Article,include_primary,negative_or_limiting,unknown,pmc_available,unknown,SUB002-Q001,"Directly addresses alpelisib benefit, post-progression use, durability limits, safety, exposure, or management in the clinical frame of the subsection."
SUB002,pmid-35771551,35771551,unknown,10.1158/2159-8290.CD-21-1696,"Alpelisib Monotherapy for PI3K-Altered, Pretreated Advanced Breast Cancer: A Phase II Study.",Cancer discovery,2022,"Clinical Trial, Phase II;Journal Article;Research Support, Non-U.S. Gov't",include_primary,clinical_or_translational,unknown,abstract_available,unknown,SUB002-Q001,"Directly addresses alpelisib benefit, post-progression use, durability limits, safety, exposure, or management in the clinical frame of the subsection."
SUB002,pmid-36292649,36292649,PMC9601363,10.3390/genes13101763,Alpelisib Efficacy in Hormone Receptor-Positive HER2-Negative PIK3CA-Mutant Advanced Breast Cancer Post-Everolimus Treatment.,Genes,2022,"Journal Article;Research Support, Non-U.S. Gov't",include_primary,clinical_or_translational,unknown,pmc_available,unknown,SUB002-Q001,"Directly addresses alpelisib benefit, post-progression use, durability limits, safety, exposure, or management in the clinical frame of the subsection."
SUB002,pmid-37163178,37163178,PMC10164376,10.2147/BTT.S395817,Treating Alpelisib-Induced Hyperinsulinemia in Patients with Advanced Breast Cancer - A Real-Life Experience.,Biologics : targets & therapy,2023,Case Reports;Journal Article,include_primary,negative_or_limiting,unknown,pmc_available,unknown,SUB002-Q001,"Directly addresses alpelisib benefit, post-progression use, durability limits, safety, exposure, or management in the clinical frame of the subsection."
SUB002,pmid-37704834,37704834,unknown,10.1007/s10549-023-07110-y,Sodium-glucose cotransporter-2 inhibitors for hypergycemia in phosphoinositide 3-kinase pathway inhibition.,Breast cancer research and treatment,2023,Journal Article,include_primary,negative_or_limiting,unknown,abstract_available,unknown,SUB002-Q001,"Directly addresses alpelisib benefit, post-progression use, durability limits, safety, exposure, or management in the clinical frame of the subsection."
SUB002,pmid-37743730,37743730,PMC10863751,10.1002/cncr.34928,"Incidence, risk factors, and management of alpelisib-associated hyperglycemia in metastatic breast cancer.",Cancer,2023,"Journal Article;Research Support, Non-U.S. Gov't;Research Support, N.I.H., Extramural",include_primary,negative_or_limiting,unknown,pmc_available,unknown,SUB002-Q001,"Directly addresses alpelisib benefit, post-progression use, durability limits, safety, exposure, or management in the clinical frame of the subsection."
SUB002,pmid-37975961,37975961,unknown,10.1007/s40261-023-01325-z,"Is Alpelisib Plus Fulvestrant Cost-Effective for Treating PIK3CA-Mutation, HR+/HER2- Advanced Breast Cancer in the USA?",Clinical drug investigation,2023,Journal Article,include_primary,negative_or_limiting,unknown,abstract_available,unknown,SUB002-Q001,"Directly addresses alpelisib benefit, post-progression use, durability limits, safety, exposure, or management in the clinical frame of the subsection."
SUB002,pmid-38496864,38496864,PMC10944239,10.1016/j.heliyon.2024.e27529,A real-world disproportionality analysis of FDA adverse event reporting system (FAERS) events for alpelisib.,Heliyon,2024,Journal Article,include_primary,negative_or_limiting,unknown,pmc_available,unknown,SUB002-Q001,"Directly addresses alpelisib benefit, post-progression use, durability limits, safety, exposure, or management in the clinical frame of the subsection."
SUB002,pmid-38584192,38584192,PMC11182811,10.1007/s10549-024-07315-9,Body composition measures as a determinant of Alpelisib related toxicity.,Breast cancer research and treatment,2024,Journal Article;Observational Study,include_primary,negative_or_limiting,unknown,pmc_available,unknown,SUB002-Q001,"Directly addresses alpelisib benefit, post-progression use, durability limits, safety, exposure, or management in the clinical frame of the subsection."
SUB002,pmid-38638399,38638399,PMC11024566,10.1016/j.eclinm.2024.102520,"Preventing alpelisib-related hyperglycaemia in HR+/HER2-/PIK3CA-mutated advanced breast cancer using metformin (METALLICA): a multicentre, open-label, single-arm, phase 2 trial.",EClinicalMedicine,2024,Journal Article,include_primary,negative_or_limiting,unknown,pmc_available,unknown,SUB002-Q001,"Directly addresses alpelisib benefit, post-progression use, durability limits, safety, exposure, or management in the clinical frame of the subsection."
SUB002,pmid-39070139,39070139,PMC11272611,10.3389/fonc.2024.1390452,"Phase Ib and pharmacokinetics study of alpelisib, a PIK3CA inhibitor, and capecitabine in patients with advanced solid tumors.",Frontiers in oncology,2024,Journal Article,include_primary,negative_or_limiting,unknown,pmc_available,unknown,SUB002-Q001,"Directly addresses alpelisib benefit, post-progression use, durability limits, safety, exposure, or management in the clinical frame of the subsection."
SUB002,pmid-39177931,39177931,PMC11452482,10.1007/s10549-024-07405-8,SGLT2 inhibition improves PI3Kα inhibitor-induced hyperglycemia: findings from preclinical animal models and from patients in the BYLieve and SOLAR-1 trials.,Breast cancer research and treatment,2024,"Clinical Trial, Phase II;Clinical Trial, Phase III;Journal Article;Multicenter Study;Randomized Controlled Trial",include_primary,negative_or_limiting,unknown,pmc_available,unknown,SUB002-Q001,"Directly addresses alpelisib benefit, post-progression use, durability limits, safety, exposure, or management in the clinical frame of the subsection."
SUB002,pmid-39217059,39217059,PMC11840667,10.1016/j.clbc.2024.08.001,A Phase I Trial of Alpelisib Combined With Capecitabine in Patients With HER2-Negative Metastatic Breast Cancer.,Clinical breast cancer,2024,"Journal Article;Clinical Trial, Phase I",include_primary,negative_or_limiting,unknown,pmc_available,unknown,SUB002-Q001,"Directly addresses alpelisib benefit, post-progression use, durability limits, safety, exposure, or management in the clinical frame of the subsection."
SUB002,pmid-39539943,39539943,PMC11558728,10.1177/17588359241297101,Elacestrant plus alpelisib in an ESR1 and PIK3CA co-mutated and heavily pretreated metastatic breast cancer: the first case report for combination efficacy and safety.,Therapeutic advances in medical oncology,2024,Case Reports;Journal Article,include_primary,negative_or_limiting,unknown,pmc_available,unknown,SUB002-Q001,"Directly addresses alpelisib benefit, post-progression use, durability limits, safety, exposure, or management in the clinical frame of the subsection."
SUB002,pmid-39637900,39637900,unknown,10.1016/S1470-2045(24)00673-9,"Alpelisib plus fulvestrant in PIK3CA-mutated, hormone receptor-positive advanced breast cancer after a CDK4/6 inhibitor (BYLieve): one cohort of a phase 2, multicentre, open-label, non-comparative study.",The Lancet. Oncology,2024,"Journal Article;Multicenter Study;Clinical Trial, Phase II;Research Support, Non-U.S. Gov't",include_primary,negative_or_limiting,unknown,abstract_available,unknown,SUB002-Q001,"Directly addresses alpelisib benefit, post-progression use, durability limits, safety, exposure, or management in the clinical frame of the subsection."
SUB002,pmid-40152314,40152314,PMC11950915,10.1093/oncolo/oyaf023,Dynamics of hyperglycemia of patients treated with alpelisib: exploratory interim analysis of ITACA trial.,The oncologist,2025,"Journal Article;Research Support, Non-U.S. Gov't",include_primary,negative_or_limiting,unknown,pmc_available,unknown,SUB002-Q001,"Directly addresses alpelisib benefit, post-progression use, durability limits, safety, exposure, or management in the clinical frame of the subsection."
SUB002,pmid-41620612,41620612,PMC12964663,10.1186/s13058-025-02152-0,Sequential use of PI3K/AKT/mTOR pathway inhibitors alpelisib and everolimus in patients with hormone receptor-positive metastatic breast cancer.,Breast cancer research : BCR,2026,Journal Article;Observational Study,include_primary,negative_or_limiting,unknown,pmc_available,unknown,SUB002-Q001,"Directly addresses alpelisib benefit, post-progression use, durability limits, safety, exposure, or management in the clinical frame of the subsection."
SUB002,pmid-41681940,41681940,PMC12896634,10.3390/cancers18030468,Comparison Between Alpelisib Plus Endocrine Therapy and Everolimus Plus Endocrine Therapy After CDK4/6 Inhibitors Progression in Patients with PIK3CA-Mutant Metastatic Breast Cancer: A Single-Center Retrospective Study.,Cancers,2026,Journal Article,include_primary,negative_or_limiting,unknown,pmc_available,unknown,SUB002-Q001,"Directly addresses alpelisib benefit, post-progression use, durability limits, safety, exposure, or management in the clinical frame of the subsection."
SUB002,pmid-41925922,41925922,PMC13046609,10.1007/s10549-026-07939-z,Alpelisib and Fulvestrant in PIK3CA-mutated hormone receptor-positive HER2-negative advanced breast cancer included in the German PRAEGNANT trial.,Breast cancer research and treatment,2026,Journal Article;Multicenter Study;Observational Study,include_primary,negative_or_limiting,unknown,pmc_available,unknown,SUB002-Q001,"Directly addresses alpelisib benefit, post-progression use, durability limits, safety, exposure, or management in the clinical frame of the subsection."
SUB002,pmid-41967638,41967638,unknown,10.1016/j.annonc.2026.04.003,Genomic determinants of response to alpelisib plus fulvestrant in the SOLAR-1 trial.,Annals of oncology : official journal of the European Society for Medical Oncology,2026,Journal Article,include_primary,clinical_or_translational,unknown,abstract_available,unknown,SUB002-Q001,"Directly addresses alpelisib benefit, post-progression use, durability limits, safety, exposure, or management in the clinical frame of the subsection."
SUB002,pmid-41976378,41976378,PMC13072385,10.3390/cancers18071156,"Impact of Time of Administration, Fasting, and a Low-Carbohydrate Diet on Alpelisib-Associated Hyperglycemia and Efficacy: A Pilot Randomized Controlled Phase IIb Trial.",Cancers,2026,Journal Article,include_primary,negative_or_limiting,unknown,pmc_available,unknown,SUB002-Q001,"Directly addresses alpelisib benefit, post-progression use, durability limits, safety, exposure, or management in the clinical frame of the subsection."
SUB002,pmid-42635598,42635598,unknown,10.1158/1078-0432.CCR-26-1816,"Elacestrant in Combination with Everolimus for Estrogen Receptor-Positive, HER2-Negative Previously Treated Advanced Breast Cancer: Results from ELEVATE.",Clinical cancer research : an official journal of the American Association for Cancer Research,2026,Journal Article,include_primary,negative_or_limiting,unknown,abstract_available,unknown,SUB002-Q001,"Directly addresses alpelisib benefit, post-progression use, durability limits, safety, exposure, or management in the clinical frame of the subsection."
SUB003,pmid-35968355,35968355,PMC9360227,unknown,PI3K inhibitors in trastuzumab-resistant HER2-positive breast cancer cells with PI3K pathway alterations.,American journal of cancer research,2022,Journal Article,include_context,review_or_background,unknown,pmc_available,unknown,SUB003-Q001,"Mentions inavolisib in the relevant treatment landscape but lacks direct INAVO120 efficacy, safety, or resistance evidence."
SUB003,pmid-39387185,39387185,unknown,10.1080/00498254.2024.2415103,Preclinical assessment of the PI3Kα selective inhibitor inavolisib and prediction of its pharmacokinetics and efficacious dose in human.,Xenobiotica; the fate of foreign compounds in biological systems,2024,Journal Article,include_context,clinical_or_translational,unknown,abstract_available,unknown,SUB003-Q001,Useful context for inavolisib triplet in PIK3CA-mutated HR+/HER2- advanced breast cancer but not direct proof of the subsection-specific resistance claim.
SUB003,pmid-39476340,39476340,unknown,10.1056/NEJMoa2404625,Inavolisib-Based Therapy in PIK3CA-Mutated Advanced Breast Cancer.,The New England journal of medicine,2024,"Clinical Trial, Phase II;Comparative Study;Journal Article;Multicenter Study;Randomized Controlled Trial",include_context,clinical_or_translational,unknown,abstract_available,unknown,SUB003-Q001,Useful context for inavolisib triplet in PIK3CA-mutated HR+/HER2- advanced breast cancer but not direct proof of the subsection-specific resistance claim.
SUB003,pmid-39674130,39674130,PMC11699375,10.1016/j.esmoop.2024.103997,Practical treatment strategies and novel therapies in the phosphoinositide 3-kinase (PI3K)/protein kinase B (AKT)/mammalian target of rapamycin (mTOR) pathway in hormone receptor-positive/human epidermal growth factor receptor 2 (HER2)-negative (HR+/HER2-) advanced breast cancer.,ESMO open,2024,Journal Article;Review,include_context,review_or_background,unknown,pmc_available,unknown,SUB003-Q001,"Mentions inavolisib in the relevant treatment landscape but lacks direct INAVO120 efficacy, safety, or resistance evidence."
SUB003,pmid-39696683,39696683,PMC11657504,10.1186/s13065-024-01317-w,Identification of phytomolecules as isoform and mutation specific PI3K-α inhibitor for protection against breast cancer using e-pharmacophore modeling and molecular dynamics simulations.,BMC chemistry,2024,Journal Article,include_context,review_or_background,unknown,pmc_available,unknown,SUB003-Q001,"Mentions inavolisib in the relevant treatment landscape but lacks direct INAVO120 efficacy, safety, or resistance evidence."
SUB003,pmid-39791163,39791163,unknown,10.2174/0109298673365863250101070254,"FDA Approves Inavolisib Combo for PIK3CA-Mutated, HR+ Breast Cancer.",Current medicinal chemistry,2025,Journal Article,include_context,review_or_background,unknown,abstract_available,unknown,SUB003-Q001,"Mentions inavolisib in the relevant treatment landscape but lacks direct INAVO120 efficacy, safety, or resistance evidence."
SUB003,pmid-39873916,39873916,unknown,10.1007/s40265-024-02136-y,Inavolisib: First Approval.,Drugs,2025,Journal Article;Review,include_context,clinical_or_translational,unknown,abstract_available,unknown,SUB003-Q001,Useful context for inavolisib triplet in PIK3CA-mutated HR+/HER2- advanced breast cancer but not direct proof of the subsection-specific resistance claim.
SUB003,pmid-39920872,39920872,PMC11806886,10.1186/s40170-025-00375-5,CD36 inhibition enhances the anti-proliferative effects of PI3K inhibitors in PTEN-loss anti-HER2 resistant breast cancer cells.,Cancer & metabolism,2025,Journal Article,include_context,review_or_background,unknown,pmc_available,unknown,SUB003-Q001,"Mentions inavolisib in the relevant treatment landscape but lacks direct INAVO120 efficacy, safety, or resistance evidence."
SUB003,pmid-40513140,40513140,PMC12205636,10.1016/j.esmoop.2025.105303,"Safety overview and management of inavolisib alone and in combination therapies in PIK3CA-mutated, HR-positive, HER2-negative advanced breast cancer (GO39374).",ESMO open,2025,"Journal Article;Clinical Trial, Phase I",include_context,clinical_or_translational,unknown,pmc_available,unknown,SUB003-Q001,Useful context for inavolisib triplet in PIK3CA-mutated HR+/HER2- advanced breast cancer but not direct proof of the subsection-specific resistance claim.
SUB003,pmid-40625102,40625102,PMC12670073,10.1158/1535-7163.MCT-24-0995,KRAS Codon-Specific Mutations Differentially Toggle PI3K Pathway Signaling and Alter Sensitivity to Inavolisib (GDC-0077).,Molecular cancer therapeutics,2025,Journal Article,include_context,analogous_context,unknown,pmc_available,unknown,SUB003-Q001,Adjacent inavolisib evidence outside HR+/HER2- breast cancer; useful only as low-weight cross-tumor context.
SUB003,pmid-40642892,40642892,unknown,10.1097/COC.0000000000001209,"Inavolisib for HR-Positive, HER2-Negative Advanced Breast Cancer: Clinical Trials and Patient Access Implication.",American journal of clinical oncology,2025,Journal Article;Review,include_context,clinical_or_translational,unknown,abstract_available,unknown,SUB003-Q001,Useful context for inavolisib triplet in PIK3CA-mutated HR+/HER2- advanced breast cancer but not direct proof of the subsection-specific resistance claim.
SUB003,pmid-40829787,40829787,unknown,10.1146/annurev-pharmtox-082924-022724,Structural Insights into the Development of Inhibitors Against Cancer-Specific Mutations of PI3Kα.,Annual review of pharmacology and toxicology,2025,Journal Article;Review,include_context,methods_or_assay,unknown,abstract_available,unknown,SUB003-Q001,Useful context for inavolisib triplet in PIK3CA-mutated HR+/HER2- advanced breast cancer but not direct proof of the subsection-specific resistance claim.
SUB003,pmid-40965803,40965803,PMC12847147,10.1007/s40291-025-00815-4,From PIK3CA Mutations to Rational PI3K Inhibition for the Treatment of Colorectal Cancer.,Molecular diagnosis & therapy,2025,Journal Article;Review,include_context,analogous_context,unknown,pmc_available,unknown,SUB003-Q001,Adjacent inavolisib evidence outside HR+/HER2- breast cancer; useful only as low-weight cross-tumor context.
SUB003,pmid-40989687,40989687,PMC12450692,10.3389/fonc.2025.1596634,Pharmacologic management of HR+/HER2- mBC: a clinically oriented review.,Frontiers in oncology,2025,Journal Article;Review,include_context,review_or_background,unknown,pmc_available,unknown,SUB003-Q001,Useful context for inavolisib triplet in PIK3CA-mutated HR+/HER2- advanced breast cancer but not direct proof of the subsection-specific resistance claim.
SUB003,pmid-41280894,41280894,PMC12631382,10.3389/fimmu.2025.1693927,Mechanistic optimization of inavolisib combined with CDK4/6 inhibitors in the treatment of PIK3CA-mutated breast tumors.,Frontiers in immunology,2025,Journal Article;Review,include_context,clinical_or_translational,unknown,pmc_available,unknown,SUB003-Q001,Useful context for inavolisib triplet in PIK3CA-mutated HR+/HER2- advanced breast cancer but not direct proof of the subsection-specific resistance claim.
SUB003,pmid-41468825,41468825,unknown,10.1016/j.lungcan.2025.108890,Inavolisib for PIK3CA-mutant non-small cell lung cancer: A case report.,"Lung cancer (Amsterdam, Netherlands)",2025,Case Reports;Journal Article,include_context,analogous_context,unknown,abstract_available,unknown,SUB003-Q001,Adjacent inavolisib evidence outside HR+/HER2- breast cancer; useful only as low-weight cross-tumor context.
SUB003,pmid-41620612,41620612,PMC12964663,10.1186/s13058-025-02152-0,Sequential use of PI3K/AKT/mTOR pathway inhibitors alpelisib and everolimus in patients with hormone receptor-positive metastatic breast cancer.,Breast cancer research : BCR,2026,Journal Article;Observational Study,include_context,review_or_background,unknown,pmc_available,unknown,SUB003-Q001,"Mentions inavolisib in the relevant treatment landscape but lacks direct INAVO120 efficacy, safety, or resistance evidence."
SUB003,pmid-41646800,41646800,PMC12870545,10.64898/2026.01.21.26344562,A Three-subtype Molecular model of Cervical Cancer: Multiple PI3K Pathway inhibitors suppress growth and cooperate with HPV-directed immunotherapy.,medRxiv : the preprint server for health sciences,2026,Journal Article;Preprint,include_context,analogous_context,unknown,pmc_available,unknown,SUB003-Q001,Adjacent inavolisib evidence outside HR+/HER2- breast cancer; useful only as low-weight cross-tumor context.
SUB003,pmid-41764610,41764610,unknown,10.2174/0113895575418114251210151424,Inavolisib-based Combination Therapy for the Treatment of PIK3CAMutated HR+/HER2- Breast Cancer: An Overview.,Mini reviews in medicinal chemistry,2026,Journal Article;Review,include_context,clinical_or_translational,unknown,abstract_available,unknown,SUB003-Q001,Useful context for inavolisib triplet in PIK3CA-mutated HR+/HER2- advanced breast cancer but not direct proof of the subsection-specific resistance claim.
SUB003,pmid-41794592,41794592,unknown,10.1016/j.bulcan.2026.01.016,"[Inavolisib plus fulvestrant-palbociclib - advanced or metastatic breast cancers hormone receptor-positive, HER2-negative, PIK3CA-mutated, endocrine-resistant, in the first-line setting].",Bulletin du cancer,2026,Letter,include_context,review_or_background,unknown,abstract_available,unknown,SUB003-Q001,"Mentions inavolisib in the relevant treatment landscape but lacks direct INAVO120 efficacy, safety, or resistance evidence."
SUB003,pmid-41976288,41976288,PMC13071977,10.3390/cancers18071064,Targeting ATR and PI3Kα Pathways Promotes Ferroptosis in PIK3CA-Wildtype Platinum-Resistant Endometrial Cancer.,Cancers,2026,Journal Article,include_context,analogous_context,unknown,pmc_available,unknown,SUB003-Q001,Adjacent inavolisib evidence outside HR+/HER2- breast cancer; useful only as low-weight cross-tumor context.
SUB003,pmid-41999684,41999684,PMC13101763,10.1016/j.breast.2026.104786,Integrating PIK3CA Testing into Clinical Practice for Advanced HR+/HER2- Breast Cancer: An Expert Consensus.,"Breast (Edinburgh, Scotland)",2026,Consensus Statement;Journal Article,include_context,review_or_background,unknown,pmc_available,unknown,SUB003-Q001,Useful context for inavolisib triplet in PIK3CA-mutated HR+/HER2- advanced breast cancer but not direct proof of the subsection-specific resistance claim.
SUB003,pmid-42052484,42052484,PMC13111025,10.3389/fonc.2026.1807951,Application of PI3K inhibitors in breast cancer treatment: a clinical trial landscape analysis based on clinical trial databases and registries.,Frontiers in oncology,2026,Journal Article;Systematic Review,include_context,review_or_background,unknown,pmc_available,unknown,SUB003-Q001,Useful context for inavolisib triplet in PIK3CA-mutated HR+/HER2- advanced breast cancer but not direct proof of the subsection-specific resistance claim.
SUB003,pmid-42263466,42263466,unknown,10.1016/j.clbc.2026.05.004,"Pharmacologic Features, Clinical Applications, and Drug Safety Evaluation of Inavolisib in the Treatment of Metastatic Breast Cancer.",Clinical breast cancer,2026,Journal Article;Review,include_context,review_or_background,unknown,abstract_available,unknown,SUB003-Q001,Useful context for inavolisib triplet in PIK3CA-mutated HR+/HER2- advanced breast cancer but not direct proof of the subsection-specific resistance claim.
SUB003,pmid-42307901,42307901,unknown,10.1097/CAD.0000000000001831,Inavolisib and lenvatinib for PIK3CA-mutated refractory splenic angiosarcoma: a case report.,Anti-cancer drugs,2026,Journal Article,include_context,analogous_context,unknown,abstract_available,unknown,SUB003-Q001,Adjacent inavolisib evidence outside HR+/HER2- breast cancer; useful only as low-weight cross-tumor context.
SUB003,pmid-42345029,42345029,PMC13287927,10.1055/a-2821-5278,"Consensus on the Management of Inavolisib Side Effects. A Survey on Defined Side Effects, the Assumed Pathomechanism, Preventative and/or Therapeutic Measures Including the Integration of Additional Health Care Professionals - a Consensus Paper.",Geburtshilfe und Frauenheilkunde,2026,Journal Article,include_context,review_or_background,unknown,pmc_available,unknown,SUB003-Q001,Useful context for inavolisib triplet in PIK3CA-mutated HR+/HER2- advanced breast cancer but not direct proof of the subsection-specific resistance claim.
SUB003,pmid-42351448,42351448,PMC13298351,10.3390/diagnostics16121790,"Post-CDK4/6 Inhibitor Therapeutic Approaches in Hormone Receptor-Positive, HER2-Negative Metastatic Breast Cancer: Current Evidence and Emerging Strategies-A Narrative Review.","Diagnostics (Basel, Switzerland)",2026,Journal Article;Review,include_context,review_or_background,unknown,pmc_available,unknown,SUB003-Q001,"Mentions inavolisib in the relevant treatment landscape but lacks direct INAVO120 efficacy, safety, or resistance evidence."
SUB003,pmid-42357299,42357299,PMC13305696,10.3390/pharmaceutics18060683,Synergistic Inhibition of Colorectal Cancer Growth by Combined PI3K and COX-2 Blockade in Cell Lines and Patient-Derived Organoids.,Pharmaceutics,2026,Journal Article,include_context,analogous_context,unknown,pmc_available,unknown,SUB003-Q001,Adjacent inavolisib evidence outside HR+/HER2- breast cancer; useful only as low-weight cross-tumor context.
SUB003,pmid-42496151,42496151,unknown,10.1080/17425255.2026.2710110,Inavolisib: a second-generation PI3Kα inhibitor in HR+/HER2-negative breast cancer.,Expert opinion on drug metabolism & toxicology,2026,Journal Article;Review,include_context,clinical_or_translational,unknown,abstract_available,unknown,SUB003-Q001,Useful context for inavolisib triplet in PIK3CA-mutated HR+/HER2- advanced breast cancer but not direct proof of the subsection-specific resistance claim.
SUB003,pmid-42505223,42505223,PMC13409238,10.3390/curroncol33070421,"Evolving First-Line Endocrine Therapy in HR+/HER2- Metastatic Breast Cancer: CDK4/6 Inhibition, Biomarker-Guided Strategies and Emerging Therapeutic Paradigms.","Current oncology (Toronto, Ont.)",2026,Journal Article;Review,include_context,review_or_background,unknown,pmc_available,unknown,SUB003-Q001,Useful context for inavolisib triplet in PIK3CA-mutated HR+/HER2- advanced breast cancer but not direct proof of the subsection-specific resistance claim.
SUB003,pmid-42518131,42518131,PMC13529841,10.1007/s40265-026-02347-5,Emerging Strategies Targeting the PI3K/AKT/mTOR Pathway in HR+/HER2- Advanced Breast Cancer.,Drugs,2026,Journal Article;Review,include_context,review_or_background,unknown,pmc_available,unknown,SUB003-Q001,Useful context for inavolisib triplet in PIK3CA-mutated HR+/HER2- advanced breast cancer but not direct proof of the subsection-specific resistance claim.
SUB003,pmid-34544753,34544753,PMC9762331,10.1158/2159-8290.CD-21-0072,RTK-Dependent Inducible Degradation of Mutant PI3Kα Drives GDC-0077 (Inavolisib) Efficacy.,Cancer discovery,2021,"Journal Article;Research Support, Non-U.S. Gov't",include_primary,primary_mechanism,unknown,pmc_available,unknown,SUB003-Q001,Directly informs the inavolisib subsection through INAVO120/regulatory clinical data or mutant p110-alpha pharmacology.
SUB003,pmid-35022207,35022207,PMC7612218,10.1158/2159-8290.CD-21-1411,Precision Targeting of Mutant PI3Kα in Cancer by Selective Degradation.,Cancer discovery,2022,"Journal Article;Research Support, Non-U.S. Gov't;Comment",include_primary,primary_mechanism,unknown,pmc_available,unknown,SUB003-Q001,Directly informs the inavolisib subsection through INAVO120/regulatory clinical data or mutant p110-alpha pharmacology.
SUB003,pmid-36455032,36455032,unknown,10.1021/acs.jmedchem.2c01422,"Discovery of GDC-0077 (Inavolisib), a Highly Selective Inhibitor and Degrader of Mutant PI3Kα.",Journal of medicinal chemistry,2022,"Journal Article;Research Support, Non-U.S. Gov't;Research Support, U.S. Gov't, Non-P.H.S.;Research Support, N.I.H., Extramural",include_primary,primary_mechanism,unknown,abstract_available,unknown,SUB003-Q001,Directly informs the inavolisib subsection through INAVO120/regulatory clinical data or mutant p110-alpha pharmacology.
SUB003,pmid-39236276,39236276,PMC11575912,10.1200/JCO.24.00110,"Phase I/Ib Trial of Inavolisib Plus Palbociclib and Endocrine Therapy for PIK3CA-Mutated, Hormone Receptor-Positive, Human Epidermal Growth Factor Receptor 2-Negative Advanced or Metastatic Breast Cancer.",Journal of clinical oncology : official journal of the American Society of Clinical Oncology,2024,"Clinical Trial, Phase I;Journal Article;Research Support, Non-U.S. Gov't;Research Support, N.I.H., Extramural",include_primary,clinical_or_translational,unknown,pmc_available,unknown,SUB003-Q001,Directly informs the inavolisib subsection through INAVO120/regulatory clinical data or mutant p110-alpha pharmacology.
SUB003,pmid-40203765,40203765,unknown,10.1016/j.ejca.2025.115397,"Inavolisib plus letrozole or fulvestrant in PIK3CA-mutated, hormone receptor-positive, HER2-negative advanced or metastatic breast cancer (GO39374): An open-label, multicentre, dose-escalation and dose-expansion phase 1/1b study.","European journal of cancer (Oxford, England : 1990)",2025,"Journal Article;Multicenter Study;Clinical Trial, Phase I",include_primary,clinical_or_translational,unknown,abstract_available,unknown,SUB003-Q001,Directly informs the inavolisib subsection through INAVO120/regulatory clinical data or mutant p110-alpha pharmacology.
SUB003,pmid-40454641,40454641,PMC13496148,10.1056/NEJMoa2501796,Overall Survival with Inavolisib in PIK3CA-Mutated Advanced Breast Cancer.,The New England journal of medicine,2025,"Journal Article;Randomized Controlled Trial;Clinical Trial, Phase III;Multicenter Study",include_primary,clinical_or_translational,unknown,pmc_available,unknown,SUB003-Q001,Directly informs the inavolisib subsection through INAVO120/regulatory clinical data or mutant p110-alpha pharmacology.
SUB003,pmid-40845250,40845250,unknown,10.1200/JCO-25-00663,"US Food and Drug Administration Approval Summary: Inavolisib With Palbociclib and Fulvestrant for Endocrine-Resistant, PIK3CA-Mutated, Hormone Receptor-Positive, Human Epidermal Growth Factor Receptor 2-Negative, Locally Advanced or Metastatic Breast Cancer.",Journal of clinical oncology : official journal of the American Society of Clinical Oncology,2025,"Journal Article;Randomized Controlled Trial;Research Support, Non-U.S. Gov't",include_primary,clinical_or_translational,unknown,abstract_available,unknown,SUB003-Q001,Directly informs the inavolisib subsection through INAVO120/regulatory clinical data or mutant p110-alpha pharmacology.
SUB003,pmid-41143603,41143603,PMC12770939,10.1158/1078-0432.CCR-25-1459,PI3Kα Inhibitor and Degrader Inavolisib Can Co-opt FGFR2 to Enhance Responses in Patients with PIK3CA-Mutated Solid Tumors and in Preclinical Models.,Clinical cancer research : an official journal of the American Association for Cancer Research,2026,"Clinical Trial, Phase I;Journal Article;Multicenter Study",include_primary,primary_mechanism,unknown,pmc_available,unknown,SUB003-Q001,Directly informs the inavolisib subsection through INAVO120/regulatory clinical data or mutant p110-alpha pharmacology.
SUB003,pmid-42202490,42202490,PMC13235453,10.1016/j.esmoop.2026.107735,"Safety analyses of the INAVO120 randomised phase III trial of inavolisib or placebo with palbociclib-fulvestrant in patients with PIK3CA-mutated, hormone receptor-positive, HER2-negative, endocrine-resistant advanced breast cancer.",ESMO open,2026,"Journal Article;Randomized Controlled Trial;Clinical Trial, Phase III",include_primary,clinical_or_translational,unknown,pmc_available,unknown,SUB003-Q001,Directly informs the inavolisib subsection through INAVO120/regulatory clinical data or mutant p110-alpha pharmacology.
SUB003,pmid-35842959,35842959,unknown,10.1016/j.compbiolchem.2022.107726,Comparative molecular dynamics analyses on PIK3CA hotspot mutations with PI3Kα specific inhibitors and ATP.,Computational biology and chemistry,2022,Journal Article,uncertain_full_text_needed,clinical_or_translational,unknown,abstract_available,unknown,SUB003-Q001,"Potentially relevant original evidence, but the abstract does not expose enough subsection-critical timing, mutation panel, or causal resistance detail."
SUB003,pmid-41980433,41980433,PMC13092703,10.1016/j.neo.2026.101305,PIK3CA mutant cervical cancer is selectively suppressed by PI3Kα inhibition (Alpelisib/BYL-719 and Inavolisib/GDC-0077) and cooperates with HPV directed T cell therapy.,"Neoplasia (New York, N.Y.)",2026,Journal Article,uncertain_full_text_needed,clinical_or_translational,unknown,pmc_available,unknown,SUB003-Q001,"Potentially relevant original evidence, but the abstract does not expose enough subsection-critical timing, mutation panel, or causal resistance detail."
SUB003,pmid-42024964,42024964,unknown,10.1016/j.ejmech.2026.118879,"Benzothiophene-based, orally active PIK3CA H1047R mutant-selective inhibitors for the treatment of HR+/HER2- breast cancer.",European journal of medicinal chemistry,2026,Journal Article,uncertain_full_text_needed,clinical_or_translational,unknown,abstract_available,unknown,SUB003-Q001,"Potentially relevant original evidence, but the abstract does not expose enough subsection-critical timing, mutation panel, or causal resistance detail."
SUB004,pmid-26005528,26005528,PMC4434457,10.1021/acsmedchemlett.5b00025,Discovery of a Potent Class of PI3Kα Inhibitors with Unique Binding Mode via Encoded Library Technology (ELT).,ACS medicinal chemistry letters,2015,Journal Article,include_context,methods_or_assay,unknown,pmc_available,unknown,SUB004-Q001,Useful context for mutant-selective or allosteric PI3K-alpha inhibitor design and resistance hypotheses but not direct proof of the subsection-specific resistance claim.
SUB004,pmid-30867161,30867161,PMC6445714,10.1158/2159-8290.CD-18-1175,Challenges for the Clinical Development of PI3K Inhibitors: Strategies to Improve Their Impact in Solid Tumors.,Cancer discovery,2019,Journal Article;Review,include_context,review_or_background,unknown,pmc_available,unknown,SUB004-Q001,Adjacent inhibitor-design evidence helps frame mutant-selective/allosteric hypotheses but is not direct resistance proof from the abstract.
SUB004,pmid-36635288,36635288,PMC9837058,10.1038/s41467-023-35789-6,"Oncogenic mutations of PIK3CA lead to increased membrane recruitment driven by reorientation of the ABD, p85 and C-terminus.",Nature communications,2023,"Journal Article;Research Support, Non-U.S. Gov't",include_context,clinical_or_translational,unknown,pmc_available,unknown,SUB004-Q001,Useful context for mutant-selective or allosteric PI3K-alpha inhibitor design and resistance hypotheses but not direct proof of the subsection-specific resistance claim.
SUB004,pmid-36914722,36914722,PMC10241926,10.1038/s41416-023-02221-1,The emerging role of PI3K inhibitors for solid tumour treatment and beyond.,British journal of cancer,2023,Journal Article;Review,include_context,clinical_or_translational,unknown,pmc_available,unknown,SUB004-Q001,Adjacent inhibitor-design evidence helps frame mutant-selective/allosteric hypotheses but is not direct resistance proof from the abstract.
SUB004,pmid-37493631,37493631,PMC10811747,10.1158/1541-7786.MCR-23-0034,CBF-Beta Mitigates PI3K-Alpha-Specific Inhibitor Killing through PIM1 in PIK3CA-Mutant Gastric Cancer.,Molecular cancer research : MCR,2023,"Journal Article;Research Support, Non-U.S. Gov't;Research Support, N.I.H., Extramural",include_context,clinical_or_translational,unknown,pmc_available,unknown,SUB004-Q001,Adjacent inhibitor-design evidence helps frame mutant-selective/allosteric hypotheses but is not direct resistance proof from the abstract.
SUB004,pmid-37909093,37909093,PMC11134204,10.1158/2159-8290.CD-23-0945,A New Wave of PI3Kα Inhibitors.,Cancer discovery,2023,Journal Article;Comment,include_context,clinical_or_translational,unknown,pmc_available,unknown,SUB004-Q001,Useful context for mutant-selective or allosteric PI3K-alpha inhibitor design and resistance hypotheses but not direct proof of the subsection-specific resistance claim.
SUB004,pmid-38327193,38327193,unknown,10.1158/2159-8290.CD-23-1392,Precision Targeting of Mutant PI3Kα.,Cancer discovery,2024,"Journal Article;Research Support, Non-U.S. Gov't;Comment",include_context,clinical_or_translational,unknown,abstract_available,unknown,SUB004-Q001,Useful context for mutant-selective or allosteric PI3K-alpha inhibitor design and resistance hypotheses but not direct proof of the subsection-specific resistance claim.
SUB004,pmid-39674130,39674130,PMC11699375,10.1016/j.esmoop.2024.103997,Practical treatment strategies and novel therapies in the phosphoinositide 3-kinase (PI3K)/protein kinase B (AKT)/mammalian target of rapamycin (mTOR) pathway in hormone receptor-positive/human epidermal growth factor receptor 2 (HER2)-negative (HR+/HER2-) advanced breast cancer.,ESMO open,2024,Journal Article;Review,include_context,review_or_background,unknown,pmc_available,unknown,SUB004-Q001,Useful context for mutant-selective or allosteric PI3K-alpha inhibitor design and resistance hypotheses but not direct proof of the subsection-specific resistance claim.
SUB004,pmid-39792006,39792006,PMC12091942,10.1021/acs.jcim.4c02022,"mTOR Variants Activation Discovers PI3K-like Cryptic Pocket, Expanding Allosteric, Mutant-Selective Inhibitor Designs.",Journal of chemical information and modeling,2025,Journal Article,include_context,clinical_or_translational,unknown,pmc_available,unknown,SUB004-Q001,Adjacent inhibitor-design evidence helps frame mutant-selective/allosteric hypotheses but is not direct resistance proof from the abstract.
SUB004,pmid-40360883,40360883,PMC12304390,10.1038/s41416-025-03035-z,"Multi-node inhibition targeting mTORC1, mTORC2 and PI3Kα potently inhibits the PI3K/AKT/mTOR pathway in endometrial and breast cancer models.",British journal of cancer,2025,Journal Article,include_context,clinical_or_translational,unknown,pmc_available,unknown,SUB004-Q001,Adjacent inhibitor-design evidence helps frame mutant-selective/allosteric hypotheses but is not direct resistance proof from the abstract.
SUB004,pmid-40829787,40829787,unknown,10.1146/annurev-pharmtox-082924-022724,Structural Insights into the Development of Inhibitors Against Cancer-Specific Mutations of PI3Kα.,Annual review of pharmacology and toxicology,2025,Journal Article;Review,include_context,methods_or_assay,unknown,abstract_available,unknown,SUB004-Q001,Useful context for mutant-selective or allosteric PI3K-alpha inhibitor design and resistance hypotheses but not direct proof of the subsection-specific resistance claim.
SUB004,pmid-41030973,41030973,PMC12478396,10.1101/2024.10.12.618044,"mTOR variants activation discovers PI3K-like cryptic pocket, expanding allosteric, mutant-selective inhibitor designs.",bioRxiv : the preprint server for biology,2024,Journal Article;Preprint,include_context,clinical_or_translational,unknown,pmc_available,unknown,SUB004-Q001,Adjacent inhibitor-design evidence helps frame mutant-selective/allosteric hypotheses but is not direct resistance proof from the abstract.
SUB004,pmid-41272322,41272322,PMC12808708,10.1038/s44321-025-00344-x,Vascular malformations: from genetics to therapeutics.,EMBO molecular medicine,2025,Journal Article;Review,include_context,clinical_or_translational,unknown,pmc_available,unknown,SUB004-Q001,Adjacent inhibitor-design evidence helps frame mutant-selective/allosteric hypotheses but is not direct resistance proof from the abstract.
SUB004,pmid-42508941,42508941,unknown,10.1080/13543776.2026.2704853,A patent review of mutant-selective PI3Kα inhibitors for the treatment of different cancers (2021-2025).,Expert opinion on therapeutic patents,2026,Journal Article;Review,include_context,review_or_background,unknown,abstract_available,unknown,SUB004-Q001,Useful context for mutant-selective or allosteric PI3K-alpha inhibitor design and resistance hypotheses but not direct proof of the subsection-specific resistance claim.
SUB004,pmid-42518131,42518131,PMC13529841,10.1007/s40265-026-02347-5,Emerging Strategies Targeting the PI3K/AKT/mTOR Pathway in HR+/HER2- Advanced Breast Cancer.,Drugs,2026,Journal Article;Review,include_context,review_or_background,unknown,pmc_available,unknown,SUB004-Q001,Useful context for mutant-selective or allosteric PI3K-alpha inhibitor design and resistance hypotheses but not direct proof of the subsection-specific resistance claim.
SUB004,pmid-28129991,28129991,PMC5319926,10.1016/j.bmc.2017.01.012,Identification of allosteric binding sites for PI3Kα oncogenic mutant specific inhibitor design.,Bioorganic & medicinal chemistry,2017,Journal Article,include_primary,primary_mechanism,unknown,pmc_available,unknown,SUB004-Q001,"Directly addresses mutant-selective/allosteric PI3K-alpha inhibitor design, resistance coverage, or clinical proof of concept."
SUB004,pmid-30245395,30245395,unknown,10.1016/j.ejmech.2018.09.002,"Synthesis, biological evaluation and structure-activity relationship of a novel class of PI3Kα H1047R mutant inhibitors.",European journal of medicinal chemistry,2018,Journal Article,include_primary,primary_mechanism,unknown,abstract_available,unknown,SUB004-Q001,"Directly addresses mutant-selective/allosteric PI3K-alpha inhibitor design, resistance coverage, or clinical proof of concept."
SUB004,pmid-37623743,37623743,PMC10618743,10.1158/2159-8290.CD-23-0396,"STX-478, a Mutant-Selective, Allosteric PI3Kα Inhibitor Spares Metabolic Dysfunction and Improves Therapeutic Response in PI3Kα-Mutant Xenografts.",Cancer discovery,2023,"Journal Article;Research Support, Non-U.S. Gov't",include_primary,primary_mechanism,unknown,pmc_available,unknown,SUB004-Q001,"Directly addresses mutant-selective/allosteric PI3K-alpha inhibitor design, resistance coverage, or clinical proof of concept."
SUB004,pmid-37916956,37916956,PMC10850943,10.1158/2159-8290.CD-23-0944,"Discovery and Clinical Proof-of-Concept of RLY-2608, a First-in-Class Mutant-Selective Allosteric PI3Kα Inhibitor That Decouples Antitumor Activity from Hyperinsulinemia.",Cancer discovery,2024,"Journal Article;Research Support, Non-U.S. Gov't;Research Support, U.S. Gov't, Non-P.H.S.;Research Support, N.I.H., Extramural",include_primary,primary_mechanism,unknown,pmc_available,unknown,SUB004-Q001,"Directly addresses mutant-selective/allosteric PI3K-alpha inhibitor design, resistance coverage, or clinical proof of concept."
SUB004,pmid-37916958,37916958,PMC10850944,10.1158/2159-8290.CD-23-0704,Allosteric PI3Kα Inhibition Overcomes On-target Resistance to Orthosteric Inhibitors Mediated by Secondary PIK3CA Mutations.,Cancer discovery,2024,"Journal Article;Research Support, U.S. Gov't, Non-P.H.S.;Research Support, N.I.H., Extramural",include_primary,primary_mechanism,unknown,pmc_available,unknown,SUB004-Q001,"Directly addresses mutant-selective/allosteric PI3K-alpha inhibitor design, resistance coverage, or clinical proof of concept."
SUB004,pmid-42024964,42024964,unknown,10.1016/j.ejmech.2026.118879,"Benzothiophene-based, orally active PIK3CA H1047R mutant-selective inhibitors for the treatment of HR+/HER2- breast cancer.",European journal of medicinal chemistry,2026,Journal Article,include_primary,primary_mechanism,unknown,abstract_available,unknown,SUB004-Q001,"Directly addresses mutant-selective/allosteric PI3K-alpha inhibitor design, resistance coverage, or clinical proof of concept."
SUB004,pmid-39229338,39229338,PMC11369385,10.1016/j.csbj.2024.07.010,Free energy landscape of the PI3Kα C-terminal activation.,Computational and structural biotechnology journal,2024,Journal Article,uncertain_full_text_needed,primary_mechanism,unknown,pmc_available,unknown,SUB004-Q001,"Potentially relevant original evidence, but the abstract does not expose enough subsection-critical timing, mutation panel, or causal resistance detail."
SUB004,pmid-40022235,40022235,PMC11871742,10.1186/s13065-025-01420-6,In silico discovery of a novel potential allosteric PI3Kα inhibitor incorporating 2-oxopropyl urea targeting head and neck squamous cell carcinoma.,BMC chemistry,2025,Journal Article,uncertain_full_text_needed,primary_mechanism,unknown,pmc_available,unknown,SUB004-Q001,"Potentially relevant original evidence, but the abstract does not expose enough subsection-critical timing, mutation panel, or causal resistance detail."
SUB004,pmid-40723456,40723456,PMC12292759,10.3390/biology14070896,In Silico Discovery of a Novel Potential Allosteric PI3Kα Inhibitor Incorporating 3-(2-Chloro-5-fluorophenyl)isoindolin-1-one to Target Head and Neck Squamous Cell Carcinoma.,Biology,2025,Journal Article,uncertain_full_text_needed,primary_mechanism,unknown,pmc_available,unknown,SUB004-Q001,"Potentially relevant original evidence, but the abstract does not expose enough subsection-critical timing, mutation panel, or causal resistance detail."
SUB005,pmid-25528022,25528022,unknown,10.1007/s10549-014-3239-5,A preclinical evaluation of the PI3K alpha/delta dominant inhibitor BAY 80-6946 in HER2-positive breast cancer models with acquired resistance to the HER2-targeted therapies trastuzumab and lapatinib.,Breast cancer research and treatment,2014,"Journal Article;Research Support, Non-U.S. Gov't",include_context,clinical_or_translational,unknown,abstract_available,unknown,SUB005-Q001,Mentions PTEN/PI3K pathway resistance context but does not directly establish acquired PTEN loss with p110-beta rescue.
SUB005,pmid-31159599,31159599,unknown,10.1080/14740338.2019.1623877,Benefits versus risk profile of buparlisib for the treatment of breast cancer.,Expert opinion on drug safety,2019,Journal Article;Review,include_context,clinical_or_translational,unknown,abstract_available,unknown,SUB005-Q001,"Useful context for PTEN loss, p110-beta compensation, and PI3K-alpha inhibitor resistance but not direct proof of the subsection-specific resistance claim."
SUB005,pmid-31859350,31859350,PMC6923785,10.1093/annonc/mdz280,Biomarkers of response and resistance to PI3K inhibitors in estrogen receptor-positive breast cancer patients and combination therapies involving PI3K inhibitors.,Annals of oncology : official journal of the European Society for Medical Oncology,2019,"Journal Article;Research Support, Non-U.S. Gov't;Review",include_context,clinical_or_translational,unknown,pmc_available,unknown,SUB005-Q001,"Useful context for PTEN loss, p110-beta compensation, and PI3K-alpha inhibitor resistance but not direct proof of the subsection-specific resistance claim."
SUB005,pmid-33668685,33668685,PMC7918312,10.3390/ijms22041882,"PRKAR1B-AS2 Long Noncoding RNA Promotes Tumorigenesis, Survival, and Chemoresistance via the PI3K/AKT/mTOR Pathway.",International journal of molecular sciences,2021,Journal Article,include_context,clinical_or_translational,unknown,pmc_available,unknown,SUB005-Q001,Mentions PTEN/PI3K pathway resistance context but does not directly establish acquired PTEN loss with p110-beta rescue.
SUB005,pmid-33774181,33774181,unknown,10.1016/j.phrs.2021.105579,Properties of FDA-approved small molecule phosphatidylinositol 3-kinase inhibitors prescribed for the treatment of malignancies.,Pharmacological research,2021,Journal Article;Review,include_context,clinical_or_translational,unknown,abstract_available,unknown,SUB005-Q001,"Useful context for PTEN loss, p110-beta compensation, and PI3K-alpha inhibitor resistance but not direct proof of the subsection-specific resistance claim."
SUB005,pmid-34020697,34020697,PMC8139055,10.1186/s13058-021-01433-8,Analysis of genomic and non-genomic signaling of estrogen receptor in PDX models of breast cancer treated with a combination of the PI3K inhibitor alpelisib (BYL719) and fulvestrant.,Breast cancer research : BCR,2021,"Journal Article;Research Support, Non-U.S. Gov't",include_context,clinical_or_translational,unknown,pmc_available,unknown,SUB005-Q001,Mentions PTEN/PI3K pathway resistance context but does not directly establish acquired PTEN loss with p110-beta rescue.
SUB005,pmid-35331184,35331184,PMC8953069,10.1186/s12885-022-09357-y,Context dependent isoform specific PI3K inhibition confers drug resistance in hepatocellular carcinoma cells.,BMC cancer,2022,Journal Article,include_context,clinical_or_translational,unknown,pmc_available,unknown,SUB005-Q001,Mentions PTEN/PI3K pathway resistance context but does not directly establish acquired PTEN loss with p110-beta rescue.
SUB005,pmid-35530641,35530641,PMC9066532,10.21873/cdp.10122,ZAP70 Activation Compensates for Loss of Class IA PI3K Isoforms Through Activation of the JAK-STAT3 Pathway.,Cancer diagnosis & prognosis,2022,Journal Article,include_context,clinical_or_translational,unknown,pmc_available,unknown,SUB005-Q001,Mentions PTEN/PI3K pathway resistance context but does not directly establish acquired PTEN loss with p110-beta rescue.
SUB005,pmid-35968355,35968355,PMC9360227,unknown,PI3K inhibitors in trastuzumab-resistant HER2-positive breast cancer cells with PI3K pathway alterations.,American journal of cancer research,2022,Journal Article,include_context,clinical_or_translational,unknown,pmc_available,unknown,SUB005-Q001,"Useful context for PTEN loss, p110-beta compensation, and PI3K-alpha inhibitor resistance but not direct proof of the subsection-specific resistance claim."
SUB005,pmid-36319849,36319849,PMC9814377,10.1038/s41416-022-02032-w,PAK and PI3K pathway activation confers resistance to KRASG12C inhibitor sotorasib.,British journal of cancer,2022,"Journal Article;Research Support, Non-U.S. Gov't",include_context,clinical_or_translational,unknown,pmc_available,unknown,SUB005-Q001,Mentions PTEN/PI3K pathway resistance context but does not directly establish acquired PTEN loss with p110-beta rescue.
SUB005,pmid-36913051,36913051,PMC10147754,10.1007/s10549-023-06895-2,"Antitumor activity of the PI3K δ-sparing inhibitor MEN1611 in PIK3CA mutated, trastuzumab-resistant HER2 + breast cancer.",Breast cancer research and treatment,2023,Journal Article,include_context,clinical_or_translational,unknown,pmc_available,unknown,SUB005-Q001,Mentions PTEN/PI3K pathway resistance context but does not directly establish acquired PTEN loss with p110-beta rescue.
SUB005,pmid-37916958,37916958,PMC10850944,10.1158/2159-8290.CD-23-0704,Allosteric PI3Kα Inhibition Overcomes On-target Resistance to Orthosteric Inhibitors Mediated by Secondary PIK3CA Mutations.,Cancer discovery,2024,"Journal Article;Research Support, U.S. Gov't, Non-P.H.S.;Research Support, N.I.H., Extramural",include_context,clinical_or_translational,unknown,pmc_available,unknown,SUB005-Q001,Mentions PTEN/PI3K pathway resistance context but does not directly establish acquired PTEN loss with p110-beta rescue.
SUB005,pmid-37934115,37934115,PMC10722132,10.1158/0008-5472.CAN-23-1127,CRISPR Screening Identifies Mechanisms of Resistance to KRASG12C and SHP2 Inhibitor Combinations in Non-Small Cell Lung Cancer.,Cancer research,2023,"Journal Article;Research Support, Non-U.S. Gov't",include_context,methods_or_assay,unknown,pmc_available,unknown,SUB005-Q001,Mentions PTEN/PI3K pathway resistance context but does not directly establish acquired PTEN loss with p110-beta rescue.
SUB005,pmid-38815877,38815877,unknown,10.1016/j.critrevonc.2024.104404,Navigating the complexity of PI3K/AKT pathway in HER-2 negative breast cancer: biomarkers and beyond.,Critical reviews in oncology/hematology,2024,Journal Article;Review,include_context,clinical_or_translational,unknown,abstract_available,unknown,SUB005-Q001,"Useful context for PTEN loss, p110-beta compensation, and PI3K-alpha inhibitor resistance but not direct proof of the subsection-specific resistance claim."
SUB005,pmid-38986734,38986734,unknown,10.1016/j.canlet.2024.217112,PI3K PROTAC overcomes the lapatinib resistance in PIK3CA-mutant HER2 positive breast cancer.,Cancer letters,2024,Journal Article,include_context,clinical_or_translational,unknown,abstract_available,unknown,SUB005-Q001,Mentions PTEN/PI3K pathway resistance context but does not directly establish acquired PTEN loss with p110-beta rescue.
SUB005,pmid-39092562,39092562,PMC11705819,10.1002/1878-0261.13703,"Assessments of prostate cancer cell functions highlight differences between a pan-PI3K/mTOR inhibitor, gedatolisib, and single-node inhibitors of the PI3K/AKT/mTOR pathway.",Molecular oncology,2024,Journal Article,include_context,clinical_or_translational,unknown,pmc_available,unknown,SUB005-Q001,Mentions PTEN/PI3K pathway resistance context but does not directly establish acquired PTEN loss with p110-beta rescue.
SUB005,pmid-40020984,40020984,unknown,10.1016/j.ejphar.2025.177432,Targeting PI3K in cancer treatment: A comprehensive review with insights from clinical outcomes.,European journal of pharmacology,2025,Journal Article;Review,include_context,review_or_background,unknown,abstract_available,unknown,SUB005-Q001,"Useful context for PTEN loss, p110-beta compensation, and PI3K-alpha inhibitor resistance but not direct proof of the subsection-specific resistance claim."
SUB005,pmid-40163189,40163189,unknown,10.1007/s11864-025-01310-y,Novel Estrogen Receptor - Targeted Therapies in Hormone-Receptor Positive Breast Cancer.,Current treatment options in oncology,2025,Journal Article;Review,include_context,clinical_or_translational,unknown,abstract_available,unknown,SUB005-Q001,Mentions PTEN/PI3K pathway resistance context but does not directly establish acquired PTEN loss with p110-beta rescue.
SUB005,pmid-41079023,41079023,PMC12514518,10.1016/j.eclinm.2025.103535,Efficacy and safety of systemic therapies following progression on CDK4/6 inhibitors in patients with HR+/HER2- metastatic breast cancer: a systematic review and network meta-analysis.,EClinicalMedicine,2025,Journal Article,include_context,review_or_background,unknown,pmc_available,unknown,SUB005-Q001,Mentions PTEN/PI3K pathway resistance context but does not directly establish acquired PTEN loss with p110-beta rescue.
SUB005,pmid-41344057,41344057,PMC12719973,10.1016/j.tranon.2025.102629,The PI3K pathway is a downstream effector of NRF2 activation in the esophagus.,Translational oncology,2025,Journal Article,include_context,clinical_or_translational,unknown,pmc_available,unknown,SUB005-Q001,Mentions PTEN/PI3K pathway resistance context but does not directly establish acquired PTEN loss with p110-beta rescue.
SUB005,pmid-41406241,41406241,unknown,10.1126/scitranslmed.adp5088,Dual PI3K/mTOR inhibition is required to combat resistance to CDK4/6 inhibitor and endocrine therapy in PIK3CA-mutant breast cancer.,Science translational medicine,2025,"Journal Article;Research Support, Non-U.S. Gov't",include_context,clinical_or_translational,unknown,abstract_available,unknown,SUB005-Q001,Mentions PTEN/PI3K pathway resistance context but does not directly establish acquired PTEN loss with p110-beta rescue.
SUB005,pmid-41967638,41967638,unknown,10.1016/j.annonc.2026.04.003,Genomic determinants of response to alpelisib plus fulvestrant in the SOLAR-1 trial.,Annals of oncology : official journal of the European Society for Medical Oncology,2026,Journal Article,include_context,clinical_or_translational,unknown,abstract_available,unknown,SUB005-Q001,"Useful context for PTEN loss, p110-beta compensation, and PI3K-alpha inhibitor resistance but not direct proof of the subsection-specific resistance claim."
SUB005,pmid-41999452,41999452,PMC13091897,10.1007/s11864-026-01391-3,Beyond CDK4/6 Inhibition: Current Strategies in Hormone Receptor-Positive Metastatic Breast Cancer.,Current treatment options in oncology,2026,Journal Article;Review,include_context,review_or_background,unknown,pmc_available,unknown,SUB005-Q001,"Useful context for PTEN loss, p110-beta compensation, and PI3K-alpha inhibitor resistance but not direct proof of the subsection-specific resistance claim."
SUB005,pmid-42351448,42351448,PMC13298351,10.3390/diagnostics16121790,"Post-CDK4/6 Inhibitor Therapeutic Approaches in Hormone Receptor-Positive, HER2-Negative Metastatic Breast Cancer: Current Evidence and Emerging Strategies-A Narrative Review.","Diagnostics (Basel, Switzerland)",2026,Journal Article;Review,include_context,review_or_background,unknown,pmc_available,unknown,SUB005-Q001,"Useful context for PTEN loss, p110-beta compensation, and PI3K-alpha inhibitor resistance but not direct proof of the subsection-specific resistance claim."
SUB005,pmid-42518131,42518131,PMC13529841,10.1007/s40265-026-02347-5,Emerging Strategies Targeting the PI3K/AKT/mTOR Pathway in HR+/HER2- Advanced Breast Cancer.,Drugs,2026,Journal Article;Review,include_context,review_or_background,unknown,pmc_available,unknown,SUB005-Q001,"Useful context for PTEN loss, p110-beta compensation, and PI3K-alpha inhibitor resistance but not direct proof of the subsection-specific resistance claim."
SUB005,pmid-25409150,25409150,PMC4326538,10.1038/nature13948,Convergent loss of PTEN leads to clinical resistance to a PI(3)Kα inhibitor.,Nature,2014,"Journal Article;Research Support, N.I.H., Extramural;Research Support, Non-U.S. Gov't",include_primary,primary_mechanism,unknown,pmc_available,unknown,SUB005-Q001,Directly addresses PTEN loss/suppression or p110-beta-associated compensation in PI3K-alpha inhibitor resistance.
SUB005,pmid-27048245,27048245,PMC4820873,10.1186/s13058-016-0697-1,Activation of IGF1R/p110β/AKT/mTOR confers resistance to α-specific PI3K inhibition.,Breast cancer research : BCR,2016,"Journal Article;Research Support, Non-U.S. Gov't",include_primary,primary_mechanism,unknown,pmc_available,unknown,SUB005-Q001,Directly addresses PTEN loss/suppression or p110-beta-associated compensation in PI3K-alpha inhibitor resistance.
SUB005,pmid-32864625,32864625,PMC7450824,10.1038/s43018-020-0047-1,Alterations in PTEN and ESR1 promote clinical resistance to alpelisib plus aromatase inhibitors.,Nature cancer,2020,"Journal Article;Research Support, N.I.H., Extramural;Research Support, Non-U.S. Gov't;Research Support, U.S. Gov't, Non-P.H.S.",include_primary,primary_mechanism,unknown,pmc_available,unknown,SUB005-Q001,Directly addresses PTEN loss/suppression or p110-beta-associated compensation in PI3K-alpha inhibitor resistance.
SUB005,pmid-40382983,40382983,unknown,10.1016/j.drup.2025.101251,MicroRNA-mediated PTEN downregulation as a novel non-genetic mechanism of acquired resistance to PI3Kα inhibitors of head & neck squamous cell carcinoma.,Drug resistance updates : reviews and commentaries in antimicrobial and anticancer chemotherapy,2025,Journal Article,include_primary,primary_mechanism,unknown,abstract_available,unknown,SUB005-Q001,Directly addresses PTEN loss/suppression or p110-beta-associated compensation in PI3K-alpha inhibitor resistance.
SUB005,pmid-40991650,40991650,PMC12618074,10.1172/JCI180927,USP10/GSK3β-mediated inhibition of PTEN drives resistance to PI3K inhibitors in breast cancer.,The Journal of clinical investigation,2025,"Journal Article;Research Support, Non-U.S. Gov't",include_primary,primary_mechanism,unknown,pmc_available,unknown,SUB005-Q001,Directly addresses PTEN loss/suppression or p110-beta-associated compensation in PI3K-alpha inhibitor resistance.
SUB005,pmid-24249715,24249715,PMC3902650,10.1158/1535-7163.MCT-13-0518,Enhanced PI3K p110α signaling confers acquired lapatinib resistance that can be effectively reversed by a p110α-selective PI3K inhibitor.,Molecular cancer therapeutics,2013,"Journal Article;Research Support, N.I.H., Extramural;Research Support, Non-U.S. Gov't",uncertain_full_text_needed,primary_mechanism,unknown,pmc_available,unknown,SUB005-Q001,"Potentially relevant original evidence, but the abstract does not expose enough subsection-critical timing, mutation panel, or causal resistance detail."
SUB005,pmid-27639383,27639383,unknown,10.1007/s13277-016-5381-7,Addition of the p110α inhibitor BYL719 overcomes targeted therapy resistance in cells from Her2-positive-PTEN-loss breast cancer.,Tumour biology : the journal of the International Society for Oncodevelopmental Biology and Medicine,2016,Journal Article,uncertain_full_text_needed,primary_mechanism,unknown,abstract_available,unknown,SUB005-Q001,"Potentially relevant original evidence, but the abstract does not expose enough subsection-critical timing, mutation panel, or causal resistance detail."
SUB005,pmid-36900375,36900375,PMC10001201,10.3390/cancers15051582,Discovering Synergistic Compounds with BYL-719 in PI3K Overactivated Basal-like PDXs.,Cancers,2023,Journal Article,uncertain_full_text_needed,primary_mechanism,unknown,pmc_available,unknown,SUB005-Q001,"Potentially relevant original evidence, but the abstract does not expose enough subsection-critical timing, mutation panel, or causal resistance detail."
SUB005,pmid-39920872,39920872,PMC11806886,10.1186/s40170-025-00375-5,CD36 inhibition enhances the anti-proliferative effects of PI3K inhibitors in PTEN-loss anti-HER2 resistant breast cancer cells.,Cancer & metabolism,2025,Journal Article,uncertain_full_text_needed,primary_mechanism,unknown,pmc_available,unknown,SUB005-Q001,"Potentially relevant original evidence, but the abstract does not expose enough subsection-critical timing, mutation panel, or causal resistance detail."
SUB005,pmid-40295072,40295072,unknown,10.21873/anticanres.17567,Development of Acquired Resistance in Alpelisib-treated Gastric Cancer Cells With PIK3CA Mutations and Overcoming Strategies.,Anticancer research,2025,Journal Article,uncertain_full_text_needed,primary_mechanism,unknown,abstract_available,unknown,SUB005-Q001,"Potentially relevant original evidence, but the abstract does not expose enough subsection-critical timing, mutation panel, or causal resistance detail."
SUB006,pmid-29252036,29252036,unknown,10.1080/13543784.2018.1417384,PI3K inhibition to overcome endocrine resistance in breast cancer.,Expert opinion on investigational drugs,2018,Journal Article;Review,include_context,clinical_or_translational,unknown,abstract_available,unknown,SUB006-Q001,Useful context for secondary PIK3CA mutations and on-target PI3K-alpha inhibitor resistance but not direct proof of the subsection-specific resistance claim.
SUB006,pmid-30651399,30651399,PMC6519770,10.1634/theoncologist.2018-0314,"Exploring Biomarkers of Phosphoinositide 3-Kinase Pathway Activation in the Treatment of Hormone Receptor Positive, Human Epidermal Growth Receptor 2 Negative Advanced Breast Cancer.",The oncologist,2019,"Journal Article;Research Support, Non-U.S. Gov't;Review",include_context,review_or_background,unknown,pmc_available,unknown,SUB006-Q001,"Useful context on PIK3CA mutation biology, biomarkers, or pathway resistance, but not direct acquired secondary PIK3CA evidence."
SUB006,pmid-31780379,31780379,unknown,10.1016/j.clbc.2019.06.017,Practical Treatment Strategies and Future Directions After Progression While Receiving CDK4/6 Inhibition and Endocrine Therapy in Advanced HR+/HER2- Breast Cancer.,Clinical breast cancer,2019,Journal Article,include_context,review_or_background,unknown,abstract_available,unknown,SUB006-Q001,"Useful context on PIK3CA mutation biology, biomarkers, or pathway resistance, but not direct acquired secondary PIK3CA evidence."
SUB006,pmid-31859349,31859349,PMC6923787,10.1093/annonc/mdz381,Efficacy of PI3K inhibitors in advanced breast cancer.,Annals of oncology : official journal of the European Society for Medical Oncology,2019,"Journal Article;Research Support, Non-U.S. Gov't;Review",include_context,clinical_or_translational,unknown,pmc_available,unknown,SUB006-Q001,Useful context for secondary PIK3CA mutations and on-target PI3K-alpha inhibitor resistance but not direct proof of the subsection-specific resistance claim.
SUB006,pmid-31859350,31859350,PMC6923785,10.1093/annonc/mdz280,Biomarkers of response and resistance to PI3K inhibitors in estrogen receptor-positive breast cancer patients and combination therapies involving PI3K inhibitors.,Annals of oncology : official journal of the European Society for Medical Oncology,2019,"Journal Article;Research Support, Non-U.S. Gov't;Review",include_context,clinical_or_translational,unknown,pmc_available,unknown,SUB006-Q001,Useful context for secondary PIK3CA mutations and on-target PI3K-alpha inhibitor resistance but not direct proof of the subsection-specific resistance claim.
SUB006,pmid-31928690,31928690,unknown,10.1093/annonc/mdz381,Efficacy of PI3K inhibitors in advanced breast cancer.,Annals of oncology : official journal of the European Society for Medical Oncology,2019,"Journal Article;Research Support, Non-U.S. Gov't;Review",include_context,clinical_or_translational,unknown,abstract_available,unknown,SUB006-Q001,Useful context for secondary PIK3CA mutations and on-target PI3K-alpha inhibitor resistance but not direct proof of the subsection-specific resistance claim.
SUB006,pmid-32252811,32252811,PMC7137211,10.1186/s13058-020-01271-0,Everolimus versus alpelisib in advanced hormone receptor-positive HER2-negative breast cancer: targeting different nodes of the PI3K/AKT/mTORC1 pathway with different clinical implications.,Breast cancer research : BCR,2020,"Comparative Study;Journal Article;Research Support, Non-U.S. Gov't;Review",include_context,review_or_background,unknown,pmc_available,unknown,SUB006-Q001,"Useful context on PIK3CA mutation biology, biomarkers, or pathway resistance, but not direct acquired secondary PIK3CA evidence."
SUB006,pmid-32404150,32404150,PMC7222307,10.1186/s13058-020-01284-9,Frequency and spectrum of PIK3CA somatic mutations in breast cancer.,Breast cancer research : BCR,2020,"Journal Article;Research Support, Non-U.S. Gov't",include_context,review_or_background,unknown,pmc_available,unknown,SUB006-Q001,"Useful context on PIK3CA mutation biology, biomarkers, or pathway resistance, but not direct acquired secondary PIK3CA evidence."
SUB006,pmid-32782489,32782489,PMC7388095,10.1177/1758835920940939,Targeting the PI3K/Akt/mTOR pathway in estrogen-receptor positive HER2 negative advanced breast cancer.,Therapeutic advances in medical oncology,2020,Journal Article;Review,include_context,review_or_background,unknown,pmc_available,unknown,SUB006-Q001,"Useful context on PIK3CA mutation biology, biomarkers, or pathway resistance, but not direct acquired secondary PIK3CA evidence."
SUB006,pmid-32795346,32795346,PMC7427086,10.1186/s13058-020-01320-8,Targeting activated PI3K/mTOR signaling overcomes acquired resistance to CDK4/6-based therapies in preclinical models of hormone receptor-positive breast cancer.,Breast cancer research : BCR,2020,"Journal Article;Research Support, Non-U.S. Gov't;Research Support, U.S. Gov't, Non-P.H.S.",include_context,review_or_background,unknown,pmc_available,unknown,SUB006-Q001,"Useful context on PIK3CA mutation biology, biomarkers, or pathway resistance, but not direct acquired secondary PIK3CA evidence."
SUB006,pmid-32899250,32899250,PMC7564416,10.3390/cancers12092500,PI3K p110α Blockade Enhances Anti-Tumor Efficacy of Abemaciclib in Human Colorectal Cancer Cells.,Cancers,2020,Journal Article,include_context,review_or_background,unknown,pmc_available,unknown,SUB006-Q001,"Useful context on PIK3CA mutation biology, biomarkers, or pathway resistance, but not direct acquired secondary PIK3CA evidence."
SUB006,pmid-32953006,32953006,PMC7472334,10.1039/d0sc01676d,PI3K inhibitors: review and new strategies.,Chemical science,2020,Journal Article;Review,include_context,review_or_background,unknown,pmc_available,unknown,SUB006-Q001,Useful context for secondary PIK3CA mutations and on-target PI3K-alpha inhibitor resistance but not direct proof of the subsection-specific resistance claim.
SUB006,pmid-32964734,32964734,unknown,10.2217/fon-2020-0464,Alpelisib in the treatment of metastatic HR+ breast cancer with PIK3CA mutations.,"Future oncology (London, England)",2020,Journal Article;Review,include_context,review_or_background,unknown,abstract_available,unknown,SUB006-Q001,"Useful context on PIK3CA mutation biology, biomarkers, or pathway resistance, but not direct acquired secondary PIK3CA evidence."
SUB006,pmid-33190190,33190190,PMC7854469,10.1007/s12325-020-01552-2,"Clinical Challenges in the Management of Hormone Receptor-Positive, Human Epidermal Growth Factor Receptor 2-Negative Metastatic Breast Cancer: A Literature Review.",Advances in therapy,2020,"Journal Article;Research Support, Non-U.S. Gov't;Review",include_context,review_or_background,unknown,pmc_available,unknown,SUB006-Q001,"Useful context on PIK3CA mutation biology, biomarkers, or pathway resistance, but not direct acquired secondary PIK3CA evidence."
SUB006,pmid-33213227,33213227,unknown,10.1080/17425255.2021.1844662,"A pharmacokinetic evaluation of alpelisib for the treatment of HR+, HER2-negative, PIK3CA-mutated advanced or metastatic breast cancer.",Expert opinion on drug metabolism & toxicology,2020,Journal Article;Review,include_context,review_or_background,unknown,abstract_available,unknown,SUB006-Q001,"Useful context on PIK3CA mutation biology, biomarkers, or pathway resistance, but not direct acquired secondary PIK3CA evidence."
SUB006,pmid-33602685,33602685,PMC8282704,10.1158/1078-0432.CCR-20-4879,Clinical and Biomarker Results from Phase I/II Study of PI3K Inhibitor Alpelisib plus Nab-paclitaxel in HER2-Negative Metastatic Breast Cancer.,Clinical cancer research : an official journal of the American Association for Cancer Research,2021,"Clinical Trial, Phase I;Clinical Trial, Phase II;Journal Article;Research Support, N.I.H., Extramural;Research Support, Non-U.S. Gov't",include_context,review_or_background,unknown,pmc_available,unknown,SUB006-Q001,"Useful context on PIK3CA mutation biology, biomarkers, or pathway resistance, but not direct acquired secondary PIK3CA evidence."
SUB006,pmid-33842357,33842357,PMC8027489,10.3389/fonc.2021.644737,"PIK3CA Mutations as a Molecular Target for Hormone Receptor-Positive, HER2-Negative Metastatic Breast Cancer.",Frontiers in oncology,2021,Journal Article;Review,include_context,clinical_or_translational,unknown,pmc_available,unknown,SUB006-Q001,Useful context for secondary PIK3CA mutations and on-target PI3K-alpha inhibitor resistance but not direct proof of the subsection-specific resistance claim.
SUB006,pmid-33865994,33865994,unknown,10.1016/j.critrevonc.2021.103334,PI3K inhibition in breast cancer: Identifying and overcoming different flavors of resistance.,Critical reviews in oncology/hematology,2021,Journal Article;Review,include_context,clinical_or_translational,unknown,abstract_available,unknown,SUB006-Q001,Useful context for secondary PIK3CA mutations and on-target PI3K-alpha inhibitor resistance but not direct proof of the subsection-specific resistance claim.
SUB006,pmid-33909934,33909934,PMC8265362,10.1002/onco.13804,"Effectiveness of Alpelisib + Fulvestrant Compared with Real-World Standard Treatment Among Patients with HR+, HER2-, PIK3CA-Mutated Breast Cancer.",The oncologist,2021,"Clinical Trial, Phase II;Journal Article;Multicenter Study;Research Support, Non-U.S. Gov't",include_context,review_or_background,unknown,pmc_available,unknown,SUB006-Q001,"Useful context on PIK3CA mutation biology, biomarkers, or pathway resistance, but not direct acquired secondary PIK3CA evidence."
SUB006,pmid-33947692,33947692,PMC8282678,10.1158/1078-0432.CCR-21-0047,A Phase I Study of Alpelisib in Combination with Trastuzumab and LJM716 in Patients with PIK3CA-Mutated HER2-Positive Metastatic Breast Cancer.,Clinical cancer research : an official journal of the American Association for Cancer Research,2021,"Clinical Trial, Phase I;Journal Article;Research Support, N.I.H., Extramural;Research Support, Non-U.S. Gov't",include_context,review_or_background,unknown,pmc_available,unknown,SUB006-Q001,"Useful context on PIK3CA mutation biology, biomarkers, or pathway resistance, but not direct acquired secondary PIK3CA evidence."
SUB006,pmid-33976551,33976551,PMC8104980,10.2147/OTT.S298720,"Advances in Therapy for Hormone Receptor (HR)-Positive, Human Epidermal Growth Factor Receptor 2 (HER2)-Negative Advanced Breast Cancer Patients Who Have Experienced Progression After Treatment with CDK4/6 Inhibitors.",OncoTargets and therapy,2021,Journal Article;Review,include_context,review_or_background,unknown,pmc_available,unknown,SUB006-Q001,"Useful context on PIK3CA mutation biology, biomarkers, or pathway resistance, but not direct acquired secondary PIK3CA evidence."
SUB006,pmid-34986950,34986950,unknown,10.1691/ph.2021.1820,Recent clinical advances in PI3K inhibitors on colorectal cancer.,Die Pharmazie,2021,Journal Article;Review,include_context,review_or_background,unknown,abstract_available,unknown,SUB006-Q001,"Useful context on PIK3CA mutation biology, biomarkers, or pathway resistance, but not direct acquired secondary PIK3CA evidence."
SUB006,pmid-35100734,35100734,unknown,10.1200/PO.19.00221,"Combined PIK3CA and FGFR Inhibition With Alpelisib and Infigratinib in Patients With PIK3CA-Mutant Solid Tumors, With or Without FGFR Alterations.",JCO precision oncology,2019,Journal Article,include_context,review_or_background,unknown,abstract_available,unknown,SUB006-Q001,"Useful context on PIK3CA mutation biology, biomarkers, or pathway resistance, but not direct acquired secondary PIK3CA evidence."
SUB006,pmid-35357905,35357905,PMC8984255,10.1200/PO.21.00370,PIK3CA Mutations Drive Therapeutic Resistance in Human Epidermal Growth Factor Receptor 2-Positive Breast Cancer.,JCO precision oncology,2022,Journal Article;Review,include_context,review_or_background,unknown,pmc_available,unknown,SUB006-Q001,"Useful context on PIK3CA mutation biology, biomarkers, or pathway resistance, but not direct acquired secondary PIK3CA evidence."
SUB006,pmid-35880333,35880333,unknown,10.3760/cma.j.cn112152-20220412-00251,[Expert consensus on the clinical application of PI3K/AKT/mTOR inhibitors in the treatment of advanced breast cancer].,Zhonghua zhong liu za zhi [Chinese journal of oncology],2022,Journal Article;Consensus Statement,include_context,review_or_background,unknown,abstract_available,unknown,SUB006-Q001,"Useful context on PIK3CA mutation biology, biomarkers, or pathway resistance, but not direct acquired secondary PIK3CA evidence."
SUB006,pmid-35968355,35968355,PMC9360227,unknown,PI3K inhibitors in trastuzumab-resistant HER2-positive breast cancer cells with PI3K pathway alterations.,American journal of cancer research,2022,Journal Article,include_context,review_or_background,unknown,pmc_available,unknown,SUB006-Q001,"Useful context on PIK3CA mutation biology, biomarkers, or pathway resistance, but not direct acquired secondary PIK3CA evidence."
SUB006,pmid-36900375,36900375,PMC10001201,10.3390/cancers15051582,Discovering Synergistic Compounds with BYL-719 in PI3K Overactivated Basal-like PDXs.,Cancers,2023,Journal Article,include_context,review_or_background,unknown,pmc_available,unknown,SUB006-Q001,"Useful context on PIK3CA mutation biology, biomarkers, or pathway resistance, but not direct acquired secondary PIK3CA evidence."
SUB006,pmid-36913051,36913051,PMC10147754,10.1007/s10549-023-06895-2,"Antitumor activity of the PI3K δ-sparing inhibitor MEN1611 in PIK3CA mutated, trastuzumab-resistant HER2 + breast cancer.",Breast cancer research and treatment,2023,Journal Article,include_context,review_or_background,unknown,pmc_available,unknown,SUB006-Q001,"Useful context on PIK3CA mutation biology, biomarkers, or pathway resistance, but not direct acquired secondary PIK3CA evidence."
SUB006,pmid-36914722,36914722,PMC10241926,10.1038/s41416-023-02221-1,The emerging role of PI3K inhibitors for solid tumour treatment and beyond.,British journal of cancer,2023,Journal Article;Review,include_context,clinical_or_translational,unknown,pmc_available,unknown,SUB006-Q001,Useful context for secondary PIK3CA mutations and on-target PI3K-alpha inhibitor resistance but not direct proof of the subsection-specific resistance claim.
SUB006,pmid-36998707,36998707,PMC10043427,10.17179/excli2022-5064,Anti-tumor effects of low-dose metronomic vinorelbine in combination with alpelisib in breast cancer cells.,EXCLI journal,2023,Journal Article,include_context,review_or_background,unknown,pmc_available,unknown,SUB006-Q001,"Useful context on PIK3CA mutation biology, biomarkers, or pathway resistance, but not direct acquired secondary PIK3CA evidence."
SUB006,pmid-37339176,37339176,PMC10543974,10.1158/0008-5472.CAN-23-0282,Tipifarnib Potentiates the Antitumor Effects of PI3Kα Inhibition in PIK3CA- and HRAS-Dysregulated HNSCC via Convergent Inhibition of mTOR Activity.,Cancer research,2023,Journal Article,include_context,review_or_background,unknown,pmc_available,unknown,SUB006-Q001,"Useful context on PIK3CA mutation biology, biomarkers, or pathway resistance, but not direct acquired secondary PIK3CA evidence."
SUB006,pmid-37469415,37469415,PMC10353540,10.3389/fonc.2023.1108242,The effect of the alpha-specific PI3K inhibitor alpelisib combined with anti-HER2 therapy in HER2+/PIK3CA mutant breast cancer.,Frontiers in oncology,2023,Journal Article,include_context,review_or_background,unknown,pmc_available,unknown,SUB006-Q001,"Useful context on PIK3CA mutation biology, biomarkers, or pathway resistance, but not direct acquired secondary PIK3CA evidence."
SUB006,pmid-37628682,37628682,PMC10454507,10.3390/genes14081632,A Rare Pathological Phenotype of Endometrioid Serous and Clear-Cell Ovarian Cancer with PIK3CA Mutations in Relation to The Excellent Response of Alpelisib.,Genes,2023,Case Reports;Journal Article,include_context,review_or_background,unknown,pmc_available,unknown,SUB006-Q001,"Useful context on PIK3CA mutation biology, biomarkers, or pathway resistance, but not direct acquired secondary PIK3CA evidence."
SUB006,pmid-38089455,38089455,PMC10686175,10.1002/cai2.10,Expert consensus on the clinical application of PI3K/AKT/mTOR inhibitors in the treatment of advanced breast cancer.,Cancer innovation,2022,Journal Article,include_context,review_or_background,unknown,pmc_available,unknown,SUB006-Q001,Useful context for secondary PIK3CA mutations and on-target PI3K-alpha inhibitor resistance but not direct proof of the subsection-specific resistance claim.
SUB006,pmid-38286037,38286037,PMC11627550,10.1016/j.biopha.2024.116217,β1 integrin mediates unresponsiveness to PI3Kα inhibition for radiochemosensitization of 3D HNSCC models.,Biomedicine & pharmacotherapy = Biomedecine & pharmacotherapie,2024,Journal Article,include_context,review_or_background,unknown,pmc_available,unknown,SUB006-Q001,"Useful context on PIK3CA mutation biology, biomarkers, or pathway resistance, but not direct acquired secondary PIK3CA evidence."
SUB006,pmid-38815877,38815877,unknown,10.1016/j.critrevonc.2024.104404,Navigating the complexity of PI3K/AKT pathway in HER-2 negative breast cancer: biomarkers and beyond.,Critical reviews in oncology/hematology,2024,Journal Article;Review,include_context,clinical_or_translational,unknown,abstract_available,unknown,SUB006-Q001,Useful context for secondary PIK3CA mutations and on-target PI3K-alpha inhibitor resistance but not direct proof of the subsection-specific resistance claim.
SUB006,pmid-38927964,38927964,PMC11201395,10.3390/cancers16122259,Resistance to Targeted Inhibitors of the PI3K/AKT/mTOR Pathway in Advanced Oestrogen-Receptor-Positive Breast Cancer.,Cancers,2024,Journal Article;Review,include_context,clinical_or_translational,unknown,pmc_available,unknown,SUB006-Q001,Useful context for secondary PIK3CA mutations and on-target PI3K-alpha inhibitor resistance but not direct proof of the subsection-specific resistance claim.
SUB006,pmid-38986734,38986734,unknown,10.1016/j.canlet.2024.217112,PI3K PROTAC overcomes the lapatinib resistance in PIK3CA-mutant HER2 positive breast cancer.,Cancer letters,2024,Journal Article,include_context,review_or_background,unknown,abstract_available,unknown,SUB006-Q001,"Useful context on PIK3CA mutation biology, biomarkers, or pathway resistance, but not direct acquired secondary PIK3CA evidence."
SUB006,pmid-39302579,39302579,unknown,10.1007/s10549-024-07495-4,Genomic and transcriptomic landscape of HER2-low breast cancer.,Breast cancer research and treatment,2024,Journal Article,include_context,review_or_background,unknown,abstract_available,unknown,SUB006-Q001,"Useful context on PIK3CA mutation biology, biomarkers, or pathway resistance, but not direct acquired secondary PIK3CA evidence."
SUB006,pmid-39709507,39709507,PMC11839470,10.1038/s41417-024-00867-4,PIK3CA mutation fortifies molecular determinants for immune signaling in vascular cancers.,Cancer gene therapy,2024,Journal Article,include_context,review_or_background,unknown,pmc_available,unknown,SUB006-Q001,"Useful context on PIK3CA mutation biology, biomarkers, or pathway resistance, but not direct acquired secondary PIK3CA evidence."
SUB006,pmid-39717717,39717717,PMC11665392,10.1016/j.gendis.2024.101430,Oncogenic activation of PI K3 CA in cancers: Emerging targeted therapies in precision oncology.,Genes & diseases,2024,Journal Article;Review,include_context,clinical_or_translational,unknown,pmc_available,unknown,SUB006-Q001,Useful context for secondary PIK3CA mutations and on-target PI3K-alpha inhibitor resistance but not direct proof of the subsection-specific resistance claim.
SUB006,pmid-39920872,39920872,PMC11806886,10.1186/s40170-025-00375-5,CD36 inhibition enhances the anti-proliferative effects of PI3K inhibitors in PTEN-loss anti-HER2 resistant breast cancer cells.,Cancer & metabolism,2025,Journal Article,include_context,review_or_background,unknown,pmc_available,unknown,SUB006-Q001,"Useful context on PIK3CA mutation biology, biomarkers, or pathway resistance, but not direct acquired secondary PIK3CA evidence."
SUB006,pmid-39979449,39979449,PMC11842864,10.1038/s41598-025-90714-9,PI3Kα-specific inhibitor BYL-719 synergizes with cisplatin in vitro in PIK3CA-mutated ovarian cancer cells.,Scientific reports,2025,Journal Article,include_context,review_or_background,unknown,pmc_available,unknown,SUB006-Q001,"Useful context on PIK3CA mutation biology, biomarkers, or pathway resistance, but not direct acquired secondary PIK3CA evidence."
SUB006,pmid-40113784,40113784,PMC11926384,10.1038/s41392-025-02180-4,Targeting PI3K inhibitor resistance in breast cancer with metabolic drugs.,Signal transduction and targeted therapy,2025,"Journal Article;Research Support, Non-U.S. Gov't",include_context,review_or_background,unknown,pmc_available,unknown,SUB006-Q001,"Useful context on PIK3CA mutation biology, biomarkers, or pathway resistance, but not direct acquired secondary PIK3CA evidence."
SUB006,pmid-40642892,40642892,unknown,10.1097/COC.0000000000001209,"Inavolisib for HR-Positive, HER2-Negative Advanced Breast Cancer: Clinical Trials and Patient Access Implication.",American journal of clinical oncology,2025,Journal Article;Review,include_context,review_or_background,unknown,abstract_available,unknown,SUB006-Q001,"Useful context on PIK3CA mutation biology, biomarkers, or pathway resistance, but not direct acquired secondary PIK3CA evidence."
SUB006,pmid-40723456,40723456,PMC12292759,10.3390/biology14070896,In Silico Discovery of a Novel Potential Allosteric PI3Kα Inhibitor Incorporating 3-(2-Chloro-5-fluorophenyl)isoindolin-1-one to Target Head and Neck Squamous Cell Carcinoma.,Biology,2025,Journal Article,include_context,review_or_background,unknown,pmc_available,unknown,SUB006-Q001,"Useful context on PIK3CA mutation biology, biomarkers, or pathway resistance, but not direct acquired secondary PIK3CA evidence."
SUB006,pmid-40829787,40829787,unknown,10.1146/annurev-pharmtox-082924-022724,Structural Insights into the Development of Inhibitors Against Cancer-Specific Mutations of PI3Kα.,Annual review of pharmacology and toxicology,2025,Journal Article;Review,include_context,methods_or_assay,unknown,abstract_available,unknown,SUB006-Q001,Useful context for secondary PIK3CA mutations and on-target PI3K-alpha inhibitor resistance but not direct proof of the subsection-specific resistance claim.
SUB006,pmid-40965803,40965803,PMC12847147,10.1007/s40291-025-00815-4,From PIK3CA Mutations to Rational PI3K Inhibition for the Treatment of Colorectal Cancer.,Molecular diagnosis & therapy,2025,Journal Article;Review,include_context,clinical_or_translational,unknown,pmc_available,unknown,SUB006-Q001,Useful context for secondary PIK3CA mutations and on-target PI3K-alpha inhibitor resistance but not direct proof of the subsection-specific resistance claim.
SUB006,pmid-40991650,40991650,PMC12618074,10.1172/JCI180927,USP10/GSK3β-mediated inhibition of PTEN drives resistance to PI3K inhibitors in breast cancer.,The Journal of clinical investigation,2025,"Journal Article;Research Support, Non-U.S. Gov't",include_context,review_or_background,unknown,pmc_available,unknown,SUB006-Q001,"Useful context on PIK3CA mutation biology, biomarkers, or pathway resistance, but not direct acquired secondary PIK3CA evidence."
SUB006,pmid-41143603,41143603,PMC12770939,10.1158/1078-0432.CCR-25-1459,PI3Kα Inhibitor and Degrader Inavolisib Can Co-opt FGFR2 to Enhance Responses in Patients with PIK3CA-Mutated Solid Tumors and in Preclinical Models.,Clinical cancer research : an official journal of the American Association for Cancer Research,2026,"Clinical Trial, Phase I;Journal Article;Multicenter Study",include_context,review_or_background,unknown,pmc_available,unknown,SUB006-Q001,"Useful context on PIK3CA mutation biology, biomarkers, or pathway resistance, but not direct acquired secondary PIK3CA evidence."
SUB006,pmid-41280894,41280894,PMC12631382,10.3389/fimmu.2025.1693927,Mechanistic optimization of inavolisib combined with CDK4/6 inhibitors in the treatment of PIK3CA-mutated breast tumors.,Frontiers in immunology,2025,Journal Article;Review,include_context,review_or_background,unknown,pmc_available,unknown,SUB006-Q001,"Useful context on PIK3CA mutation biology, biomarkers, or pathway resistance, but not direct acquired secondary PIK3CA evidence."
SUB006,pmid-41406241,41406241,unknown,10.1126/scitranslmed.adp5088,Dual PI3K/mTOR inhibition is required to combat resistance to CDK4/6 inhibitor and endocrine therapy in PIK3CA-mutant breast cancer.,Science translational medicine,2025,"Journal Article;Research Support, Non-U.S. Gov't",include_context,review_or_background,unknown,abstract_available,unknown,SUB006-Q001,"Useful context on PIK3CA mutation biology, biomarkers, or pathway resistance, but not direct acquired secondary PIK3CA evidence."
SUB006,pmid-41468825,41468825,unknown,10.1016/j.lungcan.2025.108890,Inavolisib for PIK3CA-mutant non-small cell lung cancer: A case report.,"Lung cancer (Amsterdam, Netherlands)",2025,Case Reports;Journal Article,include_context,review_or_background,unknown,abstract_available,unknown,SUB006-Q001,"Useful context on PIK3CA mutation biology, biomarkers, or pathway resistance, but not direct acquired secondary PIK3CA evidence."
SUB006,pmid-41764610,41764610,unknown,10.2174/0113895575418114251210151424,Inavolisib-based Combination Therapy for the Treatment of PIK3CAMutated HR+/HER2- Breast Cancer: An Overview.,Mini reviews in medicinal chemistry,2026,Journal Article;Review,include_context,clinical_or_translational,unknown,abstract_available,unknown,SUB006-Q001,Useful context for secondary PIK3CA mutations and on-target PI3K-alpha inhibitor resistance but not direct proof of the subsection-specific resistance claim.
SUB006,pmid-41967638,41967638,unknown,10.1016/j.annonc.2026.04.003,Genomic determinants of response to alpelisib plus fulvestrant in the SOLAR-1 trial.,Annals of oncology : official journal of the European Society for Medical Oncology,2026,Journal Article,include_context,clinical_or_translational,unknown,abstract_available,unknown,SUB006-Q001,Useful context for secondary PIK3CA mutations and on-target PI3K-alpha inhibitor resistance but not direct proof of the subsection-specific resistance claim.
SUB006,pmid-41976288,41976288,PMC13071977,10.3390/cancers18071064,Targeting ATR and PI3Kα Pathways Promotes Ferroptosis in PIK3CA-Wildtype Platinum-Resistant Endometrial Cancer.,Cancers,2026,Journal Article,include_context,review_or_background,unknown,pmc_available,unknown,SUB006-Q001,"Useful context on PIK3CA mutation biology, biomarkers, or pathway resistance, but not direct acquired secondary PIK3CA evidence."
SUB006,pmid-41999452,41999452,PMC13091897,10.1007/s11864-026-01391-3,Beyond CDK4/6 Inhibition: Current Strategies in Hormone Receptor-Positive Metastatic Breast Cancer.,Current treatment options in oncology,2026,Journal Article;Review,include_context,review_or_background,unknown,pmc_available,unknown,SUB006-Q001,"Useful context on PIK3CA mutation biology, biomarkers, or pathway resistance, but not direct acquired secondary PIK3CA evidence."
SUB006,pmid-42052484,42052484,PMC13111025,10.3389/fonc.2026.1807951,Application of PI3K inhibitors in breast cancer treatment: a clinical trial landscape analysis based on clinical trial databases and registries.,Frontiers in oncology,2026,Journal Article;Systematic Review,include_context,review_or_background,unknown,pmc_available,unknown,SUB006-Q001,Useful context for secondary PIK3CA mutations and on-target PI3K-alpha inhibitor resistance but not direct proof of the subsection-specific resistance claim.
SUB006,pmid-42180974,42180974,PMC13190948,10.21037/tcr-2025-1-2681,Identifying research gaps in PIK3CA-mutant breast cancer: a bibliometric analysis of evolving trends and clinical applications.,Translational cancer research,2026,Journal Article,include_context,review_or_background,unknown,pmc_available,unknown,SUB006-Q001,"Useful context on PIK3CA mutation biology, biomarkers, or pathway resistance, but not direct acquired secondary PIK3CA evidence."
SUB006,pmid-42263466,42263466,unknown,10.1016/j.clbc.2026.05.004,"Pharmacologic Features, Clinical Applications, and Drug Safety Evaluation of Inavolisib in the Treatment of Metastatic Breast Cancer.",Clinical breast cancer,2026,Journal Article;Review,include_context,review_or_background,unknown,abstract_available,unknown,SUB006-Q001,"Useful context on PIK3CA mutation biology, biomarkers, or pathway resistance, but not direct acquired secondary PIK3CA evidence."
SUB006,pmid-42351448,42351448,PMC13298351,10.3390/diagnostics16121790,"Post-CDK4/6 Inhibitor Therapeutic Approaches in Hormone Receptor-Positive, HER2-Negative Metastatic Breast Cancer: Current Evidence and Emerging Strategies-A Narrative Review.","Diagnostics (Basel, Switzerland)",2026,Journal Article;Review,include_context,review_or_background,unknown,pmc_available,unknown,SUB006-Q001,Useful context for secondary PIK3CA mutations and on-target PI3K-alpha inhibitor resistance but not direct proof of the subsection-specific resistance claim.
SUB006,pmid-42357299,42357299,PMC13305696,10.3390/pharmaceutics18060683,Synergistic Inhibition of Colorectal Cancer Growth by Combined PI3K and COX-2 Blockade in Cell Lines and Patient-Derived Organoids.,Pharmaceutics,2026,Journal Article,include_context,review_or_background,unknown,pmc_available,unknown,SUB006-Q001,"Useful context on PIK3CA mutation biology, biomarkers, or pathway resistance, but not direct acquired secondary PIK3CA evidence."
SUB006,pmid-42496151,42496151,unknown,10.1080/17425255.2026.2710110,Inavolisib: a second-generation PI3Kα inhibitor in HR+/HER2-negative breast cancer.,Expert opinion on drug metabolism & toxicology,2026,Journal Article;Review,include_context,clinical_or_translational,unknown,abstract_available,unknown,SUB006-Q001,Useful context for secondary PIK3CA mutations and on-target PI3K-alpha inhibitor resistance but not direct proof of the subsection-specific resistance claim.
SUB006,pmid-42518131,42518131,PMC13529841,10.1007/s40265-026-02347-5,Emerging Strategies Targeting the PI3K/AKT/mTOR Pathway in HR+/HER2- Advanced Breast Cancer.,Drugs,2026,Journal Article;Review,include_context,review_or_background,unknown,pmc_available,unknown,SUB006-Q001,Useful context for secondary PIK3CA mutations and on-target PI3K-alpha inhibitor resistance but not direct proof of the subsection-specific resistance claim.
SUB006,pmid-27604488,27604488,PMC5050154,10.1158/2159-8290.CD-16-0305,Systematic Functional Characterization of Resistance to PI3K Inhibition in Breast Cancer.,Cancer discovery,2016,Journal Article,include_primary,primary_mechanism,unknown,pmc_available,unknown,SUB006-Q001,Directly addresses on-target or functional resistance to PI3K-alpha inhibition relevant to secondary PIK3CA resistance framing.
SUB006,pmid-37916958,37916958,PMC10850944,10.1158/2159-8290.CD-23-0704,Allosteric PI3Kα Inhibition Overcomes On-target Resistance to Orthosteric Inhibitors Mediated by Secondary PIK3CA Mutations.,Cancer discovery,2024,"Journal Article;Research Support, U.S. Gov't, Non-P.H.S.;Research Support, N.I.H., Extramural",include_primary,primary_mechanism,unknown,pmc_available,unknown,SUB006-Q001,Directly addresses on-target or functional resistance to PI3K-alpha inhibition relevant to secondary PIK3CA resistance framing.
SUB006,pmid-25873175,25873175,PMC4398915,10.1016/j.ccell.2015.03.010,AXL mediates resistance to PI3Kα inhibition by activating the EGFR/PKC/mTOR axis in head and neck and esophageal squamous cell carcinomas.,Cancer cell,2015,Journal Article,uncertain_full_text_needed,primary_mechanism,unknown,pmc_available,unknown,SUB006-Q001,"Potentially relevant original evidence, but the abstract does not expose enough subsection-critical timing, mutation panel, or causal resistance detail."
SUB006,pmid-29850984,29850984,unknown,10.1007/s10549-018-4792-0,Phase I study of alpelisib (BYL-719) and trastuzumab emtansine (T-DM1) in HER2-positive metastatic breast cancer (MBC) after trastuzumab and taxane therapy.,Breast cancer research and treatment,2018,"Clinical Trial, Phase I;Journal Article",uncertain_full_text_needed,primary_mechanism,unknown,abstract_available,unknown,SUB006-Q001,"Resistance to PI3K-alpha inhibition is relevant, but the abstract does not identify secondary PIK3CA as the mechanism."
SUB006,pmid-30167089,30167089,PMC6114962,10.18632/oncotarget.25854,"A Phase Ib, open-label, dose-finding study of alpelisib in combination with paclitaxel in patients with advanced solid tumors.",Oncotarget,2018,Journal Article,uncertain_full_text_needed,primary_mechanism,unknown,pmc_available,unknown,SUB006-Q001,"Resistance to PI3K-alpha inhibition is relevant, but the abstract does not identify secondary PIK3CA as the mechanism."
SUB006,pmid-30543347,30543347,PMC6439561,10.1001/jamaoncol.2018.4475,Alpelisib Plus Fulvestrant in PIK3CA-Altered and PIK3CA-Wild-Type Estrogen Receptor-Positive Advanced Breast Cancer: A Phase 1b Clinical Trial.,JAMA oncology,2019,"Clinical Trial, Phase I;Journal Article;Multicenter Study;Research Support, Non-U.S. Gov't",uncertain_full_text_needed,primary_mechanism,unknown,pmc_available,unknown,SUB006-Q001,"Resistance to PI3K-alpha inhibition is relevant, but the abstract does not identify secondary PIK3CA as the mechanism."
SUB006,pmid-32705230,32705230,PMC7388413,10.3892/or.2020.7674,Selective inhibition of PI3K110α as a novel therapeutic strategy for cetuximab‑resistant oral squamous cell carcinoma.,Oncology reports,2020,Journal Article,uncertain_full_text_needed,primary_mechanism,unknown,pmc_available,unknown,SUB006-Q001,"Resistance to PI3K-alpha inhibition is relevant, but the abstract does not identify secondary PIK3CA as the mechanism."
SUB006,pmid-32864625,32864625,PMC7450824,10.1038/s43018-020-0047-1,Alterations in PTEN and ESR1 promote clinical resistance to alpelisib plus aromatase inhibitors.,Nature cancer,2020,"Journal Article;Research Support, N.I.H., Extramural;Research Support, Non-U.S. Gov't;Research Support, U.S. Gov't, Non-P.H.S.",uncertain_full_text_needed,primary_mechanism,unknown,pmc_available,unknown,SUB006-Q001,"Potentially relevant original evidence, but the abstract does not expose enough subsection-critical timing, mutation panel, or causal resistance detail."
SUB006,pmid-32976773,32976773,PMC7562820,10.1016/j.ccell.2020.08.016,Metabolic Imaging Detects Resistance to PI3Kα Inhibition Mediated by Persistent FOXM1 Expression in ER+ Breast Cancer.,Cancer cell,2020,"Journal Article;Research Support, N.I.H., Extramural;Research Support, Non-U.S. Gov't;Research Support, U.S. Gov't, Non-P.H.S.",uncertain_full_text_needed,primary_mechanism,unknown,pmc_available,unknown,SUB006-Q001,"Potentially relevant original evidence, but the abstract does not expose enough subsection-critical timing, mutation panel, or causal resistance detail."
SUB006,pmid-33024087,33024087,PMC7538592,10.1038/s41419-020-03037-0,CD44/HA signaling mediates acquired resistance to a PI3Kα inhibitor.,Cell death & disease,2020,"Journal Article;Research Support, Non-U.S. Gov't",uncertain_full_text_needed,primary_mechanism,unknown,pmc_available,unknown,SUB006-Q001,"Potentially relevant original evidence, but the abstract does not expose enough subsection-critical timing, mutation panel, or causal resistance detail."
SUB006,pmid-33204026,33204026,PMC7782586,10.1038/s41416-020-01147-2,Mutational profiles associated with resistance in patients with BRAFV600E mutant colorectal cancer treated with cetuximab and encorafenib +/- binimetinib or alpelisib.,British journal of cancer,2020,Journal Article,uncertain_full_text_needed,primary_mechanism,unknown,pmc_available,unknown,SUB006-Q001,"Resistance to PI3K-alpha inhibition is relevant, but the abstract does not identify secondary PIK3CA as the mechanism."
SUB006,pmid-33575071,33575071,PMC7646628,10.6004/jadpro.2020.11.7.9,Alpelisib: A Novel Therapy for Patients With PIK3CA-Mutated Metastatic Breast Cancer.,Journal of the advanced practitioner in oncology,2020,Journal Article,uncertain_full_text_needed,primary_mechanism,unknown,pmc_available,unknown,SUB006-Q001,"Resistance to PI3K-alpha inhibition is relevant, but the abstract does not identify secondary PIK3CA as the mechanism."
SUB006,pmid-33622114,33622114,unknown,10.1080/14656566.2021.1873952,"Alpelisib for the treatment of PIK3CA-mutated, hormone receptor-positive, HER2-negative metastatic breast cancer.",Expert opinion on pharmacotherapy,2021,"Clinical Trial, Phase III;Journal Article;Randomized Controlled Trial",uncertain_full_text_needed,primary_mechanism,unknown,abstract_available,unknown,SUB006-Q001,"Resistance to PI3K-alpha inhibition is relevant, but the abstract does not identify secondary PIK3CA as the mechanism."
SUB006,pmid-34067117,34067117,PMC8125641,10.3390/cancers13092250,IGF2 Mediates Resistance to Isoform-Selective-Inhibitors of the PI3K in HPV Positive Head and Neck Cancer.,Cancers,2021,Journal Article,uncertain_full_text_needed,primary_mechanism,unknown,pmc_available,unknown,SUB006-Q001,"Potentially relevant original evidence, but the abstract does not expose enough subsection-critical timing, mutation panel, or causal resistance detail."
SUB006,pmid-34257082,34257082,PMC8744502,10.1158/0008-5472.CAN-21-1208,Cell Line-Specific Network Models of ER+ Breast Cancer Identify Potential PI3Kα Inhibitor Resistance Mechanisms and Drug Combinations.,Cancer research,2021,"Journal Article;Research Support, Non-U.S. Gov't;Research Support, U.S. Gov't, Non-P.H.S.",uncertain_full_text_needed,primary_mechanism,unknown,pmc_available,unknown,SUB006-Q001,"Potentially relevant original evidence, but the abstract does not expose enough subsection-critical timing, mutation panel, or causal resistance detail."
SUB006,pmid-34765318,34765318,PMC8569340,unknown,Chemoresistance in breast cancer: PI3K/Akt pathway inhibitors vs the current chemotherapy.,American journal of cancer research,2021,Journal Article;Review,uncertain_full_text_needed,primary_mechanism,unknown,pmc_available,unknown,SUB006-Q001,"Resistance to PI3K-alpha inhibition is relevant, but the abstract does not identify secondary PIK3CA as the mechanism."
SUB006,pmid-35022207,35022207,PMC7612218,10.1158/2159-8290.CD-21-1411,Precision Targeting of Mutant PI3Kα in Cancer by Selective Degradation.,Cancer discovery,2022,"Journal Article;Research Support, Non-U.S. Gov't;Comment",uncertain_full_text_needed,primary_mechanism,unknown,pmc_available,unknown,SUB006-Q001,"Resistance to PI3K-alpha inhibition is relevant, but the abstract does not identify secondary PIK3CA as the mechanism."
SUB006,pmid-35055414,35055414,PMC8779216,10.3390/jpm12010099,Use of Circulating Tumour DNA (ctDNA) for Measurement of Therapy Predictive Biomarkers in Patients with Cancer.,Journal of personalized medicine,2022,Journal Article;Review,uncertain_full_text_needed,primary_mechanism,unknown,pmc_available,unknown,SUB006-Q001,"Resistance to PI3K-alpha inhibition is relevant, but the abstract does not identify secondary PIK3CA as the mechanism."
SUB006,pmid-35191516,35191516,PMC8878713,10.3892/ijo.2022.5327,HepaCAM‑PIK3CA axis regulates the reprogramming of glutamine metabolism to inhibit prostate cancer cell proliferation.,International journal of oncology,2022,Journal Article,uncertain_full_text_needed,primary_mechanism,unknown,pmc_available,unknown,SUB006-Q001,"Resistance to PI3K-alpha inhibition is relevant, but the abstract does not identify secondary PIK3CA as the mechanism."
SUB006,pmid-36071033,36071033,PMC9452562,10.1038/s41467-022-32828-6,High p16 expression and heterozygous RB1 loss are biomarkers for CDK4/6 inhibitor resistance in ER+ breast cancer.,Nature communications,2022,"Journal Article;Research Support, Non-U.S. Gov't;Research Support, N.I.H., Extramural;Research Support, U.S. Gov't, Non-P.H.S.",uncertain_full_text_needed,primary_mechanism,unknown,pmc_available,unknown,SUB006-Q001,"Resistance to PI3K-alpha inhibition is relevant, but the abstract does not identify secondary PIK3CA as the mechanism."
SUB006,pmid-36633813,36633813,unknown,10.1007/s40262-022-01195-2,Pharmacokinetics and Pharmacodynamic of Alpelisib.,Clinical pharmacokinetics,2023,Journal Article;Review,uncertain_full_text_needed,primary_mechanism,unknown,abstract_available,unknown,SUB006-Q001,"Resistance to PI3K-alpha inhibition is relevant, but the abstract does not identify secondary PIK3CA as the mechanism."
SUB006,pmid-36641927,36641927,unknown,10.1016/j.biopha.2022.114183,Synergistic therapeutic potential of alpelisib in cancers (excluding breast cancer): Preclinical and clinical evidences.,Biomedicine & pharmacotherapy = Biomedecine & pharmacotherapie,2023,Journal Article;Review,uncertain_full_text_needed,primary_mechanism,unknown,abstract_available,unknown,SUB006-Q001,"Resistance to PI3K-alpha inhibition is relevant, but the abstract does not identify secondary PIK3CA as the mechanism."
SUB006,pmid-36901954,36901954,PMC10003259,10.3390/ijms24054522,Drugging the PI3K/AKT/mTOR Pathway in ER+ Breast Cancer.,International journal of molecular sciences,2023,Journal Article;Review,uncertain_full_text_needed,primary_mechanism,unknown,pmc_available,unknown,SUB006-Q001,"Resistance to PI3K-alpha inhibition is relevant, but the abstract does not identify secondary PIK3CA as the mechanism."
SUB006,pmid-36923283,36923283,PMC10010328,10.1158/2767-9764.CRC-22-0028,A Phase IB Trial of the PI3K Inhibitor Alpelisib and Weekly Cisplatin in Patients with Solid Tumor Malignancies.,Cancer research communications,2022,"Clinical Trial, Phase I;Journal Article;Research Support, Non-U.S. Gov't",uncertain_full_text_needed,primary_mechanism,unknown,pmc_available,unknown,SUB006-Q001,"Resistance to PI3K-alpha inhibition is relevant, but the abstract does not identify secondary PIK3CA as the mechanism."
SUB006,pmid-37044095,37044095,PMC10140479,10.1016/j.xcrm.2023.101002,N-acetylcysteine overcomes NF1 loss-driven resistance to PI3Kα inhibition in breast cancer.,Cell reports. Medicine,2023,"Journal Article;Research Support, Non-U.S. Gov't",uncertain_full_text_needed,primary_mechanism,unknown,pmc_available,unknown,SUB006-Q001,"Potentially relevant original evidence, but the abstract does not expose enough subsection-critical timing, mutation panel, or causal resistance detail."
SUB006,pmid-37163178,37163178,PMC10164376,10.2147/BTT.S395817,Treating Alpelisib-Induced Hyperinsulinemia in Patients with Advanced Breast Cancer - A Real-Life Experience.,Biologics : targets & therapy,2023,Case Reports;Journal Article,uncertain_full_text_needed,primary_mechanism,unknown,pmc_available,unknown,SUB006-Q001,"Resistance to PI3K-alpha inhibition is relevant, but the abstract does not identify secondary PIK3CA as the mechanism."
SUB006,pmid-37348428,37348428,PMC10314290,10.1016/j.neo.2023.100913,P110α inhibitor alpelisib exhibits a synergistic effect with pyrotinib and reverses pyrotinib resistant in HER2+ breast cancer.,"Neoplasia (New York, N.Y.)",2023,"Journal Article;Research Support, Non-U.S. Gov't",uncertain_full_text_needed,primary_mechanism,unknown,pmc_available,unknown,SUB006-Q001,"Resistance to PI3K-alpha inhibition is relevant, but the abstract does not identify secondary PIK3CA as the mechanism."
SUB006,pmid-37493631,37493631,PMC10811747,10.1158/1541-7786.MCR-23-0034,CBF-Beta Mitigates PI3K-Alpha-Specific Inhibitor Killing through PIM1 in PIK3CA-Mutant Gastric Cancer.,Molecular cancer research : MCR,2023,"Journal Article;Research Support, Non-U.S. Gov't;Research Support, N.I.H., Extramural",uncertain_full_text_needed,primary_mechanism,unknown,pmc_available,unknown,SUB006-Q001,"Potentially relevant original evidence, but the abstract does not expose enough subsection-critical timing, mutation panel, or causal resistance detail."
SUB006,pmid-37511178,37511178,PMC10379453,10.3390/ijms241411419,Real-World Use of Highly Sensitive Liquid Biopsy Monitoring in Metastatic Breast Cancer Patients Treated with Endocrine Agents after Exposure to Aromatase Inhibitors.,International journal of molecular sciences,2023,Journal Article,uncertain_full_text_needed,primary_mechanism,unknown,pmc_available,unknown,SUB006-Q001,"Resistance to PI3K-alpha inhibition is relevant, but the abstract does not identify secondary PIK3CA as the mechanism."
SUB006,pmid-37835582,37835582,PMC10571568,10.3390/cancers15194887,"Combined PI3K Inhibitor and Eribulin Enhances Anti-Tumor Activity in Preclinical Models of Paclitaxel-Resistant, PIK3CA-Mutated Endometrial Cancer.",Cancers,2023,Journal Article,uncertain_full_text_needed,primary_mechanism,unknown,pmc_available,unknown,SUB006-Q001,"Resistance to PI3K-alpha inhibition is relevant, but the abstract does not identify secondary PIK3CA as the mechanism."
SUB006,pmid-39092562,39092562,PMC11705819,10.1002/1878-0261.13703,"Assessments of prostate cancer cell functions highlight differences between a pan-PI3K/mTOR inhibitor, gedatolisib, and single-node inhibitors of the PI3K/AKT/mTOR pathway.",Molecular oncology,2024,Journal Article,uncertain_full_text_needed,primary_mechanism,unknown,pmc_available,unknown,SUB006-Q001,"Resistance to PI3K-alpha inhibition is relevant, but the abstract does not identify secondary PIK3CA as the mechanism."
SUB006,pmid-39409880,39409880,PMC11476299,10.3390/cancers16193259,PLK1 Inhibitor Onvansertib Enhances the Efficacy of Alpelisib in PIK3CA-Mutated HR-Positive Breast Cancer Resistant to Palbociclib and Endocrine Therapy: Preclinical Insights.,Cancers,2024,Journal Article,uncertain_full_text_needed,clinical_or_translational,unknown,pmc_available,unknown,SUB006-Q001,"Potentially relevant original evidence, but the abstract does not expose enough subsection-critical timing, mutation panel, or causal resistance detail."
SUB006,pmid-39442533,39442533,PMC11633684,10.1002/epi4.13079,Multi-disciplinary team approach for pediatric hemimegalencephaly: Insights from a single institutional case series.,Epilepsia open,2024,Journal Article,uncertain_full_text_needed,primary_mechanism,unknown,pmc_available,unknown,SUB006-Q001,"Resistance to PI3K-alpha inhibition is relevant, but the abstract does not identify secondary PIK3CA as the mechanism."
SUB006,pmid-40020984,40020984,unknown,10.1016/j.ejphar.2025.177432,Targeting PI3K in cancer treatment: A comprehensive review with insights from clinical outcomes.,European journal of pharmacology,2025,Journal Article;Review,uncertain_full_text_needed,primary_mechanism,unknown,abstract_available,unknown,SUB006-Q001,"Resistance to PI3K-alpha inhibition is relevant, but the abstract does not identify secondary PIK3CA as the mechanism."
SUB006,pmid-40163189,40163189,unknown,10.1007/s11864-025-01310-y,Novel Estrogen Receptor - Targeted Therapies in Hormone-Receptor Positive Breast Cancer.,Current treatment options in oncology,2025,Journal Article;Review,uncertain_full_text_needed,primary_mechanism,unknown,abstract_available,unknown,SUB006-Q001,"Resistance to PI3K-alpha inhibition is relevant, but the abstract does not identify secondary PIK3CA as the mechanism."
SUB006,pmid-40295072,40295072,unknown,10.21873/anticanres.17567,Development of Acquired Resistance in Alpelisib-treated Gastric Cancer Cells With PIK3CA Mutations and Overcoming Strategies.,Anticancer research,2025,Journal Article,uncertain_full_text_needed,primary_mechanism,unknown,abstract_available,unknown,SUB006-Q001,"Potentially relevant original evidence, but the abstract does not expose enough subsection-critical timing, mutation panel, or causal resistance detail."
SUB006,pmid-40303291,40303291,PMC12035905,10.7150/ijbs.104850,The SGK3/GSK3β/β-catenin signaling promotes breast cancer stemness and confers resistance to alpelisib therapy.,International journal of biological sciences,2025,"Journal Article;Research Support, Non-U.S. Gov't",uncertain_full_text_needed,primary_mechanism,unknown,pmc_available,unknown,SUB006-Q001,"Potentially relevant original evidence, but the abstract does not expose enough subsection-critical timing, mutation panel, or causal resistance detail."
SUB006,pmid-40346819,40346819,unknown,10.1080/08880018.2025.2498660,"Alpelisib in pediatric PIK3CA- and TIE-2-mutant vascular anomalies: a case series on safety, efficacy, and drug exposure.",Pediatric hematology and oncology,2025,Journal Article,uncertain_full_text_needed,primary_mechanism,unknown,abstract_available,unknown,SUB006-Q001,"Resistance to PI3K-alpha inhibition is relevant, but the abstract does not identify secondary PIK3CA as the mechanism."
SUB006,pmid-40382983,40382983,unknown,10.1016/j.drup.2025.101251,MicroRNA-mediated PTEN downregulation as a novel non-genetic mechanism of acquired resistance to PI3Kα inhibitors of head & neck squamous cell carcinoma.,Drug resistance updates : reviews and commentaries in antimicrobial and anticancer chemotherapy,2025,Journal Article,uncertain_full_text_needed,primary_mechanism,unknown,abstract_available,unknown,SUB006-Q001,"Potentially relevant original evidence, but the abstract does not expose enough subsection-critical timing, mutation panel, or causal resistance detail."
SUB006,pmid-40390333,40390333,unknown,10.1080/07391102.2025.2502137,Exploring a kinase inhibitor targeting PI3KCA mutant cancer cells.,Journal of biomolecular structure & dynamics,2025,"Journal Article;Research Support, Non-U.S. Gov't",uncertain_full_text_needed,primary_mechanism,unknown,abstract_available,unknown,SUB006-Q001,"Potentially relevant original evidence, but the abstract does not expose enough subsection-critical timing, mutation panel, or causal resistance detail."
SUB006,pmid-40989687,40989687,PMC12450692,10.3389/fonc.2025.1596634,Pharmacologic management of HR+/HER2- mBC: a clinically oriented review.,Frontiers in oncology,2025,Journal Article;Review,uncertain_full_text_needed,primary_mechanism,unknown,pmc_available,unknown,SUB006-Q001,"Resistance to PI3K-alpha inhibition is relevant, but the abstract does not identify secondary PIK3CA as the mechanism."
SUB006,pmid-41306515,41306515,PMC12646283,10.1101/2024.10.11.617918,Anticancer Target Combinations: Network-Informed Signaling-Based Approach to Discovery.,bioRxiv : the preprint server for biology,2024,Journal Article;Preprint,uncertain_full_text_needed,primary_mechanism,unknown,pmc_available,unknown,SUB006-Q001,"Resistance to PI3K-alpha inhibition is relevant, but the abstract does not identify secondary PIK3CA as the mechanism."
SUB006,pmid-41344057,41344057,PMC12719973,10.1016/j.tranon.2025.102629,The PI3K pathway is a downstream effector of NRF2 activation in the esophagus.,Translational oncology,2025,Journal Article,uncertain_full_text_needed,primary_mechanism,unknown,pmc_available,unknown,SUB006-Q001,"Resistance to PI3K-alpha inhibition is relevant, but the abstract does not identify secondary PIK3CA as the mechanism."
SUB006,pmid-41372143,41372143,PMC12770561,10.1038/s41467-025-66632-9,The PIK3CA/AKT pathway drives therapy resistance in rhabdomyosarcoma.,Nature communications,2025,Journal Article,uncertain_full_text_needed,primary_mechanism,unknown,pmc_available,unknown,SUB006-Q001,"Resistance to PI3K-alpha inhibition is relevant, but the abstract does not identify secondary PIK3CA as the mechanism."
SUB006,pmid-41999684,41999684,PMC13101763,10.1016/j.breast.2026.104786,Integrating PIK3CA Testing into Clinical Practice for Advanced HR+/HER2- Breast Cancer: An Expert Consensus.,"Breast (Edinburgh, Scotland)",2026,Consensus Statement;Journal Article,uncertain_full_text_needed,primary_mechanism,unknown,pmc_available,unknown,SUB006-Q001,"Resistance to PI3K-alpha inhibition is relevant, but the abstract does not identify secondary PIK3CA as the mechanism."
SUB006,pmid-42194689,42194689,PMC13207896,10.3390/jcm15103715,"Molecular Profiling and Targeted Therapeutic Strategies in Breast Cancer: Clinical Integration of HER2, CDK4/6, and PI3K Inhibition with Trastuzumab, Abemaciclib and Alpelisib.",Journal of clinical medicine,2026,Journal Article;Review,uncertain_full_text_needed,primary_mechanism,unknown,pmc_available,unknown,SUB006-Q001,"Resistance to PI3K-alpha inhibition is relevant, but the abstract does not identify secondary PIK3CA as the mechanism."
SUB006,pmid-42239750,42239750,PMC13228831,10.21203/rs.3.rs-9372889/v1,A Novel Patient-Derived Xenograft Model of Inflammatory Breast Cancer.,Research square,2026,Journal Article;Preprint,uncertain_full_text_needed,primary_mechanism,unknown,pmc_available,unknown,SUB006-Q001,"Resistance to PI3K-alpha inhibition is relevant, but the abstract does not identify secondary PIK3CA as the mechanism."
SUB006,pmid-42332790,42332790,unknown,10.1186/s13048-026-02171-1,"Alpelisib enhances cisplatin mediated cytotoxicity in non-mutated, PIK3CA-dependent high-grade serous ovarian cancer.",Journal of ovarian research,2026,Journal Article,uncertain_full_text_needed,primary_mechanism,unknown,abstract_available,unknown,SUB006-Q001,"Resistance to PI3K-alpha inhibition is relevant, but the abstract does not identify secondary PIK3CA as the mechanism."
SUB006,pmid-42341421,42341421,unknown,10.1016/j.bbrc.2026.154189,Functional characterization of PIK3CA E545A mutation in MCF-7 breast cancer cells reveals enhanced proliferation and resistance to Alpelisib.,Biochemical and biophysical research communications,2026,Journal Article,uncertain_full_text_needed,primary_mechanism,unknown,abstract_available,unknown,SUB006-Q001,"Potentially relevant original evidence, but the abstract does not expose enough subsection-critical timing, mutation panel, or causal resistance detail."
SUB006,pmid-42635598,42635598,unknown,10.1158/1078-0432.CCR-26-1816,"Elacestrant in Combination with Everolimus for Estrogen Receptor-Positive, HER2-Negative Previously Treated Advanced Breast Cancer: Results from ELEVATE.",Clinical cancer research : an official journal of the American Association for Cancer Research,2026,Journal Article,uncertain_full_text_needed,primary_mechanism,unknown,abstract_available,unknown,SUB006-Q001,"Resistance to PI3K-alpha inhibition is relevant, but the abstract does not identify secondary PIK3CA as the mechanism."
SUB007,pmid-24879796,24879796,unknown,10.1158/1078-0432.CCR-13-2769,Targeting PI3K/mTOR overcomes resistance to HER2-targeted therapy independent of feedback activation of AKT.,Clinical cancer research : an official journal of the American Association for Cancer Research,2014,"Journal Article;Research Support, Non-U.S. Gov't;Research Support, U.S. Gov't, Non-P.H.S.",include_context,review_or_background,unknown,abstract_available,unknown,SUB007-Q001,Original adjacent pathway evidence informs AKT/mTOR persistence but lacks explicit PI3K-alpha resistance timing/rescue for this subsection.
SUB007,pmid-25528022,25528022,unknown,10.1007/s10549-014-3239-5,A preclinical evaluation of the PI3K alpha/delta dominant inhibitor BAY 80-6946 in HER2-positive breast cancer models with acquired resistance to the HER2-targeted therapies trastuzumab and lapatinib.,Breast cancer research and treatment,2014,"Journal Article;Research Support, Non-U.S. Gov't",include_context,review_or_background,unknown,abstract_available,unknown,SUB007-Q001,Original adjacent pathway evidence informs AKT/mTOR persistence but lacks explicit PI3K-alpha resistance timing/rescue for this subsection.
SUB007,pmid-27639383,27639383,unknown,10.1007/s13277-016-5381-7,Addition of the p110α inhibitor BYL719 overcomes targeted therapy resistance in cells from Her2-positive-PTEN-loss breast cancer.,Tumour biology : the journal of the International Society for Oncodevelopmental Biology and Medicine,2016,Journal Article,include_context,review_or_background,unknown,abstract_available,unknown,SUB007-Q001,Original adjacent pathway evidence informs AKT/mTOR persistence but lacks explicit PI3K-alpha resistance timing/rescue for this subsection.
SUB007,pmid-28249908,28249908,PMC5421398,10.1158/0008-5472.CAN-16-2653,Kinome-Wide RNA Interference Screen Reveals a Role for PDK1 in Acquired Resistance to CDK4/6 Inhibition in ER-Positive Breast Cancer.,Cancer research,2017,Journal Article,include_context,review_or_background,unknown,pmc_available,unknown,SUB007-Q001,Original adjacent pathway evidence informs AKT/mTOR persistence but lacks explicit PI3K-alpha resistance timing/rescue for this subsection.
SUB007,pmid-28382169,28382169,PMC5381259,10.7150/thno.17830,Integration of Receptor Tyrosine Kinases Determines Sensitivity to PI3Kα-selective Inhibitors in Breast Cancer.,Theranostics,2017,Journal Article,include_context,review_or_background,unknown,pmc_available,unknown,SUB007-Q001,Original adjacent pathway evidence informs AKT/mTOR persistence but lacks explicit PI3K-alpha resistance timing/rescue for this subsection.
SUB007,pmid-31159599,31159599,unknown,10.1080/14740338.2019.1623877,Benefits versus risk profile of buparlisib for the treatment of breast cancer.,Expert opinion on drug safety,2019,Journal Article;Review,include_context,review_or_background,unknown,abstract_available,unknown,SUB007-Q001,Useful pathway or clinical framing for AKT/mTOR output persistence but not direct acquired PI3K-alpha resistance evidence.
SUB007,pmid-31371343,31371343,PMC6825550,10.1158/1078-0432.CCR-19-0138,FGFR1 Amplification Mediates Endocrine Resistance but Retains TORC Sensitivity in Metastatic Hormone Receptor-Positive (HR+) Breast Cancer.,Clinical cancer research : an official journal of the American Association for Cancer Research,2019,"Journal Article;Research Support, N.I.H., Extramural;Research Support, Non-U.S. Gov't",include_context,review_or_background,unknown,pmc_available,unknown,SUB007-Q001,Original adjacent pathway evidence informs AKT/mTOR persistence but lacks explicit PI3K-alpha resistance timing/rescue for this subsection.
SUB007,pmid-31859350,31859350,PMC6923785,10.1093/annonc/mdz280,Biomarkers of response and resistance to PI3K inhibitors in estrogen receptor-positive breast cancer patients and combination therapies involving PI3K inhibitors.,Annals of oncology : official journal of the European Society for Medical Oncology,2019,"Journal Article;Research Support, Non-U.S. Gov't;Review",include_context,review_or_background,unknown,pmc_available,unknown,SUB007-Q001,Useful pathway or clinical framing for AKT/mTOR output persistence but not direct acquired PI3K-alpha resistance evidence.
SUB007,pmid-31911865,31911865,PMC6943351,unknown,"ER+ metastatic breast cancer: past, present, and a prescription for an apoptosis-targeted future.",American journal of cancer research,2019,Journal Article;Review,include_context,review_or_background,unknown,pmc_available,unknown,SUB007-Q001,Useful pathway or clinical framing for AKT/mTOR output persistence but not direct acquired PI3K-alpha resistance evidence.
SUB007,pmid-32252811,32252811,PMC7137211,10.1186/s13058-020-01271-0,Everolimus versus alpelisib in advanced hormone receptor-positive HER2-negative breast cancer: targeting different nodes of the PI3K/AKT/mTORC1 pathway with different clinical implications.,Breast cancer research : BCR,2020,"Comparative Study;Journal Article;Research Support, Non-U.S. Gov't;Review",include_context,review_or_background,unknown,pmc_available,unknown,SUB007-Q001,Useful pathway or clinical framing for AKT/mTOR output persistence but not direct acquired PI3K-alpha resistance evidence.
SUB007,pmid-32782489,32782489,PMC7388095,10.1177/1758835920940939,Targeting the PI3K/Akt/mTOR pathway in estrogen-receptor positive HER2 negative advanced breast cancer.,Therapeutic advances in medical oncology,2020,Journal Article;Review,include_context,review_or_background,unknown,pmc_available,unknown,SUB007-Q001,Useful pathway or clinical framing for AKT/mTOR output persistence but not direct acquired PI3K-alpha resistance evidence.
SUB007,pmid-32958261,32958261,unknown,10.1053/j.seminoncol.2020.07.005,Management of ER positive metastatic breast cancer.,Seminars in oncology,2020,Journal Article;Review,include_context,review_or_background,unknown,abstract_available,unknown,SUB007-Q001,Useful pathway or clinical framing for AKT/mTOR output persistence but not direct acquired PI3K-alpha resistance evidence.
SUB007,pmid-34498152,34498152,unknown,10.1007/s10549-021-06376-4,"Effects of PI3K inhibition in AI-resistant breast cancer cell lines: autophagy, apoptosis, and cell cycle progression.",Breast cancer research and treatment,2021,Journal Article,include_context,review_or_background,unknown,abstract_available,unknown,SUB007-Q001,Original adjacent pathway evidence informs AKT/mTOR persistence but lacks explicit PI3K-alpha resistance timing/rescue for this subsection.
SUB007,pmid-34547385,34547385,unknown,10.1016/j.phrs.2021.105900,Development of PI3K inhibitors: Advances in clinical trials and new strategies (Review).,Pharmacological research,2021,"Journal Article;Research Support, Non-U.S. Gov't;Review",include_context,review_or_background,unknown,abstract_available,unknown,SUB007-Q001,Useful pathway or clinical framing for AKT/mTOR output persistence but not direct acquired PI3K-alpha resistance evidence.
SUB007,pmid-34830800,34830800,PMC8616153,10.3390/cancers13225643,"Endocrine Treatment for Breast Cancer Patients Revisited-History, Standard of Care, and Possibilities of Improvement.",Cancers,2021,Journal Article;Review,include_context,review_or_background,unknown,pmc_available,unknown,SUB007-Q001,Useful pathway or clinical framing for AKT/mTOR output persistence but not direct acquired PI3K-alpha resistance evidence.
SUB007,pmid-35880333,35880333,unknown,10.3760/cma.j.cn112152-20220412-00251,[Expert consensus on the clinical application of PI3K/AKT/mTOR inhibitors in the treatment of advanced breast cancer].,Zhonghua zhong liu za zhi [Chinese journal of oncology],2022,Journal Article;Consensus Statement,include_context,review_or_background,unknown,abstract_available,unknown,SUB007-Q001,Useful pathway or clinical framing for AKT/mTOR output persistence but not direct acquired PI3K-alpha resistance evidence.
SUB007,pmid-35968355,35968355,PMC9360227,unknown,PI3K inhibitors in trastuzumab-resistant HER2-positive breast cancer cells with PI3K pathway alterations.,American journal of cancer research,2022,Journal Article,include_context,review_or_background,unknown,pmc_available,unknown,SUB007-Q001,Original adjacent pathway evidence informs AKT/mTOR persistence but lacks explicit PI3K-alpha resistance timing/rescue for this subsection.
SUB007,pmid-35982377,35982377,unknown,10.1007/s11427-021-2140-8,Overexpressed Cyclin D1 and CDK4 proteins are responsible for the resistance to CDK4/6 inhibitor in breast cancer that can be reversed by PI3K/mTOR inhibitors.,Science China. Life sciences,2022,Journal Article,include_context,review_or_background,unknown,abstract_available,unknown,SUB007-Q001,Original adjacent pathway evidence informs AKT/mTOR persistence but lacks explicit PI3K-alpha resistance timing/rescue for this subsection.
SUB007,pmid-36672617,36672617,PMC9855880,10.3390/biomedicines11010109,Targeting PI3K/AKT/mTOR Pathway in Breast Cancer: From Biology to Clinical Challenges.,Biomedicines,2023,Journal Article;Review,include_context,review_or_background,unknown,pmc_available,unknown,SUB007-Q001,Useful pathway or clinical framing for AKT/mTOR output persistence but not direct acquired PI3K-alpha resistance evidence.
SUB007,pmid-36901954,36901954,PMC10003259,10.3390/ijms24054522,Drugging the PI3K/AKT/mTOR Pathway in ER+ Breast Cancer.,International journal of molecular sciences,2023,Journal Article;Review,include_context,review_or_background,unknown,pmc_available,unknown,SUB007-Q001,Useful pathway or clinical framing for AKT/mTOR output persistence but not direct acquired PI3K-alpha resistance evidence.
SUB007,pmid-37493631,37493631,PMC10811747,10.1158/1541-7786.MCR-23-0034,CBF-Beta Mitigates PI3K-Alpha-Specific Inhibitor Killing through PIM1 in PIK3CA-Mutant Gastric Cancer.,Molecular cancer research : MCR,2023,"Journal Article;Research Support, Non-U.S. Gov't;Research Support, N.I.H., Extramural",include_context,review_or_background,unknown,pmc_available,unknown,SUB007-Q001,Original adjacent pathway evidence informs AKT/mTOR persistence but lacks explicit PI3K-alpha resistance timing/rescue for this subsection.
SUB007,pmid-37725704,37725704,PMC10690091,10.1158/0008-5472.CAN-23-0694,The Next-Generation Oral Selective Estrogen Receptor Degrader Camizestrant (AZD9833) Suppresses ER+ Breast Cancer Growth and Overcomes Endocrine and CDK4/6 Inhibitor Resistance.,Cancer research,2023,"Journal Article;Research Support, Non-U.S. Gov't",include_context,review_or_background,unknown,pmc_available,unknown,SUB007-Q001,Original adjacent pathway evidence informs AKT/mTOR persistence but lacks explicit PI3K-alpha resistance timing/rescue for this subsection.
SUB007,pmid-38089455,38089455,PMC10686175,10.1002/cai2.10,Expert consensus on the clinical application of PI3K/AKT/mTOR inhibitors in the treatment of advanced breast cancer.,Cancer innovation,2022,Journal Article,include_context,review_or_background,unknown,pmc_available,unknown,SUB007-Q001,Useful pathway or clinical framing for AKT/mTOR output persistence but not direct acquired PI3K-alpha resistance evidence.
SUB007,pmid-38219706,38219706,PMC11309563,10.1016/j.oraloncology.2024.106688,Evolutionary dynamics of tipifarnib in HRAS mutated head and neck squamous cell carcinoma.,Oral oncology,2024,"Case Reports;Journal Article;Research Support, Non-U.S. Gov't;Research Support, N.I.H., Extramural",include_context,review_or_background,unknown,pmc_available,unknown,SUB007-Q001,Original adjacent pathway evidence informs AKT/mTOR persistence but lacks explicit PI3K-alpha resistance timing/rescue for this subsection.
SUB007,pmid-38722288,38722288,PMC11081008,10.1111/jcmm.18374,The combination of breast cancer PDO and mini-PDX platform for drug screening and individualized treatment.,Journal of cellular and molecular medicine,2024,"Journal Article;Research Support, Non-U.S. Gov't",include_context,review_or_background,unknown,pmc_available,unknown,SUB007-Q001,Original adjacent pathway evidence informs AKT/mTOR persistence but lacks explicit PI3K-alpha resistance timing/rescue for this subsection.
SUB007,pmid-38815877,38815877,unknown,10.1016/j.critrevonc.2024.104404,Navigating the complexity of PI3K/AKT pathway in HER-2 negative breast cancer: biomarkers and beyond.,Critical reviews in oncology/hematology,2024,Journal Article;Review,include_context,review_or_background,unknown,abstract_available,unknown,SUB007-Q001,Useful pathway or clinical framing for AKT/mTOR output persistence but not direct acquired PI3K-alpha resistance evidence.
SUB007,pmid-38819400,38819400,PMC11325148,10.1158/1078-0432.CCR-23-3465,Oral Estrogen Receptor PROTAC Vepdegestrant (ARV-471) Is Highly Efficacious as Monotherapy and in Combination with CDK4/6 or PI3K/mTOR Pathway Inhibitors in Preclinical ER+ Breast Cancer Models.,Clinical cancer research : an official journal of the American Association for Cancer Research,2024,Journal Article,include_context,review_or_background,unknown,pmc_available,unknown,SUB007-Q001,Original adjacent pathway evidence informs AKT/mTOR persistence but lacks explicit PI3K-alpha resistance timing/rescue for this subsection.
SUB007,pmid-38839777,38839777,PMC11153628,10.1038/s41523-024-00648-0,Gedatolisib shows superior potency and efficacy versus single-node PI3K/AKT/mTOR inhibitors in breast cancer models.,NPJ breast cancer,2024,Journal Article,include_context,review_or_background,unknown,pmc_available,unknown,SUB007-Q001,Original adjacent pathway evidence informs AKT/mTOR persistence but lacks explicit PI3K-alpha resistance timing/rescue for this subsection.
SUB007,pmid-38927964,38927964,PMC11201395,10.3390/cancers16122259,Resistance to Targeted Inhibitors of the PI3K/AKT/mTOR Pathway in Advanced Oestrogen-Receptor-Positive Breast Cancer.,Cancers,2024,Journal Article;Review,include_context,review_or_background,unknown,pmc_available,unknown,SUB007-Q001,Useful pathway or clinical framing for AKT/mTOR output persistence but not direct acquired PI3K-alpha resistance evidence.
SUB007,pmid-39171586,39171586,unknown,10.2174/0109298673327425240815065221,A Perspective of PI3K/AKT/mTOR Pathway Inhibitors to Overcome Drug-resistance in Breast Cancer Therapy.,Current medicinal chemistry,2025,Journal Article;Review,include_context,review_or_background,unknown,abstract_available,unknown,SUB007-Q001,Useful pathway or clinical framing for AKT/mTOR output persistence but not direct acquired PI3K-alpha resistance evidence.
SUB007,pmid-39469631,39469631,PMC11514072,10.3389/fphar.2024.1443422,Effects of BYL-719 (alpelisib) on human breast cancer stem cells to overcome drug resistance in human breast cancer.,Frontiers in pharmacology,2024,Journal Article,include_context,review_or_background,unknown,pmc_available,unknown,SUB007-Q001,Original adjacent pathway evidence informs AKT/mTOR persistence but lacks explicit PI3K-alpha resistance timing/rescue for this subsection.
SUB007,pmid-39652577,39652577,PMC11831106,10.1158/0008-5472.CAN-24-2608,"Imlunestrant Is an Oral, Brain-Penetrant Selective Estrogen Receptor Degrader with Potent Antitumor Activity in ESR1 Wild-Type and Mutant Breast Cancer.",Cancer research,2025,"Journal Article;Research Support, Non-U.S. Gov't",include_context,review_or_background,unknown,pmc_available,unknown,SUB007-Q001,Original adjacent pathway evidence informs AKT/mTOR persistence but lacks explicit PI3K-alpha resistance timing/rescue for this subsection.
SUB007,pmid-39662202,39662202,unknown,10.1016/j.ctrv.2024.102861,PI3K/AKT/mTOR inhibitors for hormone receptor-positive advanced breast cancer.,Cancer treatment reviews,2024,Journal Article;Review,include_context,review_or_background,unknown,abstract_available,unknown,SUB007-Q001,Useful pathway or clinical framing for AKT/mTOR output persistence but not direct acquired PI3K-alpha resistance evidence.
SUB007,pmid-39920872,39920872,PMC11806886,10.1186/s40170-025-00375-5,CD36 inhibition enhances the anti-proliferative effects of PI3K inhibitors in PTEN-loss anti-HER2 resistant breast cancer cells.,Cancer & metabolism,2025,Journal Article,include_context,review_or_background,unknown,pmc_available,unknown,SUB007-Q001,Original adjacent pathway evidence informs AKT/mTOR persistence but lacks explicit PI3K-alpha resistance timing/rescue for this subsection.
SUB007,pmid-40020984,40020984,unknown,10.1016/j.ejphar.2025.177432,Targeting PI3K in cancer treatment: A comprehensive review with insights from clinical outcomes.,European journal of pharmacology,2025,Journal Article;Review,include_context,review_or_background,unknown,abstract_available,unknown,SUB007-Q001,Useful pathway or clinical framing for AKT/mTOR output persistence but not direct acquired PI3K-alpha resistance evidence.
SUB007,pmid-40121890,40121890,unknown,10.1016/j.ctrv.2025.102924,"Post-progression treatment options after CDK4/6 inhibitors in hormone receptor-positive, HER2-negative metastatic breast cancer.",Cancer treatment reviews,2025,Journal Article;Review,include_context,review_or_background,unknown,abstract_available,unknown,SUB007-Q001,Useful pathway or clinical framing for AKT/mTOR output persistence but not direct acquired PI3K-alpha resistance evidence.
SUB007,pmid-40163189,40163189,unknown,10.1007/s11864-025-01310-y,Novel Estrogen Receptor - Targeted Therapies in Hormone-Receptor Positive Breast Cancer.,Current treatment options in oncology,2025,Journal Article;Review,include_context,review_or_background,unknown,abstract_available,unknown,SUB007-Q001,Useful pathway or clinical framing for AKT/mTOR output persistence but not direct acquired PI3K-alpha resistance evidence.
SUB007,pmid-40829787,40829787,unknown,10.1146/annurev-pharmtox-082924-022724,Structural Insights into the Development of Inhibitors Against Cancer-Specific Mutations of PI3Kα.,Annual review of pharmacology and toxicology,2025,Journal Article;Review,include_context,review_or_background,unknown,abstract_available,unknown,SUB007-Q001,Useful pathway or clinical framing for AKT/mTOR output persistence but not direct acquired PI3K-alpha resistance evidence.
SUB007,pmid-40989687,40989687,PMC12450692,10.3389/fonc.2025.1596634,Pharmacologic management of HR+/HER2- mBC: a clinically oriented review.,Frontiers in oncology,2025,Journal Article;Review,include_context,review_or_background,unknown,pmc_available,unknown,SUB007-Q001,Useful pathway or clinical framing for AKT/mTOR output persistence but not direct acquired PI3K-alpha resistance evidence.
SUB007,pmid-41079023,41079023,PMC12514518,10.1016/j.eclinm.2025.103535,Efficacy and safety of systemic therapies following progression on CDK4/6 inhibitors in patients with HR+/HER2- metastatic breast cancer: a systematic review and network meta-analysis.,EClinicalMedicine,2025,Journal Article,include_context,review_or_background,unknown,pmc_available,unknown,SUB007-Q001,Useful pathway or clinical framing for AKT/mTOR output persistence but not direct acquired PI3K-alpha resistance evidence.
SUB007,pmid-41406241,41406241,unknown,10.1126/scitranslmed.adp5088,Dual PI3K/mTOR inhibition is required to combat resistance to CDK4/6 inhibitor and endocrine therapy in PIK3CA-mutant breast cancer.,Science translational medicine,2025,"Journal Article;Research Support, Non-U.S. Gov't",include_context,review_or_background,unknown,abstract_available,unknown,SUB007-Q001,Original adjacent pathway evidence informs AKT/mTOR persistence but lacks explicit PI3K-alpha resistance timing/rescue for this subsection.
SUB007,pmid-41604817,41604817,PMC12865632,10.1016/j.esmoop.2025.105936,Clinical management of common toxicities with inhibitors targeting the PI3K/AKT/mTOR pathway in breast cancer.,ESMO open,2026,Journal Article;Review,include_context,review_or_background,unknown,pmc_available,unknown,SUB007-Q001,Useful pathway or clinical framing for AKT/mTOR output persistence but not direct acquired PI3K-alpha resistance evidence.
SUB007,pmid-41773730,41773730,unknown,10.1158/1535-7163.MCT-25-0675,Targeting Semaphorin 7a signaling in preclinical models of endocrine therapy-resistant breast cancer.,Molecular cancer therapeutics,2026,Journal Article,include_context,review_or_background,unknown,abstract_available,unknown,SUB007-Q001,Original adjacent pathway evidence informs AKT/mTOR persistence but lacks explicit PI3K-alpha resistance timing/rescue for this subsection.
SUB007,pmid-41999452,41999452,PMC13091897,10.1007/s11864-026-01391-3,Beyond CDK4/6 Inhibition: Current Strategies in Hormone Receptor-Positive Metastatic Breast Cancer.,Current treatment options in oncology,2026,Journal Article;Review,include_context,review_or_background,unknown,pmc_available,unknown,SUB007-Q001,Useful pathway or clinical framing for AKT/mTOR output persistence but not direct acquired PI3K-alpha resistance evidence.
SUB007,pmid-41999684,41999684,PMC13101763,10.1016/j.breast.2026.104786,Integrating PIK3CA Testing into Clinical Practice for Advanced HR+/HER2- Breast Cancer: An Expert Consensus.,"Breast (Edinburgh, Scotland)",2026,Consensus Statement;Journal Article,include_context,review_or_background,unknown,pmc_available,unknown,SUB007-Q001,Useful pathway or clinical framing for AKT/mTOR output persistence but not direct acquired PI3K-alpha resistance evidence.
SUB007,pmid-42041166,42041166,unknown,10.1158/1535-7163.MCT-25-0675,Targeting Semaphorin 7a Signaling in Preclinical Models of Endocrine Therapy-Resistant Breast Cancer.,Molecular cancer therapeutics,2026,Journal Article,include_context,review_or_background,unknown,abstract_available,unknown,SUB007-Q001,Original adjacent pathway evidence informs AKT/mTOR persistence but lacks explicit PI3K-alpha resistance timing/rescue for this subsection.
SUB007,pmid-42137335,42137335,PMC13168110,10.3389/fphar.2026.1779073,Modulation of the PI3K/Akt signaling pathway by steroidal saponins: therapeutic implications in cancer.,Frontiers in pharmacology,2026,Journal Article;Review,include_context,review_or_background,unknown,pmc_available,unknown,SUB007-Q001,Useful pathway or clinical framing for AKT/mTOR output persistence but not direct acquired PI3K-alpha resistance evidence.
SUB007,pmid-42239750,42239750,PMC13228831,10.21203/rs.3.rs-9372889/v1,A Novel Patient-Derived Xenograft Model of Inflammatory Breast Cancer.,Research square,2026,Journal Article;Preprint,include_context,review_or_background,unknown,pmc_available,unknown,SUB007-Q001,Original adjacent pathway evidence informs AKT/mTOR persistence but lacks explicit PI3K-alpha resistance timing/rescue for this subsection.
SUB007,pmid-42263466,42263466,unknown,10.1016/j.clbc.2026.05.004,"Pharmacologic Features, Clinical Applications, and Drug Safety Evaluation of Inavolisib in the Treatment of Metastatic Breast Cancer.",Clinical breast cancer,2026,Journal Article;Review,include_context,review_or_background,unknown,abstract_available,unknown,SUB007-Q001,Useful pathway or clinical framing for AKT/mTOR output persistence but not direct acquired PI3K-alpha resistance evidence.
SUB007,pmid-42351448,42351448,PMC13298351,10.3390/diagnostics16121790,"Post-CDK4/6 Inhibitor Therapeutic Approaches in Hormone Receptor-Positive, HER2-Negative Metastatic Breast Cancer: Current Evidence and Emerging Strategies-A Narrative Review.","Diagnostics (Basel, Switzerland)",2026,Journal Article;Review,include_context,review_or_background,unknown,pmc_available,unknown,SUB007-Q001,Useful pathway or clinical framing for AKT/mTOR output persistence but not direct acquired PI3K-alpha resistance evidence.
SUB007,pmid-42445743,42445743,PMC13361340,10.2147/DDDT.S611371,Precision Endocrine-Based Combinations After CDK4/6 Inhibitor Progression in HR-Positive Metastatic Breast Cancer.,"Drug design, development and therapy",2026,Journal Article;Review,include_context,review_or_background,unknown,pmc_available,unknown,SUB007-Q001,Useful pathway or clinical framing for AKT/mTOR output persistence but not direct acquired PI3K-alpha resistance evidence.
SUB007,pmid-42518131,42518131,PMC13529841,10.1007/s40265-026-02347-5,Emerging Strategies Targeting the PI3K/AKT/mTOR Pathway in HR+/HER2- Advanced Breast Cancer.,Drugs,2026,Journal Article;Review,include_context,review_or_background,unknown,pmc_available,unknown,SUB007-Q001,Useful pathway or clinical framing for AKT/mTOR output persistence but not direct acquired PI3K-alpha resistance evidence.
SUB007,pmid-42635598,42635598,unknown,10.1158/1078-0432.CCR-26-1816,"Elacestrant in Combination with Everolimus for Estrogen Receptor-Positive, HER2-Negative Previously Treated Advanced Breast Cancer: Results from ELEVATE.",Clinical cancer research : an official journal of the American Association for Cancer Research,2026,Journal Article,include_context,review_or_background,unknown,abstract_available,unknown,SUB007-Q001,Original adjacent pathway evidence informs AKT/mTOR persistence but lacks explicit PI3K-alpha resistance timing/rescue for this subsection.
SUB007,pmid-23903756,23903756,PMC3935768,10.1126/scitranslmed.3005747,mTORC1 inhibition is required for sensitivity to PI3K p110α inhibitors in PIK3CA-mutant breast cancer.,Science translational medicine,2013,"Journal Article;Research Support, Non-U.S. Gov't",include_primary,primary_mechanism,unknown,pmc_available,unknown,SUB007-Q001,Directly addresses pathway output persistence or acquired resistance under PI3K-alpha/PI3K pathway inhibition.
SUB007,pmid-25873175,25873175,PMC4398915,10.1016/j.ccell.2015.03.010,AXL mediates resistance to PI3Kα inhibition by activating the EGFR/PKC/mTOR axis in head and neck and esophageal squamous cell carcinomas.,Cancer cell,2015,Journal Article,include_primary,primary_mechanism,unknown,pmc_available,unknown,SUB007-Q001,Directly addresses pathway output persistence or acquired resistance under PI3K-alpha/PI3K pathway inhibition.
SUB007,pmid-27048245,27048245,PMC4820873,10.1186/s13058-016-0697-1,Activation of IGF1R/p110β/AKT/mTOR confers resistance to α-specific PI3K inhibition.,Breast cancer research : BCR,2016,"Journal Article;Research Support, Non-U.S. Gov't",include_primary,primary_mechanism,unknown,pmc_available,unknown,SUB007-Q001,Directly addresses pathway output persistence or acquired resistance under PI3K-alpha/PI3K pathway inhibition.
SUB007,pmid-27604488,27604488,PMC5050154,10.1158/2159-8290.CD-16-0305,Systematic Functional Characterization of Resistance to PI3K Inhibition in Breast Cancer.,Cancer discovery,2016,Journal Article,include_primary,primary_mechanism,unknown,pmc_available,unknown,SUB007-Q001,Directly addresses pathway output persistence or acquired resistance under PI3K-alpha/PI3K pathway inhibition.
SUB007,pmid-29895527,29895527,PMC7439002,10.1530/ERC-18-0159,The role of GSK3 and its reversal with GSK3 antagonism in everolimus resistance.,Endocrine-related cancer,2018,"Journal Article;Research Support, N.I.H., Intramural;Research Support, Non-U.S. Gov't",include_primary,primary_mechanism,unknown,pmc_available,unknown,SUB007-Q001,Directly addresses pathway output persistence or acquired resistance under PI3K-alpha/PI3K pathway inhibition.
SUB007,pmid-30115483,30115483,unknown,10.1016/j.oraloncology.2018.07.010,ERK-TSC2 signalling in constitutively-active HRAS mutant HNSCC cells promotes resistance to PI3K inhibition.,Oral oncology,2018,"Journal Article;Research Support, Non-U.S. Gov't",include_primary,primary_mechanism,unknown,abstract_available,unknown,SUB007-Q001,Directly addresses pathway output persistence or acquired resistance under PI3K-alpha/PI3K pathway inhibition.
SUB007,pmid-33024087,33024087,PMC7538592,10.1038/s41419-020-03037-0,CD44/HA signaling mediates acquired resistance to a PI3Kα inhibitor.,Cell death & disease,2020,"Journal Article;Research Support, Non-U.S. Gov't",include_primary,primary_mechanism,unknown,pmc_available,unknown,SUB007-Q001,Directly addresses pathway output persistence or acquired resistance under PI3K-alpha/PI3K pathway inhibition.
SUB007,pmid-33036331,33036331,PMC7601167,10.3390/jcm9103214,CDK 4/6 Inhibition Overcomes Acquired and Inherent Resistance to PI3Kα Inhibition in Pre-Clinical Models of Head and Neck Squamous Cell Carcinoma.,Journal of clinical medicine,2020,Journal Article,include_primary,primary_mechanism,unknown,pmc_available,unknown,SUB007-Q001,Directly addresses pathway output persistence or acquired resistance under PI3K-alpha/PI3K pathway inhibition.
SUB007,pmid-33668685,33668685,PMC7918312,10.3390/ijms22041882,"PRKAR1B-AS2 Long Noncoding RNA Promotes Tumorigenesis, Survival, and Chemoresistance via the PI3K/AKT/mTOR Pathway.",International journal of molecular sciences,2021,Journal Article,include_primary,primary_mechanism,unknown,pmc_available,unknown,SUB007-Q001,Directly addresses pathway output persistence or acquired resistance under PI3K-alpha/PI3K pathway inhibition.
SUB007,pmid-34552006,34552006,unknown,10.1158/1535-7163.MCT-20-0981,Phosphoproteomics Identifies PI3K Inhibitor-selective Adaptive Responses in Pancreatic Cancer Cell Therapy and Resistance.,Molecular cancer therapeutics,2021,"Journal Article;Research Support, Non-U.S. Gov't",include_primary,primary_mechanism,unknown,abstract_available,unknown,SUB007-Q001,Directly addresses pathway output persistence or acquired resistance under PI3K-alpha/PI3K pathway inhibition.
SUB007,pmid-37044095,37044095,PMC10140479,10.1016/j.xcrm.2023.101002,N-acetylcysteine overcomes NF1 loss-driven resistance to PI3Kα inhibition in breast cancer.,Cell reports. Medicine,2023,"Journal Article;Research Support, Non-U.S. Gov't",include_primary,primary_mechanism,unknown,pmc_available,unknown,SUB007-Q001,Directly addresses pathway output persistence or acquired resistance under PI3K-alpha/PI3K pathway inhibition.
SUB007,pmid-37339176,37339176,PMC10543974,10.1158/0008-5472.CAN-23-0282,Tipifarnib Potentiates the Antitumor Effects of PI3Kα Inhibition in PIK3CA- and HRAS-Dysregulated HNSCC via Convergent Inhibition of mTOR Activity.,Cancer research,2023,Journal Article,include_primary,primary_mechanism,unknown,pmc_available,unknown,SUB007-Q001,Directly addresses pathway output persistence or acquired resistance under PI3K-alpha/PI3K pathway inhibition.
SUB007,pmid-37943630,37943630,unknown,10.1530/ERC-23-0041,Impact of the PI3K-alpha inhibitor alpelisib on everolimus resistance and somatostatin receptor expression in an orthotopic pancreatic NEC xenograft mouse model.,Endocrine-related cancer,2023,"Journal Article;Research Support, Non-U.S. Gov't",include_primary,primary_mechanism,unknown,abstract_available,unknown,SUB007-Q001,Directly addresses pathway output persistence or acquired resistance under PI3K-alpha/PI3K pathway inhibition.
SUB007,pmid-40113784,40113784,PMC11926384,10.1038/s41392-025-02180-4,Targeting PI3K inhibitor resistance in breast cancer with metabolic drugs.,Signal transduction and targeted therapy,2025,"Journal Article;Research Support, Non-U.S. Gov't",include_primary,primary_mechanism,unknown,pmc_available,unknown,SUB007-Q001,Directly addresses pathway output persistence or acquired resistance under PI3K-alpha/PI3K pathway inhibition.
SUB007,pmid-40295072,40295072,unknown,10.21873/anticanres.17567,Development of Acquired Resistance in Alpelisib-treated Gastric Cancer Cells With PIK3CA Mutations and Overcoming Strategies.,Anticancer research,2025,Journal Article,include_primary,primary_mechanism,unknown,abstract_available,unknown,SUB007-Q001,Directly addresses pathway output persistence or acquired resistance under PI3K-alpha/PI3K pathway inhibition.
SUB007,pmid-40510030,40510030,PMC12159599,10.20517/cdr.2024.181,FGFR1 overexpression promotes resistance to PI3K inhibitor alpelisib in luminal breast cancer cells through receptor tyrosine kinase signaling-mediated activation of the estrogen receptor.,"Cancer drug resistance (Alhambra, Calif.)",2025,Journal Article,include_primary,primary_mechanism,unknown,pmc_available,unknown,SUB007-Q001,Directly addresses pathway output persistence or acquired resistance under PI3K-alpha/PI3K pathway inhibition.
SUB008,pmid-25342139,25342139,unknown,10.1007/s10637-014-0163-9,"BYL719, a selective inhibitor of phosphoinositide 3-Kinase α, enhances the effect of selumetinib (AZD6244, ARRY-142886) in KRAS-mutant non-small cell lung cancer.",Investigational new drugs,2014,"Journal Article;Research Support, Non-U.S. Gov't",include_context,review_or_background,unknown,abstract_available,unknown,SUB008-Q001,Adjacent experimental/clinical evidence may frame RTK or MAPK bypass but lacks explicit PI3K-alpha resistance linkage.
SUB008,pmid-26830312,26830312,unknown,10.1016/j.drup.2015.11.001,Treatment strategies for advanced hormone receptor-positive and human epidermal growth factor 2-negative breast cancer: the role of treatment order.,Drug resistance updates : reviews and commentaries in antimicrobial and anticancer chemotherapy,2015,"Journal Article;Research Support, Non-U.S. Gov't;Review",include_context,review_or_background,unknown,abstract_available,unknown,SUB008-Q001,Useful review or clinical context for PI3K/RTK/MAPK crosstalk but not claim-direct resistance evidence.
SUB008,pmid-27639383,27639383,unknown,10.1007/s13277-016-5381-7,Addition of the p110α inhibitor BYL719 overcomes targeted therapy resistance in cells from Her2-positive-PTEN-loss breast cancer.,Tumour biology : the journal of the International Society for Oncodevelopmental Biology and Medicine,2016,Journal Article,include_context,review_or_background,unknown,abstract_available,unknown,SUB008-Q001,Adjacent experimental/clinical evidence may frame RTK or MAPK bypass but lacks explicit PI3K-alpha resistance linkage.
SUB008,pmid-27646965,27646965,unknown,10.1080/14656566.2016.1236914,New and developing chemical pharmacotherapy for treating hormone receptor-positive/HER2-negative breast cancer.,Expert opinion on pharmacotherapy,2016,Journal Article;Review,include_context,review_or_background,unknown,abstract_available,unknown,SUB008-Q001,Useful review or clinical context for PI3K/RTK/MAPK crosstalk but not claim-direct resistance evidence.
SUB008,pmid-29252036,29252036,unknown,10.1080/13543784.2018.1417384,PI3K inhibition to overcome endocrine resistance in breast cancer.,Expert opinion on investigational drugs,2018,Journal Article;Review,include_context,review_or_background,unknown,abstract_available,unknown,SUB008-Q001,Useful review or clinical context for PI3K/RTK/MAPK crosstalk but not claim-direct resistance evidence.
SUB008,pmid-29868122,29868122,PMC5968201,10.3389/fgene.2018.00174,Screen for MicroRNA and Drug Interactions in Breast Cancer Cell Lines Points to miR-126 as a Modulator of CDK4/6 and PIK3CA Inhibitors.,Frontiers in genetics,2018,Journal Article,include_context,review_or_background,unknown,pmc_available,unknown,SUB008-Q001,Adjacent experimental/clinical evidence may frame RTK or MAPK bypass but lacks explicit PI3K-alpha resistance linkage.
SUB008,pmid-30115483,30115483,unknown,10.1016/j.oraloncology.2018.07.010,ERK-TSC2 signalling in constitutively-active HRAS mutant HNSCC cells promotes resistance to PI3K inhibition.,Oral oncology,2018,"Journal Article;Research Support, Non-U.S. Gov't",include_context,review_or_background,unknown,abstract_available,unknown,SUB008-Q001,Adjacent experimental/clinical evidence may frame RTK or MAPK bypass but lacks explicit PI3K-alpha resistance linkage.
SUB008,pmid-30309221,30309221,PMC6639226,10.4143/crt.2018.052,Acquired Resistance of MET-Amplified Non-small Cell Lung Cancer Cells to the MET Inhibitor Capmatinib.,Cancer research and treatment,2018,Journal Article,include_context,review_or_background,unknown,pmc_available,unknown,SUB008-Q001,Adjacent experimental/clinical evidence may frame RTK or MAPK bypass but lacks explicit PI3K-alpha resistance linkage.
SUB008,pmid-30651399,30651399,PMC6519770,10.1634/theoncologist.2018-0314,"Exploring Biomarkers of Phosphoinositide 3-Kinase Pathway Activation in the Treatment of Hormone Receptor Positive, Human Epidermal Growth Receptor 2 Negative Advanced Breast Cancer.",The oncologist,2019,"Journal Article;Research Support, Non-U.S. Gov't;Review",include_context,review_or_background,unknown,pmc_available,unknown,SUB008-Q001,Useful review or clinical context for PI3K/RTK/MAPK crosstalk but not claim-direct resistance evidence.
SUB008,pmid-31159599,31159599,unknown,10.1080/14740338.2019.1623877,Benefits versus risk profile of buparlisib for the treatment of breast cancer.,Expert opinion on drug safety,2019,Journal Article;Review,include_context,review_or_background,unknown,abstract_available,unknown,SUB008-Q001,Useful review or clinical context for PI3K/RTK/MAPK crosstalk but not claim-direct resistance evidence.
SUB008,pmid-31371343,31371343,PMC6825550,10.1158/1078-0432.CCR-19-0138,FGFR1 Amplification Mediates Endocrine Resistance but Retains TORC Sensitivity in Metastatic Hormone Receptor-Positive (HR+) Breast Cancer.,Clinical cancer research : an official journal of the American Association for Cancer Research,2019,"Journal Article;Research Support, N.I.H., Extramural;Research Support, Non-U.S. Gov't",include_context,review_or_background,unknown,pmc_available,unknown,SUB008-Q001,Adjacent experimental/clinical evidence may frame RTK or MAPK bypass but lacks explicit PI3K-alpha resistance linkage.
SUB008,pmid-31780379,31780379,unknown,10.1016/j.clbc.2019.06.017,Practical Treatment Strategies and Future Directions After Progression While Receiving CDK4/6 Inhibition and Endocrine Therapy in Advanced HR+/HER2- Breast Cancer.,Clinical breast cancer,2019,Journal Article,include_context,review_or_background,unknown,abstract_available,unknown,SUB008-Q001,Useful review or clinical context for PI3K/RTK/MAPK crosstalk but not claim-direct resistance evidence.
SUB008,pmid-31859350,31859350,PMC6923785,10.1093/annonc/mdz280,Biomarkers of response and resistance to PI3K inhibitors in estrogen receptor-positive breast cancer patients and combination therapies involving PI3K inhibitors.,Annals of oncology : official journal of the European Society for Medical Oncology,2019,"Journal Article;Research Support, Non-U.S. Gov't;Review",include_context,review_or_background,unknown,pmc_available,unknown,SUB008-Q001,Useful review or clinical context for PI3K/RTK/MAPK crosstalk but not claim-direct resistance evidence.
SUB008,pmid-32252811,32252811,PMC7137211,10.1186/s13058-020-01271-0,Everolimus versus alpelisib in advanced hormone receptor-positive HER2-negative breast cancer: targeting different nodes of the PI3K/AKT/mTORC1 pathway with different clinical implications.,Breast cancer research : BCR,2020,"Comparative Study;Journal Article;Research Support, Non-U.S. Gov't;Review",include_context,review_or_background,unknown,pmc_available,unknown,SUB008-Q001,Useful review or clinical context for PI3K/RTK/MAPK crosstalk but not claim-direct resistance evidence.
SUB008,pmid-32415339,32415339,unknown,10.1007/s11912-020-00917-8,Sequencing Endocrine Therapy for Metastatic Breast Cancer: What Do We Do After Disease Progression on a CDK4/6 Inhibitor?,Current oncology reports,2020,Journal Article;Review,include_context,review_or_background,unknown,abstract_available,unknown,SUB008-Q001,Useful review or clinical context for PI3K/RTK/MAPK crosstalk but not claim-direct resistance evidence.
SUB008,pmid-32782489,32782489,PMC7388095,10.1177/1758835920940939,Targeting the PI3K/Akt/mTOR pathway in estrogen-receptor positive HER2 negative advanced breast cancer.,Therapeutic advances in medical oncology,2020,Journal Article;Review,include_context,review_or_background,unknown,pmc_available,unknown,SUB008-Q001,Useful review or clinical context for PI3K/RTK/MAPK crosstalk but not claim-direct resistance evidence.
SUB008,pmid-32795346,32795346,PMC7427086,10.1186/s13058-020-01320-8,Targeting activated PI3K/mTOR signaling overcomes acquired resistance to CDK4/6-based therapies in preclinical models of hormone receptor-positive breast cancer.,Breast cancer research : BCR,2020,"Journal Article;Research Support, Non-U.S. Gov't;Research Support, U.S. Gov't, Non-P.H.S.",include_context,review_or_background,unknown,pmc_available,unknown,SUB008-Q001,Adjacent experimental/clinical evidence may frame RTK or MAPK bypass but lacks explicit PI3K-alpha resistance linkage.
SUB008,pmid-32887722,32887722,unknown,10.1158/1078-0432.CCR-20-0645,Phase Ib Study of Ribociclib plus Fulvestrant and Ribociclib plus Fulvestrant plus PI3K Inhibitor (Alpelisib or Buparlisib) for HR+ Advanced Breast Cancer.,Clinical cancer research : an official journal of the American Association for Cancer Research,2020,"Journal Article;Research Support, Non-U.S. Gov't",include_context,review_or_background,unknown,abstract_available,unknown,SUB008-Q001,Adjacent experimental/clinical evidence may frame RTK or MAPK bypass but lacks explicit PI3K-alpha resistance linkage.
SUB008,pmid-33024087,33024087,PMC7538592,10.1038/s41419-020-03037-0,CD44/HA signaling mediates acquired resistance to a PI3Kα inhibitor.,Cell death & disease,2020,"Journal Article;Research Support, Non-U.S. Gov't",include_context,review_or_background,unknown,pmc_available,unknown,SUB008-Q001,Adjacent experimental/clinical evidence may frame RTK or MAPK bypass but lacks explicit PI3K-alpha resistance linkage.
SUB008,pmid-33059733,33059733,PMC7559997,10.1186/s13046-020-01713-9,TAM family receptors in conjunction with MAPK signalling are involved in acquired resistance to PI3Kα inhibition in head and neck squamous cell carcinoma.,Journal of experimental & clinical cancer research : CR,2020,Journal Article,include_context,review_or_background,unknown,pmc_available,unknown,SUB008-Q001,Adjacent experimental/clinical evidence may frame RTK or MAPK bypass but lacks explicit PI3K-alpha resistance linkage.
SUB008,pmid-33190190,33190190,PMC7854469,10.1007/s12325-020-01552-2,"Clinical Challenges in the Management of Hormone Receptor-Positive, Human Epidermal Growth Factor Receptor 2-Negative Metastatic Breast Cancer: A Literature Review.",Advances in therapy,2020,"Journal Article;Research Support, Non-U.S. Gov't;Review",include_context,review_or_background,unknown,pmc_available,unknown,SUB008-Q001,Useful review or clinical context for PI3K/RTK/MAPK crosstalk but not claim-direct resistance evidence.
SUB008,pmid-33213227,33213227,unknown,10.1080/17425255.2021.1844662,"A pharmacokinetic evaluation of alpelisib for the treatment of HR+, HER2-negative, PIK3CA-mutated advanced or metastatic breast cancer.",Expert opinion on drug metabolism & toxicology,2020,Journal Article;Review,include_context,review_or_background,unknown,abstract_available,unknown,SUB008-Q001,Useful review or clinical context for PI3K/RTK/MAPK crosstalk but not claim-direct resistance evidence.
SUB008,pmid-33575071,33575071,PMC7646628,10.6004/jadpro.2020.11.7.9,Alpelisib: A Novel Therapy for Patients With PIK3CA-Mutated Metastatic Breast Cancer.,Journal of the advanced practitioner in oncology,2020,Journal Article,include_context,review_or_background,unknown,pmc_available,unknown,SUB008-Q001,Adjacent experimental/clinical evidence may frame RTK or MAPK bypass but lacks explicit PI3K-alpha resistance linkage.
SUB008,pmid-33602685,33602685,PMC8282704,10.1158/1078-0432.CCR-20-4879,Clinical and Biomarker Results from Phase I/II Study of PI3K Inhibitor Alpelisib plus Nab-paclitaxel in HER2-Negative Metastatic Breast Cancer.,Clinical cancer research : an official journal of the American Association for Cancer Research,2021,"Clinical Trial, Phase I;Clinical Trial, Phase II;Journal Article;Research Support, N.I.H., Extramural;Research Support, Non-U.S. Gov't",include_context,review_or_background,unknown,pmc_available,unknown,SUB008-Q001,Adjacent experimental/clinical evidence may frame RTK or MAPK bypass but lacks explicit PI3K-alpha resistance linkage.
SUB008,pmid-33622114,33622114,unknown,10.1080/14656566.2021.1873952,"Alpelisib for the treatment of PIK3CA-mutated, hormone receptor-positive, HER2-negative metastatic breast cancer.",Expert opinion on pharmacotherapy,2021,"Clinical Trial, Phase III;Journal Article;Randomized Controlled Trial",include_context,review_or_background,unknown,abstract_available,unknown,SUB008-Q001,Adjacent experimental/clinical evidence may frame RTK or MAPK bypass but lacks explicit PI3K-alpha resistance linkage.
SUB008,pmid-33842357,33842357,PMC8027489,10.3389/fonc.2021.644737,"PIK3CA Mutations as a Molecular Target for Hormone Receptor-Positive, HER2-Negative Metastatic Breast Cancer.",Frontiers in oncology,2021,Journal Article;Review,include_context,review_or_background,unknown,pmc_available,unknown,SUB008-Q001,Useful review or clinical context for PI3K/RTK/MAPK crosstalk but not claim-direct resistance evidence.
SUB008,pmid-33909934,33909934,PMC8265362,10.1002/onco.13804,"Effectiveness of Alpelisib + Fulvestrant Compared with Real-World Standard Treatment Among Patients with HR+, HER2-, PIK3CA-Mutated Breast Cancer.",The oncologist,2021,"Clinical Trial, Phase II;Journal Article;Multicenter Study;Research Support, Non-U.S. Gov't",include_context,review_or_background,unknown,pmc_available,unknown,SUB008-Q001,Adjacent experimental/clinical evidence may frame RTK or MAPK bypass but lacks explicit PI3K-alpha resistance linkage.
SUB008,pmid-33976551,33976551,PMC8104980,10.2147/OTT.S298720,"Advances in Therapy for Hormone Receptor (HR)-Positive, Human Epidermal Growth Factor Receptor 2 (HER2)-Negative Advanced Breast Cancer Patients Who Have Experienced Progression After Treatment with CDK4/6 Inhibitors.",OncoTargets and therapy,2021,Journal Article;Review,include_context,review_or_background,unknown,pmc_available,unknown,SUB008-Q001,Useful review or clinical context for PI3K/RTK/MAPK crosstalk but not claim-direct resistance evidence.
SUB008,pmid-34067117,34067117,PMC8125641,10.3390/cancers13092250,IGF2 Mediates Resistance to Isoform-Selective-Inhibitors of the PI3K in HPV Positive Head and Neck Cancer.,Cancers,2021,Journal Article,include_context,review_or_background,unknown,pmc_available,unknown,SUB008-Q001,Adjacent experimental/clinical evidence may frame RTK or MAPK bypass but lacks explicit PI3K-alpha resistance linkage.
SUB008,pmid-34094246,34094246,PMC8162119,10.1039/d0sc02221g,Probing metabolic alterations in breast cancer in response to molecular inhibitors with Raman spectroscopy and validated with mass spectrometry.,Chemical science,2020,Journal Article,include_context,review_or_background,unknown,pmc_available,unknown,SUB008-Q001,Adjacent experimental/clinical evidence may frame RTK or MAPK bypass but lacks explicit PI3K-alpha resistance linkage.
SUB008,pmid-34547385,34547385,unknown,10.1016/j.phrs.2021.105900,Development of PI3K inhibitors: Advances in clinical trials and new strategies (Review).,Pharmacological research,2021,"Journal Article;Research Support, Non-U.S. Gov't;Review",include_context,review_or_background,unknown,abstract_available,unknown,SUB008-Q001,Useful review or clinical context for PI3K/RTK/MAPK crosstalk but not claim-direct resistance evidence.
SUB008,pmid-34842356,34842356,PMC8567053,10.1002/ctm2.589,Large-scale genomic sequencing reveals adaptive opportunity of targeting mutated-PI3Kα in early and advanced HER2-positive breast cancer.,Clinical and translational medicine,2021,"Journal Article;Research Support, Non-U.S. Gov't",include_context,review_or_background,unknown,pmc_available,unknown,SUB008-Q001,Adjacent experimental/clinical evidence may frame RTK or MAPK bypass but lacks explicit PI3K-alpha resistance linkage.
SUB008,pmid-35055414,35055414,PMC8779216,10.3390/jpm12010099,Use of Circulating Tumour DNA (ctDNA) for Measurement of Therapy Predictive Biomarkers in Patients with Cancer.,Journal of personalized medicine,2022,Journal Article;Review,include_context,review_or_background,unknown,pmc_available,unknown,SUB008-Q001,Useful review or clinical context for PI3K/RTK/MAPK crosstalk but not claim-direct resistance evidence.
SUB008,pmid-35357905,35357905,PMC8984255,10.1200/PO.21.00370,PIK3CA Mutations Drive Therapeutic Resistance in Human Epidermal Growth Factor Receptor 2-Positive Breast Cancer.,JCO precision oncology,2022,Journal Article;Review,include_context,review_or_background,unknown,pmc_available,unknown,SUB008-Q001,Useful review or clinical context for PI3K/RTK/MAPK crosstalk but not claim-direct resistance evidence.
SUB008,pmid-35982377,35982377,unknown,10.1007/s11427-021-2140-8,Overexpressed Cyclin D1 and CDK4 proteins are responsible for the resistance to CDK4/6 inhibitor in breast cancer that can be reversed by PI3K/mTOR inhibitors.,Science China. Life sciences,2022,Journal Article,include_context,review_or_background,unknown,abstract_available,unknown,SUB008-Q001,Adjacent experimental/clinical evidence may frame RTK or MAPK bypass but lacks explicit PI3K-alpha resistance linkage.
SUB008,pmid-36319849,36319849,PMC9814377,10.1038/s41416-022-02032-w,PAK and PI3K pathway activation confers resistance to KRASG12C inhibitor sotorasib.,British journal of cancer,2022,"Journal Article;Research Support, Non-U.S. Gov't",include_context,review_or_background,unknown,pmc_available,unknown,SUB008-Q001,Adjacent experimental/clinical evidence may frame RTK or MAPK bypass but lacks explicit PI3K-alpha resistance linkage.
SUB008,pmid-36633813,36633813,unknown,10.1007/s40262-022-01195-2,Pharmacokinetics and Pharmacodynamic of Alpelisib.,Clinical pharmacokinetics,2023,Journal Article;Review,include_context,review_or_background,unknown,abstract_available,unknown,SUB008-Q001,Useful review or clinical context for PI3K/RTK/MAPK crosstalk but not claim-direct resistance evidence.
SUB008,pmid-36717865,36717865,PMC9885631,10.1186/s13046-023-02606-3,Patient-derived cell-based pharmacogenomic assessment to unveil underlying resistance mechanisms and novel therapeutics for advanced lung cancer.,Journal of experimental & clinical cancer research : CR,2023,Journal Article,include_context,review_or_background,unknown,pmc_available,unknown,SUB008-Q001,Adjacent experimental/clinical evidence may frame RTK or MAPK bypass but lacks explicit PI3K-alpha resistance linkage.
SUB008,pmid-36998707,36998707,PMC10043427,10.17179/excli2022-5064,Anti-tumor effects of low-dose metronomic vinorelbine in combination with alpelisib in breast cancer cells.,EXCLI journal,2023,Journal Article,include_context,review_or_background,unknown,pmc_available,unknown,SUB008-Q001,Adjacent experimental/clinical evidence may frame RTK or MAPK bypass but lacks explicit PI3K-alpha resistance linkage.
SUB008,pmid-37469415,37469415,PMC10353540,10.3389/fonc.2023.1108242,The effect of the alpha-specific PI3K inhibitor alpelisib combined with anti-HER2 therapy in HER2+/PIK3CA mutant breast cancer.,Frontiers in oncology,2023,Journal Article,include_context,review_or_background,unknown,pmc_available,unknown,SUB008-Q001,Adjacent experimental/clinical evidence may frame RTK or MAPK bypass but lacks explicit PI3K-alpha resistance linkage.
SUB008,pmid-37511178,37511178,PMC10379453,10.3390/ijms241411419,Real-World Use of Highly Sensitive Liquid Biopsy Monitoring in Metastatic Breast Cancer Patients Treated with Endocrine Agents after Exposure to Aromatase Inhibitors.,International journal of molecular sciences,2023,Journal Article,include_context,review_or_background,unknown,pmc_available,unknown,SUB008-Q001,Adjacent experimental/clinical evidence may frame RTK or MAPK bypass but lacks explicit PI3K-alpha resistance linkage.
SUB008,pmid-37934115,37934115,PMC10722132,10.1158/0008-5472.CAN-23-1127,CRISPR Screening Identifies Mechanisms of Resistance to KRASG12C and SHP2 Inhibitor Combinations in Non-Small Cell Lung Cancer.,Cancer research,2023,"Journal Article;Research Support, Non-U.S. Gov't",include_context,review_or_background,unknown,pmc_available,unknown,SUB008-Q001,Adjacent experimental/clinical evidence may frame RTK or MAPK bypass but lacks explicit PI3K-alpha resistance linkage.
SUB008,pmid-38286037,38286037,PMC11627550,10.1016/j.biopha.2024.116217,β1 integrin mediates unresponsiveness to PI3Kα inhibition for radiochemosensitization of 3D HNSCC models.,Biomedicine & pharmacotherapy = Biomedecine & pharmacotherapie,2024,Journal Article,include_context,review_or_background,unknown,pmc_available,unknown,SUB008-Q001,Adjacent experimental/clinical evidence may frame RTK or MAPK bypass but lacks explicit PI3K-alpha resistance linkage.
SUB008,pmid-38796763,38796763,PMC11145577,10.14341/probl13337,[Toxic manifestations of alpelisib in endocrinology. Description of the clinical case].,Problemy endokrinologii,2023,Journal Article;Case Reports;English Abstract,include_context,review_or_background,unknown,pmc_available,unknown,SUB008-Q001,Adjacent experimental/clinical evidence may frame RTK or MAPK bypass but lacks explicit PI3K-alpha resistance linkage.
SUB008,pmid-38815877,38815877,unknown,10.1016/j.critrevonc.2024.104404,Navigating the complexity of PI3K/AKT pathway in HER-2 negative breast cancer: biomarkers and beyond.,Critical reviews in oncology/hematology,2024,Journal Article;Review,include_context,review_or_background,unknown,abstract_available,unknown,SUB008-Q001,Useful review or clinical context for PI3K/RTK/MAPK crosstalk but not claim-direct resistance evidence.
SUB008,pmid-38819400,38819400,PMC11325148,10.1158/1078-0432.CCR-23-3465,Oral Estrogen Receptor PROTAC Vepdegestrant (ARV-471) Is Highly Efficacious as Monotherapy and in Combination with CDK4/6 or PI3K/mTOR Pathway Inhibitors in Preclinical ER+ Breast Cancer Models.,Clinical cancer research : an official journal of the American Association for Cancer Research,2024,Journal Article,include_context,review_or_background,unknown,pmc_available,unknown,SUB008-Q001,Adjacent experimental/clinical evidence may frame RTK or MAPK bypass but lacks explicit PI3K-alpha resistance linkage.
SUB008,pmid-38839777,38839777,PMC11153628,10.1038/s41523-024-00648-0,Gedatolisib shows superior potency and efficacy versus single-node PI3K/AKT/mTOR inhibitors in breast cancer models.,NPJ breast cancer,2024,Journal Article,include_context,review_or_background,unknown,pmc_available,unknown,SUB008-Q001,Adjacent experimental/clinical evidence may frame RTK or MAPK bypass but lacks explicit PI3K-alpha resistance linkage.
SUB008,pmid-38927964,38927964,PMC11201395,10.3390/cancers16122259,Resistance to Targeted Inhibitors of the PI3K/AKT/mTOR Pathway in Advanced Oestrogen-Receptor-Positive Breast Cancer.,Cancers,2024,Journal Article;Review,include_context,review_or_background,unknown,pmc_available,unknown,SUB008-Q001,Useful review or clinical context for PI3K/RTK/MAPK crosstalk but not claim-direct resistance evidence.
SUB008,pmid-39171586,39171586,unknown,10.2174/0109298673327425240815065221,A Perspective of PI3K/AKT/mTOR Pathway Inhibitors to Overcome Drug-resistance in Breast Cancer Therapy.,Current medicinal chemistry,2025,Journal Article;Review,include_context,review_or_background,unknown,abstract_available,unknown,SUB008-Q001,Useful review or clinical context for PI3K/RTK/MAPK crosstalk but not claim-direct resistance evidence.
SUB008,pmid-39253474,39253474,PMC11383287,10.1101/2024.08.23.609433,Mechanistic modeling of cell viability assays with in silico lineage tracing.,bioRxiv : the preprint server for biology,2024,Journal Article;Preprint,include_context,review_or_background,unknown,pmc_available,unknown,SUB008-Q001,Adjacent experimental/clinical evidence may frame RTK or MAPK bypass but lacks explicit PI3K-alpha resistance linkage.
SUB008,pmid-39302579,39302579,unknown,10.1007/s10549-024-07495-4,Genomic and transcriptomic landscape of HER2-low breast cancer.,Breast cancer research and treatment,2024,Journal Article,include_context,review_or_background,unknown,abstract_available,unknown,SUB008-Q001,Adjacent experimental/clinical evidence may frame RTK or MAPK bypass but lacks explicit PI3K-alpha resistance linkage.
SUB008,pmid-39409880,39409880,PMC11476299,10.3390/cancers16193259,PLK1 Inhibitor Onvansertib Enhances the Efficacy of Alpelisib in PIK3CA-Mutated HR-Positive Breast Cancer Resistant to Palbociclib and Endocrine Therapy: Preclinical Insights.,Cancers,2024,Journal Article,include_context,review_or_background,unknown,pmc_available,unknown,SUB008-Q001,Adjacent experimental/clinical evidence may frame RTK or MAPK bypass but lacks explicit PI3K-alpha resistance linkage.
SUB008,pmid-39652577,39652577,PMC11831106,10.1158/0008-5472.CAN-24-2608,"Imlunestrant Is an Oral, Brain-Penetrant Selective Estrogen Receptor Degrader with Potent Antitumor Activity in ESR1 Wild-Type and Mutant Breast Cancer.",Cancer research,2025,"Journal Article;Research Support, Non-U.S. Gov't",include_context,review_or_background,unknown,pmc_available,unknown,SUB008-Q001,Adjacent experimental/clinical evidence may frame RTK or MAPK bypass but lacks explicit PI3K-alpha resistance linkage.
SUB008,pmid-39662202,39662202,unknown,10.1016/j.ctrv.2024.102861,PI3K/AKT/mTOR inhibitors for hormone receptor-positive advanced breast cancer.,Cancer treatment reviews,2024,Journal Article;Review,include_context,review_or_background,unknown,abstract_available,unknown,SUB008-Q001,Useful review or clinical context for PI3K/RTK/MAPK crosstalk but not claim-direct resistance evidence.
SUB008,pmid-39709507,39709507,PMC11839470,10.1038/s41417-024-00867-4,PIK3CA mutation fortifies molecular determinants for immune signaling in vascular cancers.,Cancer gene therapy,2024,Journal Article,include_context,review_or_background,unknown,pmc_available,unknown,SUB008-Q001,Adjacent experimental/clinical evidence may frame RTK or MAPK bypass but lacks explicit PI3K-alpha resistance linkage.
SUB008,pmid-40113784,40113784,PMC11926384,10.1038/s41392-025-02180-4,Targeting PI3K inhibitor resistance in breast cancer with metabolic drugs.,Signal transduction and targeted therapy,2025,"Journal Article;Research Support, Non-U.S. Gov't",include_context,review_or_background,unknown,pmc_available,unknown,SUB008-Q001,Adjacent experimental/clinical evidence may frame RTK or MAPK bypass but lacks explicit PI3K-alpha resistance linkage.
SUB008,pmid-40121890,40121890,unknown,10.1016/j.ctrv.2025.102924,"Post-progression treatment options after CDK4/6 inhibitors in hormone receptor-positive, HER2-negative metastatic breast cancer.",Cancer treatment reviews,2025,Journal Article;Review,include_context,review_or_background,unknown,abstract_available,unknown,SUB008-Q001,Useful review or clinical context for PI3K/RTK/MAPK crosstalk but not claim-direct resistance evidence.
SUB008,pmid-40163189,40163189,unknown,10.1007/s11864-025-01310-y,Novel Estrogen Receptor - Targeted Therapies in Hormone-Receptor Positive Breast Cancer.,Current treatment options in oncology,2025,Journal Article;Review,include_context,review_or_background,unknown,abstract_available,unknown,SUB008-Q001,Useful review or clinical context for PI3K/RTK/MAPK crosstalk but not claim-direct resistance evidence.
SUB008,pmid-40344957,40344957,PMC12138406,10.1016/j.breast.2025.104485,Expert consensus on treating HR+/HER2- metastatic breast cancer based on real-world practice patterns observed in the RETRACT survey of US oncologists.,"Breast (Edinburgh, Scotland)",2025,Journal Article;Consensus Statement,include_context,review_or_background,unknown,pmc_available,unknown,SUB008-Q001,Useful review or clinical context for PI3K/RTK/MAPK crosstalk but not claim-direct resistance evidence.
SUB008,pmid-40880521,40880521,PMC12416836,10.1371/journal.pcbi.1013156,Mechanistic modeling of cell viability assays with in silico lineage tracing.,PLoS computational biology,2025,"Journal Article;Research Support, N.I.H., Extramural",include_context,review_or_background,unknown,pmc_available,unknown,SUB008-Q001,Adjacent experimental/clinical evidence may frame RTK or MAPK bypass but lacks explicit PI3K-alpha resistance linkage.
SUB008,pmid-40989687,40989687,PMC12450692,10.3389/fonc.2025.1596634,Pharmacologic management of HR+/HER2- mBC: a clinically oriented review.,Frontiers in oncology,2025,Journal Article;Review,include_context,review_or_background,unknown,pmc_available,unknown,SUB008-Q001,Useful review or clinical context for PI3K/RTK/MAPK crosstalk but not claim-direct resistance evidence.
SUB008,pmid-41079023,41079023,PMC12514518,10.1016/j.eclinm.2025.103535,Efficacy and safety of systemic therapies following progression on CDK4/6 inhibitors in patients with HR+/HER2- metastatic breast cancer: a systematic review and network meta-analysis.,EClinicalMedicine,2025,Journal Article,include_context,review_or_background,unknown,pmc_available,unknown,SUB008-Q001,Useful review or clinical context for PI3K/RTK/MAPK crosstalk but not claim-direct resistance evidence.
SUB008,pmid-41658572,41658572,PMC12872529,10.3389/fonc.2025.1706670,Optimizing second-line endocrine-based treatment in HR positive HER2 negative metastatic breast cancer: a comprehensive expert statement from the Gulf Cooperation Council Region.,Frontiers in oncology,2026,Journal Article;Review,include_context,review_or_background,unknown,pmc_available,unknown,SUB008-Q001,Useful review or clinical context for PI3K/RTK/MAPK crosstalk but not claim-direct resistance evidence.
SUB008,pmid-41967638,41967638,unknown,10.1016/j.annonc.2026.04.003,Genomic determinants of response to alpelisib plus fulvestrant in the SOLAR-1 trial.,Annals of oncology : official journal of the European Society for Medical Oncology,2026,Journal Article,include_context,review_or_background,unknown,abstract_available,unknown,SUB008-Q001,Adjacent experimental/clinical evidence may frame RTK or MAPK bypass but lacks explicit PI3K-alpha resistance linkage.
SUB008,pmid-41999684,41999684,PMC13101763,10.1016/j.breast.2026.104786,Integrating PIK3CA Testing into Clinical Practice for Advanced HR+/HER2- Breast Cancer: An Expert Consensus.,"Breast (Edinburgh, Scotland)",2026,Consensus Statement;Journal Article,include_context,review_or_background,unknown,pmc_available,unknown,SUB008-Q001,Useful review or clinical context for PI3K/RTK/MAPK crosstalk but not claim-direct resistance evidence.
SUB008,pmid-42052484,42052484,PMC13111025,10.3389/fonc.2026.1807951,Application of PI3K inhibitors in breast cancer treatment: a clinical trial landscape analysis based on clinical trial databases and registries.,Frontiers in oncology,2026,Journal Article;Systematic Review,include_context,review_or_background,unknown,pmc_available,unknown,SUB008-Q001,Useful review or clinical context for PI3K/RTK/MAPK crosstalk but not claim-direct resistance evidence.
SUB008,pmid-42074235,42074235,PMC13116710,10.3390/ijms27083597,SGLT2 Inhibitor Dapagliflozin Attenuates Cardiomyocyte Injury and Inflammation Induced by PI3Kα-Selective Inhibitor Alpelisib and Fulvestrant Under Hyperglycemia.,International journal of molecular sciences,2026,Journal Article,include_context,review_or_background,unknown,pmc_available,unknown,SUB008-Q001,Adjacent experimental/clinical evidence may frame RTK or MAPK bypass but lacks explicit PI3K-alpha resistance linkage.
SUB008,pmid-42239750,42239750,PMC13228831,10.21203/rs.3.rs-9372889/v1,A Novel Patient-Derived Xenograft Model of Inflammatory Breast Cancer.,Research square,2026,Journal Article;Preprint,include_context,review_or_background,unknown,pmc_available,unknown,SUB008-Q001,Adjacent experimental/clinical evidence may frame RTK or MAPK bypass but lacks explicit PI3K-alpha resistance linkage.
SUB008,pmid-42263466,42263466,unknown,10.1016/j.clbc.2026.05.004,"Pharmacologic Features, Clinical Applications, and Drug Safety Evaluation of Inavolisib in the Treatment of Metastatic Breast Cancer.",Clinical breast cancer,2026,Journal Article;Review,include_context,review_or_background,unknown,abstract_available,unknown,SUB008-Q001,Useful review or clinical context for PI3K/RTK/MAPK crosstalk but not claim-direct resistance evidence.
SUB008,pmid-42341421,42341421,unknown,10.1016/j.bbrc.2026.154189,Functional characterization of PIK3CA E545A mutation in MCF-7 breast cancer cells reveals enhanced proliferation and resistance to Alpelisib.,Biochemical and biophysical research communications,2026,Journal Article,include_context,review_or_background,unknown,abstract_available,unknown,SUB008-Q001,Adjacent experimental/clinical evidence may frame RTK or MAPK bypass but lacks explicit PI3K-alpha resistance linkage.
SUB008,pmid-42351448,42351448,PMC13298351,10.3390/diagnostics16121790,"Post-CDK4/6 Inhibitor Therapeutic Approaches in Hormone Receptor-Positive, HER2-Negative Metastatic Breast Cancer: Current Evidence and Emerging Strategies-A Narrative Review.","Diagnostics (Basel, Switzerland)",2026,Journal Article;Review,include_context,review_or_background,unknown,pmc_available,unknown,SUB008-Q001,Useful review or clinical context for PI3K/RTK/MAPK crosstalk but not claim-direct resistance evidence.
SUB008,pmid-42391812,42391812,unknown,10.1016/j.bioorg.2026.110190,Integrative multi-omics and machine learning reveal PLAUR as a Pan-Cancer prognostic biomarker and potential therapeutic target.,Bioorganic chemistry,2026,Journal Article,include_context,review_or_background,unknown,abstract_available,unknown,SUB008-Q001,Adjacent experimental/clinical evidence may frame RTK or MAPK bypass but lacks explicit PI3K-alpha resistance linkage.
SUB008,pmid-42405409,42405409,unknown,10.2174/0113895575463121260609115219,Medicinal Chemistry Perspectives on Molecular Targets and Targeted Therapeutic Strategies in Breast Cancer.,Mini reviews in medicinal chemistry,2026,Journal Article,include_context,review_or_background,unknown,abstract_available,unknown,SUB008-Q001,Useful review or clinical context for PI3K/RTK/MAPK crosstalk but not claim-direct resistance evidence.
SUB008,pmid-42445743,42445743,PMC13361340,10.2147/DDDT.S611371,Precision Endocrine-Based Combinations After CDK4/6 Inhibitor Progression in HR-Positive Metastatic Breast Cancer.,"Drug design, development and therapy",2026,Journal Article;Review,include_context,review_or_background,unknown,pmc_available,unknown,SUB008-Q001,Useful review or clinical context for PI3K/RTK/MAPK crosstalk but not claim-direct resistance evidence.
SUB008,pmid-42518131,42518131,PMC13529841,10.1007/s40265-026-02347-5,Emerging Strategies Targeting the PI3K/AKT/mTOR Pathway in HR+/HER2- Advanced Breast Cancer.,Drugs,2026,Journal Article;Review,include_context,review_or_background,unknown,pmc_available,unknown,SUB008-Q001,Useful review or clinical context for PI3K/RTK/MAPK crosstalk but not claim-direct resistance evidence.
SUB008,pmid-42635598,42635598,unknown,10.1158/1078-0432.CCR-26-1816,"Elacestrant in Combination with Everolimus for Estrogen Receptor-Positive, HER2-Negative Previously Treated Advanced Breast Cancer: Results from ELEVATE.",Clinical cancer research : an official journal of the American Association for Cancer Research,2026,Journal Article,include_context,review_or_background,unknown,abstract_available,unknown,SUB008-Q001,Adjacent experimental/clinical evidence may frame RTK or MAPK bypass but lacks explicit PI3K-alpha resistance linkage.
SUB008,pmid-24249715,24249715,PMC3902650,10.1158/1535-7163.MCT-13-0518,Enhanced PI3K p110α signaling confers acquired lapatinib resistance that can be effectively reversed by a p110α-selective PI3K inhibitor.,Molecular cancer therapeutics,2013,"Journal Article;Research Support, N.I.H., Extramural;Research Support, Non-U.S. Gov't",include_primary,primary_mechanism,unknown,pmc_available,unknown,SUB008-Q001,Directly tests RTK/HER/IGF/MAPK bypass or combination rescue around PI3K-alpha or PI3K pathway inhibition.
SUB008,pmid-24263233,24263233,PMC3849569,10.1038/emm.2013.115,Phosphoproteomic analysis identifies activated MET-axis PI3K/AKT and MAPK/ERK in lapatinib-resistant cancer cell line.,Experimental & molecular medicine,2013,"Journal Article;Research Support, Non-U.S. Gov't",include_primary,primary_mechanism,unknown,pmc_available,unknown,SUB008-Q001,Directly tests RTK/HER/IGF/MAPK bypass or combination rescue around PI3K-alpha or PI3K pathway inhibition.
SUB008,pmid-24879796,24879796,unknown,10.1158/1078-0432.CCR-13-2769,Targeting PI3K/mTOR overcomes resistance to HER2-targeted therapy independent of feedback activation of AKT.,Clinical cancer research : an official journal of the American Association for Cancer Research,2014,"Journal Article;Research Support, Non-U.S. Gov't;Research Support, U.S. Gov't, Non-P.H.S.",include_primary,primary_mechanism,unknown,abstract_available,unknown,SUB008-Q001,Directly tests RTK/HER/IGF/MAPK bypass or combination rescue around PI3K-alpha or PI3K pathway inhibition.
SUB008,pmid-25528022,25528022,unknown,10.1007/s10549-014-3239-5,A preclinical evaluation of the PI3K alpha/delta dominant inhibitor BAY 80-6946 in HER2-positive breast cancer models with acquired resistance to the HER2-targeted therapies trastuzumab and lapatinib.,Breast cancer research and treatment,2014,"Journal Article;Research Support, Non-U.S. Gov't",include_primary,primary_mechanism,unknown,abstract_available,unknown,SUB008-Q001,Directly tests RTK/HER/IGF/MAPK bypass or combination rescue around PI3K-alpha or PI3K pathway inhibition.
SUB008,pmid-25873175,25873175,PMC4398915,10.1016/j.ccell.2015.03.010,AXL mediates resistance to PI3Kα inhibition by activating the EGFR/PKC/mTOR axis in head and neck and esophageal squamous cell carcinomas.,Cancer cell,2015,Journal Article,include_primary,primary_mechanism,unknown,pmc_available,unknown,SUB008-Q001,Directly tests RTK/HER/IGF/MAPK bypass or combination rescue around PI3K-alpha or PI3K pathway inhibition.
SUB008,pmid-27048245,27048245,PMC4820873,10.1186/s13058-016-0697-1,Activation of IGF1R/p110β/AKT/mTOR confers resistance to α-specific PI3K inhibition.,Breast cancer research : BCR,2016,"Journal Article;Research Support, Non-U.S. Gov't",include_primary,primary_mechanism,unknown,pmc_available,unknown,SUB008-Q001,Directly tests RTK/HER/IGF/MAPK bypass or combination rescue around PI3K-alpha or PI3K pathway inhibition.
SUB008,pmid-28382169,28382169,PMC5381259,10.7150/thno.17830,Integration of Receptor Tyrosine Kinases Determines Sensitivity to PI3Kα-selective Inhibitors in Breast Cancer.,Theranostics,2017,Journal Article,include_primary,primary_mechanism,unknown,pmc_available,unknown,SUB008-Q001,Directly tests RTK/HER/IGF/MAPK bypass or combination rescue around PI3K-alpha or PI3K pathway inhibition.
SUB008,pmid-29231907,29231907,PMC5742817,10.3390/cancers9120169,Activated HGF-c-Met Axis in Head and Neck Cancer.,Cancers,2017,Journal Article;Review,include_primary,primary_mechanism,unknown,pmc_available,unknown,SUB008-Q001,Directly tests RTK/HER/IGF/MAPK bypass or combination rescue around PI3K-alpha or PI3K pathway inhibition.
SUB008,pmid-29850984,29850984,unknown,10.1007/s10549-018-4792-0,Phase I study of alpelisib (BYL-719) and trastuzumab emtansine (T-DM1) in HER2-positive metastatic breast cancer (MBC) after trastuzumab and taxane therapy.,Breast cancer research and treatment,2018,"Clinical Trial, Phase I;Journal Article",include_primary,primary_mechanism,unknown,abstract_available,unknown,SUB008-Q001,Directly tests RTK/HER/IGF/MAPK bypass or combination rescue around PI3K-alpha or PI3K pathway inhibition.
SUB008,pmid-33947692,33947692,PMC8282678,10.1158/1078-0432.CCR-21-0047,A Phase I Study of Alpelisib in Combination with Trastuzumab and LJM716 in Patients with PIK3CA-Mutated HER2-Positive Metastatic Breast Cancer.,Clinical cancer research : an official journal of the American Association for Cancer Research,2021,"Clinical Trial, Phase I;Journal Article;Research Support, N.I.H., Extramural;Research Support, Non-U.S. Gov't",include_primary,primary_mechanism,unknown,pmc_available,unknown,SUB008-Q001,Directly tests RTK/HER/IGF/MAPK bypass or combination rescue around PI3K-alpha or PI3K pathway inhibition.
SUB008,pmid-35968355,35968355,PMC9360227,unknown,PI3K inhibitors in trastuzumab-resistant HER2-positive breast cancer cells with PI3K pathway alterations.,American journal of cancer research,2022,Journal Article,include_primary,primary_mechanism,unknown,pmc_available,unknown,SUB008-Q001,Directly tests RTK/HER/IGF/MAPK bypass or combination rescue around PI3K-alpha or PI3K pathway inhibition.
SUB008,pmid-36913051,36913051,PMC10147754,10.1007/s10549-023-06895-2,"Antitumor activity of the PI3K δ-sparing inhibitor MEN1611 in PIK3CA mutated, trastuzumab-resistant HER2 + breast cancer.",Breast cancer research and treatment,2023,Journal Article,include_primary,primary_mechanism,unknown,pmc_available,unknown,SUB008-Q001,Directly tests RTK/HER/IGF/MAPK bypass or combination rescue around PI3K-alpha or PI3K pathway inhibition.
SUB008,pmid-37348428,37348428,PMC10314290,10.1016/j.neo.2023.100913,P110α inhibitor alpelisib exhibits a synergistic effect with pyrotinib and reverses pyrotinib resistant in HER2+ breast cancer.,"Neoplasia (New York, N.Y.)",2023,"Journal Article;Research Support, Non-U.S. Gov't",include_primary,primary_mechanism,unknown,pmc_available,unknown,SUB008-Q001,Directly tests RTK/HER/IGF/MAPK bypass or combination rescue around PI3K-alpha or PI3K pathway inhibition.
SUB008,pmid-37501404,37501404,PMC10701778,10.1002/1878-0261.13500,Activation of the EGFR/PI3K/AKT pathway limits the efficacy of trametinib treatment in head and neck cancer.,Molecular oncology,2023,"Journal Article;Research Support, N.I.H., Extramural;Research Support, U.S. Gov't, Non-P.H.S.;Research Support, Non-U.S. Gov't",include_primary,primary_mechanism,unknown,pmc_available,unknown,SUB008-Q001,Directly tests RTK/HER/IGF/MAPK bypass or combination rescue around PI3K-alpha or PI3K pathway inhibition.
SUB008,pmid-37553597,37553597,PMC10408073,10.1186/s12885-023-11243-0,BYL719 reverses gefitinib-resistance induced by PI3K/AKT activation in non-small cell lung cancer cells.,BMC cancer,2023,Journal Article,include_primary,primary_mechanism,unknown,pmc_available,unknown,SUB008-Q001,Directly tests RTK/HER/IGF/MAPK bypass or combination rescue around PI3K-alpha or PI3K pathway inhibition.
SUB008,pmid-38986734,38986734,unknown,10.1016/j.canlet.2024.217112,PI3K PROTAC overcomes the lapatinib resistance in PIK3CA-mutant HER2 positive breast cancer.,Cancer letters,2024,Journal Article,include_primary,primary_mechanism,unknown,abstract_available,unknown,SUB008-Q001,Directly tests RTK/HER/IGF/MAPK bypass or combination rescue around PI3K-alpha or PI3K pathway inhibition.
SUB008,pmid-39469631,39469631,PMC11514072,10.3389/fphar.2024.1443422,Effects of BYL-719 (alpelisib) on human breast cancer stem cells to overcome drug resistance in human breast cancer.,Frontiers in pharmacology,2024,Journal Article,include_primary,primary_mechanism,unknown,pmc_available,unknown,SUB008-Q001,Directly tests RTK/HER/IGF/MAPK bypass or combination rescue around PI3K-alpha or PI3K pathway inhibition.
SUB008,pmid-39920872,39920872,PMC11806886,10.1186/s40170-025-00375-5,CD36 inhibition enhances the anti-proliferative effects of PI3K inhibitors in PTEN-loss anti-HER2 resistant breast cancer cells.,Cancer & metabolism,2025,Journal Article,include_primary,primary_mechanism,unknown,pmc_available,unknown,SUB008-Q001,Directly tests RTK/HER/IGF/MAPK bypass or combination rescue around PI3K-alpha or PI3K pathway inhibition.
SUB008,pmid-40510030,40510030,PMC12159599,10.20517/cdr.2024.181,FGFR1 overexpression promotes resistance to PI3K inhibitor alpelisib in luminal breast cancer cells through receptor tyrosine kinase signaling-mediated activation of the estrogen receptor.,"Cancer drug resistance (Alhambra, Calif.)",2025,Journal Article,include_primary,primary_mechanism,unknown,pmc_available,unknown,SUB008-Q001,Directly tests RTK/HER/IGF/MAPK bypass or combination rescue around PI3K-alpha or PI3K pathway inhibition.
SUB009,pmid-25877889,25877889,PMC4433148,10.1126/scitranslmed.aaa4442,PI3K inhibition results in enhanced estrogen receptor function and dependence in hormone receptor-positive breast cancer.,Science translational medicine,2015,"Journal Article;Research Support, N.I.H., Extramural;Research Support, Non-U.S. Gov't",include_context,review_or_background,unknown,pmc_available,unknown,SUB009-Q001,Adjacent ER/CDK4/6/endocrine biology informs crosstalk but is not direct PI3K-alpha regimen evidence.
SUB009,pmid-26793003,26793003,PMC4708174,10.2147/OTT.S89967,PI3K inhibitors as new cancer therapeutics: implications for clinical trial design.,OncoTargets and therapy,2016,Journal Article;Review,include_context,clinical_or_translational,unknown,pmc_available,unknown,SUB009-Q001,"Useful clinical landscape or endocrine sequencing context, but not direct trial or resistance evidence."
SUB009,pmid-26830312,26830312,unknown,10.1016/j.drup.2015.11.001,Treatment strategies for advanced hormone receptor-positive and human epidermal growth factor 2-negative breast cancer: the role of treatment order.,Drug resistance updates : reviews and commentaries in antimicrobial and anticancer chemotherapy,2015,"Journal Article;Research Support, Non-U.S. Gov't;Review",include_context,clinical_or_translational,unknown,abstract_available,unknown,SUB009-Q001,"Useful clinical landscape or endocrine sequencing context, but not direct trial or resistance evidence."
SUB009,pmid-27646965,27646965,unknown,10.1080/14656566.2016.1236914,New and developing chemical pharmacotherapy for treating hormone receptor-positive/HER2-negative breast cancer.,Expert opinion on pharmacotherapy,2016,Journal Article;Review,include_context,clinical_or_translational,unknown,abstract_available,unknown,SUB009-Q001,"Useful clinical landscape or endocrine sequencing context, but not direct trial or resistance evidence."
SUB009,pmid-28249908,28249908,PMC5421398,10.1158/0008-5472.CAN-16-2653,Kinome-Wide RNA Interference Screen Reveals a Role for PDK1 in Acquired Resistance to CDK4/6 Inhibition in ER-Positive Breast Cancer.,Cancer research,2017,Journal Article,include_context,review_or_background,unknown,pmc_available,unknown,SUB009-Q001,Adjacent ER/CDK4/6/endocrine biology informs crosstalk but is not direct PI3K-alpha regimen evidence.
SUB009,pmid-29252036,29252036,unknown,10.1080/13543784.2018.1417384,PI3K inhibition to overcome endocrine resistance in breast cancer.,Expert opinion on investigational drugs,2018,Journal Article;Review,include_context,clinical_or_translational,unknown,abstract_available,unknown,SUB009-Q001,"Useful clinical landscape or endocrine sequencing context, but not direct trial or resistance evidence."
SUB009,pmid-29868122,29868122,PMC5968201,10.3389/fgene.2018.00174,Screen for MicroRNA and Drug Interactions in Breast Cancer Cell Lines Points to miR-126 as a Modulator of CDK4/6 and PIK3CA Inhibitors.,Frontiers in genetics,2018,Journal Article,include_context,review_or_background,unknown,pmc_available,unknown,SUB009-Q001,Adjacent ER/CDK4/6/endocrine biology informs crosstalk but is not direct PI3K-alpha regimen evidence.
SUB009,pmid-30413407,30413407,unknown,10.1158/2159-8290.CD-NB2018-146,Alpelisib Extends PFS in PIK3CA-Mutant Breast Cancer.,Cancer discovery,2018,News,include_context,review_or_background,unknown,abstract_available,unknown,SUB009-Q001,Adjacent ER/CDK4/6/endocrine biology informs crosstalk but is not direct PI3K-alpha regimen evidence.
SUB009,pmid-30542378,30542378,PMC6236629,10.1177/1758835918808509,"Inhibitors targeting CDK4/6, PARP and PI3K in breast cancer: a review.",Therapeutic advances in medical oncology,2018,Journal Article;Review,include_context,clinical_or_translational,unknown,pmc_available,unknown,SUB009-Q001,"Useful clinical landscape or endocrine sequencing context, but not direct trial or resistance evidence."
SUB009,pmid-30651399,30651399,PMC6519770,10.1634/theoncologist.2018-0314,"Exploring Biomarkers of Phosphoinositide 3-Kinase Pathway Activation in the Treatment of Hormone Receptor Positive, Human Epidermal Growth Receptor 2 Negative Advanced Breast Cancer.",The oncologist,2019,"Journal Article;Research Support, Non-U.S. Gov't;Review",include_context,clinical_or_translational,unknown,pmc_available,unknown,SUB009-Q001,"Useful clinical landscape or endocrine sequencing context, but not direct trial or resistance evidence."
SUB009,pmid-31159599,31159599,unknown,10.1080/14740338.2019.1623877,Benefits versus risk profile of buparlisib for the treatment of breast cancer.,Expert opinion on drug safety,2019,Journal Article;Review,include_context,clinical_or_translational,unknown,abstract_available,unknown,SUB009-Q001,"Useful clinical landscape or endocrine sequencing context, but not direct trial or resistance evidence."
SUB009,pmid-31371343,31371343,PMC6825550,10.1158/1078-0432.CCR-19-0138,FGFR1 Amplification Mediates Endocrine Resistance but Retains TORC Sensitivity in Metastatic Hormone Receptor-Positive (HR+) Breast Cancer.,Clinical cancer research : an official journal of the American Association for Cancer Research,2019,"Journal Article;Research Support, N.I.H., Extramural;Research Support, Non-U.S. Gov't",include_context,review_or_background,unknown,pmc_available,unknown,SUB009-Q001,Adjacent ER/CDK4/6/endocrine biology informs crosstalk but is not direct PI3K-alpha regimen evidence.
SUB009,pmid-31780379,31780379,unknown,10.1016/j.clbc.2019.06.017,Practical Treatment Strategies and Future Directions After Progression While Receiving CDK4/6 Inhibition and Endocrine Therapy in Advanced HR+/HER2- Breast Cancer.,Clinical breast cancer,2019,Journal Article,include_context,clinical_or_translational,unknown,abstract_available,unknown,SUB009-Q001,"Useful clinical landscape or endocrine sequencing context, but not direct trial or resistance evidence."
SUB009,pmid-31859349,31859349,PMC6923787,10.1093/annonc/mdz381,Efficacy of PI3K inhibitors in advanced breast cancer.,Annals of oncology : official journal of the European Society for Medical Oncology,2019,"Journal Article;Research Support, Non-U.S. Gov't;Review",include_context,clinical_or_translational,unknown,pmc_available,unknown,SUB009-Q001,"Useful clinical landscape or endocrine sequencing context, but not direct trial or resistance evidence."
SUB009,pmid-31911865,31911865,PMC6943351,unknown,"ER+ metastatic breast cancer: past, present, and a prescription for an apoptosis-targeted future.",American journal of cancer research,2019,Journal Article;Review,include_context,clinical_or_translational,unknown,pmc_available,unknown,SUB009-Q001,"Useful clinical landscape or endocrine sequencing context, but not direct trial or resistance evidence."
SUB009,pmid-31928690,31928690,unknown,10.1093/annonc/mdz381,Efficacy of PI3K inhibitors in advanced breast cancer.,Annals of oncology : official journal of the European Society for Medical Oncology,2019,"Journal Article;Research Support, Non-U.S. Gov't;Review",include_context,clinical_or_translational,unknown,abstract_available,unknown,SUB009-Q001,"Useful clinical landscape or endocrine sequencing context, but not direct trial or resistance evidence."
SUB009,pmid-32637176,32637176,PMC7322582,10.1155/2020/3759179,A Systematic Review of the Prevalence and Diagnostic Workup of PIK3CA Mutations in HR+/HER2- Metastatic Breast Cancer.,International journal of breast cancer,2020,Journal Article,include_context,clinical_or_translational,unknown,pmc_available,unknown,SUB009-Q001,"Useful clinical landscape or endocrine sequencing context, but not direct trial or resistance evidence."
SUB009,pmid-32718997,32718997,unknown,10.1158/1078-0432.CCR-20-1008,A Phase Ib Study of Alpelisib or Buparlisib Combined with Tamoxifen Plus Goserelin in Premenopausal Women with HR-Positive HER2-Negative Advanced Breast Cancer.,Clinical cancer research : an official journal of the American Association for Cancer Research,2020,"Journal Article;Research Support, Non-U.S. Gov't",include_context,clinical_or_translational,unknown,abstract_available,unknown,SUB009-Q001,"Primary threshold downgrade: retained as context because one or more directness criteria were not met. Directly informs HR+/HER2- endocrine-resistant PI3K-alpha regimen interpretation, sequencing, or resistance biomarkers."
SUB009,pmid-32795346,32795346,PMC7427086,10.1186/s13058-020-01320-8,Targeting activated PI3K/mTOR signaling overcomes acquired resistance to CDK4/6-based therapies in preclinical models of hormone receptor-positive breast cancer.,Breast cancer research : BCR,2020,"Journal Article;Research Support, Non-U.S. Gov't;Research Support, U.S. Gov't, Non-P.H.S.",include_context,review_or_background,unknown,pmc_available,unknown,SUB009-Q001,Adjacent ER/CDK4/6/endocrine biology informs crosstalk but is not direct PI3K-alpha regimen evidence.
SUB009,pmid-32817061,32817061,PMC7437706,10.1136/esmoopen-2020-000890,PIK3CA mutation inhibition in hormone receptor-positive breast cancer: time has come.,ESMO open,2020,"Editorial;Research Support, Non-U.S. Gov't",include_context,review_or_background,unknown,pmc_available,unknown,SUB009-Q001,Adjacent ER/CDK4/6/endocrine biology informs crosstalk but is not direct PI3K-alpha regimen evidence.
SUB009,pmid-32958261,32958261,unknown,10.1053/j.seminoncol.2020.07.005,Management of ER positive metastatic breast cancer.,Seminars in oncology,2020,Journal Article;Review,include_context,clinical_or_translational,unknown,abstract_available,unknown,SUB009-Q001,"Useful clinical landscape or endocrine sequencing context, but not direct trial or resistance evidence."
SUB009,pmid-33216054,33216054,unknown,10.1188/20.CJON.673-680,PI3K Inhibitors and Adverse Events: Optimizing Patient Care for the Treatment of Advanced Breast Cancer.,Clinical journal of oncology nursing,2020,Journal Article,include_context,review_or_background,unknown,abstract_available,unknown,SUB009-Q001,Adjacent ER/CDK4/6/endocrine biology informs crosstalk but is not direct PI3K-alpha regimen evidence.
SUB009,pmid-33575071,33575071,PMC7646628,10.6004/jadpro.2020.11.7.9,Alpelisib: A Novel Therapy for Patients With PIK3CA-Mutated Metastatic Breast Cancer.,Journal of the advanced practitioner in oncology,2020,Journal Article,include_context,review_or_background,unknown,pmc_available,unknown,SUB009-Q001,Adjacent ER/CDK4/6/endocrine biology informs crosstalk but is not direct PI3K-alpha regimen evidence.
SUB009,pmid-33707948,33707948,PMC7943556,10.2147/TCRM.S251668,Role of Alpelisib in the Treatment of PIK3CA-Mutated Breast Cancer: Patient Selection and Clinical Perspectives.,Therapeutics and clinical risk management,2021,Journal Article;Review,include_context,clinical_or_translational,unknown,pmc_available,unknown,SUB009-Q001,"Useful clinical landscape or endocrine sequencing context, but not direct trial or resistance evidence."
SUB009,pmid-33842357,33842357,PMC8027489,10.3389/fonc.2021.644737,"PIK3CA Mutations as a Molecular Target for Hormone Receptor-Positive, HER2-Negative Metastatic Breast Cancer.",Frontiers in oncology,2021,Journal Article;Review,include_context,clinical_or_translational,unknown,pmc_available,unknown,SUB009-Q001,"Useful clinical landscape or endocrine sequencing context, but not direct trial or resistance evidence."
SUB009,pmid-33865994,33865994,unknown,10.1016/j.critrevonc.2021.103334,PI3K inhibition in breast cancer: Identifying and overcoming different flavors of resistance.,Critical reviews in oncology/hematology,2021,Journal Article;Review,include_context,clinical_or_translational,unknown,abstract_available,unknown,SUB009-Q001,"Useful clinical landscape or endocrine sequencing context, but not direct trial or resistance evidence."
SUB009,pmid-34020697,34020697,PMC8139055,10.1186/s13058-021-01433-8,Analysis of genomic and non-genomic signaling of estrogen receptor in PDX models of breast cancer treated with a combination of the PI3K inhibitor alpelisib (BYL719) and fulvestrant.,Breast cancer research : BCR,2021,"Journal Article;Research Support, Non-U.S. Gov't",include_context,review_or_background,unknown,pmc_available,unknown,SUB009-Q001,Adjacent ER/CDK4/6/endocrine biology informs crosstalk but is not direct PI3K-alpha regimen evidence.
SUB009,pmid-34338570,34338570,unknown,10.1080/14737140.2021.1960160,Combined endocrine and targeted therapy in luminal breast cancer.,Expert review of anticancer therapy,2021,Journal Article;Review,include_context,clinical_or_translational,unknown,abstract_available,unknown,SUB009-Q001,"Useful clinical landscape or endocrine sequencing context, but not direct trial or resistance evidence."
SUB009,pmid-34830800,34830800,PMC8616153,10.3390/cancers13225643,"Endocrine Treatment for Breast Cancer Patients Revisited-History, Standard of Care, and Possibilities of Improvement.",Cancers,2021,Journal Article;Review,include_context,clinical_or_translational,unknown,pmc_available,unknown,SUB009-Q001,"Useful clinical landscape or endocrine sequencing context, but not direct trial or resistance evidence."
SUB009,pmid-35406370,35406370,PMC8997133,10.3390/cancers14071598,Management Strategies for Hyperglycemia Associated with the α-Selective PI3K Inhibitor Alpelisib for the Treatment of Breast Cancer.,Cancers,2022,Journal Article;Review,include_context,clinical_or_translational,unknown,pmc_available,unknown,SUB009-Q001,"Useful clinical landscape or endocrine sequencing context, but not direct trial or resistance evidence."
SUB009,pmid-35450470,35450470,unknown,10.1177/10781552221096413,The efficacy and safety of alpelisib in breast cancer: A real-world analysis.,Journal of oncology pharmacy practice : official publication of the International Society of Oncology Pharmacy Practitioners,2022,Journal Article,include_context,review_or_background,unknown,abstract_available,unknown,SUB009-Q001,Adjacent ER/CDK4/6/endocrine biology informs crosstalk but is not direct PI3K-alpha regimen evidence.
SUB009,pmid-35771551,35771551,unknown,10.1158/2159-8290.CD-21-1696,"Alpelisib Monotherapy for PI3K-Altered, Pretreated Advanced Breast Cancer: A Phase II Study.",Cancer discovery,2022,"Clinical Trial, Phase II;Journal Article;Research Support, Non-U.S. Gov't",include_context,review_or_background,unknown,abstract_available,unknown,SUB009-Q001,Adjacent ER/CDK4/6/endocrine biology informs crosstalk but is not direct PI3K-alpha regimen evidence.
SUB009,pmid-35880333,35880333,unknown,10.3760/cma.j.cn112152-20220412-00251,[Expert consensus on the clinical application of PI3K/AKT/mTOR inhibitors in the treatment of advanced breast cancer].,Zhonghua zhong liu za zhi [Chinese journal of oncology],2022,Journal Article;Consensus Statement,include_context,clinical_or_translational,unknown,abstract_available,unknown,SUB009-Q001,"Useful clinical landscape or endocrine sequencing context, but not direct trial or resistance evidence."
SUB009,pmid-35903715,35903715,PMC9315399,10.1055/a-1811-6148,Update Breast Cancer 2022 Part 2 - Advanced Stage Breast Cancer.,Geburtshilfe und Frauenheilkunde,2022,Journal Article,include_context,review_or_background,unknown,pmc_available,unknown,SUB009-Q001,Adjacent ER/CDK4/6/endocrine biology informs crosstalk but is not direct PI3K-alpha regimen evidence.
SUB009,pmid-36071033,36071033,PMC9452562,10.1038/s41467-022-32828-6,High p16 expression and heterozygous RB1 loss are biomarkers for CDK4/6 inhibitor resistance in ER+ breast cancer.,Nature communications,2022,"Journal Article;Research Support, Non-U.S. Gov't;Research Support, N.I.H., Extramural;Research Support, U.S. Gov't, Non-P.H.S.",include_context,review_or_background,unknown,pmc_available,unknown,SUB009-Q001,Adjacent ER/CDK4/6/endocrine biology informs crosstalk but is not direct PI3K-alpha regimen evidence.
SUB009,pmid-36292649,36292649,PMC9601363,10.3390/genes13101763,Alpelisib Efficacy in Hormone Receptor-Positive HER2-Negative PIK3CA-Mutant Advanced Breast Cancer Post-Everolimus Treatment.,Genes,2022,"Journal Article;Research Support, Non-U.S. Gov't",include_context,review_or_background,unknown,pmc_available,unknown,SUB009-Q001,Adjacent ER/CDK4/6/endocrine biology informs crosstalk but is not direct PI3K-alpha regimen evidence.
SUB009,pmid-36539444,36539444,PMC9768132,10.1038/s41523-022-00499-7,Histology-based survival outcomes in hormone receptor-positive metastatic breast cancer treated with targeted therapies.,NPJ breast cancer,2022,Journal Article,include_context,review_or_background,unknown,pmc_available,unknown,SUB009-Q001,Adjacent ER/CDK4/6/endocrine biology informs crosstalk but is not direct PI3K-alpha regimen evidence.
SUB009,pmid-36901954,36901954,PMC10003259,10.3390/ijms24054522,Drugging the PI3K/AKT/mTOR Pathway in ER+ Breast Cancer.,International journal of molecular sciences,2023,Journal Article;Review,include_context,clinical_or_translational,unknown,pmc_available,unknown,SUB009-Q001,"Useful clinical landscape or endocrine sequencing context, but not direct trial or resistance evidence."
SUB009,pmid-37026492,37026492,unknown,10.2174/1568009623666230407101128,Second-line Endocrine Therapy of Hormone Receptor-positive/HER2- negative Advanced Breast Cancer: A Systematic Review and Network Meta-analysis.,Current cancer drug targets,2023,"Systematic Review;Journal Article;Research Support, Non-U.S. Gov't;Network Meta-Analysis",include_context,clinical_or_translational,unknown,abstract_available,unknown,SUB009-Q001,"Useful clinical landscape or endocrine sequencing context, but not direct trial or resistance evidence."
SUB009,pmid-37166793,37166793,PMC10176119,10.1001/jamanetworkopen.2023.13017,Survival Outcomes in Patients With Hormone Receptor-Positive Metastatic Breast Cancer With Low or No ERBB2 Expression Treated With Targeted Therapies Plus Endocrine Therapy.,JAMA network open,2023,"Journal Article;Research Support, N.I.H., Extramural;Research Support, Non-U.S. Gov't",include_context,review_or_background,unknown,pmc_available,unknown,SUB009-Q001,Adjacent ER/CDK4/6/endocrine biology informs crosstalk but is not direct PI3K-alpha regimen evidence.
SUB009,pmid-37398114,37398114,PMC10312425,10.1101/2023.05.28.542643,FOXK2 amplification and overexpression promotes breast cancer development and chemoresistance.,bioRxiv : the preprint server for biology,2023,Preprint;Journal Article,include_context,review_or_background,unknown,pmc_available,unknown,SUB009-Q001,Adjacent ER/CDK4/6/endocrine biology informs crosstalk but is not direct PI3K-alpha regimen evidence.
SUB009,pmid-37511178,37511178,PMC10379453,10.3390/ijms241411419,Real-World Use of Highly Sensitive Liquid Biopsy Monitoring in Metastatic Breast Cancer Patients Treated with Endocrine Agents after Exposure to Aromatase Inhibitors.,International journal of molecular sciences,2023,Journal Article,include_context,review_or_background,unknown,pmc_available,unknown,SUB009-Q001,Adjacent ER/CDK4/6/endocrine biology informs crosstalk but is not direct PI3K-alpha regimen evidence.
SUB009,pmid-37699162,37699162,unknown,10.1200/JCO.22.02786,Personalized Biomarker-Based Umbrella Trial for Patients With Recurrent or Metastatic Head and Neck Squamous Cell Carcinoma: KCSG HN 15-16 TRIUMPH Trial.,Journal of clinical oncology : official journal of the American Society of Clinical Oncology,2023,"Clinical Trial, Phase II;Journal Article;Multicenter Study;Research Support, Non-U.S. Gov't",include_context,review_or_background,unknown,abstract_available,unknown,SUB009-Q001,Adjacent ER/CDK4/6/endocrine biology informs crosstalk but is not direct PI3K-alpha regimen evidence.
SUB009,pmid-37712948,37712948,PMC10503430,10.1084/jem.20230926,Hemifacial myohyperplasia is due to somatic muscular PIK3CA gain-of-function mutations and responds to pharmacological inhibition.,The Journal of experimental medicine,2023,"Journal Article;Research Support, Non-U.S. Gov't",include_context,review_or_background,unknown,pmc_available,unknown,SUB009-Q001,Adjacent ER/CDK4/6/endocrine biology informs crosstalk but is not direct PI3K-alpha regimen evidence.
SUB009,pmid-37725704,37725704,PMC10690091,10.1158/0008-5472.CAN-23-0694,The Next-Generation Oral Selective Estrogen Receptor Degrader Camizestrant (AZD9833) Suppresses ER+ Breast Cancer Growth and Overcomes Endocrine and CDK4/6 Inhibitor Resistance.,Cancer research,2023,"Journal Article;Research Support, Non-U.S. Gov't",include_context,review_or_background,unknown,pmc_available,unknown,SUB009-Q001,Adjacent ER/CDK4/6/endocrine biology informs crosstalk but is not direct PI3K-alpha regimen evidence.
SUB009,pmid-38011835,38011835,unknown,10.1159/000534953,"A Cohort Study of the Antitumor Efficacy and Toxicity Profile of Alpelisib for Metastatic or Locally Advanced HR+, HER2- Breast Cancer: A Single-Institution Experience.",Oncology,2023,Journal Article,include_context,clinical_or_translational,unknown,abstract_available,unknown,SUB009-Q001,"Primary threshold downgrade: retained as context because one or more directness criteria were not met. Directly informs HR+/HER2- endocrine-resistant PI3K-alpha regimen interpretation, sequencing, or resistance biomarkers."
SUB009,pmid-38089455,38089455,PMC10686175,10.1002/cai2.10,Expert consensus on the clinical application of PI3K/AKT/mTOR inhibitors in the treatment of advanced breast cancer.,Cancer innovation,2022,Journal Article,include_context,clinical_or_translational,unknown,pmc_available,unknown,SUB009-Q001,"Useful clinical landscape or endocrine sequencing context, but not direct trial or resistance evidence."
SUB009,pmid-38547898,38547898,unknown,10.1016/S1470-2045(23)00676-9,Optimal targeting of PI3K-AKT and mTOR in advanced oestrogen receptor-positive breast cancer.,The Lancet. Oncology,2024,Journal Article;Review,include_context,clinical_or_translational,unknown,abstract_available,unknown,SUB009-Q001,"Useful clinical landscape or endocrine sequencing context, but not direct trial or resistance evidence."
SUB009,pmid-38638399,38638399,PMC11024566,10.1016/j.eclinm.2024.102520,"Preventing alpelisib-related hyperglycaemia in HR+/HER2-/PIK3CA-mutated advanced breast cancer using metformin (METALLICA): a multicentre, open-label, single-arm, phase 2 trial.",EClinicalMedicine,2024,Journal Article,include_context,review_or_background,unknown,pmc_available,unknown,SUB009-Q001,Adjacent ER/CDK4/6/endocrine biology informs crosstalk but is not direct PI3K-alpha regimen evidence.
SUB009,pmid-38796763,38796763,PMC11145577,10.14341/probl13337,[Toxic manifestations of alpelisib in endocrinology. Description of the clinical case].,Problemy endokrinologii,2023,Journal Article;Case Reports;English Abstract,include_context,review_or_background,unknown,pmc_available,unknown,SUB009-Q001,Adjacent ER/CDK4/6/endocrine biology informs crosstalk but is not direct PI3K-alpha regimen evidence.
SUB009,pmid-38819400,38819400,PMC11325148,10.1158/1078-0432.CCR-23-3465,Oral Estrogen Receptor PROTAC Vepdegestrant (ARV-471) Is Highly Efficacious as Monotherapy and in Combination with CDK4/6 or PI3K/mTOR Pathway Inhibitors in Preclinical ER+ Breast Cancer Models.,Clinical cancer research : an official journal of the American Association for Cancer Research,2024,Journal Article,include_context,review_or_background,unknown,pmc_available,unknown,SUB009-Q001,Adjacent ER/CDK4/6/endocrine biology informs crosstalk but is not direct PI3K-alpha regimen evidence.
SUB009,pmid-38901667,38901667,PMC11290987,10.1016/j.canlet.2024.217074,FOXK2 amplification promotes breast cancer development and chemoresistance.,Cancer letters,2024,Journal Article,include_context,review_or_background,unknown,pmc_available,unknown,SUB009-Q001,Adjacent ER/CDK4/6/endocrine biology informs crosstalk but is not direct PI3K-alpha regimen evidence.
SUB009,pmid-39171586,39171586,unknown,10.2174/0109298673327425240815065221,A Perspective of PI3K/AKT/mTOR Pathway Inhibitors to Overcome Drug-resistance in Breast Cancer Therapy.,Current medicinal chemistry,2025,Journal Article;Review,include_context,clinical_or_translational,unknown,abstract_available,unknown,SUB009-Q001,"Useful clinical landscape or endocrine sequencing context, but not direct trial or resistance evidence."
SUB009,pmid-39236276,39236276,PMC11575912,10.1200/JCO.24.00110,"Phase I/Ib Trial of Inavolisib Plus Palbociclib and Endocrine Therapy for PIK3CA-Mutated, Hormone Receptor-Positive, Human Epidermal Growth Factor Receptor 2-Negative Advanced or Metastatic Breast Cancer.",Journal of clinical oncology : official journal of the American Society of Clinical Oncology,2024,"Clinical Trial, Phase I;Journal Article;Research Support, Non-U.S. Gov't;Research Support, N.I.H., Extramural",include_context,review_or_background,unknown,pmc_available,unknown,SUB009-Q001,Adjacent ER/CDK4/6/endocrine biology informs crosstalk but is not direct PI3K-alpha regimen evidence.
SUB009,pmid-39241211,39241211,PMC11637582,10.1200/JCO.23.02733,"Imlunestrant, an Oral Selective Estrogen Receptor Degrader, as Monotherapy and in Combination With Targeted Therapy in Estrogen Receptor-Positive, Human Epidermal Growth Factor Receptor 2-Negative Advanced Breast Cancer: Phase Ia/Ib EMBER Study.",Journal of clinical oncology : official journal of the American Society of Clinical Oncology,2024,"Journal Article;Clinical Trial, Phase I;Multicenter Study;Research Support, Non-U.S. Gov't;Research Support, N.I.H., Extramural",include_context,review_or_background,unknown,pmc_available,unknown,SUB009-Q001,Adjacent ER/CDK4/6/endocrine biology informs crosstalk but is not direct PI3K-alpha regimen evidence.
SUB009,pmid-39253474,39253474,PMC11383287,10.1101/2024.08.23.609433,Mechanistic modeling of cell viability assays with in silico lineage tracing.,bioRxiv : the preprint server for biology,2024,Journal Article;Preprint,include_context,review_or_background,unknown,pmc_available,unknown,SUB009-Q001,Adjacent ER/CDK4/6/endocrine biology informs crosstalk but is not direct PI3K-alpha regimen evidence.
SUB009,pmid-39302579,39302579,unknown,10.1007/s10549-024-07495-4,Genomic and transcriptomic landscape of HER2-low breast cancer.,Breast cancer research and treatment,2024,Journal Article,include_context,review_or_background,unknown,abstract_available,unknown,SUB009-Q001,Adjacent ER/CDK4/6/endocrine biology informs crosstalk but is not direct PI3K-alpha regimen evidence.
SUB009,pmid-39409880,39409880,PMC11476299,10.3390/cancers16193259,PLK1 Inhibitor Onvansertib Enhances the Efficacy of Alpelisib in PIK3CA-Mutated HR-Positive Breast Cancer Resistant to Palbociclib and Endocrine Therapy: Preclinical Insights.,Cancers,2024,Journal Article,include_context,review_or_background,unknown,pmc_available,unknown,SUB009-Q001,Adjacent ER/CDK4/6/endocrine biology informs crosstalk but is not direct PI3K-alpha regimen evidence.
SUB009,pmid-39652577,39652577,PMC11831106,10.1158/0008-5472.CAN-24-2608,"Imlunestrant Is an Oral, Brain-Penetrant Selective Estrogen Receptor Degrader with Potent Antitumor Activity in ESR1 Wild-Type and Mutant Breast Cancer.",Cancer research,2025,"Journal Article;Research Support, Non-U.S. Gov't",include_context,review_or_background,unknown,pmc_available,unknown,SUB009-Q001,Adjacent ER/CDK4/6/endocrine biology informs crosstalk but is not direct PI3K-alpha regimen evidence.
SUB009,pmid-39662202,39662202,unknown,10.1016/j.ctrv.2024.102861,PI3K/AKT/mTOR inhibitors for hormone receptor-positive advanced breast cancer.,Cancer treatment reviews,2024,Journal Article;Review,include_context,clinical_or_translational,unknown,abstract_available,unknown,SUB009-Q001,"Useful clinical landscape or endocrine sequencing context, but not direct trial or resistance evidence."
SUB009,pmid-39674130,39674130,PMC11699375,10.1016/j.esmoop.2024.103997,Practical treatment strategies and novel therapies in the phosphoinositide 3-kinase (PI3K)/protein kinase B (AKT)/mammalian target of rapamycin (mTOR) pathway in hormone receptor-positive/human epidermal growth factor receptor 2 (HER2)-negative (HR+/HER2-) advanced breast cancer.,ESMO open,2024,Journal Article;Review,include_context,clinical_or_translational,unknown,pmc_available,unknown,SUB009-Q001,"Useful clinical landscape or endocrine sequencing context, but not direct trial or resistance evidence."
SUB009,pmid-39839709,39839709,PMC11748133,10.1093/pcmedi/pbae034,"Cell-free tumor DNA analysis in advanced or metastatic breast cancer patients: mutation frequencies, testing intention, and clinical impact.",Precision clinical medicine,2024,Journal Article,include_context,review_or_background,unknown,pmc_available,unknown,SUB009-Q001,Adjacent ER/CDK4/6/endocrine biology informs crosstalk but is not direct PI3K-alpha regimen evidence.
SUB009,pmid-40163189,40163189,unknown,10.1007/s11864-025-01310-y,Novel Estrogen Receptor - Targeted Therapies in Hormone-Receptor Positive Breast Cancer.,Current treatment options in oncology,2025,Journal Article;Review,include_context,clinical_or_translational,unknown,abstract_available,unknown,SUB009-Q001,"Useful clinical landscape or endocrine sequencing context, but not direct trial or resistance evidence."
SUB009,pmid-40192953,40192953,PMC12062054,10.1007/s40291-025-00777-7,Clinical Actionability of Molecular Targets in Multi-Ethnic Breast Cancer Patients: A Retrospective Single-Institutional Study.,Molecular diagnosis & therapy,2025,"Journal Article;Research Support, N.I.H., Extramural",include_context,review_or_background,unknown,pmc_available,unknown,SUB009-Q001,Adjacent ER/CDK4/6/endocrine biology informs crosstalk but is not direct PI3K-alpha regimen evidence.
SUB009,pmid-40203765,40203765,unknown,10.1016/j.ejca.2025.115397,"Inavolisib plus letrozole or fulvestrant in PIK3CA-mutated, hormone receptor-positive, HER2-negative advanced or metastatic breast cancer (GO39374): An open-label, multicentre, dose-escalation and dose-expansion phase 1/1b study.","European journal of cancer (Oxford, England : 1990)",2025,"Journal Article;Multicenter Study;Clinical Trial, Phase I",include_context,review_or_background,unknown,abstract_available,unknown,SUB009-Q001,Adjacent ER/CDK4/6/endocrine biology informs crosstalk but is not direct PI3K-alpha regimen evidence.
SUB009,pmid-40344957,40344957,PMC12138406,10.1016/j.breast.2025.104485,Expert consensus on treating HR+/HER2- metastatic breast cancer based on real-world practice patterns observed in the RETRACT survey of US oncologists.,"Breast (Edinburgh, Scotland)",2025,Journal Article;Consensus Statement,include_context,clinical_or_translational,unknown,pmc_available,unknown,SUB009-Q001,"Useful clinical landscape or endocrine sequencing context, but not direct trial or resistance evidence."
SUB009,pmid-40475484,40475484,PMC12139868,10.1101/2025.05.21.655360,Targeting Semaphorin 7a signaling in preclinical models of estrogen receptor-positive breast cancer.,bioRxiv : the preprint server for biology,2025,Journal Article;Preprint,include_context,review_or_background,unknown,pmc_available,unknown,SUB009-Q001,Adjacent ER/CDK4/6/endocrine biology informs crosstalk but is not direct PI3K-alpha regimen evidence.
SUB009,pmid-40536266,40536266,PMC12204390,10.1093/oncolo/oyaf126,Prolonged response to PIK3CA inhibition in an advanced hormone-positive breast cancer patient with 3 mutations in the alpha subunit of PI-3 kinase.,The oncologist,2025,Journal Article;Case Reports,include_context,review_or_background,unknown,pmc_available,unknown,SUB009-Q001,Adjacent ER/CDK4/6/endocrine biology informs crosstalk but is not direct PI3K-alpha regimen evidence.
SUB009,pmid-40880521,40880521,PMC12416836,10.1371/journal.pcbi.1013156,Mechanistic modeling of cell viability assays with in silico lineage tracing.,PLoS computational biology,2025,"Journal Article;Research Support, N.I.H., Extramural",include_context,review_or_background,unknown,pmc_available,unknown,SUB009-Q001,Adjacent ER/CDK4/6/endocrine biology informs crosstalk but is not direct PI3K-alpha regimen evidence.
SUB009,pmid-40989687,40989687,PMC12450692,10.3389/fonc.2025.1596634,Pharmacologic management of HR+/HER2- mBC: a clinically oriented review.,Frontiers in oncology,2025,Journal Article;Review,include_context,clinical_or_translational,unknown,pmc_available,unknown,SUB009-Q001,"Useful clinical landscape or endocrine sequencing context, but not direct trial or resistance evidence."
SUB009,pmid-41280894,41280894,PMC12631382,10.3389/fimmu.2025.1693927,Mechanistic optimization of inavolisib combined with CDK4/6 inhibitors in the treatment of PIK3CA-mutated breast tumors.,Frontiers in immunology,2025,Journal Article;Review,include_context,clinical_or_translational,unknown,pmc_available,unknown,SUB009-Q001,"Useful clinical landscape or endocrine sequencing context, but not direct trial or resistance evidence."
SUB009,pmid-41406241,41406241,unknown,10.1126/scitranslmed.adp5088,Dual PI3K/mTOR inhibition is required to combat resistance to CDK4/6 inhibitor and endocrine therapy in PIK3CA-mutant breast cancer.,Science translational medicine,2025,"Journal Article;Research Support, Non-U.S. Gov't",include_context,review_or_background,unknown,abstract_available,unknown,SUB009-Q001,Adjacent ER/CDK4/6/endocrine biology informs crosstalk but is not direct PI3K-alpha regimen evidence.
SUB009,pmid-41658572,41658572,PMC12872529,10.3389/fonc.2025.1706670,Optimizing second-line endocrine-based treatment in HR positive HER2 negative metastatic breast cancer: a comprehensive expert statement from the Gulf Cooperation Council Region.,Frontiers in oncology,2026,Journal Article;Review,include_context,clinical_or_translational,unknown,pmc_available,unknown,SUB009-Q001,"Useful clinical landscape or endocrine sequencing context, but not direct trial or resistance evidence."
SUB009,pmid-41764610,41764610,unknown,10.2174/0113895575418114251210151424,Inavolisib-based Combination Therapy for the Treatment of PIK3CAMutated HR+/HER2- Breast Cancer: An Overview.,Mini reviews in medicinal chemistry,2026,Journal Article;Review,include_context,clinical_or_translational,unknown,abstract_available,unknown,SUB009-Q001,"Useful clinical landscape or endocrine sequencing context, but not direct trial or resistance evidence."
SUB009,pmid-41773730,41773730,unknown,10.1158/1535-7163.MCT-25-0675,Targeting Semaphorin 7a signaling in preclinical models of endocrine therapy-resistant breast cancer.,Molecular cancer therapeutics,2026,Journal Article,include_context,review_or_background,unknown,abstract_available,unknown,SUB009-Q001,Adjacent ER/CDK4/6/endocrine biology informs crosstalk but is not direct PI3K-alpha regimen evidence.
SUB009,pmid-41999452,41999452,PMC13091897,10.1007/s11864-026-01391-3,Beyond CDK4/6 Inhibition: Current Strategies in Hormone Receptor-Positive Metastatic Breast Cancer.,Current treatment options in oncology,2026,Journal Article;Review,include_context,clinical_or_translational,unknown,pmc_available,unknown,SUB009-Q001,"Useful clinical landscape or endocrine sequencing context, but not direct trial or resistance evidence."
SUB009,pmid-41999684,41999684,PMC13101763,10.1016/j.breast.2026.104786,Integrating PIK3CA Testing into Clinical Practice for Advanced HR+/HER2- Breast Cancer: An Expert Consensus.,"Breast (Edinburgh, Scotland)",2026,Consensus Statement;Journal Article,include_context,clinical_or_translational,unknown,pmc_available,unknown,SUB009-Q001,"Useful clinical landscape or endocrine sequencing context, but not direct trial or resistance evidence."
SUB009,pmid-42041166,42041166,unknown,10.1158/1535-7163.MCT-25-0675,Targeting Semaphorin 7a Signaling in Preclinical Models of Endocrine Therapy-Resistant Breast Cancer.,Molecular cancer therapeutics,2026,Journal Article,include_context,review_or_background,unknown,abstract_available,unknown,SUB009-Q001,Adjacent ER/CDK4/6/endocrine biology informs crosstalk but is not direct PI3K-alpha regimen evidence.
SUB009,pmid-42052484,42052484,PMC13111025,10.3389/fonc.2026.1807951,Application of PI3K inhibitors in breast cancer treatment: a clinical trial landscape analysis based on clinical trial databases and registries.,Frontiers in oncology,2026,Journal Article;Systematic Review,include_context,clinical_or_translational,unknown,pmc_available,unknown,SUB009-Q001,"Useful clinical landscape or endocrine sequencing context, but not direct trial or resistance evidence."
SUB009,pmid-42405409,42405409,unknown,10.2174/0113895575463121260609115219,Medicinal Chemistry Perspectives on Molecular Targets and Targeted Therapeutic Strategies in Breast Cancer.,Mini reviews in medicinal chemistry,2026,Journal Article,include_context,clinical_or_translational,unknown,abstract_available,unknown,SUB009-Q001,"Useful clinical landscape or endocrine sequencing context, but not direct trial or resistance evidence."
SUB009,pmid-42505223,42505223,PMC13409238,10.3390/curroncol33070421,"Evolving First-Line Endocrine Therapy in HR+/HER2- Metastatic Breast Cancer: CDK4/6 Inhibition, Biomarker-Guided Strategies and Emerging Therapeutic Paradigms.","Current oncology (Toronto, Ont.)",2026,Journal Article;Review,include_context,clinical_or_translational,unknown,pmc_available,unknown,SUB009-Q001,"Useful clinical landscape or endocrine sequencing context, but not direct trial or resistance evidence."
SUB009,pmid-42518131,42518131,PMC13529841,10.1007/s40265-026-02347-5,Emerging Strategies Targeting the PI3K/AKT/mTOR Pathway in HR+/HER2- Advanced Breast Cancer.,Drugs,2026,Journal Article;Review,include_context,clinical_or_translational,unknown,pmc_available,unknown,SUB009-Q001,"Useful clinical landscape or endocrine sequencing context, but not direct trial or resistance evidence."
SUB009,pmid-27126994,27126994,PMC5085926,10.1158/1078-0432.CCR-16-0134,"A Phase Ib Study of Alpelisib (BYL719), a PI3Kα-Specific Inhibitor, with Letrozole in ER+/HER2- Metastatic Breast Cancer.",Clinical cancer research : an official journal of the American Association for Cancer Research,2016,"Clinical Trial, Phase I;Journal Article;Multicenter Study",include_primary,clinical_or_translational,unknown,pmc_available,unknown,SUB009-Q001,"Directly informs HR+/HER2- endocrine-resistant PI3K-alpha regimen interpretation, sequencing, or resistance biomarkers."
SUB009,pmid-30543347,30543347,PMC6439561,10.1001/jamaoncol.2018.4475,Alpelisib Plus Fulvestrant in PIK3CA-Altered and PIK3CA-Wild-Type Estrogen Receptor-Positive Advanced Breast Cancer: A Phase 1b Clinical Trial.,JAMA oncology,2019,"Clinical Trial, Phase I;Journal Article;Multicenter Study;Research Support, Non-U.S. Gov't",include_primary,clinical_or_translational,unknown,pmc_available,unknown,SUB009-Q001,"Directly informs HR+/HER2- endocrine-resistant PI3K-alpha regimen interpretation, sequencing, or resistance biomarkers."
SUB009,pmid-31091374,31091374,unknown,10.1056/NEJMoa1813904,"Alpelisib for PIK3CA-Mutated, Hormone Receptor-Positive Advanced Breast Cancer.",The New England journal of medicine,2019,"Clinical Trial, Phase III;Comparative Study;Journal Article;Multicenter Study;Randomized Controlled Trial;Research Support, Non-U.S. Gov't",include_primary,clinical_or_translational,unknown,abstract_available,unknown,SUB009-Q001,"Directly informs HR+/HER2- endocrine-resistant PI3K-alpha regimen interpretation, sequencing, or resistance biomarkers."
SUB009,pmid-31494037,31494037,unknown,10.1016/S1470-2045(19)30420-6,"Endocrine treatment versus chemotherapy in postmenopausal women with hormone receptor-positive, HER2-negative, metastatic breast cancer: a systematic review and network meta-analysis.",The Lancet. Oncology,2019,"Comparative Study;Journal Article;Research Support, N.I.H., Extramural;Systematic Review;Network Meta-Analysis",include_primary,clinical_or_translational,unknown,abstract_available,unknown,SUB009-Q001,"Directly informs HR+/HER2- endocrine-resistant PI3K-alpha regimen interpretation, sequencing, or resistance biomarkers."
SUB009,pmid-31852484,31852484,PMC6921513,10.1186/s13058-019-1230-0,Elacestrant (RAD1901) exhibits anti-tumor activity in multiple ER+ breast cancer models resistant to CDK4/6 inhibitors.,Breast cancer research : BCR,2019,"Journal Article;Research Support, Non-U.S. Gov't",include_primary,clinical_or_translational,unknown,pmc_available,unknown,SUB009-Q001,"Directly informs HR+/HER2- endocrine-resistant PI3K-alpha regimen interpretation, sequencing, or resistance biomarkers."
SUB009,pmid-31859350,31859350,PMC6923785,10.1093/annonc/mdz280,Biomarkers of response and resistance to PI3K inhibitors in estrogen receptor-positive breast cancer patients and combination therapies involving PI3K inhibitors.,Annals of oncology : official journal of the European Society for Medical Oncology,2019,"Journal Article;Research Support, Non-U.S. Gov't;Review",include_primary,clinical_or_translational,unknown,pmc_available,unknown,SUB009-Q001,"Directly informs HR+/HER2- endocrine-resistant PI3K-alpha regimen interpretation, sequencing, or resistance biomarkers."
SUB009,pmid-32252811,32252811,PMC7137211,10.1186/s13058-020-01271-0,Everolimus versus alpelisib in advanced hormone receptor-positive HER2-negative breast cancer: targeting different nodes of the PI3K/AKT/mTORC1 pathway with different clinical implications.,Breast cancer research : BCR,2020,"Comparative Study;Journal Article;Research Support, Non-U.S. Gov't;Review",include_primary,clinical_or_translational,unknown,pmc_available,unknown,SUB009-Q001,"Directly informs HR+/HER2- endocrine-resistant PI3K-alpha regimen interpretation, sequencing, or resistance biomarkers."
SUB009,pmid-32415339,32415339,unknown,10.1007/s11912-020-00917-8,Sequencing Endocrine Therapy for Metastatic Breast Cancer: What Do We Do After Disease Progression on a CDK4/6 Inhibitor?,Current oncology reports,2020,Journal Article;Review,include_primary,clinical_or_translational,unknown,abstract_available,unknown,SUB009-Q001,"Directly informs HR+/HER2- endocrine-resistant PI3K-alpha regimen interpretation, sequencing, or resistance biomarkers."
SUB009,pmid-32416251,32416251,unknown,10.1016/j.annonc.2020.05.001,Time course and management of key adverse events during the randomized phase III SOLAR-1 study of PI3K inhibitor alpelisib plus fulvestrant in patients with HR-positive advanced breast cancer.,Annals of oncology : official journal of the European Society for Medical Oncology,2020,"Clinical Trial, Phase III;Journal Article;Randomized Controlled Trial;Research Support, Non-U.S. Gov't",include_primary,clinical_or_translational,unknown,abstract_available,unknown,SUB009-Q001,"Directly informs HR+/HER2- endocrine-resistant PI3K-alpha regimen interpretation, sequencing, or resistance biomarkers."
SUB009,pmid-32782489,32782489,PMC7388095,10.1177/1758835920940939,Targeting the PI3K/Akt/mTOR pathway in estrogen-receptor positive HER2 negative advanced breast cancer.,Therapeutic advances in medical oncology,2020,Journal Article;Review,include_primary,clinical_or_translational,unknown,pmc_available,unknown,SUB009-Q001,"Directly informs HR+/HER2- endocrine-resistant PI3K-alpha regimen interpretation, sequencing, or resistance biomarkers."
SUB009,pmid-32864625,32864625,PMC7450824,10.1038/s43018-020-0047-1,Alterations in PTEN and ESR1 promote clinical resistance to alpelisib plus aromatase inhibitors.,Nature cancer,2020,"Journal Article;Research Support, N.I.H., Extramural;Research Support, Non-U.S. Gov't;Research Support, U.S. Gov't, Non-P.H.S.",include_primary,clinical_or_translational,unknown,pmc_available,unknown,SUB009-Q001,"Directly informs HR+/HER2- endocrine-resistant PI3K-alpha regimen interpretation, sequencing, or resistance biomarkers."
SUB009,pmid-32887722,32887722,unknown,10.1158/1078-0432.CCR-20-0645,Phase Ib Study of Ribociclib plus Fulvestrant and Ribociclib plus Fulvestrant plus PI3K Inhibitor (Alpelisib or Buparlisib) for HR+ Advanced Breast Cancer.,Clinical cancer research : an official journal of the American Association for Cancer Research,2020,"Journal Article;Research Support, Non-U.S. Gov't",include_primary,clinical_or_translational,unknown,abstract_available,unknown,SUB009-Q001,"Directly informs HR+/HER2- endocrine-resistant PI3K-alpha regimen interpretation, sequencing, or resistance biomarkers."
SUB009,pmid-32964734,32964734,unknown,10.2217/fon-2020-0464,Alpelisib in the treatment of metastatic HR+ breast cancer with PIK3CA mutations.,"Future oncology (London, England)",2020,Journal Article;Review,include_primary,clinical_or_translational,unknown,abstract_available,unknown,SUB009-Q001,"Directly informs HR+/HER2- endocrine-resistant PI3K-alpha regimen interpretation, sequencing, or resistance biomarkers."
SUB009,pmid-33168657,33168657,PMC8535764,10.1158/1078-0432.CCR-20-3652,"FDA Approval Summary: Alpelisib Plus Fulvestrant for Patients with HR-positive, HER2-negative, PIK3CA-mutated, Advanced or Metastatic Breast Cancer.",Clinical cancer research : an official journal of the American Association for Cancer Research,2020,Journal Article;Randomized Controlled Trial,include_primary,clinical_or_translational,unknown,pmc_available,unknown,SUB009-Q001,"Directly informs HR+/HER2- endocrine-resistant PI3K-alpha regimen interpretation, sequencing, or resistance biomarkers."
SUB009,pmid-33190190,33190190,PMC7854469,10.1007/s12325-020-01552-2,"Clinical Challenges in the Management of Hormone Receptor-Positive, Human Epidermal Growth Factor Receptor 2-Negative Metastatic Breast Cancer: A Literature Review.",Advances in therapy,2020,"Journal Article;Research Support, Non-U.S. Gov't;Review",include_primary,clinical_or_translational,unknown,pmc_available,unknown,SUB009-Q001,"Directly informs HR+/HER2- endocrine-resistant PI3K-alpha regimen interpretation, sequencing, or resistance biomarkers."
SUB009,pmid-33213227,33213227,unknown,10.1080/17425255.2021.1844662,"A pharmacokinetic evaluation of alpelisib for the treatment of HR+, HER2-negative, PIK3CA-mutated advanced or metastatic breast cancer.",Expert opinion on drug metabolism & toxicology,2020,Journal Article;Review,include_primary,clinical_or_translational,unknown,abstract_available,unknown,SUB009-Q001,"Directly informs HR+/HER2- endocrine-resistant PI3K-alpha regimen interpretation, sequencing, or resistance biomarkers."
SUB009,pmid-33520003,33520003,PMC7829038,10.1007/s12254-021-00674-9,ASCO 2020: highlights in breast cancer.,Memo,2021,Journal Article;Review,include_primary,clinical_or_translational,unknown,pmc_available,unknown,SUB009-Q001,"Directly informs HR+/HER2- endocrine-resistant PI3K-alpha regimen interpretation, sequencing, or resistance biomarkers."
SUB009,pmid-33794206,33794206,unknown,10.1016/S1470-2045(21)00034-6,"Alpelisib plus fulvestrant in PIK3CA-mutated, hormone receptor-positive advanced breast cancer after a CDK4/6 inhibitor (BYLieve): one cohort of a phase 2, multicentre, open-label, non-comparative study.",The Lancet. Oncology,2021,"Clinical Trial, Phase II;Journal Article;Multicenter Study;Research Support, Non-U.S. Gov't",include_primary,clinical_or_translational,unknown,abstract_available,unknown,SUB009-Q001,"Directly informs HR+/HER2- endocrine-resistant PI3K-alpha regimen interpretation, sequencing, or resistance biomarkers."
SUB009,pmid-33909934,33909934,PMC8265362,10.1002/onco.13804,"Effectiveness of Alpelisib + Fulvestrant Compared with Real-World Standard Treatment Among Patients with HR+, HER2-, PIK3CA-Mutated Breast Cancer.",The oncologist,2021,"Clinical Trial, Phase II;Journal Article;Multicenter Study;Research Support, Non-U.S. Gov't",include_primary,clinical_or_translational,unknown,pmc_available,unknown,SUB009-Q001,"Directly informs HR+/HER2- endocrine-resistant PI3K-alpha regimen interpretation, sequencing, or resistance biomarkers."
SUB009,pmid-33976551,33976551,PMC8104980,10.2147/OTT.S298720,"Advances in Therapy for Hormone Receptor (HR)-Positive, Human Epidermal Growth Factor Receptor 2 (HER2)-Negative Advanced Breast Cancer Patients Who Have Experienced Progression After Treatment with CDK4/6 Inhibitors.",OncoTargets and therapy,2021,Journal Article;Review,include_primary,clinical_or_translational,unknown,pmc_available,unknown,SUB009-Q001,"Directly informs HR+/HER2- endocrine-resistant PI3K-alpha regimen interpretation, sequencing, or resistance biomarkers."
SUB009,pmid-34047239,34047239,unknown,10.1080/14740338.2021.1931116,"Efficacy and safety of CDK4/6 and PI3K/AKT/mTOR inhibitors as second-line treatment in postmenopausal patients with hormone receptor-positive, HER-2-negative metastatic breast cancer: a network meta-analysis.",Expert opinion on drug safety,2021,Comparative Study;Journal Article;Systematic Review;Network Meta-Analysis,include_primary,clinical_or_translational,unknown,abstract_available,unknown,SUB009-Q001,"Directly informs HR+/HER2- endocrine-resistant PI3K-alpha regimen interpretation, sequencing, or resistance biomarkers."
SUB009,pmid-35348782,35348782,PMC8963159,10.1093/oncolo/oyac011,Alpelisib Plus Fulvestrant or Letrozole Demonstrates Sustained Benefits Across Subgroups of Patients with PIK3CA-Mutated HR+/HER2- Advanced Breast Cancer.,The oncologist,2022,Journal Article,include_primary,clinical_or_translational,unknown,pmc_available,unknown,SUB009-Q001,"Directly informs HR+/HER2- endocrine-resistant PI3K-alpha regimen interpretation, sequencing, or resistance biomarkers."
SUB009,pmid-35982377,35982377,unknown,10.1007/s11427-021-2140-8,Overexpressed Cyclin D1 and CDK4 proteins are responsible for the resistance to CDK4/6 inhibitor in breast cancer that can be reversed by PI3K/mTOR inhibitors.,Science China. Life sciences,2022,Journal Article,include_primary,clinical_or_translational,unknown,abstract_available,unknown,SUB009-Q001,"Directly informs HR+/HER2- endocrine-resistant PI3K-alpha regimen interpretation, sequencing, or resistance biomarkers."
SUB009,pmid-37975961,37975961,unknown,10.1007/s40261-023-01325-z,"Is Alpelisib Plus Fulvestrant Cost-Effective for Treating PIK3CA-Mutation, HR+/HER2- Advanced Breast Cancer in the USA?",Clinical drug investigation,2023,Journal Article,include_primary,clinical_or_translational,unknown,abstract_available,unknown,SUB009-Q001,"Directly informs HR+/HER2- endocrine-resistant PI3K-alpha regimen interpretation, sequencing, or resistance biomarkers."
SUB009,pmid-39476340,39476340,unknown,10.1056/NEJMoa2404625,Inavolisib-Based Therapy in PIK3CA-Mutated Advanced Breast Cancer.,The New England journal of medicine,2024,"Clinical Trial, Phase II;Comparative Study;Journal Article;Multicenter Study;Randomized Controlled Trial",include_primary,clinical_or_translational,unknown,abstract_available,unknown,SUB009-Q001,"Directly informs HR+/HER2- endocrine-resistant PI3K-alpha regimen interpretation, sequencing, or resistance biomarkers."
SUB009,pmid-39637900,39637900,unknown,10.1016/S1470-2045(24)00673-9,"Alpelisib plus fulvestrant in PIK3CA-mutated, hormone receptor-positive advanced breast cancer after a CDK4/6 inhibitor (BYLieve): one cohort of a phase 2, multicentre, open-label, non-comparative study.",The Lancet. Oncology,2024,"Journal Article;Multicenter Study;Clinical Trial, Phase II;Research Support, Non-U.S. Gov't",include_primary,clinical_or_translational,unknown,abstract_available,unknown,SUB009-Q001,"Directly informs HR+/HER2- endocrine-resistant PI3K-alpha regimen interpretation, sequencing, or resistance biomarkers."
SUB009,pmid-39851969,39851969,PMC11763720,10.3390/curroncol32010053,Systematic Review and Network Meta-Analysis on Treating Hormone Receptor-Positive Metastatic Breast Cancer After CDK4/6 Inhibitors.,"Current oncology (Toronto, Ont.)",2025,Journal Article;Network Meta-Analysis;Systematic Review,include_primary,clinical_or_translational,unknown,pmc_available,unknown,SUB009-Q001,"Directly informs HR+/HER2- endocrine-resistant PI3K-alpha regimen interpretation, sequencing, or resistance biomarkers."
SUB009,pmid-39935426,39935426,PMC11810462,10.20517/cdr.2024.169,Optimizing therapeutic approaches for HR+/HER2- advanced breast cancer: clinical perspectives on biomarkers and treatment strategies post-CDK4/6 inhibitor progression.,"Cancer drug resistance (Alhambra, Calif.)",2025,Journal Article;Review,include_primary,clinical_or_translational,unknown,pmc_available,unknown,SUB009-Q001,"Directly informs HR+/HER2- endocrine-resistant PI3K-alpha regimen interpretation, sequencing, or resistance biomarkers."
SUB009,pmid-40121890,40121890,unknown,10.1016/j.ctrv.2025.102924,"Post-progression treatment options after CDK4/6 inhibitors in hormone receptor-positive, HER2-negative metastatic breast cancer.",Cancer treatment reviews,2025,Journal Article;Review,include_primary,clinical_or_translational,unknown,abstract_available,unknown,SUB009-Q001,"Directly informs HR+/HER2- endocrine-resistant PI3K-alpha regimen interpretation, sequencing, or resistance biomarkers."
SUB009,pmid-40454641,40454641,PMC13496148,10.1056/NEJMoa2501796,Overall Survival with Inavolisib in PIK3CA-Mutated Advanced Breast Cancer.,The New England journal of medicine,2025,"Journal Article;Randomized Controlled Trial;Clinical Trial, Phase III;Multicenter Study",include_primary,clinical_or_translational,unknown,pmc_available,unknown,SUB009-Q001,"Directly informs HR+/HER2- endocrine-resistant PI3K-alpha regimen interpretation, sequencing, or resistance biomarkers."
SUB009,pmid-40642892,40642892,unknown,10.1097/COC.0000000000001209,"Inavolisib for HR-Positive, HER2-Negative Advanced Breast Cancer: Clinical Trials and Patient Access Implication.",American journal of clinical oncology,2025,Journal Article;Review,include_primary,clinical_or_translational,unknown,abstract_available,unknown,SUB009-Q001,"Directly informs HR+/HER2- endocrine-resistant PI3K-alpha regimen interpretation, sequencing, or resistance biomarkers."
SUB009,pmid-40845250,40845250,unknown,10.1200/JCO-25-00663,"US Food and Drug Administration Approval Summary: Inavolisib With Palbociclib and Fulvestrant for Endocrine-Resistant, PIK3CA-Mutated, Hormone Receptor-Positive, Human Epidermal Growth Factor Receptor 2-Negative, Locally Advanced or Metastatic Breast Cancer.",Journal of clinical oncology : official journal of the American Society of Clinical Oncology,2025,"Journal Article;Randomized Controlled Trial;Research Support, Non-U.S. Gov't",include_primary,clinical_or_translational,unknown,abstract_available,unknown,SUB009-Q001,"Directly informs HR+/HER2- endocrine-resistant PI3K-alpha regimen interpretation, sequencing, or resistance biomarkers."
SUB009,pmid-41079023,41079023,PMC12514518,10.1016/j.eclinm.2025.103535,Efficacy and safety of systemic therapies following progression on CDK4/6 inhibitors in patients with HR+/HER2- metastatic breast cancer: a systematic review and network meta-analysis.,EClinicalMedicine,2025,Journal Article,include_primary,clinical_or_translational,unknown,pmc_available,unknown,SUB009-Q001,"Directly informs HR+/HER2- endocrine-resistant PI3K-alpha regimen interpretation, sequencing, or resistance biomarkers."
SUB009,pmid-41620612,41620612,PMC12964663,10.1186/s13058-025-02152-0,Sequential use of PI3K/AKT/mTOR pathway inhibitors alpelisib and everolimus in patients with hormone receptor-positive metastatic breast cancer.,Breast cancer research : BCR,2026,Journal Article;Observational Study,include_primary,clinical_or_translational,unknown,pmc_available,unknown,SUB009-Q001,"Directly informs HR+/HER2- endocrine-resistant PI3K-alpha regimen interpretation, sequencing, or resistance biomarkers."
SUB009,pmid-41681940,41681940,PMC12896634,10.3390/cancers18030468,Comparison Between Alpelisib Plus Endocrine Therapy and Everolimus Plus Endocrine Therapy After CDK4/6 Inhibitors Progression in Patients with PIK3CA-Mutant Metastatic Breast Cancer: A Single-Center Retrospective Study.,Cancers,2026,Journal Article,include_primary,clinical_or_translational,unknown,pmc_available,unknown,SUB009-Q001,"Directly informs HR+/HER2- endocrine-resistant PI3K-alpha regimen interpretation, sequencing, or resistance biomarkers."
SUB009,pmid-41925922,41925922,PMC13046609,10.1007/s10549-026-07939-z,Alpelisib and Fulvestrant in PIK3CA-mutated hormone receptor-positive HER2-negative advanced breast cancer included in the German PRAEGNANT trial.,Breast cancer research and treatment,2026,Journal Article;Multicenter Study;Observational Study,include_primary,clinical_or_translational,unknown,pmc_available,unknown,SUB009-Q001,"Directly informs HR+/HER2- endocrine-resistant PI3K-alpha regimen interpretation, sequencing, or resistance biomarkers."
SUB009,pmid-41967638,41967638,unknown,10.1016/j.annonc.2026.04.003,Genomic determinants of response to alpelisib plus fulvestrant in the SOLAR-1 trial.,Annals of oncology : official journal of the European Society for Medical Oncology,2026,Journal Article,include_primary,clinical_or_translational,unknown,abstract_available,unknown,SUB009-Q001,"Directly informs HR+/HER2- endocrine-resistant PI3K-alpha regimen interpretation, sequencing, or resistance biomarkers."
SUB009,pmid-41976378,41976378,PMC13072385,10.3390/cancers18071156,"Impact of Time of Administration, Fasting, and a Low-Carbohydrate Diet on Alpelisib-Associated Hyperglycemia and Efficacy: A Pilot Randomized Controlled Phase IIb Trial.",Cancers,2026,Journal Article,include_primary,clinical_or_translational,unknown,pmc_available,unknown,SUB009-Q001,"Directly informs HR+/HER2- endocrine-resistant PI3K-alpha regimen interpretation, sequencing, or resistance biomarkers."
SUB009,pmid-42074235,42074235,PMC13116710,10.3390/ijms27083597,SGLT2 Inhibitor Dapagliflozin Attenuates Cardiomyocyte Injury and Inflammation Induced by PI3Kα-Selective Inhibitor Alpelisib and Fulvestrant Under Hyperglycemia.,International journal of molecular sciences,2026,Journal Article,include_primary,clinical_or_translational,unknown,pmc_available,unknown,SUB009-Q001,"Directly informs HR+/HER2- endocrine-resistant PI3K-alpha regimen interpretation, sequencing, or resistance biomarkers."
SUB009,pmid-42202490,42202490,PMC13235453,10.1016/j.esmoop.2026.107735,"Safety analyses of the INAVO120 randomised phase III trial of inavolisib or placebo with palbociclib-fulvestrant in patients with PIK3CA-mutated, hormone receptor-positive, HER2-negative, endocrine-resistant advanced breast cancer.",ESMO open,2026,"Journal Article;Randomized Controlled Trial;Clinical Trial, Phase III",include_primary,clinical_or_translational,unknown,pmc_available,unknown,SUB009-Q001,"Directly informs HR+/HER2- endocrine-resistant PI3K-alpha regimen interpretation, sequencing, or resistance biomarkers."
SUB009,pmid-42263466,42263466,unknown,10.1016/j.clbc.2026.05.004,"Pharmacologic Features, Clinical Applications, and Drug Safety Evaluation of Inavolisib in the Treatment of Metastatic Breast Cancer.",Clinical breast cancer,2026,Journal Article;Review,include_primary,clinical_or_translational,unknown,abstract_available,unknown,SUB009-Q001,"Directly informs HR+/HER2- endocrine-resistant PI3K-alpha regimen interpretation, sequencing, or resistance biomarkers."
SUB009,pmid-42351448,42351448,PMC13298351,10.3390/diagnostics16121790,"Post-CDK4/6 Inhibitor Therapeutic Approaches in Hormone Receptor-Positive, HER2-Negative Metastatic Breast Cancer: Current Evidence and Emerging Strategies-A Narrative Review.","Diagnostics (Basel, Switzerland)",2026,Journal Article;Review,include_primary,clinical_or_translational,unknown,pmc_available,unknown,SUB009-Q001,"Directly informs HR+/HER2- endocrine-resistant PI3K-alpha regimen interpretation, sequencing, or resistance biomarkers."
SUB009,pmid-42445743,42445743,PMC13361340,10.2147/DDDT.S611371,Precision Endocrine-Based Combinations After CDK4/6 Inhibitor Progression in HR-Positive Metastatic Breast Cancer.,"Drug design, development and therapy",2026,Journal Article;Review,include_primary,clinical_or_translational,unknown,pmc_available,unknown,SUB009-Q001,"Directly informs HR+/HER2- endocrine-resistant PI3K-alpha regimen interpretation, sequencing, or resistance biomarkers."
SUB009,pmid-42496151,42496151,unknown,10.1080/17425255.2026.2710110,Inavolisib: a second-generation PI3Kα inhibitor in HR+/HER2-negative breast cancer.,Expert opinion on drug metabolism & toxicology,2026,Journal Article;Review,include_primary,clinical_or_translational,unknown,abstract_available,unknown,SUB009-Q001,"Directly informs HR+/HER2- endocrine-resistant PI3K-alpha regimen interpretation, sequencing, or resistance biomarkers."
SUB009,pmid-42635598,42635598,unknown,10.1158/1078-0432.CCR-26-1816,"Elacestrant in Combination with Everolimus for Estrogen Receptor-Positive, HER2-Negative Previously Treated Advanced Breast Cancer: Results from ELEVATE.",Clinical cancer research : an official journal of the American Association for Cancer Research,2026,Journal Article,include_primary,clinical_or_translational,unknown,abstract_available,unknown,SUB009-Q001,"Directly informs HR+/HER2- endocrine-resistant PI3K-alpha regimen interpretation, sequencing, or resistance biomarkers."
SUB010,pmid-31780379,31780379,unknown,10.1016/j.clbc.2019.06.017,Practical Treatment Strategies and Future Directions After Progression While Receiving CDK4/6 Inhibition and Endocrine Therapy in Advanced HR+/HER2- Breast Cancer.,Clinical breast cancer,2019,Journal Article,include_context,review_or_background,unknown,abstract_available,unknown,SUB010-Q001,Included as context because it frames the subsection question but does not provide direct enough title/abstract evidence for primary claim support.
SUB010,pmid-33602685,33602685,PMC8282704,10.1158/1078-0432.CCR-20-4879,Clinical and Biomarker Results from Phase I/II Study of PI3K Inhibitor Alpelisib plus Nab-paclitaxel in HER2-Negative Metastatic Breast Cancer.,Clinical cancer research : an official journal of the American Association for Cancer Research,2021,"Clinical Trial, Phase I;Clinical Trial, Phase II;Journal Article;Research Support, N.I.H., Extramural;Research Support, Non-U.S. Gov't",include_context,review_or_background,unknown,pmc_available,unknown,SUB010-Q001,Included as context because it frames the subsection question but does not provide direct enough title/abstract evidence for primary claim support.
SUB010,pmid-33842357,33842357,PMC8027489,10.3389/fonc.2021.644737,"PIK3CA Mutations as a Molecular Target for Hormone Receptor-Positive, HER2-Negative Metastatic Breast Cancer.",Frontiers in oncology,2021,Journal Article;Review,include_context,review_or_background,unknown,pmc_available,unknown,SUB010-Q001,Included as context because it frames the subsection question but does not provide direct enough title/abstract evidence for primary claim support.
SUB010,pmid-35055414,35055414,PMC8779216,10.3390/jpm12010099,Use of Circulating Tumour DNA (ctDNA) for Measurement of Therapy Predictive Biomarkers in Patients with Cancer.,Journal of personalized medicine,2022,Journal Article;Review,include_context,review_or_background,unknown,pmc_available,unknown,SUB010-Q001,Included as context because it frames the subsection question but does not provide direct enough title/abstract evidence for primary claim support.
SUB010,pmid-36900375,36900375,PMC10001201,10.3390/cancers15051582,Discovering Synergistic Compounds with BYL-719 in PI3K Overactivated Basal-like PDXs.,Cancers,2023,Journal Article,include_context,review_or_background,unknown,pmc_available,unknown,SUB010-Q001,Included as context because it frames the subsection question but does not provide direct enough title/abstract evidence for primary claim support.
SUB010,pmid-37511178,37511178,PMC10379453,10.3390/ijms241411419,Real-World Use of Highly Sensitive Liquid Biopsy Monitoring in Metastatic Breast Cancer Patients Treated with Endocrine Agents after Exposure to Aromatase Inhibitors.,International journal of molecular sciences,2023,Journal Article,include_context,review_or_background,unknown,pmc_available,unknown,SUB010-Q001,Included as context because it frames the subsection question but does not provide direct enough title/abstract evidence for primary claim support.
SUB010,pmid-38722288,38722288,PMC11081008,10.1111/jcmm.18374,The combination of breast cancer PDO and mini-PDX platform for drug screening and individualized treatment.,Journal of cellular and molecular medicine,2024,"Journal Article;Research Support, Non-U.S. Gov't",include_context,review_or_background,unknown,pmc_available,unknown,SUB010-Q001,Included as context because it frames the subsection question but does not provide direct enough title/abstract evidence for primary claim support.
SUB010,pmid-38819400,38819400,PMC11325148,10.1158/1078-0432.CCR-23-3465,Oral Estrogen Receptor PROTAC Vepdegestrant (ARV-471) Is Highly Efficacious as Monotherapy and in Combination with CDK4/6 or PI3K/mTOR Pathway Inhibitors in Preclinical ER+ Breast Cancer Models.,Clinical cancer research : an official journal of the American Association for Cancer Research,2024,Journal Article,include_context,review_or_background,unknown,pmc_available,unknown,SUB010-Q001,Included as context because it frames the subsection question but does not provide direct enough title/abstract evidence for primary claim support.
SUB010,pmid-39409880,39409880,PMC11476299,10.3390/cancers16193259,PLK1 Inhibitor Onvansertib Enhances the Efficacy of Alpelisib in PIK3CA-Mutated HR-Positive Breast Cancer Resistant to Palbociclib and Endocrine Therapy: Preclinical Insights.,Cancers,2024,Journal Article,include_context,review_or_background,unknown,pmc_available,unknown,SUB010-Q001,Included as context because it frames the subsection question but does not provide direct enough title/abstract evidence for primary claim support.
SUB010,pmid-40163189,40163189,unknown,10.1007/s11864-025-01310-y,Novel Estrogen Receptor - Targeted Therapies in Hormone-Receptor Positive Breast Cancer.,Current treatment options in oncology,2025,Journal Article;Review,include_context,review_or_background,unknown,abstract_available,unknown,SUB010-Q001,Included as context because it frames the subsection question but does not provide direct enough title/abstract evidence for primary claim support.
SUB010,pmid-41020523,41020523,PMC12477610,10.1093/bib/bbaf510,AdaSemb: an adaptive knowledge-driven deep learning framework integrating cancer protein assemblies for predicting PI3Kα inhibitor response and resistance.,Briefings in bioinformatics,2025,Journal Article,include_context,review_or_background,unknown,pmc_available,unknown,SUB010-Q001,Included as context because it frames the subsection question but does not provide direct enough title/abstract evidence for primary claim support.
SUB010,pmid-41518601,41518601,PMC13183451,10.1210/clinem/dgaf705,Personalized Drug Screening and Risk Assessment in Patient-Derived Gastroenteropancreatic Neuroendocrine Neoplasms.,The Journal of clinical endocrinology and metabolism,2026,Journal Article,include_context,review_or_background,unknown,pmc_available,unknown,SUB010-Q001,Included as context because it frames the subsection question but does not provide direct enough title/abstract evidence for primary claim support.
SUB010,pmid-41902997,41902997,unknown,10.1007/s12094-026-04314-8,The logarithmic phase as a therapeutic direction: evaluating pharmacological strategies against cancer progression.,Clinical & translational oncology : official publication of the Federation of Spanish Oncology Societies and of the National Cancer Institute of Mexico,2026,Journal Article;Review,include_context,review_or_background,unknown,abstract_available,unknown,SUB010-Q001,Included as context because it frames the subsection question but does not provide direct enough title/abstract evidence for primary claim support.
SUB010,pmid-41976288,41976288,PMC13071977,10.3390/cancers18071064,Targeting ATR and PI3Kα Pathways Promotes Ferroptosis in PIK3CA-Wildtype Platinum-Resistant Endometrial Cancer.,Cancers,2026,Journal Article,include_context,review_or_background,unknown,pmc_available,unknown,SUB010-Q001,Included as context because it frames the subsection question but does not provide direct enough title/abstract evidence for primary claim support.
SUB010,pmid-41999684,41999684,PMC13101763,10.1016/j.breast.2026.104786,Integrating PIK3CA Testing into Clinical Practice for Advanced HR+/HER2- Breast Cancer: An Expert Consensus.,"Breast (Edinburgh, Scotland)",2026,Consensus Statement;Journal Article,include_context,review_or_background,unknown,pmc_available,unknown,SUB010-Q001,Included as context because it frames the subsection question but does not provide direct enough title/abstract evidence for primary claim support.
SUB010,pmid-42180974,42180974,PMC13190948,10.21037/tcr-2025-1-2681,Identifying research gaps in PIK3CA-mutant breast cancer: a bibliometric analysis of evolving trends and clinical applications.,Translational cancer research,2026,Journal Article,include_context,review_or_background,unknown,pmc_available,unknown,SUB010-Q001,Included as context because it frames the subsection question but does not provide direct enough title/abstract evidence for primary claim support.
SUB010,pmid-42332790,42332790,unknown,10.1186/s13048-026-02171-1,"Alpelisib enhances cisplatin mediated cytotoxicity in non-mutated, PIK3CA-dependent high-grade serous ovarian cancer.",Journal of ovarian research,2026,Journal Article,include_context,review_or_background,unknown,abstract_available,unknown,SUB010-Q001,Included as context because it frames the subsection question but does not provide direct enough title/abstract evidence for primary claim support.
SUB010,pmid-42351448,42351448,PMC13298351,10.3390/diagnostics16121790,"Post-CDK4/6 Inhibitor Therapeutic Approaches in Hormone Receptor-Positive, HER2-Negative Metastatic Breast Cancer: Current Evidence and Emerging Strategies-A Narrative Review.","Diagnostics (Basel, Switzerland)",2026,Journal Article;Review,include_context,review_or_background,unknown,pmc_available,unknown,SUB010-Q001,Included as context because it frames the subsection question but does not provide direct enough title/abstract evidence for primary claim support.
SUB010,pmid-42357299,42357299,PMC13305696,10.3390/pharmaceutics18060683,Synergistic Inhibition of Colorectal Cancer Growth by Combined PI3K and COX-2 Blockade in Cell Lines and Patient-Derived Organoids.,Pharmaceutics,2026,Journal Article,include_context,review_or_background,unknown,pmc_available,unknown,SUB010-Q001,Included as context because it frames the subsection question but does not provide direct enough title/abstract evidence for primary claim support.
SUB010,pmid-42445743,42445743,PMC13361340,10.2147/DDDT.S611371,Precision Endocrine-Based Combinations After CDK4/6 Inhibitor Progression in HR-Positive Metastatic Breast Cancer.,"Drug design, development and therapy",2026,Journal Article;Review,include_context,review_or_background,unknown,pmc_available,unknown,SUB010-Q001,Included as context because it frames the subsection question but does not provide direct enough title/abstract evidence for primary claim support.
SUB010,pmid-42505223,42505223,PMC13409238,10.3390/curroncol33070421,"Evolving First-Line Endocrine Therapy in HR+/HER2- Metastatic Breast Cancer: CDK4/6 Inhibition, Biomarker-Guided Strategies and Emerging Therapeutic Paradigms.","Current oncology (Toronto, Ont.)",2026,Journal Article;Review,include_context,review_or_background,unknown,pmc_available,unknown,SUB010-Q001,Included as context because it frames the subsection question but does not provide direct enough title/abstract evidence for primary claim support.
SUB010,pmid-25409150,25409150,PMC4326538,10.1038/nature13948,Convergent loss of PTEN leads to clinical resistance to a PI(3)Kα inhibitor.,Nature,2014,"Journal Article;Research Support, N.I.H., Extramural;Research Support, Non-U.S. Gov't",include_primary,clinical_or_translational,unknown,pmc_available,unknown,SUB010-Q001,"Included as primary evidence because title/abstract directly addresses PI3K-alpha resistance evolution, patient-derived evidence, clonal heterogeneity, or a resistance-selected model."
SUB010,pmid-28382169,28382169,PMC5381259,10.7150/thno.17830,Integration of Receptor Tyrosine Kinases Determines Sensitivity to PI3Kα-selective Inhibitors in Breast Cancer.,Theranostics,2017,Journal Article,include_primary,clinical_or_translational,unknown,pmc_available,unknown,SUB010-Q001,"Included as primary evidence because title/abstract directly addresses PI3K-alpha resistance evolution, patient-derived evidence, clonal heterogeneity, or a resistance-selected model."
SUB010,pmid-30860495,30860495,PMC6538319,10.1172/jci.insight.125341,Repression of AXL expression by AP-1/JNK blockage overcomes resistance to PI3Ka therapy.,JCI insight,2019,"Journal Article;Research Support, Non-U.S. Gov't",include_primary,clinical_or_translational,unknown,pmc_available,unknown,SUB010-Q001,"Included as primary evidence because title/abstract directly addresses PI3K-alpha resistance evolution, patient-derived evidence, clonal heterogeneity, or a resistance-selected model."
SUB010,pmid-33059733,33059733,PMC7559997,10.1186/s13046-020-01713-9,TAM family receptors in conjunction with MAPK signalling are involved in acquired resistance to PI3Kα inhibition in head and neck squamous cell carcinoma.,Journal of experimental & clinical cancer research : CR,2020,Journal Article,include_primary,clinical_or_translational,unknown,pmc_available,unknown,SUB010-Q001,"Included as primary evidence because title/abstract directly addresses PI3K-alpha resistance evolution, patient-derived evidence, clonal heterogeneity, or a resistance-selected model."
SUB010,pmid-34020697,34020697,PMC8139055,10.1186/s13058-021-01433-8,Analysis of genomic and non-genomic signaling of estrogen receptor in PDX models of breast cancer treated with a combination of the PI3K inhibitor alpelisib (BYL719) and fulvestrant.,Breast cancer research : BCR,2021,"Journal Article;Research Support, Non-U.S. Gov't",include_primary,clinical_or_translational,unknown,pmc_available,unknown,SUB010-Q001,"Included as primary evidence because title/abstract directly addresses PI3K-alpha resistance evolution, patient-derived evidence, clonal heterogeneity, or a resistance-selected model."
SUB010,pmid-34067117,34067117,PMC8125641,10.3390/cancers13092250,IGF2 Mediates Resistance to Isoform-Selective-Inhibitors of the PI3K in HPV Positive Head and Neck Cancer.,Cancers,2021,Journal Article,include_primary,clinical_or_translational,unknown,pmc_available,unknown,SUB010-Q001,"Included as primary evidence because title/abstract directly addresses PI3K-alpha resistance evolution, patient-derived evidence, clonal heterogeneity, or a resistance-selected model."
SUB010,pmid-37044095,37044095,PMC10140479,10.1016/j.xcrm.2023.101002,N-acetylcysteine overcomes NF1 loss-driven resistance to PI3Kα inhibition in breast cancer.,Cell reports. Medicine,2023,"Journal Article;Research Support, Non-U.S. Gov't",include_primary,clinical_or_translational,unknown,pmc_available,unknown,SUB010-Q001,"Included as primary evidence because title/abstract directly addresses PI3K-alpha resistance evolution, patient-derived evidence, clonal heterogeneity, or a resistance-selected model."
SUB010,pmid-40991650,40991650,PMC12618074,10.1172/JCI180927,USP10/GSK3β-mediated inhibition of PTEN drives resistance to PI3K inhibitors in breast cancer.,The Journal of clinical investigation,2025,"Journal Article;Research Support, Non-U.S. Gov't",include_primary,clinical_or_translational,unknown,pmc_available,unknown,SUB010-Q001,"Included as primary evidence because title/abstract directly addresses PI3K-alpha resistance evolution, patient-derived evidence, clonal heterogeneity, or a resistance-selected model."
SUB010,pmid-41143603,41143603,PMC12770939,10.1158/1078-0432.CCR-25-1459,PI3Kα Inhibitor and Degrader Inavolisib Can Co-opt FGFR2 to Enhance Responses in Patients with PIK3CA-Mutated Solid Tumors and in Preclinical Models.,Clinical cancer research : an official journal of the American Association for Cancer Research,2026,"Clinical Trial, Phase I;Journal Article;Multicenter Study",include_primary,clinical_or_translational,unknown,pmc_available,unknown,SUB010-Q001,"Included as primary evidence because title/abstract directly addresses PI3K-alpha resistance evolution, patient-derived evidence, clonal heterogeneity, or a resistance-selected model."
SUB010,pmid-41406241,41406241,unknown,10.1126/scitranslmed.adp5088,Dual PI3K/mTOR inhibition is required to combat resistance to CDK4/6 inhibitor and endocrine therapy in PIK3CA-mutant breast cancer.,Science translational medicine,2025,"Journal Article;Research Support, Non-U.S. Gov't",include_primary,clinical_or_translational,unknown,abstract_available,unknown,SUB010-Q001,"Included as primary evidence because title/abstract directly addresses PI3K-alpha resistance evolution, patient-derived evidence, clonal heterogeneity, or a resistance-selected model."
SUB011,pmid-29252036,29252036,unknown,10.1080/13543784.2018.1417384,PI3K inhibition to overcome endocrine resistance in breast cancer.,Expert opinion on investigational drugs,2018,Journal Article;Review,include_context,review_or_background,unknown,abstract_available,unknown,SUB011-Q001,Included as context because it frames the subsection question but does not provide direct enough title/abstract evidence for primary claim support.
SUB011,pmid-29401002,29401002,PMC5920739,10.1200/JCO.2017.72.7107,Phosphatidylinositol 3-Kinase α-Selective Inhibition With Alpelisib (BYL719) in PIK3CA-Altered Solid Tumors: Results From the First-in-Human Study.,Journal of clinical oncology : official journal of the American Society of Clinical Oncology,2018,"Clinical Trial, Phase I;Journal Article;Multicenter Study;Research Support, Non-U.S. Gov't",include_context,clinical_or_translational,unknown,pmc_available,unknown,SUB011-Q001,"Primary threshold downgrade: retained as context because one or more directness criteria were not met. Included as primary evidence because title/abstract reports a PI3K-alpha/pathway clinical trial, cohort, approval, or regimen outcome relevant to interpreting successful, failed, or combination studies."
SUB011,pmid-29850984,29850984,unknown,10.1007/s10549-018-4792-0,Phase I study of alpelisib (BYL-719) and trastuzumab emtansine (T-DM1) in HER2-positive metastatic breast cancer (MBC) after trastuzumab and taxane therapy.,Breast cancer research and treatment,2018,"Clinical Trial, Phase I;Journal Article",include_context,clinical_or_translational,unknown,abstract_available,unknown,SUB011-Q001,"Primary threshold downgrade: retained as context because one or more directness criteria were not met. Included as primary evidence because title/abstract reports a PI3K-alpha/pathway clinical trial, cohort, approval, or regimen outcome relevant to interpreting successful, failed, or combination studies."
SUB011,pmid-30167089,30167089,PMC6114962,10.18632/oncotarget.25854,"A Phase Ib, open-label, dose-finding study of alpelisib in combination with paclitaxel in patients with advanced solid tumors.",Oncotarget,2018,Journal Article,include_context,clinical_or_translational,unknown,pmc_available,unknown,SUB011-Q001,"Primary threshold downgrade: retained as context because one or more directness criteria were not met. Included as primary evidence because title/abstract reports a PI3K-alpha/pathway clinical trial, cohort, approval, or regimen outcome relevant to interpreting successful, failed, or combination studies."
SUB011,pmid-30543347,30543347,PMC6439561,10.1001/jamaoncol.2018.4475,Alpelisib Plus Fulvestrant in PIK3CA-Altered and PIK3CA-Wild-Type Estrogen Receptor-Positive Advanced Breast Cancer: A Phase 1b Clinical Trial.,JAMA oncology,2019,"Clinical Trial, Phase I;Journal Article;Multicenter Study;Research Support, Non-U.S. Gov't",include_context,clinical_or_translational,unknown,pmc_available,unknown,SUB011-Q001,"Primary threshold downgrade: retained as context because one or more directness criteria were not met. Included as primary evidence because title/abstract reports a PI3K-alpha/pathway clinical trial, cohort, approval, or regimen outcome relevant to interpreting successful, failed, or combination studies."
SUB011,pmid-30595753,30595753,PMC6280779,10.1007/s12254-018-0450-9,ASCO 2018 highlights: metastatic breast cancer.,Memo,2018,Journal Article;Review,include_context,review_or_background,unknown,pmc_available,unknown,SUB011-Q001,Included as context because it frames the subsection question but does not provide direct enough title/abstract evidence for primary claim support.
SUB011,pmid-30723140,30723140,PMC6522303,10.1158/1078-0432.CCR-18-3160,"A Phase II Randomized Study of Neoadjuvant Letrozole Plus Alpelisib for Hormone Receptor-Positive, Human Epidermal Growth Factor Receptor 2-Negative Breast Cancer (NEO-ORB).",Clinical cancer research : an official journal of the American Association for Cancer Research,2019,"Clinical Trial, Phase II;Journal Article;Randomized Controlled Trial;Research Support, Non-U.S. Gov't",include_context,clinical_or_translational,unknown,pmc_available,unknown,SUB011-Q001,"Primary threshold downgrade: retained as context because one or more directness criteria were not met. Included as primary evidence because title/abstract reports a PI3K-alpha/pathway clinical trial, cohort, approval, or regimen outcome relevant to interpreting successful, failed, or combination studies."
SUB011,pmid-31091374,31091374,unknown,10.1056/NEJMoa1813904,"Alpelisib for PIK3CA-Mutated, Hormone Receptor-Positive Advanced Breast Cancer.",The New England journal of medicine,2019,"Clinical Trial, Phase III;Comparative Study;Journal Article;Multicenter Study;Randomized Controlled Trial;Research Support, Non-U.S. Gov't",include_context,clinical_or_translational,unknown,abstract_available,unknown,SUB011-Q001,"Primary threshold downgrade: retained as context because one or more directness criteria were not met. Included as primary evidence because title/abstract reports a PI3K-alpha/pathway clinical trial, cohort, approval, or regimen outcome relevant to interpreting successful, failed, or combination studies."
SUB011,pmid-31256368,31256368,unknown,10.1007/s40265-019-01161-6,Alpelisib: First Global Approval.,Drugs,2019,Journal Article;Review,include_context,review_or_background,unknown,abstract_available,unknown,SUB011-Q001,Included as context because it frames the subsection question but does not provide direct enough title/abstract evidence for primary claim support.
SUB011,pmid-31678634,31678634,PMC9478566,10.1016/j.ijrobp.2019.09.050,A Phase 1b Study of Cetuximab and BYL719 (Alpelisib) Concurrent with Intensity Modulated Radiation Therapy in Stage III-IVB Head and Neck Squamous Cell Carcinoma.,"International journal of radiation oncology, biology, physics",2019,"Clinical Trial, Phase I;Journal Article;Research Support, N.I.H., Extramural;Research Support, Non-U.S. Gov't",include_context,clinical_or_translational,unknown,pmc_available,unknown,SUB011-Q001,"Primary threshold downgrade: retained as context because one or more directness criteria were not met. Included as primary evidence because title/abstract reports a PI3K-alpha/pathway clinical trial, cohort, approval, or regimen outcome relevant to interpreting successful, failed, or combination studies."
SUB011,pmid-31780379,31780379,unknown,10.1016/j.clbc.2019.06.017,Practical Treatment Strategies and Future Directions After Progression While Receiving CDK4/6 Inhibition and Endocrine Therapy in Advanced HR+/HER2- Breast Cancer.,Clinical breast cancer,2019,Journal Article,include_context,review_or_background,unknown,abstract_available,unknown,SUB011-Q001,Included as context because it frames the subsection question but does not provide direct enough title/abstract evidence for primary claim support.
SUB011,pmid-31828441,31828441,unknown,10.1007/s11912-019-0846-7,PI3K Inhibitors in Breast Cancer Therapy.,Current oncology reports,2019,Journal Article;Review,include_context,review_or_background,unknown,abstract_available,unknown,SUB011-Q001,Included as context because it frames the subsection question but does not provide direct enough title/abstract evidence for primary claim support.
SUB011,pmid-31859349,31859349,PMC6923787,10.1093/annonc/mdz381,Efficacy of PI3K inhibitors in advanced breast cancer.,Annals of oncology : official journal of the European Society for Medical Oncology,2019,"Journal Article;Research Support, Non-U.S. Gov't;Review",include_context,review_or_background,unknown,pmc_available,unknown,SUB011-Q001,Included as context because it frames the subsection question but does not provide direct enough title/abstract evidence for primary claim support.
SUB011,pmid-31928690,31928690,unknown,10.1093/annonc/mdz381,Efficacy of PI3K inhibitors in advanced breast cancer.,Annals of oncology : official journal of the European Society for Medical Oncology,2019,"Journal Article;Research Support, Non-U.S. Gov't;Review",include_context,review_or_background,unknown,abstract_available,unknown,SUB011-Q001,Included as context because it frames the subsection question but does not provide direct enough title/abstract evidence for primary claim support.
SUB011,pmid-32525134,32525134,unknown,10.1358/dot.2020.56.6.3137526,Alpelisib to treat breast cancer.,"Drugs of today (Barcelona, Spain : 1998)",2020,Journal Article;Review,include_context,review_or_background,unknown,abstract_available,unknown,SUB011-Q001,Included as context because it frames the subsection question but does not provide direct enough title/abstract evidence for primary claim support.
SUB011,pmid-32953006,32953006,PMC7472334,10.1039/d0sc01676d,PI3K inhibitors: review and new strategies.,Chemical science,2020,Journal Article;Review,include_context,review_or_background,unknown,pmc_available,unknown,SUB011-Q001,Included as context because it frames the subsection question but does not provide direct enough title/abstract evidence for primary claim support.
SUB011,pmid-32958261,32958261,unknown,10.1053/j.seminoncol.2020.07.005,Management of ER positive metastatic breast cancer.,Seminars in oncology,2020,Journal Article;Review,include_context,review_or_background,unknown,abstract_available,unknown,SUB011-Q001,Included as context because it frames the subsection question but does not provide direct enough title/abstract evidence for primary claim support.
SUB011,pmid-32964734,32964734,unknown,10.2217/fon-2020-0464,Alpelisib in the treatment of metastatic HR+ breast cancer with PIK3CA mutations.,"Future oncology (London, England)",2020,Journal Article;Review,include_context,review_or_background,unknown,abstract_available,unknown,SUB011-Q001,Included as context because it frames the subsection question but does not provide direct enough title/abstract evidence for primary claim support.
SUB011,pmid-33520003,33520003,PMC7829038,10.1007/s12254-021-00674-9,ASCO 2020: highlights in breast cancer.,Memo,2021,Journal Article;Review,include_context,review_or_background,unknown,pmc_available,unknown,SUB011-Q001,Included as context because it frames the subsection question but does not provide direct enough title/abstract evidence for primary claim support.
SUB011,pmid-33602685,33602685,PMC8282704,10.1158/1078-0432.CCR-20-4879,Clinical and Biomarker Results from Phase I/II Study of PI3K Inhibitor Alpelisib plus Nab-paclitaxel in HER2-Negative Metastatic Breast Cancer.,Clinical cancer research : an official journal of the American Association for Cancer Research,2021,"Clinical Trial, Phase I;Clinical Trial, Phase II;Journal Article;Research Support, N.I.H., Extramural;Research Support, Non-U.S. Gov't",include_context,clinical_or_translational,unknown,pmc_available,unknown,SUB011-Q001,"Primary threshold downgrade: retained as context because one or more directness criteria were not met. Included as primary evidence because title/abstract reports a PI3K-alpha/pathway clinical trial, cohort, approval, or regimen outcome relevant to interpreting successful, failed, or combination studies."
SUB011,pmid-33622114,33622114,unknown,10.1080/14656566.2021.1873952,"Alpelisib for the treatment of PIK3CA-mutated, hormone receptor-positive, HER2-negative metastatic breast cancer.",Expert opinion on pharmacotherapy,2021,"Clinical Trial, Phase III;Journal Article;Randomized Controlled Trial",include_context,review_or_background,unknown,abstract_available,unknown,SUB011-Q001,Included as context because it frames the subsection question but does not provide direct enough title/abstract evidence for primary claim support.
SUB011,pmid-33794206,33794206,unknown,10.1016/S1470-2045(21)00034-6,"Alpelisib plus fulvestrant in PIK3CA-mutated, hormone receptor-positive advanced breast cancer after a CDK4/6 inhibitor (BYLieve): one cohort of a phase 2, multicentre, open-label, non-comparative study.",The Lancet. Oncology,2021,"Clinical Trial, Phase II;Journal Article;Multicenter Study;Research Support, Non-U.S. Gov't",include_context,clinical_or_translational,unknown,abstract_available,unknown,SUB011-Q001,"Primary threshold downgrade: retained as context because one or more directness criteria were not met. Included as primary evidence because title/abstract reports a PI3K-alpha/pathway clinical trial, cohort, approval, or regimen outcome relevant to interpreting successful, failed, or combination studies."
SUB011,pmid-33865994,33865994,unknown,10.1016/j.critrevonc.2021.103334,PI3K inhibition in breast cancer: Identifying and overcoming different flavors of resistance.,Critical reviews in oncology/hematology,2021,Journal Article;Review,include_context,review_or_background,unknown,abstract_available,unknown,SUB011-Q001,Included as context because it frames the subsection question but does not provide direct enough title/abstract evidence for primary claim support.
SUB011,pmid-33947692,33947692,PMC8282678,10.1158/1078-0432.CCR-21-0047,A Phase I Study of Alpelisib in Combination with Trastuzumab and LJM716 in Patients with PIK3CA-Mutated HER2-Positive Metastatic Breast Cancer.,Clinical cancer research : an official journal of the American Association for Cancer Research,2021,"Clinical Trial, Phase I;Journal Article;Research Support, N.I.H., Extramural;Research Support, Non-U.S. Gov't",include_context,clinical_or_translational,unknown,pmc_available,unknown,SUB011-Q001,"Primary threshold downgrade: retained as context because one or more directness criteria were not met. Included as primary evidence because title/abstract reports a PI3K-alpha/pathway clinical trial, cohort, approval, or regimen outcome relevant to interpreting successful, failed, or combination studies."
SUB011,pmid-34213856,34213856,unknown,10.5802/crbiol.50,PIK3CA-related overgrowth spectrum: animal model and drug discovery.,Comptes rendus biologies,2021,Journal Article;Review,include_context,review_or_background,unknown,abstract_available,unknown,SUB011-Q001,Included as context because it frames the subsection question but does not provide direct enough title/abstract evidence for primary claim support.
SUB011,pmid-34324367,34324367,PMC8659999,10.1200/JCO.21.01392,"Endocrine Treatment and Targeted Therapy for Hormone Receptor-Positive, Human Epidermal Growth Factor Receptor 2-Negative Metastatic Breast Cancer: ASCO Guideline Update.",Journal of clinical oncology : official journal of the American Society of Clinical Oncology,2021,Journal Article;Systematic Review,include_context,review_or_background,unknown,pmc_available,unknown,SUB011-Q001,Included as context because it frames the subsection question but does not provide direct enough title/abstract evidence for primary claim support.
SUB011,pmid-34765318,34765318,PMC8569340,unknown,Chemoresistance in breast cancer: PI3K/Akt pathway inhibitors vs the current chemotherapy.,American journal of cancer research,2021,Journal Article;Review,include_context,review_or_background,unknown,pmc_available,unknown,SUB011-Q001,Included as context because it frames the subsection question but does not provide direct enough title/abstract evidence for primary claim support.
SUB011,pmid-34904814,34904814,unknown,10.1097/PPO.0000000000000565,Poly(ADP-Ribose) Polymerase Inhibitor Combination Therapy.,"Cancer journal (Sudbury, Mass.)",2021,Journal Article;Review,include_context,review_or_background,unknown,abstract_available,unknown,SUB011-Q001,Included as context because it frames the subsection question but does not provide direct enough title/abstract evidence for primary claim support.
SUB011,pmid-34986950,34986950,unknown,10.1691/ph.2021.1820,Recent clinical advances in PI3K inhibitors on colorectal cancer.,Die Pharmazie,2021,Journal Article;Review,include_context,review_or_background,unknown,abstract_available,unknown,SUB011-Q001,Included as context because it frames the subsection question but does not provide direct enough title/abstract evidence for primary claim support.
SUB011,pmid-35100734,35100734,unknown,10.1200/PO.19.00221,"Combined PIK3CA and FGFR Inhibition With Alpelisib and Infigratinib in Patients With PIK3CA-Mutant Solid Tumors, With or Without FGFR Alterations.",JCO precision oncology,2019,Journal Article,include_context,clinical_or_translational,unknown,abstract_available,unknown,SUB011-Q001,"Primary threshold downgrade: retained as context because one or more directness criteria were not met. Included as primary evidence because title/abstract reports a PI3K-alpha/pathway clinical trial, cohort, approval, or regimen outcome relevant to interpreting successful, failed, or combination studies."
SUB011,pmid-35114920,35114920,unknown,10.2174/1389450123666220202154757,Recent Advances in PI3 Kinase Inhibitors: Anticancer Activities and Structure-Activity Relationships.,Mini reviews in medicinal chemistry,2022,Journal Article;Review,include_context,review_or_background,unknown,abstract_available,unknown,SUB011-Q001,Included as context because it frames the subsection question but does not provide direct enough title/abstract evidence for primary claim support.
SUB011,pmid-35311394,35311394,unknown,10.1177/03008916211073621,"BYL719 (alpelisib) for the treatment of PIK3CA-mutated, recurrent/advanced cervical cancer.",Tumori,2022,Journal Article,include_context,clinical_or_translational,unknown,abstract_available,unknown,SUB011-Q001,"Primary threshold downgrade: retained as context because one or more directness criteria were not met. Included as primary evidence because title/abstract reports a PI3K-alpha/pathway clinical trial, cohort, approval, or regimen outcome relevant to interpreting successful, failed, or combination studies."
SUB011,pmid-35771551,35771551,unknown,10.1158/2159-8290.CD-21-1696,"Alpelisib Monotherapy for PI3K-Altered, Pretreated Advanced Breast Cancer: A Phase II Study.",Cancer discovery,2022,"Clinical Trial, Phase II;Journal Article;Research Support, Non-U.S. Gov't",include_context,clinical_or_translational,unknown,abstract_available,unknown,SUB011-Q001,"Primary threshold downgrade: retained as context because one or more directness criteria were not met. Included as primary evidence because title/abstract reports a PI3K-alpha/pathway clinical trial, cohort, approval, or regimen outcome relevant to interpreting successful, failed, or combination studies."
SUB011,pmid-36901954,36901954,PMC10003259,10.3390/ijms24054522,Drugging the PI3K/AKT/mTOR Pathway in ER+ Breast Cancer.,International journal of molecular sciences,2023,Journal Article;Review,include_context,review_or_background,unknown,pmc_available,unknown,SUB011-Q001,Included as context because it frames the subsection question but does not provide direct enough title/abstract evidence for primary claim support.
SUB011,pmid-36923283,36923283,PMC10010328,10.1158/2767-9764.CRC-22-0028,A Phase IB Trial of the PI3K Inhibitor Alpelisib and Weekly Cisplatin in Patients with Solid Tumor Malignancies.,Cancer research communications,2022,"Clinical Trial, Phase I;Journal Article;Research Support, Non-U.S. Gov't",include_context,clinical_or_translational,unknown,pmc_available,unknown,SUB011-Q001,"Primary threshold downgrade: retained as context because one or more directness criteria were not met. Included as primary evidence because title/abstract reports a PI3K-alpha/pathway clinical trial, cohort, approval, or regimen outcome relevant to interpreting successful, failed, or combination studies."
SUB011,pmid-37101291,37101291,PMC10131374,10.1186/s13073-023-01181-8,"Multiple PIK3CA mutation clonality correlates with outcomes in taselisib + fulvestrant-treated ER+/HER2-, PIK3CA-mutated breast cancers.",Genome medicine,2023,"Journal Article;Research Support, Non-U.S. Gov't",include_context,clinical_or_translational,unknown,pmc_available,unknown,SUB011-Q001,"Primary threshold downgrade: retained as context because one or more directness criteria were not met. Included as primary evidence because title/abstract reports a PI3K-alpha/pathway clinical trial, cohort, approval, or regimen outcome relevant to interpreting successful, failed, or combination studies."
SUB011,pmid-37699162,37699162,unknown,10.1200/JCO.22.02786,Personalized Biomarker-Based Umbrella Trial for Patients With Recurrent or Metastatic Head and Neck Squamous Cell Carcinoma: KCSG HN 15-16 TRIUMPH Trial.,Journal of clinical oncology : official journal of the American Society of Clinical Oncology,2023,"Clinical Trial, Phase II;Journal Article;Multicenter Study;Research Support, Non-U.S. Gov't",include_context,clinical_or_translational,unknown,abstract_available,unknown,SUB011-Q001,"Primary threshold downgrade: retained as context because one or more directness criteria were not met. Included as primary evidence because title/abstract reports a PI3K-alpha/pathway clinical trial, cohort, approval, or regimen outcome relevant to interpreting successful, failed, or combination studies."
SUB011,pmid-37725704,37725704,PMC10690091,10.1158/0008-5472.CAN-23-0694,The Next-Generation Oral Selective Estrogen Receptor Degrader Camizestrant (AZD9833) Suppresses ER+ Breast Cancer Growth and Overcomes Endocrine and CDK4/6 Inhibitor Resistance.,Cancer research,2023,"Journal Article;Research Support, Non-U.S. Gov't",include_context,review_or_background,unknown,pmc_available,unknown,SUB011-Q001,Included as context because it frames the subsection question but does not provide direct enough title/abstract evidence for primary claim support.
SUB011,pmid-37743730,37743730,PMC10863751,10.1002/cncr.34928,"Incidence, risk factors, and management of alpelisib-associated hyperglycemia in metastatic breast cancer.",Cancer,2023,"Journal Article;Research Support, Non-U.S. Gov't;Research Support, N.I.H., Extramural",include_context,review_or_background,unknown,pmc_available,unknown,SUB011-Q001,Included as context because it frames the subsection question but does not provide direct enough title/abstract evidence for primary claim support.
SUB011,pmid-37975961,37975961,unknown,10.1007/s40261-023-01325-z,"Is Alpelisib Plus Fulvestrant Cost-Effective for Treating PIK3CA-Mutation, HR+/HER2- Advanced Breast Cancer in the USA?",Clinical drug investigation,2023,Journal Article,include_context,review_or_background,unknown,abstract_available,unknown,SUB011-Q001,Included as context because it frames the subsection question but does not provide direct enough title/abstract evidence for primary claim support.
SUB011,pmid-38638399,38638399,PMC11024566,10.1016/j.eclinm.2024.102520,"Preventing alpelisib-related hyperglycaemia in HR+/HER2-/PIK3CA-mutated advanced breast cancer using metformin (METALLICA): a multicentre, open-label, single-arm, phase 2 trial.",EClinicalMedicine,2024,Journal Article,include_context,clinical_or_translational,unknown,pmc_available,unknown,SUB011-Q001,"Primary threshold downgrade: retained as context because one or more directness criteria were not met. Included as primary evidence because title/abstract reports a PI3K-alpha/pathway clinical trial, cohort, approval, or regimen outcome relevant to interpreting successful, failed, or combination studies."
SUB011,pmid-38819400,38819400,PMC11325148,10.1158/1078-0432.CCR-23-3465,Oral Estrogen Receptor PROTAC Vepdegestrant (ARV-471) Is Highly Efficacious as Monotherapy and in Combination with CDK4/6 or PI3K/mTOR Pathway Inhibitors in Preclinical ER+ Breast Cancer Models.,Clinical cancer research : an official journal of the American Association for Cancer Research,2024,Journal Article,include_context,review_or_background,unknown,pmc_available,unknown,SUB011-Q001,Included as context because it frames the subsection question but does not provide direct enough title/abstract evidence for primary claim support.
SUB011,pmid-38833970,38833970,PMC11179085,10.1016/j.esmoop.2024.103465,Phase Ib dose-escalation trial of taselisib (GDC-0032) in combination with HER2-directed therapies in patients with advanced HER2+ breast cancer.,ESMO open,2024,"Journal Article;Clinical Trial, Phase I;Multicenter Study",include_context,clinical_or_translational,unknown,pmc_available,unknown,SUB011-Q001,"Primary threshold downgrade: retained as context because one or more directness criteria were not met. Included as primary evidence because title/abstract reports a PI3K-alpha/pathway clinical trial, cohort, approval, or regimen outcome relevant to interpreting successful, failed, or combination studies."
SUB011,pmid-38839777,38839777,PMC11153628,10.1038/s41523-024-00648-0,Gedatolisib shows superior potency and efficacy versus single-node PI3K/AKT/mTOR inhibitors in breast cancer models.,NPJ breast cancer,2024,Journal Article,include_context,review_or_background,unknown,pmc_available,unknown,SUB011-Q001,Included as context because it frames the subsection question but does not provide direct enough title/abstract evidence for primary claim support.
SUB011,pmid-39070139,39070139,PMC11272611,10.3389/fonc.2024.1390452,"Phase Ib and pharmacokinetics study of alpelisib, a PIK3CA inhibitor, and capecitabine in patients with advanced solid tumors.",Frontiers in oncology,2024,Journal Article,include_context,clinical_or_translational,unknown,pmc_available,unknown,SUB011-Q001,"Primary threshold downgrade: retained as context because one or more directness criteria were not met. Included as primary evidence because title/abstract reports a PI3K-alpha/pathway clinical trial, cohort, approval, or regimen outcome relevant to interpreting successful, failed, or combination studies."
SUB011,pmid-39217059,39217059,PMC11840667,10.1016/j.clbc.2024.08.001,A Phase I Trial of Alpelisib Combined With Capecitabine in Patients With HER2-Negative Metastatic Breast Cancer.,Clinical breast cancer,2024,"Journal Article;Clinical Trial, Phase I",include_context,clinical_or_translational,unknown,pmc_available,unknown,SUB011-Q001,"Primary threshold downgrade: retained as context because one or more directness criteria were not met. Included as primary evidence because title/abstract reports a PI3K-alpha/pathway clinical trial, cohort, approval, or regimen outcome relevant to interpreting successful, failed, or combination studies."
SUB011,pmid-39236276,39236276,PMC11575912,10.1200/JCO.24.00110,"Phase I/Ib Trial of Inavolisib Plus Palbociclib and Endocrine Therapy for PIK3CA-Mutated, Hormone Receptor-Positive, Human Epidermal Growth Factor Receptor 2-Negative Advanced or Metastatic Breast Cancer.",Journal of clinical oncology : official journal of the American Society of Clinical Oncology,2024,"Clinical Trial, Phase I;Journal Article;Research Support, Non-U.S. Gov't;Research Support, N.I.H., Extramural",include_context,clinical_or_translational,unknown,pmc_available,unknown,SUB011-Q001,"Primary threshold downgrade: retained as context because one or more directness criteria were not met. Included as primary evidence because title/abstract reports a PI3K-alpha/pathway clinical trial, cohort, approval, or regimen outcome relevant to interpreting successful, failed, or combination studies."
SUB011,pmid-39476340,39476340,unknown,10.1056/NEJMoa2404625,Inavolisib-Based Therapy in PIK3CA-Mutated Advanced Breast Cancer.,The New England journal of medicine,2024,"Clinical Trial, Phase II;Comparative Study;Journal Article;Multicenter Study;Randomized Controlled Trial",include_context,review_or_background,unknown,abstract_available,unknown,SUB011-Q001,Included as context because it frames the subsection question but does not provide direct enough title/abstract evidence for primary claim support.
SUB011,pmid-39637900,39637900,unknown,10.1016/S1470-2045(24)00673-9,"Alpelisib plus fulvestrant in PIK3CA-mutated, hormone receptor-positive advanced breast cancer after a CDK4/6 inhibitor (BYLieve): one cohort of a phase 2, multicentre, open-label, non-comparative study.",The Lancet. Oncology,2024,"Journal Article;Multicenter Study;Clinical Trial, Phase II;Research Support, Non-U.S. Gov't",include_context,clinical_or_translational,unknown,abstract_available,unknown,SUB011-Q001,"Primary threshold downgrade: retained as context because one or more directness criteria were not met. Included as primary evidence because title/abstract reports a PI3K-alpha/pathway clinical trial, cohort, approval, or regimen outcome relevant to interpreting successful, failed, or combination studies."
SUB011,pmid-39674130,39674130,PMC11699375,10.1016/j.esmoop.2024.103997,Practical treatment strategies and novel therapies in the phosphoinositide 3-kinase (PI3K)/protein kinase B (AKT)/mammalian target of rapamycin (mTOR) pathway in hormone receptor-positive/human epidermal growth factor receptor 2 (HER2)-negative (HR+/HER2-) advanced breast cancer.,ESMO open,2024,Journal Article;Review,include_context,review_or_background,unknown,pmc_available,unknown,SUB011-Q001,Included as context because it frames the subsection question but does not provide direct enough title/abstract evidence for primary claim support.
SUB011,pmid-39873916,39873916,unknown,10.1007/s40265-024-02136-y,Inavolisib: First Approval.,Drugs,2025,Journal Article;Review,include_context,review_or_background,unknown,abstract_available,unknown,SUB011-Q001,Included as context because it frames the subsection question but does not provide direct enough title/abstract evidence for primary claim support.
SUB011,pmid-39901702,39901702,PMC12527635,10.4143/crt.2024.1195,Differential Efficacy of Alpelisib by PIK3CA Mutation Site in Head and Neck Squamous Cell Carcinoma: An Analysis from the KCSG HN 15-16 TRIUMPH Trial.,Cancer research and treatment,2025,Journal Article,include_context,clinical_or_translational,unknown,pmc_available,unknown,SUB011-Q001,"Primary threshold downgrade: retained as context because one or more directness criteria were not met. Included as primary evidence because title/abstract reports a PI3K-alpha/pathway clinical trial, cohort, approval, or regimen outcome relevant to interpreting successful, failed, or combination studies."
SUB011,pmid-40121890,40121890,unknown,10.1016/j.ctrv.2025.102924,"Post-progression treatment options after CDK4/6 inhibitors in hormone receptor-positive, HER2-negative metastatic breast cancer.",Cancer treatment reviews,2025,Journal Article;Review,include_context,review_or_background,unknown,abstract_available,unknown,SUB011-Q001,Included as context because it frames the subsection question but does not provide direct enough title/abstract evidence for primary claim support.
SUB011,pmid-40203765,40203765,unknown,10.1016/j.ejca.2025.115397,"Inavolisib plus letrozole or fulvestrant in PIK3CA-mutated, hormone receptor-positive, HER2-negative advanced or metastatic breast cancer (GO39374): An open-label, multicentre, dose-escalation and dose-expansion phase 1/1b study.","European journal of cancer (Oxford, England : 1990)",2025,"Journal Article;Multicenter Study;Clinical Trial, Phase I",include_context,clinical_or_translational,unknown,abstract_available,unknown,SUB011-Q001,"Primary threshold downgrade: retained as context because one or more directness criteria were not met. Included as primary evidence because title/abstract reports a PI3K-alpha/pathway clinical trial, cohort, approval, or regimen outcome relevant to interpreting successful, failed, or combination studies."
SUB011,pmid-40454641,40454641,PMC13496148,10.1056/NEJMoa2501796,Overall Survival with Inavolisib in PIK3CA-Mutated Advanced Breast Cancer.,The New England journal of medicine,2025,"Journal Article;Randomized Controlled Trial;Clinical Trial, Phase III;Multicenter Study",include_context,clinical_or_translational,unknown,pmc_available,unknown,SUB011-Q001,"Primary threshold downgrade: retained as context because one or more directness criteria were not met. Included as primary evidence because title/abstract reports a PI3K-alpha/pathway clinical trial, cohort, approval, or regimen outcome relevant to interpreting successful, failed, or combination studies."
SUB011,pmid-40525530,40525530,unknown,10.1177/10781552251350959,"Efficacy and safety of phosphoinositide 3-kinase inhibitors and AKT-inhibitors in combination with fulvestrant in PIK3CA mutated, HR-positive, HER2-negative invasive breast cancer: A systematic review.",Journal of oncology pharmacy practice : official publication of the International Society of Oncology Pharmacy Practitioners,2025,Journal Article,include_context,clinical_or_translational,unknown,abstract_available,unknown,SUB011-Q001,"Primary threshold downgrade: retained as context because one or more directness criteria were not met. Included as primary evidence because title/abstract reports a PI3K-alpha/pathway clinical trial, cohort, approval, or regimen outcome relevant to interpreting successful, failed, or combination studies."
SUB011,pmid-40642892,40642892,unknown,10.1097/COC.0000000000001209,"Inavolisib for HR-Positive, HER2-Negative Advanced Breast Cancer: Clinical Trials and Patient Access Implication.",American journal of clinical oncology,2025,Journal Article;Review,include_context,review_or_background,unknown,abstract_available,unknown,SUB011-Q001,Included as context because it frames the subsection question but does not provide direct enough title/abstract evidence for primary claim support.
SUB011,pmid-40845250,40845250,unknown,10.1200/JCO-25-00663,"US Food and Drug Administration Approval Summary: Inavolisib With Palbociclib and Fulvestrant for Endocrine-Resistant, PIK3CA-Mutated, Hormone Receptor-Positive, Human Epidermal Growth Factor Receptor 2-Negative, Locally Advanced or Metastatic Breast Cancer.",Journal of clinical oncology : official journal of the American Society of Clinical Oncology,2025,"Journal Article;Randomized Controlled Trial;Research Support, Non-U.S. Gov't",include_context,clinical_or_translational,unknown,abstract_available,unknown,SUB011-Q001,"Primary threshold downgrade: retained as context because one or more directness criteria were not met. Included as primary evidence because title/abstract reports a PI3K-alpha/pathway clinical trial, cohort, approval, or regimen outcome relevant to interpreting successful, failed, or combination studies."
SUB011,pmid-41143603,41143603,PMC12770939,10.1158/1078-0432.CCR-25-1459,PI3Kα Inhibitor and Degrader Inavolisib Can Co-opt FGFR2 to Enhance Responses in Patients with PIK3CA-Mutated Solid Tumors and in Preclinical Models.,Clinical cancer research : an official journal of the American Association for Cancer Research,2026,"Clinical Trial, Phase I;Journal Article;Multicenter Study",include_context,clinical_or_translational,unknown,pmc_available,unknown,SUB011-Q001,"Primary threshold downgrade: retained as context because one or more directness criteria were not met. Included as primary evidence because title/abstract reports a PI3K-alpha/pathway clinical trial, cohort, approval, or regimen outcome relevant to interpreting successful, failed, or combination studies."
SUB011,pmid-41280894,41280894,PMC12631382,10.3389/fimmu.2025.1693927,Mechanistic optimization of inavolisib combined with CDK4/6 inhibitors in the treatment of PIK3CA-mutated breast tumors.,Frontiers in immunology,2025,Journal Article;Review,include_context,review_or_background,unknown,pmc_available,unknown,SUB011-Q001,Included as context because it frames the subsection question but does not provide direct enough title/abstract evidence for primary claim support.
SUB011,pmid-41632450,41632450,unknown,10.1158/1078-0432.CCR-25-2833,PI3K Inhibition in Combination with Tamoxifen in Patients with Metastatic HR+/HER2- Breast Cancer: Clinical and Circulating Tumor DNA Results.,Clinical cancer research : an official journal of the American Association for Cancer Research,2026,"Journal Article;Randomized Controlled Trial;Clinical Trial, Phase II",include_context,clinical_or_translational,unknown,abstract_available,unknown,SUB011-Q001,"Primary threshold downgrade: retained as context because one or more directness criteria were not met. Included as primary evidence because title/abstract reports a PI3K-alpha/pathway clinical trial, cohort, approval, or regimen outcome relevant to interpreting successful, failed, or combination studies."
SUB011,pmid-41925922,41925922,PMC13046609,10.1007/s10549-026-07939-z,Alpelisib and Fulvestrant in PIK3CA-mutated hormone receptor-positive HER2-negative advanced breast cancer included in the German PRAEGNANT trial.,Breast cancer research and treatment,2026,Journal Article;Multicenter Study;Observational Study,include_context,clinical_or_translational,unknown,pmc_available,unknown,SUB011-Q001,"Primary threshold downgrade: retained as context because one or more directness criteria were not met. Included as primary evidence because title/abstract reports a PI3K-alpha/pathway clinical trial, cohort, approval, or regimen outcome relevant to interpreting successful, failed, or combination studies."
SUB011,pmid-41967638,41967638,unknown,10.1016/j.annonc.2026.04.003,Genomic determinants of response to alpelisib plus fulvestrant in the SOLAR-1 trial.,Annals of oncology : official journal of the European Society for Medical Oncology,2026,Journal Article,include_context,clinical_or_translational,unknown,abstract_available,unknown,SUB011-Q001,"Primary threshold downgrade: retained as context because one or more directness criteria were not met. Included as primary evidence because title/abstract reports a PI3K-alpha/pathway clinical trial, cohort, approval, or regimen outcome relevant to interpreting successful, failed, or combination studies."
SUB011,pmid-42363423,42363423,PMC13379706,10.1093/oncolo/oyag245,Phase IB/II study of alpelisib combined with paclitaxel in patients with PIK3CA-altered metastatic or recurrent gastric cancer.,The oncologist,2026,"Journal Article;Clinical Trial, Phase I;Clinical Trial, Phase II",include_context,clinical_or_translational,unknown,pmc_available,unknown,SUB011-Q001,"Primary threshold downgrade: retained as context because one or more directness criteria were not met. Included as primary evidence because title/abstract reports a PI3K-alpha/pathway clinical trial, cohort, approval, or regimen outcome relevant to interpreting successful, failed, or combination studies."
SUB011,pmid-42373848,42373848,unknown,10.1038/s41598-026-57970-9,A phase II study of alpelisib and capecitabine in patients with previously treated metastatic colorectal cancer (KCSG-CO21-04).,Scientific reports,2026,Journal Article,include_context,clinical_or_translational,unknown,abstract_available,unknown,SUB011-Q001,"Primary threshold downgrade: retained as context because one or more directness criteria were not met. Included as primary evidence because title/abstract reports a PI3K-alpha/pathway clinical trial, cohort, approval, or regimen outcome relevant to interpreting successful, failed, or combination studies."
SUB011,pmid-42505223,42505223,PMC13409238,10.3390/curroncol33070421,"Evolving First-Line Endocrine Therapy in HR+/HER2- Metastatic Breast Cancer: CDK4/6 Inhibition, Biomarker-Guided Strategies and Emerging Therapeutic Paradigms.","Current oncology (Toronto, Ont.)",2026,Journal Article;Review,include_context,review_or_background,unknown,pmc_available,unknown,SUB011-Q001,Included as context because it frames the subsection question but does not provide direct enough title/abstract evidence for primary claim support.
SUB011,pmid-42518131,42518131,PMC13529841,10.1007/s40265-026-02347-5,Emerging Strategies Targeting the PI3K/AKT/mTOR Pathway in HR+/HER2- Advanced Breast Cancer.,Drugs,2026,Journal Article;Review,include_context,review_or_background,unknown,pmc_available,unknown,SUB011-Q001,Included as context because it frames the subsection question but does not provide direct enough title/abstract evidence for primary claim support.
SUB011,pmid-28331003,28331003,PMC5501742,10.1158/2159-8290.CD-16-1080,"Phase I Dose-Escalation Study of Taselisib, an Oral PI3K Inhibitor, in Patients with Advanced Solid Tumors.",Cancer discovery,2017,"Clinical Trial, Phase I;Journal Article;Randomized Controlled Trial",uncertain_full_text_needed,clinical_or_translational,unknown,pmc_available,unknown,SUB011-Q001,"Borderline clinical PI3K-pathway evidence; full text would be needed to determine whether regimen, population, endpoints, and rationale are usable for this subsection."
SUB011,pmid-29348486,29348486,PMC5830590,10.1038/bjc.2017.428,Phase I dose-escalation study of copanlisib in combination with gemcitabine or cisplatin plus gemcitabine in patients with advanced cancer.,British journal of cancer,2018,"Clinical Trial, Phase I;Journal Article;Multicenter Study;Research Support, N.I.H., Extramural",uncertain_full_text_needed,clinical_or_translational,unknown,pmc_available,unknown,SUB011-Q001,"Borderline clinical PI3K-pathway evidence; full text would be needed to determine whether regimen, population, endpoints, and rationale are usable for this subsection."
SUB011,pmid-29793946,29793946,PMC6139036,10.1158/1078-0432.CCR-18-0613,"Phase II Study of Taselisib (GDC-0032) in Combination with Fulvestrant in Patients with HER2-Negative, Hormone Receptor-Positive Advanced Breast Cancer.",Clinical cancer research : an official journal of the American Association for Cancer Research,2018,"Clinical Trial, Phase II;Journal Article;Multicenter Study;Research Support, N.I.H., Extramural;Research Support, Non-U.S. Gov't",uncertain_full_text_needed,clinical_or_translational,unknown,pmc_available,unknown,SUB011-Q001,"Borderline clinical PI3K-pathway evidence; full text would be needed to determine whether regimen, population, endpoints, and rationale are usable for this subsection."
SUB011,pmid-30588709,30588709,PMC6398875,10.1111/cas.13923,"Phase I study of alpelisib (BYL719), an α-specific PI3K inhibitor, in Japanese patients with advanced solid tumors.",Cancer science,2019,"Clinical Trial, Phase I;Journal Article;Multicenter Study",uncertain_full_text_needed,clinical_or_translational,unknown,pmc_available,unknown,SUB011-Q001,"Borderline clinical PI3K-pathway evidence; full text would be needed to determine whether regimen, population, endpoints, and rationale are usable for this subsection."
SUB011,pmid-33125909,33125909,PMC8109255,10.1016/S1470-2045(20)30475-7,Biomarker-driven therapies for previously treated squamous non-small-cell lung cancer (Lung-MAP SWOG S1400): a biomarker-driven master protocol.,The Lancet. Oncology,2020,"Clinical Trial;Journal Article;Multicenter Study;Research Support, N.I.H., Extramural;Research Support, Non-U.S. Gov't",uncertain_full_text_needed,clinical_or_translational,unknown,pmc_available,unknown,SUB011-Q001,"Borderline clinical PI3K-pathway evidence; full text would be needed to determine whether regimen, population, endpoints, and rationale are usable for this subsection."
SUB011,pmid-33148674,33148674,unknown,10.1158/1078-0432.CCR-20-2657,"Phase I Basket Study of Taselisib, an Isoform-Selective PI3K Inhibitor, in Patients with PIK3CA-Mutant Cancers.",Clinical cancer research : an official journal of the American Association for Cancer Research,2020,"Clinical Trial, Phase I;Journal Article;Multicenter Study;Research Support, N.I.H., Extramural;Research Support, Non-U.S. Gov't",uncertain_full_text_needed,clinical_or_translational,unknown,abstract_available,unknown,SUB011-Q001,"Borderline clinical PI3K-pathway evidence; full text would be needed to determine whether regimen, population, endpoints, and rationale are usable for this subsection."
SUB011,pmid-33168657,33168657,PMC8535764,10.1158/1078-0432.CCR-20-3652,"FDA Approval Summary: Alpelisib Plus Fulvestrant for Patients with HR-positive, HER2-negative, PIK3CA-mutated, Advanced or Metastatic Breast Cancer.",Clinical cancer research : an official journal of the American Association for Cancer Research,2020,Journal Article;Randomized Controlled Trial,uncertain_full_text_needed,clinical_or_translational,unknown,pmc_available,unknown,SUB011-Q001,"Borderline clinical PI3K-pathway evidence; full text would be needed to determine whether regimen, population, endpoints, and rationale are usable for this subsection."
SUB011,pmid-33186740,33186740,PMC8457522,10.1016/j.annonc.2020.10.596,"Phase III randomized study of taselisib or placebo with fulvestrant in estrogen receptor-positive, PIK3CA-mutant, HER2-negative, advanced breast cancer: the SANDPIPER trial.",Annals of oncology : official journal of the European Society for Medical Oncology,2020,"Clinical Trial, Phase III;Journal Article;Randomized Controlled Trial;Research Support, Non-U.S. Gov't",uncertain_full_text_needed,clinical_or_translational,unknown,pmc_available,unknown,SUB011-Q001,"Borderline clinical PI3K-pathway evidence; full text would be needed to determine whether regimen, population, endpoints, and rationale are usable for this subsection."
SUB011,pmid-33246021,33246021,unknown,10.1016/j.annonc.2020.11.011,"Alpelisib plus fulvestrant for PIK3CA-mutated, hormone receptor-positive, human epidermal growth factor receptor-2-negative advanced breast cancer: final overall survival results from SOLAR-1.",Annals of oncology : official journal of the European Society for Medical Oncology,2020,"Journal Article;Randomized Controlled Trial;Research Support, Non-U.S. Gov't",uncertain_full_text_needed,clinical_or_translational,unknown,abstract_available,unknown,SUB011-Q001,"Borderline clinical PI3K-pathway evidence; full text would be needed to determine whether regimen, population, endpoints, and rationale are usable for this subsection."
SUB011,pmid-35138919,35138919,PMC8865530,10.1200/PO.21.00424,Phase II Study of Taselisib in PIK3CA-Mutated Solid Tumors Other Than Breast and Squamous Lung Cancer: Results From the NCI-MATCH ECOG-ACRIN Trial (EAY131) Subprotocol I.,JCO precision oncology,2022,"Clinical Trial, Phase II;Journal Article;Research Support, N.I.H., Extramural",uncertain_full_text_needed,clinical_or_translational,unknown,pmc_available,unknown,SUB011-Q001,"Borderline clinical PI3K-pathway evidence; full text would be needed to determine whether regimen, population, endpoints, and rationale are usable for this subsection."
SUB011,pmid-35465733,35465733,unknown,10.2217/fon-2022-0045,A phase III trial of alpelisib + trastuzumab ± fulvestrant versus trastuzumab + chemotherapy in HER2+ PIK3CA-mutated breast cancer.,"Future oncology (London, England)",2022,Clinical Trial Protocol;Journal Article,uncertain_full_text_needed,clinical_or_translational,unknown,abstract_available,unknown,SUB011-Q001,"Borderline clinical PI3K-pathway evidence; full text would be needed to determine whether regimen, population, endpoints, and rationale are usable for this subsection."
SUB011,pmid-35524239,35524239,PMC9078016,10.1186/s12885-022-09610-4,"A multicenter, dose-finding, phase 1b study of imatinib in combination with alpelisib as third-line treatment in patients with advanced gastrointestinal stromal tumor.",BMC cancer,2022,"Clinical Trial, Phase I;Journal Article;Multicenter Study",uncertain_full_text_needed,clinical_or_translational,unknown,pmc_available,unknown,SUB011-Q001,"Borderline clinical PI3K-pathway evidence; full text would be needed to determine whether regimen, population, endpoints, and rationale are usable for this subsection."
SUB011,pmid-35787784,35787784,PMC9255965,10.7554/eLife.74510,Genomic landscape of lymphatic malformations: a case series and response to the PI3Kα inhibitor alpelisib in an N-of-1 clinical trial.,eLife,2022,"Clinical Trial;Journal Article;Research Support, U.S. Gov't, Non-P.H.S.;Research Support, Non-U.S. Gov't",uncertain_full_text_needed,clinical_or_translational,unknown,pmc_available,unknown,SUB011-Q001,"Borderline clinical PI3K-pathway evidence; full text would be needed to determine whether regimen, population, endpoints, and rationale are usable for this subsection."
SUB012,pmid-25873175,25873175,PMC4398915,10.1016/j.ccell.2015.03.010,AXL mediates resistance to PI3Kα inhibition by activating the EGFR/PKC/mTOR axis in head and neck and esophageal squamous cell carcinomas.,Cancer cell,2015,Journal Article,include_context,clinical_or_translational,unknown,pmc_available,unknown,SUB012-Q001,"Primary threshold downgrade: retained as context because one or more directness criteria were not met. Included as primary evidence because title/abstract connects PI3K-alpha/pathway response or resistance to biomarkers, ctDNA/genomics, co-alterations, or a practical resistance category."
SUB012,pmid-27604488,27604488,PMC5050154,10.1158/2159-8290.CD-16-0305,Systematic Functional Characterization of Resistance to PI3K Inhibition in Breast Cancer.,Cancer discovery,2016,Journal Article,include_context,clinical_or_translational,unknown,pmc_available,unknown,SUB012-Q001,"Primary threshold downgrade: retained as context because one or more directness criteria were not met. Included as primary evidence because title/abstract connects PI3K-alpha/pathway response or resistance to biomarkers, ctDNA/genomics, co-alterations, or a practical resistance category."
SUB012,pmid-29252036,29252036,unknown,10.1080/13543784.2018.1417384,PI3K inhibition to overcome endocrine resistance in breast cancer.,Expert opinion on investigational drugs,2018,Journal Article;Review,include_context,review_or_background,unknown,abstract_available,unknown,SUB012-Q001,Included as context because it frames the subsection question but does not provide direct enough title/abstract evidence for primary claim support.
SUB012,pmid-31159599,31159599,unknown,10.1080/14740338.2019.1623877,Benefits versus risk profile of buparlisib for the treatment of breast cancer.,Expert opinion on drug safety,2019,Journal Article;Review,include_context,review_or_background,unknown,abstract_available,unknown,SUB012-Q001,Included as context because it frames the subsection question but does not provide direct enough title/abstract evidence for primary claim support.
SUB012,pmid-31552290,31552290,PMC6757060,10.1038/s41523-019-0126-6,PIK3CA and MAP3K1 alterations imply luminal A status and are associated with clinical benefit from pan-PI3K inhibitor buparlisib and letrozole in ER+ metastatic breast cancer.,NPJ breast cancer,2019,Journal Article,include_context,clinical_or_translational,unknown,pmc_available,unknown,SUB012-Q001,"Primary threshold downgrade: retained as context because one or more directness criteria were not met. Included as primary evidence because title/abstract connects PI3K-alpha/pathway response or resistance to biomarkers, ctDNA/genomics, co-alterations, or a practical resistance category."
SUB012,pmid-31780379,31780379,unknown,10.1016/j.clbc.2019.06.017,Practical Treatment Strategies and Future Directions After Progression While Receiving CDK4/6 Inhibition and Endocrine Therapy in Advanced HR+/HER2- Breast Cancer.,Clinical breast cancer,2019,Journal Article,include_context,review_or_background,unknown,abstract_available,unknown,SUB012-Q001,Included as context because it frames the subsection question but does not provide direct enough title/abstract evidence for primary claim support.
SUB012,pmid-31859349,31859349,PMC6923787,10.1093/annonc/mdz381,Efficacy of PI3K inhibitors in advanced breast cancer.,Annals of oncology : official journal of the European Society for Medical Oncology,2019,"Journal Article;Research Support, Non-U.S. Gov't;Review",include_context,review_or_background,unknown,pmc_available,unknown,SUB012-Q001,Included as context because it frames the subsection question but does not provide direct enough title/abstract evidence for primary claim support.
SUB012,pmid-31928690,31928690,unknown,10.1093/annonc/mdz381,Efficacy of PI3K inhibitors in advanced breast cancer.,Annals of oncology : official journal of the European Society for Medical Oncology,2019,"Journal Article;Research Support, Non-U.S. Gov't;Review",include_context,review_or_background,unknown,abstract_available,unknown,SUB012-Q001,Included as context because it frames the subsection question but does not provide direct enough title/abstract evidence for primary claim support.
SUB012,pmid-32415339,32415339,unknown,10.1007/s11912-020-00917-8,Sequencing Endocrine Therapy for Metastatic Breast Cancer: What Do We Do After Disease Progression on a CDK4/6 Inhibitor?,Current oncology reports,2020,Journal Article;Review,include_context,review_or_background,unknown,abstract_available,unknown,SUB012-Q001,Included as context because it frames the subsection question but does not provide direct enough title/abstract evidence for primary claim support.
SUB012,pmid-32637176,32637176,PMC7322582,10.1155/2020/3759179,A Systematic Review of the Prevalence and Diagnostic Workup of PIK3CA Mutations in HR+/HER2- Metastatic Breast Cancer.,International journal of breast cancer,2020,Journal Article,include_context,review_or_background,unknown,pmc_available,unknown,SUB012-Q001,Included as context because it frames the subsection question but does not provide direct enough title/abstract evidence for primary claim support.
SUB012,pmid-32782489,32782489,PMC7388095,10.1177/1758835920940939,Targeting the PI3K/Akt/mTOR pathway in estrogen-receptor positive HER2 negative advanced breast cancer.,Therapeutic advances in medical oncology,2020,Journal Article;Review,include_context,review_or_background,unknown,pmc_available,unknown,SUB012-Q001,Included as context because it frames the subsection question but does not provide direct enough title/abstract evidence for primary claim support.
SUB012,pmid-32864625,32864625,PMC7450824,10.1038/s43018-020-0047-1,Alterations in PTEN and ESR1 promote clinical resistance to alpelisib plus aromatase inhibitors.,Nature cancer,2020,"Journal Article;Research Support, N.I.H., Extramural;Research Support, Non-U.S. Gov't;Research Support, U.S. Gov't, Non-P.H.S.",include_context,clinical_or_translational,unknown,pmc_available,unknown,SUB012-Q001,"Primary threshold downgrade: retained as context because one or more directness criteria were not met. Included as primary evidence because title/abstract connects PI3K-alpha/pathway response or resistance to biomarkers, ctDNA/genomics, co-alterations, or a practical resistance category."
SUB012,pmid-32953006,32953006,PMC7472334,10.1039/d0sc01676d,PI3K inhibitors: review and new strategies.,Chemical science,2020,Journal Article;Review,include_context,review_or_background,unknown,pmc_available,unknown,SUB012-Q001,Included as context because it frames the subsection question but does not provide direct enough title/abstract evidence for primary claim support.
SUB012,pmid-32964734,32964734,unknown,10.2217/fon-2020-0464,Alpelisib in the treatment of metastatic HR+ breast cancer with PIK3CA mutations.,"Future oncology (London, England)",2020,Journal Article;Review,include_context,review_or_background,unknown,abstract_available,unknown,SUB012-Q001,Included as context because it frames the subsection question but does not provide direct enough title/abstract evidence for primary claim support.
SUB012,pmid-32976773,32976773,PMC7562820,10.1016/j.ccell.2020.08.016,Metabolic Imaging Detects Resistance to PI3Kα Inhibition Mediated by Persistent FOXM1 Expression in ER+ Breast Cancer.,Cancer cell,2020,"Journal Article;Research Support, N.I.H., Extramural;Research Support, Non-U.S. Gov't;Research Support, U.S. Gov't, Non-P.H.S.",include_context,clinical_or_translational,unknown,pmc_available,unknown,SUB012-Q001,"Primary threshold downgrade: retained as context because one or more directness criteria were not met. Included as primary evidence because title/abstract connects PI3K-alpha/pathway response or resistance to biomarkers, ctDNA/genomics, co-alterations, or a practical resistance category."
SUB012,pmid-33024087,33024087,PMC7538592,10.1038/s41419-020-03037-0,CD44/HA signaling mediates acquired resistance to a PI3Kα inhibitor.,Cell death & disease,2020,"Journal Article;Research Support, Non-U.S. Gov't",include_context,review_or_background,unknown,pmc_available,unknown,SUB012-Q001,"Primary threshold downgrade: retained as context because one or more directness criteria were not met. Included as primary evidence because title/abstract connects PI3K-alpha/pathway response or resistance to biomarkers, ctDNA/genomics, co-alterations, or a practical resistance category."
SUB012,pmid-33213227,33213227,unknown,10.1080/17425255.2021.1844662,"A pharmacokinetic evaluation of alpelisib for the treatment of HR+, HER2-negative, PIK3CA-mutated advanced or metastatic breast cancer.",Expert opinion on drug metabolism & toxicology,2020,Journal Article;Review,include_context,review_or_background,unknown,abstract_available,unknown,SUB012-Q001,Included as context because it frames the subsection question but does not provide direct enough title/abstract evidence for primary claim support.
SUB012,pmid-33376736,33376736,PMC7739049,10.1155/2020/7451576,Which Is the Most Appropriate PI3K Inhibitor for Breast Cancer Patients with or without PIK3CA Status Mutant? A Systematic Review and Network Meta-Analysis.,BioMed research international,2020,Journal Article;Systematic Review;Network Meta-Analysis,include_context,review_or_background,unknown,pmc_available,unknown,SUB012-Q001,Included as context because it frames the subsection question but does not provide direct enough title/abstract evidence for primary claim support.
SUB012,pmid-33575071,33575071,PMC7646628,10.6004/jadpro.2020.11.7.9,Alpelisib: A Novel Therapy for Patients With PIK3CA-Mutated Metastatic Breast Cancer.,Journal of the advanced practitioner in oncology,2020,Journal Article,include_context,review_or_background,unknown,pmc_available,unknown,SUB012-Q001,Included as context because it frames the subsection question but does not provide direct enough title/abstract evidence for primary claim support.
SUB012,pmid-33602685,33602685,PMC8282704,10.1158/1078-0432.CCR-20-4879,Clinical and Biomarker Results from Phase I/II Study of PI3K Inhibitor Alpelisib plus Nab-paclitaxel in HER2-Negative Metastatic Breast Cancer.,Clinical cancer research : an official journal of the American Association for Cancer Research,2021,"Clinical Trial, Phase I;Clinical Trial, Phase II;Journal Article;Research Support, N.I.H., Extramural;Research Support, Non-U.S. Gov't",include_context,clinical_or_translational,unknown,pmc_available,unknown,SUB012-Q001,"Primary threshold downgrade: retained as context because one or more directness criteria were not met. Included as primary evidence because title/abstract connects PI3K-alpha/pathway response or resistance to biomarkers, ctDNA/genomics, co-alterations, or a practical resistance category."
SUB012,pmid-33622114,33622114,unknown,10.1080/14656566.2021.1873952,"Alpelisib for the treatment of PIK3CA-mutated, hormone receptor-positive, HER2-negative metastatic breast cancer.",Expert opinion on pharmacotherapy,2021,"Clinical Trial, Phase III;Journal Article;Randomized Controlled Trial",include_context,review_or_background,unknown,abstract_available,unknown,SUB012-Q001,Included as context because it frames the subsection question but does not provide direct enough title/abstract evidence for primary claim support.
SUB012,pmid-33794206,33794206,unknown,10.1016/S1470-2045(21)00034-6,"Alpelisib plus fulvestrant in PIK3CA-mutated, hormone receptor-positive advanced breast cancer after a CDK4/6 inhibitor (BYLieve): one cohort of a phase 2, multicentre, open-label, non-comparative study.",The Lancet. Oncology,2021,"Clinical Trial, Phase II;Journal Article;Multicenter Study;Research Support, Non-U.S. Gov't",include_context,clinical_or_translational,unknown,abstract_available,unknown,SUB012-Q001,"Primary threshold downgrade: retained as context because one or more directness criteria were not met. Included as primary evidence because title/abstract connects PI3K-alpha/pathway response or resistance to biomarkers, ctDNA/genomics, co-alterations, or a practical resistance category."
SUB012,pmid-33865994,33865994,unknown,10.1016/j.critrevonc.2021.103334,PI3K inhibition in breast cancer: Identifying and overcoming different flavors of resistance.,Critical reviews in oncology/hematology,2021,Journal Article;Review,include_context,review_or_background,unknown,abstract_available,unknown,SUB012-Q001,Included as context because it frames the subsection question but does not provide direct enough title/abstract evidence for primary claim support.
SUB012,pmid-33909934,33909934,PMC8265362,10.1002/onco.13804,"Effectiveness of Alpelisib + Fulvestrant Compared with Real-World Standard Treatment Among Patients with HR+, HER2-, PIK3CA-Mutated Breast Cancer.",The oncologist,2021,"Clinical Trial, Phase II;Journal Article;Multicenter Study;Research Support, Non-U.S. Gov't",include_context,clinical_or_translational,unknown,pmc_available,unknown,SUB012-Q001,"Primary threshold downgrade: retained as context because one or more directness criteria were not met. Included as primary evidence because title/abstract connects PI3K-alpha/pathway response or resistance to biomarkers, ctDNA/genomics, co-alterations, or a practical resistance category."
SUB012,pmid-34020697,34020697,PMC8139055,10.1186/s13058-021-01433-8,Analysis of genomic and non-genomic signaling of estrogen receptor in PDX models of breast cancer treated with a combination of the PI3K inhibitor alpelisib (BYL719) and fulvestrant.,Breast cancer research : BCR,2021,"Journal Article;Research Support, Non-U.S. Gov't",include_context,clinical_or_translational,unknown,pmc_available,unknown,SUB012-Q001,"Primary threshold downgrade: retained as context because one or more directness criteria were not met. Included as primary evidence because title/abstract connects PI3K-alpha/pathway response or resistance to biomarkers, ctDNA/genomics, co-alterations, or a practical resistance category."
SUB012,pmid-34067117,34067117,PMC8125641,10.3390/cancers13092250,IGF2 Mediates Resistance to Isoform-Selective-Inhibitors of the PI3K in HPV Positive Head and Neck Cancer.,Cancers,2021,Journal Article,include_context,clinical_or_translational,unknown,pmc_available,unknown,SUB012-Q001,"Primary threshold downgrade: retained as context because one or more directness criteria were not met. Included as primary evidence because title/abstract connects PI3K-alpha/pathway response or resistance to biomarkers, ctDNA/genomics, co-alterations, or a practical resistance category."
SUB012,pmid-34238334,34238334,PMC8268514,10.1186/s13023-021-01929-8,A review of mechanisms of disease across PIK3CA-related disorders with vascular manifestations.,Orphanet journal of rare diseases,2021,"Journal Article;Research Support, Non-U.S. Gov't;Review",include_context,review_or_background,unknown,pmc_available,unknown,SUB012-Q001,Included as context because it frames the subsection question but does not provide direct enough title/abstract evidence for primary claim support.
SUB012,pmid-34257082,34257082,PMC8744502,10.1158/0008-5472.CAN-21-1208,Cell Line-Specific Network Models of ER+ Breast Cancer Identify Potential PI3Kα Inhibitor Resistance Mechanisms and Drug Combinations.,Cancer research,2021,"Journal Article;Research Support, Non-U.S. Gov't;Research Support, U.S. Gov't, Non-P.H.S.",include_context,review_or_background,unknown,pmc_available,unknown,SUB012-Q001,"Primary threshold downgrade: retained as context because one or more directness criteria were not met. Included as primary evidence because title/abstract connects PI3K-alpha/pathway response or resistance to biomarkers, ctDNA/genomics, co-alterations, or a practical resistance category."
SUB012,pmid-34765318,34765318,PMC8569340,unknown,Chemoresistance in breast cancer: PI3K/Akt pathway inhibitors vs the current chemotherapy.,American journal of cancer research,2021,Journal Article;Review,include_context,review_or_background,unknown,pmc_available,unknown,SUB012-Q001,Included as context because it frames the subsection question but does not provide direct enough title/abstract evidence for primary claim support.
SUB012,pmid-34779417,34779417,PMC8592538,10.1172/JCI150335,Therapeutic implications of activating noncanonical PIK3CA mutations in head and neck squamous cell carcinoma.,The Journal of clinical investigation,2021,"Journal Article;Research Support, N.I.H., Extramural;Research Support, Non-U.S. Gov't",include_context,clinical_or_translational,unknown,pmc_available,unknown,SUB012-Q001,"Primary threshold downgrade: retained as context because one or more directness criteria were not met. Included as primary evidence because title/abstract connects PI3K-alpha/pathway response or resistance to biomarkers, ctDNA/genomics, co-alterations, or a practical resistance category."
SUB012,pmid-34986950,34986950,unknown,10.1691/ph.2021.1820,Recent clinical advances in PI3K inhibitors on colorectal cancer.,Die Pharmazie,2021,Journal Article;Review,include_context,review_or_background,unknown,abstract_available,unknown,SUB012-Q001,Included as context because it frames the subsection question but does not provide direct enough title/abstract evidence for primary claim support.
SUB012,pmid-35000092,35000092,unknown,10.1007/s10549-021-06476-1,"Factors leading to alpelisib discontinuation in patients with hormone receptor positive, human epidermal growth factor receptor-2 negative breast cancer.",Breast cancer research and treatment,2022,Journal Article,include_context,review_or_background,unknown,abstract_available,unknown,SUB012-Q001,Included as context because it frames the subsection question but does not provide direct enough title/abstract evidence for primary claim support.
SUB012,pmid-35075945,35075945,PMC8793384,10.1177/15347354211073163,Management of Phosphatidylinositol-3-Kinase Inhibitor-Associated Hyperglycemia.,Integrative cancer therapies,2022,"Journal Article;Research Support, Non-U.S. Gov't",include_context,review_or_background,unknown,pmc_available,unknown,SUB012-Q001,Included as context because it frames the subsection question but does not provide direct enough title/abstract evidence for primary claim support.
SUB012,pmid-35357905,35357905,PMC8984255,10.1200/PO.21.00370,PIK3CA Mutations Drive Therapeutic Resistance in Human Epidermal Growth Factor Receptor 2-Positive Breast Cancer.,JCO precision oncology,2022,Journal Article;Review,include_context,clinical_or_translational,unknown,pmc_available,unknown,SUB012-Q001,"Primary threshold downgrade: retained as context because one or more directness criteria were not met. Included as primary evidence because title/abstract connects PI3K-alpha/pathway response or resistance to biomarkers, ctDNA/genomics, co-alterations, or a practical resistance category."
SUB012,pmid-35759724,35759724,unknown,10.1200/JCO.22.01063,Biomarkers for Systemic Therapy in Metastatic Breast Cancer: ASCO Guideline Update.,Journal of clinical oncology : official journal of the American Society of Clinical Oncology,2022,Journal Article;Systematic Review;Practice Guideline,include_context,clinical_or_translational,unknown,abstract_available,unknown,SUB012-Q001,"Primary threshold downgrade: retained as context because one or more directness criteria were not met. Included as primary evidence because title/abstract connects PI3K-alpha/pathway response or resistance to biomarkers, ctDNA/genomics, co-alterations, or a practical resistance category."
SUB012,pmid-35880333,35880333,unknown,10.3760/cma.j.cn112152-20220412-00251,[Expert consensus on the clinical application of PI3K/AKT/mTOR inhibitors in the treatment of advanced breast cancer].,Zhonghua zhong liu za zhi [Chinese journal of oncology],2022,Journal Article;Consensus Statement,include_context,review_or_background,unknown,abstract_available,unknown,SUB012-Q001,Included as context because it frames the subsection question but does not provide direct enough title/abstract evidence for primary claim support.
SUB012,pmid-36071033,36071033,PMC9452562,10.1038/s41467-022-32828-6,High p16 expression and heterozygous RB1 loss are biomarkers for CDK4/6 inhibitor resistance in ER+ breast cancer.,Nature communications,2022,"Journal Article;Research Support, Non-U.S. Gov't;Research Support, N.I.H., Extramural;Research Support, U.S. Gov't, Non-P.H.S.",include_context,clinical_or_translational,unknown,pmc_available,unknown,SUB012-Q001,"Primary threshold downgrade: retained as context because one or more directness criteria were not met. Included as primary evidence because title/abstract connects PI3K-alpha/pathway response or resistance to biomarkers, ctDNA/genomics, co-alterations, or a practical resistance category."
SUB012,pmid-36338738,36338738,PMC9631302,10.3389/fonc.2022.1012391,Real world outcomes with alpelisib in metastatic hormone receptor-positive breast cancer patients: A single institution experience.,Frontiers in oncology,2022,Journal Article,include_context,clinical_or_translational,unknown,pmc_available,unknown,SUB012-Q001,"Primary threshold downgrade: retained as context because one or more directness criteria were not met. Included as primary evidence because title/abstract connects PI3K-alpha/pathway response or resistance to biomarkers, ctDNA/genomics, co-alterations, or a practical resistance category."
SUB012,pmid-36402737,36402737,PMC9992323,10.1016/j.jbior.2022.100934,The mutational profiles and corresponding therapeutic implications of PI3K mutations in cancer.,Advances in biological regulation,2022,"Review;Journal Article;Research Support, N.I.H., Extramural",include_context,review_or_background,unknown,pmc_available,unknown,SUB012-Q001,Included as context because it frames the subsection question but does not provide direct enough title/abstract evidence for primary claim support.
SUB012,pmid-36633813,36633813,unknown,10.1007/s40262-022-01195-2,Pharmacokinetics and Pharmacodynamic of Alpelisib.,Clinical pharmacokinetics,2023,Journal Article;Review,include_context,review_or_background,unknown,abstract_available,unknown,SUB012-Q001,Included as context because it frames the subsection question but does not provide direct enough title/abstract evidence for primary claim support.
SUB012,pmid-36901954,36901954,PMC10003259,10.3390/ijms24054522,Drugging the PI3K/AKT/mTOR Pathway in ER+ Breast Cancer.,International journal of molecular sciences,2023,Journal Article;Review,include_context,review_or_background,unknown,pmc_available,unknown,SUB012-Q001,Included as context because it frames the subsection question but does not provide direct enough title/abstract evidence for primary claim support.
SUB012,pmid-36914722,36914722,PMC10241926,10.1038/s41416-023-02221-1,The emerging role of PI3K inhibitors for solid tumour treatment and beyond.,British journal of cancer,2023,Journal Article;Review,include_context,review_or_background,unknown,pmc_available,unknown,SUB012-Q001,Included as context because it frames the subsection question but does not provide direct enough title/abstract evidence for primary claim support.
SUB012,pmid-37511178,37511178,PMC10379453,10.3390/ijms241411419,Real-World Use of Highly Sensitive Liquid Biopsy Monitoring in Metastatic Breast Cancer Patients Treated with Endocrine Agents after Exposure to Aromatase Inhibitors.,International journal of molecular sciences,2023,Journal Article,include_context,clinical_or_translational,unknown,pmc_available,unknown,SUB012-Q001,"Primary threshold downgrade: retained as context because one or more directness criteria were not met. Included as primary evidence because title/abstract connects PI3K-alpha/pathway response or resistance to biomarkers, ctDNA/genomics, co-alterations, or a practical resistance category."
SUB012,pmid-37699162,37699162,unknown,10.1200/JCO.22.02786,Personalized Biomarker-Based Umbrella Trial for Patients With Recurrent or Metastatic Head and Neck Squamous Cell Carcinoma: KCSG HN 15-16 TRIUMPH Trial.,Journal of clinical oncology : official journal of the American Society of Clinical Oncology,2023,"Clinical Trial, Phase II;Journal Article;Multicenter Study;Research Support, Non-U.S. Gov't",include_context,clinical_or_translational,unknown,abstract_available,unknown,SUB012-Q001,"Primary threshold downgrade: retained as context because one or more directness criteria were not met. Included as primary evidence because title/abstract connects PI3K-alpha/pathway response or resistance to biomarkers, ctDNA/genomics, co-alterations, or a practical resistance category."
SUB012,pmid-37704834,37704834,unknown,10.1007/s10549-023-07110-y,Sodium-glucose cotransporter-2 inhibitors for hypergycemia in phosphoinositide 3-kinase pathway inhibition.,Breast cancer research and treatment,2023,Journal Article,include_context,review_or_background,unknown,abstract_available,unknown,SUB012-Q001,Included as context because it frames the subsection question but does not provide direct enough title/abstract evidence for primary claim support.
SUB012,pmid-37916958,37916958,PMC10850944,10.1158/2159-8290.CD-23-0704,Allosteric PI3Kα Inhibition Overcomes On-target Resistance to Orthosteric Inhibitors Mediated by Secondary PIK3CA Mutations.,Cancer discovery,2024,"Journal Article;Research Support, U.S. Gov't, Non-P.H.S.;Research Support, N.I.H., Extramural",include_context,clinical_or_translational,unknown,pmc_available,unknown,SUB012-Q001,"Primary threshold downgrade: retained as context because one or more directness criteria were not met. Included as primary evidence because title/abstract connects PI3K-alpha/pathway response or resistance to biomarkers, ctDNA/genomics, co-alterations, or a practical resistance category."
SUB012,pmid-37970606,37970606,PMC10632578,10.21037/atm-23-1608,The quest for the optimal biomarker: is extending the spectrum of targeted PIK3CA mutations in breast cancer carcinoma worthwhile?,Annals of translational medicine,2023,Editorial;Comment,include_context,review_or_background,unknown,pmc_available,unknown,SUB012-Q001,"Primary threshold downgrade: retained as context because one or more directness criteria were not met. Included as primary evidence because title/abstract connects PI3K-alpha/pathway response or resistance to biomarkers, ctDNA/genomics, co-alterations, or a practical resistance category."
SUB012,pmid-38089455,38089455,PMC10686175,10.1002/cai2.10,Expert consensus on the clinical application of PI3K/AKT/mTOR inhibitors in the treatment of advanced breast cancer.,Cancer innovation,2022,Journal Article,include_context,review_or_background,unknown,pmc_available,unknown,SUB012-Q001,Included as context because it frames the subsection question but does not provide direct enough title/abstract evidence for primary claim support.
SUB012,pmid-38815877,38815877,unknown,10.1016/j.critrevonc.2024.104404,Navigating the complexity of PI3K/AKT pathway in HER-2 negative breast cancer: biomarkers and beyond.,Critical reviews in oncology/hematology,2024,Journal Article;Review,include_context,review_or_background,unknown,abstract_available,unknown,SUB012-Q001,Included as context because it frames the subsection question but does not provide direct enough title/abstract evidence for primary claim support.
SUB012,pmid-38927964,38927964,PMC11201395,10.3390/cancers16122259,Resistance to Targeted Inhibitors of the PI3K/AKT/mTOR Pathway in Advanced Oestrogen-Receptor-Positive Breast Cancer.,Cancers,2024,Journal Article;Review,include_context,review_or_background,unknown,pmc_available,unknown,SUB012-Q001,Included as context because it frames the subsection question but does not provide direct enough title/abstract evidence for primary claim support.
SUB012,pmid-39236276,39236276,PMC11575912,10.1200/JCO.24.00110,"Phase I/Ib Trial of Inavolisib Plus Palbociclib and Endocrine Therapy for PIK3CA-Mutated, Hormone Receptor-Positive, Human Epidermal Growth Factor Receptor 2-Negative Advanced or Metastatic Breast Cancer.",Journal of clinical oncology : official journal of the American Society of Clinical Oncology,2024,"Clinical Trial, Phase I;Journal Article;Research Support, Non-U.S. Gov't;Research Support, N.I.H., Extramural",include_context,clinical_or_translational,unknown,pmc_available,unknown,SUB012-Q001,"Primary threshold downgrade: retained as context because one or more directness criteria were not met. Included as primary evidence because title/abstract connects PI3K-alpha/pathway response or resistance to biomarkers, ctDNA/genomics, co-alterations, or a practical resistance category."
SUB012,pmid-39883146,39883146,unknown,10.14423/SMJ.0000000000001791,Alpelisib-Induced Hyperglycemia in PIK3CA+ Breast Cancer Patients.,Southern medical journal,2025,Journal Article;Review,include_context,review_or_background,unknown,abstract_available,unknown,SUB012-Q001,Included as context because it frames the subsection question but does not provide direct enough title/abstract evidence for primary claim support.
SUB012,pmid-39901702,39901702,PMC12527635,10.4143/crt.2024.1195,Differential Efficacy of Alpelisib by PIK3CA Mutation Site in Head and Neck Squamous Cell Carcinoma: An Analysis from the KCSG HN 15-16 TRIUMPH Trial.,Cancer research and treatment,2025,Journal Article,include_context,clinical_or_translational,unknown,pmc_available,unknown,SUB012-Q001,"Primary threshold downgrade: retained as context because one or more directness criteria were not met. Included as primary evidence because title/abstract connects PI3K-alpha/pathway response or resistance to biomarkers, ctDNA/genomics, co-alterations, or a practical resistance category."
SUB012,pmid-40121890,40121890,unknown,10.1016/j.ctrv.2025.102924,"Post-progression treatment options after CDK4/6 inhibitors in hormone receptor-positive, HER2-negative metastatic breast cancer.",Cancer treatment reviews,2025,Journal Article;Review,include_context,review_or_background,unknown,abstract_available,unknown,SUB012-Q001,Included as context because it frames the subsection question but does not provide direct enough title/abstract evidence for primary claim support.
SUB012,pmid-40163189,40163189,unknown,10.1007/s11864-025-01310-y,Novel Estrogen Receptor - Targeted Therapies in Hormone-Receptor Positive Breast Cancer.,Current treatment options in oncology,2025,Journal Article;Review,include_context,review_or_background,unknown,abstract_available,unknown,SUB012-Q001,Included as context because it frames the subsection question but does not provide direct enough title/abstract evidence for primary claim support.
SUB012,pmid-40203765,40203765,unknown,10.1016/j.ejca.2025.115397,"Inavolisib plus letrozole or fulvestrant in PIK3CA-mutated, hormone receptor-positive, HER2-negative advanced or metastatic breast cancer (GO39374): An open-label, multicentre, dose-escalation and dose-expansion phase 1/1b study.","European journal of cancer (Oxford, England : 1990)",2025,"Journal Article;Multicenter Study;Clinical Trial, Phase I",include_context,clinical_or_translational,unknown,abstract_available,unknown,SUB012-Q001,"Primary threshold downgrade: retained as context because one or more directness criteria were not met. Included as primary evidence because title/abstract connects PI3K-alpha/pathway response or resistance to biomarkers, ctDNA/genomics, co-alterations, or a practical resistance category."
SUB012,pmid-40454641,40454641,PMC13496148,10.1056/NEJMoa2501796,Overall Survival with Inavolisib in PIK3CA-Mutated Advanced Breast Cancer.,The New England journal of medicine,2025,"Journal Article;Randomized Controlled Trial;Clinical Trial, Phase III;Multicenter Study",include_context,clinical_or_translational,unknown,pmc_available,unknown,SUB012-Q001,"Primary threshold downgrade: retained as context because one or more directness criteria were not met. Included as primary evidence because title/abstract connects PI3K-alpha/pathway response or resistance to biomarkers, ctDNA/genomics, co-alterations, or a practical resistance category."
SUB012,pmid-40642892,40642892,unknown,10.1097/COC.0000000000001209,"Inavolisib for HR-Positive, HER2-Negative Advanced Breast Cancer: Clinical Trials and Patient Access Implication.",American journal of clinical oncology,2025,Journal Article;Review,include_context,review_or_background,unknown,abstract_available,unknown,SUB012-Q001,Included as context because it frames the subsection question but does not provide direct enough title/abstract evidence for primary claim support.
SUB012,pmid-40829787,40829787,unknown,10.1146/annurev-pharmtox-082924-022724,Structural Insights into the Development of Inhibitors Against Cancer-Specific Mutations of PI3Kα.,Annual review of pharmacology and toxicology,2025,Journal Article;Review,include_context,review_or_background,unknown,abstract_available,unknown,SUB012-Q001,Included as context because it frames the subsection question but does not provide direct enough title/abstract evidence for primary claim support.
SUB012,pmid-40965803,40965803,PMC12847147,10.1007/s40291-025-00815-4,From PIK3CA Mutations to Rational PI3K Inhibition for the Treatment of Colorectal Cancer.,Molecular diagnosis & therapy,2025,Journal Article;Review,include_context,review_or_background,unknown,pmc_available,unknown,SUB012-Q001,Included as context because it frames the subsection question but does not provide direct enough title/abstract evidence for primary claim support.
SUB012,pmid-40989687,40989687,PMC12450692,10.3389/fonc.2025.1596634,Pharmacologic management of HR+/HER2- mBC: a clinically oriented review.,Frontiers in oncology,2025,Journal Article;Review,include_context,review_or_background,unknown,pmc_available,unknown,SUB012-Q001,Included as context because it frames the subsection question but does not provide direct enough title/abstract evidence for primary claim support.
SUB012,pmid-41143603,41143603,PMC12770939,10.1158/1078-0432.CCR-25-1459,PI3Kα Inhibitor and Degrader Inavolisib Can Co-opt FGFR2 to Enhance Responses in Patients with PIK3CA-Mutated Solid Tumors and in Preclinical Models.,Clinical cancer research : an official journal of the American Association for Cancer Research,2026,"Clinical Trial, Phase I;Journal Article;Multicenter Study",include_context,clinical_or_translational,unknown,pmc_available,unknown,SUB012-Q001,"Primary threshold downgrade: retained as context because one or more directness criteria were not met. Included as primary evidence because title/abstract connects PI3K-alpha/pathway response or resistance to biomarkers, ctDNA/genomics, co-alterations, or a practical resistance category."
SUB012,pmid-41280894,41280894,PMC12631382,10.3389/fimmu.2025.1693927,Mechanistic optimization of inavolisib combined with CDK4/6 inhibitors in the treatment of PIK3CA-mutated breast tumors.,Frontiers in immunology,2025,Journal Article;Review,include_context,review_or_background,unknown,pmc_available,unknown,SUB012-Q001,Included as context because it frames the subsection question but does not provide direct enough title/abstract evidence for primary claim support.
SUB012,pmid-41430313,41430313,PMC12723890,10.1186/s13023-025-04115-2,PI3K/AKT/mTOR axis in vascular malformations: from molecular insights to targeted clinical trials.,Orphanet journal of rare diseases,2025,"Journal Article;Review;Research Support, Non-U.S. Gov't",include_context,review_or_background,unknown,pmc_available,unknown,SUB012-Q001,Included as context because it frames the subsection question but does not provide direct enough title/abstract evidence for primary claim support.
SUB012,pmid-41967638,41967638,unknown,10.1016/j.annonc.2026.04.003,Genomic determinants of response to alpelisib plus fulvestrant in the SOLAR-1 trial.,Annals of oncology : official journal of the European Society for Medical Oncology,2026,Journal Article,include_context,clinical_or_translational,unknown,abstract_available,unknown,SUB012-Q001,"Primary threshold downgrade: retained as context because one or more directness criteria were not met. Included as primary evidence because title/abstract connects PI3K-alpha/pathway response or resistance to biomarkers, ctDNA/genomics, co-alterations, or a practical resistance category."
SUB012,pmid-41999452,41999452,PMC13091897,10.1007/s11864-026-01391-3,Beyond CDK4/6 Inhibition: Current Strategies in Hormone Receptor-Positive Metastatic Breast Cancer.,Current treatment options in oncology,2026,Journal Article;Review,include_context,review_or_background,unknown,pmc_available,unknown,SUB012-Q001,Included as context because it frames the subsection question but does not provide direct enough title/abstract evidence for primary claim support.
SUB012,pmid-42180974,42180974,PMC13190948,10.21037/tcr-2025-1-2681,Identifying research gaps in PIK3CA-mutant breast cancer: a bibliometric analysis of evolving trends and clinical applications.,Translational cancer research,2026,Journal Article,include_context,review_or_background,unknown,pmc_available,unknown,SUB012-Q001,Included as context because it frames the subsection question but does not provide direct enough title/abstract evidence for primary claim support.
SUB012,pmid-42518131,42518131,PMC13529841,10.1007/s40265-026-02347-5,Emerging Strategies Targeting the PI3K/AKT/mTOR Pathway in HR+/HER2- Advanced Breast Cancer.,Drugs,2026,Journal Article;Review,include_context,review_or_background,unknown,pmc_available,unknown,SUB012-Q001,Included as context because it frames the subsection question but does not provide direct enough title/abstract evidence for primary claim support.
SUB012,pmid-25528022,25528022,unknown,10.1007/s10549-014-3239-5,A preclinical evaluation of the PI3K alpha/delta dominant inhibitor BAY 80-6946 in HER2-positive breast cancer models with acquired resistance to the HER2-targeted therapies trastuzumab and lapatinib.,Breast cancer research and treatment,2014,"Journal Article;Research Support, Non-U.S. Gov't",uncertain_full_text_needed,clinical_or_translational,unknown,abstract_available,unknown,SUB012-Q001,"Borderline biomarker evidence; full text would be needed to tell whether the marker is predictive, prognostic, mechanistic, or merely exploratory."
SUB012,pmid-27126994,27126994,PMC5085926,10.1158/1078-0432.CCR-16-0134,"A Phase Ib Study of Alpelisib (BYL719), a PI3Kα-Specific Inhibitor, with Letrozole in ER+/HER2- Metastatic Breast Cancer.",Clinical cancer research : an official journal of the American Association for Cancer Research,2016,"Clinical Trial, Phase I;Journal Article;Multicenter Study",uncertain_full_text_needed,clinical_or_translational,unknown,pmc_available,unknown,SUB012-Q001,"Borderline biomarker evidence; full text would be needed to tell whether the marker is predictive, prognostic, mechanistic, or merely exploratory."
SUB012,pmid-28852212,28852212,PMC5574981,10.1038/s41598-017-10555-z,"Phosphatidylinositol-3 Kinase Inhibitors, Buparlisib and Alpelisib, Sensitize Estrogen Receptor-positive Breast Cancer Cells to Tamoxifen.",Scientific reports,2017,"Journal Article;Research Support, Non-U.S. Gov't",uncertain_full_text_needed,clinical_or_translational,unknown,pmc_available,unknown,SUB012-Q001,"Borderline biomarker evidence; full text would be needed to tell whether the marker is predictive, prognostic, mechanistic, or merely exploratory."
SUB012,pmid-30588709,30588709,PMC6398875,10.1111/cas.13923,"Phase I study of alpelisib (BYL719), an α-specific PI3K inhibitor, in Japanese patients with advanced solid tumors.",Cancer science,2019,"Clinical Trial, Phase I;Journal Article;Multicenter Study",uncertain_full_text_needed,clinical_or_translational,unknown,pmc_available,unknown,SUB012-Q001,"Borderline biomarker evidence; full text would be needed to tell whether the marker is predictive, prognostic, mechanistic, or merely exploratory."
SUB012,pmid-30793038,30793038,PMC6377617,10.1038/s41698-019-0077-2,Genomic landscape of a metastatic malignant proliferating tricholemmal tumor and its response to PI3K inhibition.,NPJ precision oncology,2019,Case Reports;Journal Article,uncertain_full_text_needed,clinical_or_translational,unknown,pmc_available,unknown,SUB012-Q001,"Borderline biomarker evidence; full text would be needed to tell whether the marker is predictive, prognostic, mechanistic, or merely exploratory."
SUB012,pmid-31091374,31091374,unknown,10.1056/NEJMoa1813904,"Alpelisib for PIK3CA-Mutated, Hormone Receptor-Positive Advanced Breast Cancer.",The New England journal of medicine,2019,"Clinical Trial, Phase III;Comparative Study;Journal Article;Multicenter Study;Randomized Controlled Trial;Research Support, Non-U.S. Gov't",uncertain_full_text_needed,clinical_or_translational,unknown,abstract_available,unknown,SUB012-Q001,"Borderline biomarker evidence; full text would be needed to tell whether the marker is predictive, prognostic, mechanistic, or merely exploratory."
SUB012,pmid-31678634,31678634,PMC9478566,10.1016/j.ijrobp.2019.09.050,A Phase 1b Study of Cetuximab and BYL719 (Alpelisib) Concurrent with Intensity Modulated Radiation Therapy in Stage III-IVB Head and Neck Squamous Cell Carcinoma.,"International journal of radiation oncology, biology, physics",2019,"Clinical Trial, Phase I;Journal Article;Research Support, N.I.H., Extramural;Research Support, Non-U.S. Gov't",uncertain_full_text_needed,clinical_or_translational,unknown,pmc_available,unknown,SUB012-Q001,"Borderline biomarker evidence; full text would be needed to tell whether the marker is predictive, prognostic, mechanistic, or merely exploratory."
SUB012,pmid-31852484,31852484,PMC6921513,10.1186/s13058-019-1230-0,Elacestrant (RAD1901) exhibits anti-tumor activity in multiple ER+ breast cancer models resistant to CDK4/6 inhibitors.,Breast cancer research : BCR,2019,"Journal Article;Research Support, Non-U.S. Gov't",uncertain_full_text_needed,clinical_or_translational,unknown,pmc_available,unknown,SUB012-Q001,"Borderline biomarker evidence; full text would be needed to tell whether the marker is predictive, prognostic, mechanistic, or merely exploratory."
SUB012,pmid-32704014,32704014,PMC7378194,10.1038/s41598-020-68998-w,PI3K-targeting strategy using alpelisib to enhance the antitumor effect of paclitaxel in human gastric cancer.,Scientific reports,2020,"Journal Article;Research Support, Non-U.S. Gov't",uncertain_full_text_needed,clinical_or_translational,unknown,pmc_available,unknown,SUB012-Q001,"Borderline biomarker evidence; full text would be needed to tell whether the marker is predictive, prognostic, mechanistic, or merely exploratory."
SUB012,pmid-32869930,32869930,PMC7648336,10.1634/theoncologist.2020-0449,Biomarkers in Breast Cancer: An Integrated Analysis of Comprehensive Genomic Profiling and PD-L1 Immunohistochemistry Biomarkers in 312 Patients with Breast Cancer.,The oncologist,2020,Journal Article,uncertain_full_text_needed,clinical_or_translational,unknown,pmc_available,unknown,SUB012-Q001,"Borderline biomarker evidence; full text would be needed to tell whether the marker is predictive, prognostic, mechanistic, or merely exploratory."
SUB012,pmid-32899250,32899250,PMC7564416,10.3390/cancers12092500,PI3K p110α Blockade Enhances Anti-Tumor Efficacy of Abemaciclib in Human Colorectal Cancer Cells.,Cancers,2020,Journal Article,uncertain_full_text_needed,clinical_or_translational,unknown,pmc_available,unknown,SUB012-Q001,"Borderline biomarker evidence; full text would be needed to tell whether the marker is predictive, prognostic, mechanistic, or merely exploratory."
SUB012,pmid-33204026,33204026,PMC7782586,10.1038/s41416-020-01147-2,Mutational profiles associated with resistance in patients with BRAFV600E mutant colorectal cancer treated with cetuximab and encorafenib +/- binimetinib or alpelisib.,British journal of cancer,2020,Journal Article,uncertain_full_text_needed,clinical_or_translational,unknown,pmc_available,unknown,SUB012-Q001,"Borderline biomarker evidence; full text would be needed to tell whether the marker is predictive, prognostic, mechanistic, or merely exploratory."
SUB012,pmid-33668685,33668685,PMC7918312,10.3390/ijms22041882,"PRKAR1B-AS2 Long Noncoding RNA Promotes Tumorigenesis, Survival, and Chemoresistance via the PI3K/AKT/mTOR Pathway.",International journal of molecular sciences,2021,Journal Article,uncertain_full_text_needed,clinical_or_translational,unknown,pmc_available,unknown,SUB012-Q001,"Borderline biomarker evidence; full text would be needed to tell whether the marker is predictive, prognostic, mechanistic, or merely exploratory."
SUB012,pmid-33947692,33947692,PMC8282678,10.1158/1078-0432.CCR-21-0047,A Phase I Study of Alpelisib in Combination with Trastuzumab and LJM716 in Patients with PIK3CA-Mutated HER2-Positive Metastatic Breast Cancer.,Clinical cancer research : an official journal of the American Association for Cancer Research,2021,"Clinical Trial, Phase I;Journal Article;Research Support, N.I.H., Extramural;Research Support, Non-U.S. Gov't",uncertain_full_text_needed,clinical_or_translational,unknown,pmc_available,unknown,SUB012-Q001,"Borderline biomarker evidence; full text would be needed to tell whether the marker is predictive, prognostic, mechanistic, or merely exploratory."
SUB012,pmid-35023985,35023985,PMC8743979,10.1177/11795549211068804,"PIK3CA Mutations in Diffuse Gliomas: An Update on Molecular Stratification, Prognosis, Recurrence, and Aggressiveness.",Clinical Medicine Insights. Oncology,2022,Journal Article,uncertain_full_text_needed,clinical_or_translational,unknown,pmc_available,unknown,SUB012-Q001,"Borderline biomarker evidence; full text would be needed to tell whether the marker is predictive, prognostic, mechanistic, or merely exploratory."
SUB012,pmid-35100734,35100734,unknown,10.1200/PO.19.00221,"Combined PIK3CA and FGFR Inhibition With Alpelisib and Infigratinib in Patients With PIK3CA-Mutant Solid Tumors, With or Without FGFR Alterations.",JCO precision oncology,2019,Journal Article,uncertain_full_text_needed,clinical_or_translational,unknown,abstract_available,unknown,SUB012-Q001,"Borderline biomarker evidence; full text would be needed to tell whether the marker is predictive, prognostic, mechanistic, or merely exploratory."
SUB012,pmid-35191516,35191516,PMC8878713,10.3892/ijo.2022.5327,HepaCAM‑PIK3CA axis regulates the reprogramming of glutamine metabolism to inhibit prostate cancer cell proliferation.,International journal of oncology,2022,Journal Article,uncertain_full_text_needed,clinical_or_translational,unknown,pmc_available,unknown,SUB012-Q001,"Borderline biomarker evidence; full text would be needed to tell whether the marker is predictive, prognostic, mechanistic, or merely exploratory."
SUB012,pmid-35311394,35311394,unknown,10.1177/03008916211073621,"BYL719 (alpelisib) for the treatment of PIK3CA-mutated, recurrent/advanced cervical cancer.",Tumori,2022,Journal Article,uncertain_full_text_needed,clinical_or_translational,unknown,abstract_available,unknown,SUB012-Q001,"Borderline biomarker evidence; full text would be needed to tell whether the marker is predictive, prognostic, mechanistic, or merely exploratory."
SUB012,pmid-35771551,35771551,unknown,10.1158/2159-8290.CD-21-1696,"Alpelisib Monotherapy for PI3K-Altered, Pretreated Advanced Breast Cancer: A Phase II Study.",Cancer discovery,2022,"Clinical Trial, Phase II;Journal Article;Research Support, Non-U.S. Gov't",uncertain_full_text_needed,clinical_or_translational,unknown,abstract_available,unknown,SUB012-Q001,"Borderline biomarker evidence; full text would be needed to tell whether the marker is predictive, prognostic, mechanistic, or merely exploratory."
SUB012,pmid-35787784,35787784,PMC9255965,10.7554/eLife.74510,Genomic landscape of lymphatic malformations: a case series and response to the PI3Kα inhibitor alpelisib in an N-of-1 clinical trial.,eLife,2022,"Clinical Trial;Journal Article;Research Support, U.S. Gov't, Non-P.H.S.;Research Support, Non-U.S. Gov't",uncertain_full_text_needed,clinical_or_translational,unknown,pmc_available,unknown,SUB012-Q001,"Borderline biomarker evidence; full text would be needed to tell whether the marker is predictive, prognostic, mechanistic, or merely exploratory."
SUB012,pmid-35968355,35968355,PMC9360227,unknown,PI3K inhibitors in trastuzumab-resistant HER2-positive breast cancer cells with PI3K pathway alterations.,American journal of cancer research,2022,Journal Article,uncertain_full_text_needed,clinical_or_translational,unknown,pmc_available,unknown,SUB012-Q001,"Borderline biomarker evidence; full text would be needed to tell whether the marker is predictive, prognostic, mechanistic, or merely exploratory."
SUB012,pmid-36292649,36292649,PMC9601363,10.3390/genes13101763,Alpelisib Efficacy in Hormone Receptor-Positive HER2-Negative PIK3CA-Mutant Advanced Breast Cancer Post-Everolimus Treatment.,Genes,2022,"Journal Article;Research Support, Non-U.S. Gov't",uncertain_full_text_needed,clinical_or_translational,unknown,pmc_available,unknown,SUB012-Q001,"Borderline biomarker evidence; full text would be needed to tell whether the marker is predictive, prognostic, mechanistic, or merely exploratory."
SUB012,pmid-36319849,36319849,PMC9814377,10.1038/s41416-022-02032-w,PAK and PI3K pathway activation confers resistance to KRASG12C inhibitor sotorasib.,British journal of cancer,2022,"Journal Article;Research Support, Non-U.S. Gov't",uncertain_full_text_needed,clinical_or_translational,unknown,pmc_available,unknown,SUB012-Q001,"Borderline biomarker evidence; full text would be needed to tell whether the marker is predictive, prognostic, mechanistic, or merely exploratory."
SUB012,pmid-36713525,36713525,PMC9880853,10.3389/fonc.2022.1088962,The way to precision medicine in gynecologic cancers: The first case report of an exceptional response to alpelisib in a PIK3CA-mutated endometrial cancer.,Frontiers in oncology,2023,Case Reports;Journal Article,uncertain_full_text_needed,clinical_or_translational,unknown,pmc_available,unknown,SUB012-Q001,"Borderline biomarker evidence; full text would be needed to tell whether the marker is predictive, prognostic, mechanistic, or merely exploratory."
SUB012,pmid-36863843,36863843,PMC10240844,10.1101/mcs.a006255,PIK3CA copy-number gain and inhibitors of the PI3K/AKT/mTOR pathway in triple-negative breast cancer.,Cold Spring Harbor molecular case studies,2023,Journal Article,uncertain_full_text_needed,clinical_or_translational,unknown,pmc_available,unknown,SUB012-Q001,"Borderline biomarker evidence; full text would be needed to tell whether the marker is predictive, prognostic, mechanistic, or merely exploratory."
SUB012,pmid-36900375,36900375,PMC10001201,10.3390/cancers15051582,Discovering Synergistic Compounds with BYL-719 in PI3K Overactivated Basal-like PDXs.,Cancers,2023,Journal Article,uncertain_full_text_needed,clinical_or_translational,unknown,pmc_available,unknown,SUB012-Q001,"Borderline biomarker evidence; full text would be needed to tell whether the marker is predictive, prognostic, mechanistic, or merely exploratory."
SUB012,pmid-36998707,36998707,PMC10043427,10.17179/excli2022-5064,Anti-tumor effects of low-dose metronomic vinorelbine in combination with alpelisib in breast cancer cells.,EXCLI journal,2023,Journal Article,uncertain_full_text_needed,clinical_or_translational,unknown,pmc_available,unknown,SUB012-Q001,"Borderline biomarker evidence; full text would be needed to tell whether the marker is predictive, prognostic, mechanistic, or merely exploratory."
SUB012,pmid-37044095,37044095,PMC10140479,10.1016/j.xcrm.2023.101002,N-acetylcysteine overcomes NF1 loss-driven resistance to PI3Kα inhibition in breast cancer.,Cell reports. Medicine,2023,"Journal Article;Research Support, Non-U.S. Gov't",uncertain_full_text_needed,clinical_or_translational,unknown,pmc_available,unknown,SUB012-Q001,"Borderline biomarker evidence; full text would be needed to tell whether the marker is predictive, prognostic, mechanistic, or merely exploratory."
SUB012,pmid-37163178,37163178,PMC10164376,10.2147/BTT.S395817,Treating Alpelisib-Induced Hyperinsulinemia in Patients with Advanced Breast Cancer - A Real-Life Experience.,Biologics : targets & therapy,2023,Case Reports;Journal Article,uncertain_full_text_needed,clinical_or_translational,unknown,pmc_available,unknown,SUB012-Q001,"Borderline biomarker evidence; full text would be needed to tell whether the marker is predictive, prognostic, mechanistic, or merely exploratory."
SUB012,pmid-37178682,37178682,unknown,10.1016/j.medj.2023.04.003,Patient-derived head and neck cancer organoids allow treatment stratification and serve as a tool for biomarker validation and identification.,"Med (New York, N.Y.)",2023,"Journal Article;Research Support, Non-U.S. Gov't",uncertain_full_text_needed,clinical_or_translational,unknown,abstract_available,unknown,SUB012-Q001,"Borderline biomarker evidence; full text would be needed to tell whether the marker is predictive, prognostic, mechanistic, or merely exploratory."
SUB012,pmid-37339176,37339176,PMC10543974,10.1158/0008-5472.CAN-23-0282,Tipifarnib Potentiates the Antitumor Effects of PI3Kα Inhibition in PIK3CA- and HRAS-Dysregulated HNSCC via Convergent Inhibition of mTOR Activity.,Cancer research,2023,Journal Article,uncertain_full_text_needed,clinical_or_translational,unknown,pmc_available,unknown,SUB012-Q001,"Borderline biomarker evidence; full text would be needed to tell whether the marker is predictive, prognostic, mechanistic, or merely exploratory."
SUB012,pmid-37380669,37380669,PMC10307862,10.1038/s41598-023-37468-4,Targeted treatment of severe vascular malformations harboring PIK3CA and TEK mutations with alpelisib is highly effective with limited toxicity.,Scientific reports,2023,"Journal Article;Research Support, Non-U.S. Gov't",uncertain_full_text_needed,clinical_or_translational,unknown,pmc_available,unknown,SUB012-Q001,"Borderline biomarker evidence; full text would be needed to tell whether the marker is predictive, prognostic, mechanistic, or merely exploratory."
SUB012,pmid-37427101,37427101,PMC10325704,10.3389/fonc.2023.1107134,"Targeted treatment in a case series of AR+, HRAS/PIK3CA co-mutated salivary duct carcinoma.",Frontiers in oncology,2023,Journal Article,uncertain_full_text_needed,clinical_or_translational,unknown,pmc_available,unknown,SUB012-Q001,"Borderline biomarker evidence; full text would be needed to tell whether the marker is predictive, prognostic, mechanistic, or merely exploratory."
SUB012,pmid-37469415,37469415,PMC10353540,10.3389/fonc.2023.1108242,The effect of the alpha-specific PI3K inhibitor alpelisib combined with anti-HER2 therapy in HER2+/PIK3CA mutant breast cancer.,Frontiers in oncology,2023,Journal Article,uncertain_full_text_needed,clinical_or_translational,unknown,pmc_available,unknown,SUB012-Q001,"Borderline biomarker evidence; full text would be needed to tell whether the marker is predictive, prognostic, mechanistic, or merely exploratory."
SUB012,pmid-37493631,37493631,PMC10811747,10.1158/1541-7786.MCR-23-0034,CBF-Beta Mitigates PI3K-Alpha-Specific Inhibitor Killing through PIM1 in PIK3CA-Mutant Gastric Cancer.,Molecular cancer research : MCR,2023,"Journal Article;Research Support, Non-U.S. Gov't;Research Support, N.I.H., Extramural",uncertain_full_text_needed,clinical_or_translational,unknown,pmc_available,unknown,SUB012-Q001,"Borderline biomarker evidence; full text would be needed to tell whether the marker is predictive, prognostic, mechanistic, or merely exploratory."
SUB012,pmid-37623743,37623743,PMC10618743,10.1158/2159-8290.CD-23-0396,"STX-478, a Mutant-Selective, Allosteric PI3Kα Inhibitor Spares Metabolic Dysfunction and Improves Therapeutic Response in PI3Kα-Mutant Xenografts.",Cancer discovery,2023,"Journal Article;Research Support, Non-U.S. Gov't",uncertain_full_text_needed,clinical_or_translational,unknown,pmc_available,unknown,SUB012-Q001,"Borderline biomarker evidence; full text would be needed to tell whether the marker is predictive, prognostic, mechanistic, or merely exploratory."
SUB012,pmid-37628682,37628682,PMC10454507,10.3390/genes14081632,A Rare Pathological Phenotype of Endometrioid Serous and Clear-Cell Ovarian Cancer with PIK3CA Mutations in Relation to The Excellent Response of Alpelisib.,Genes,2023,Case Reports;Journal Article,uncertain_full_text_needed,clinical_or_translational,unknown,pmc_available,unknown,SUB012-Q001,"Borderline biomarker evidence; full text would be needed to tell whether the marker is predictive, prognostic, mechanistic, or merely exploratory."
SUB012,pmid-37725704,37725704,PMC10690091,10.1158/0008-5472.CAN-23-0694,The Next-Generation Oral Selective Estrogen Receptor Degrader Camizestrant (AZD9833) Suppresses ER+ Breast Cancer Growth and Overcomes Endocrine and CDK4/6 Inhibitor Resistance.,Cancer research,2023,"Journal Article;Research Support, Non-U.S. Gov't",uncertain_full_text_needed,clinical_or_translational,unknown,pmc_available,unknown,SUB012-Q001,"Borderline biomarker evidence; full text would be needed to tell whether the marker is predictive, prognostic, mechanistic, or merely exploratory."
SUB012,pmid-37835582,37835582,PMC10571568,10.3390/cancers15194887,"Combined PI3K Inhibitor and Eribulin Enhances Anti-Tumor Activity in Preclinical Models of Paclitaxel-Resistant, PIK3CA-Mutated Endometrial Cancer.",Cancers,2023,Journal Article,uncertain_full_text_needed,clinical_or_translational,unknown,pmc_available,unknown,SUB012-Q001,"Borderline biomarker evidence; full text would be needed to tell whether the marker is predictive, prognostic, mechanistic, or merely exploratory."
SUB012,pmid-37934115,37934115,PMC10722132,10.1158/0008-5472.CAN-23-1127,CRISPR Screening Identifies Mechanisms of Resistance to KRASG12C and SHP2 Inhibitor Combinations in Non-Small Cell Lung Cancer.,Cancer research,2023,"Journal Article;Research Support, Non-U.S. Gov't",uncertain_full_text_needed,clinical_or_translational,unknown,pmc_available,unknown,SUB012-Q001,"Borderline biomarker evidence; full text would be needed to tell whether the marker is predictive, prognostic, mechanistic, or merely exploratory."
SUB012,pmid-37947995,37947995,unknown,10.1007/s11845-023-03569-2,"Frequency of next-generation sequencing, prevalence of targetable mutations and response to targeted therapies amongst patients with metastatic urothelial cancer in Ireland: a multi-centre retrospective study of real-world data.",Irish journal of medical science,2023,Journal Article;Multicenter Study,uncertain_full_text_needed,clinical_or_translational,unknown,abstract_available,unknown,SUB012-Q001,"Borderline biomarker evidence; full text would be needed to tell whether the marker is predictive, prognostic, mechanistic, or merely exploratory."
SUB012,pmid-38286037,38286037,PMC11627550,10.1016/j.biopha.2024.116217,β1 integrin mediates unresponsiveness to PI3Kα inhibition for radiochemosensitization of 3D HNSCC models.,Biomedicine & pharmacotherapy = Biomedecine & pharmacotherapie,2024,Journal Article,uncertain_full_text_needed,clinical_or_translational,unknown,pmc_available,unknown,SUB012-Q001,"Borderline biomarker evidence; full text would be needed to tell whether the marker is predictive, prognostic, mechanistic, or merely exploratory."
SUB012,pmid-38310289,38310289,PMC10837874,10.1186/s12967-023-04675-6,Integrating cfDNA liquid biopsy and organoid-based drug screening reveals PI3K signaling as a promising therapeutic target in colorectal cancer.,Journal of translational medicine,2024,"Journal Article;Research Support, Non-U.S. Gov't",uncertain_full_text_needed,clinical_or_translational,unknown,pmc_available,unknown,SUB012-Q001,"Borderline biomarker evidence; full text would be needed to tell whether the marker is predictive, prognostic, mechanistic, or merely exploratory."
SUB012,pmid-38518529,38518529,unknown,10.1016/j.ygyno.2024.02.029,Alpelisib for PIK3CA-mutated advanced gynecological cancers: First clues of clinical activity.,Gynecologic oncology,2024,Journal Article,uncertain_full_text_needed,clinical_or_translational,unknown,abstract_available,unknown,SUB012-Q001,"Borderline biomarker evidence; full text would be needed to tell whether the marker is predictive, prognostic, mechanistic, or merely exploratory."
SUB012,pmid-38700982,38700982,PMC11265541,10.1016/j.celrep.2024.114174,Methylation of the chromatin modifier KMT2D by SMYD2 contributes to therapeutic response in hormone-dependent breast cancer.,Cell reports,2024,"Journal Article;Research Support, N.I.H., Extramural;Research Support, Non-U.S. Gov't",uncertain_full_text_needed,clinical_or_translational,unknown,pmc_available,unknown,SUB012-Q001,"Borderline biomarker evidence; full text would be needed to tell whether the marker is predictive, prognostic, mechanistic, or merely exploratory."
SUB012,pmid-38819400,38819400,PMC11325148,10.1158/1078-0432.CCR-23-3465,Oral Estrogen Receptor PROTAC Vepdegestrant (ARV-471) Is Highly Efficacious as Monotherapy and in Combination with CDK4/6 or PI3K/mTOR Pathway Inhibitors in Preclinical ER+ Breast Cancer Models.,Clinical cancer research : an official journal of the American Association for Cancer Research,2024,Journal Article,uncertain_full_text_needed,clinical_or_translational,unknown,pmc_available,unknown,SUB012-Q001,"Borderline biomarker evidence; full text would be needed to tell whether the marker is predictive, prognostic, mechanistic, or merely exploratory."
SUB012,pmid-38986734,38986734,unknown,10.1016/j.canlet.2024.217112,PI3K PROTAC overcomes the lapatinib resistance in PIK3CA-mutant HER2 positive breast cancer.,Cancer letters,2024,Journal Article,uncertain_full_text_needed,clinical_or_translational,unknown,abstract_available,unknown,SUB012-Q001,"Borderline biomarker evidence; full text would be needed to tell whether the marker is predictive, prognostic, mechanistic, or merely exploratory."
SUB012,pmid-39070139,39070139,PMC11272611,10.3389/fonc.2024.1390452,"Phase Ib and pharmacokinetics study of alpelisib, a PIK3CA inhibitor, and capecitabine in patients with advanced solid tumors.",Frontiers in oncology,2024,Journal Article,uncertain_full_text_needed,clinical_or_translational,unknown,pmc_available,unknown,SUB012-Q001,"Borderline biomarker evidence; full text would be needed to tell whether the marker is predictive, prognostic, mechanistic, or merely exploratory."
SUB012,pmid-39092562,39092562,PMC11705819,10.1002/1878-0261.13703,"Assessments of prostate cancer cell functions highlight differences between a pan-PI3K/mTOR inhibitor, gedatolisib, and single-node inhibitors of the PI3K/AKT/mTOR pathway.",Molecular oncology,2024,Journal Article,uncertain_full_text_needed,clinical_or_translational,unknown,pmc_available,unknown,SUB012-Q001,"Borderline biomarker evidence; full text would be needed to tell whether the marker is predictive, prognostic, mechanistic, or merely exploratory."
SUB012,pmid-39217059,39217059,PMC11840667,10.1016/j.clbc.2024.08.001,A Phase I Trial of Alpelisib Combined With Capecitabine in Patients With HER2-Negative Metastatic Breast Cancer.,Clinical breast cancer,2024,"Journal Article;Clinical Trial, Phase I",uncertain_full_text_needed,clinical_or_translational,unknown,pmc_available,unknown,SUB012-Q001,"Borderline biomarker evidence; full text would be needed to tell whether the marker is predictive, prognostic, mechanistic, or merely exploratory."
SUB012,pmid-39244005,39244005,PMC11837982,10.1016/j.canlet.2024.217219,Combined inhibition of CDK4/6 and AKT is highly effective against the luminal androgen receptor (LAR) subtype of triple negative breast cancer.,Cancer letters,2024,Journal Article,uncertain_full_text_needed,clinical_or_translational,unknown,pmc_available,unknown,SUB012-Q001,"Borderline biomarker evidence; full text would be needed to tell whether the marker is predictive, prognostic, mechanistic, or merely exploratory."
SUB012,pmid-39302579,39302579,unknown,10.1007/s10549-024-07495-4,Genomic and transcriptomic landscape of HER2-low breast cancer.,Breast cancer research and treatment,2024,Journal Article,uncertain_full_text_needed,clinical_or_translational,unknown,abstract_available,unknown,SUB012-Q001,"Borderline biomarker evidence; full text would be needed to tell whether the marker is predictive, prognostic, mechanistic, or merely exploratory."
SUB012,pmid-39387185,39387185,unknown,10.1080/00498254.2024.2415103,Preclinical assessment of the PI3Kα selective inhibitor inavolisib and prediction of its pharmacokinetics and efficacious dose in human.,Xenobiotica; the fate of foreign compounds in biological systems,2024,Journal Article,uncertain_full_text_needed,clinical_or_translational,unknown,abstract_available,unknown,SUB012-Q001,"Borderline biomarker evidence; full text would be needed to tell whether the marker is predictive, prognostic, mechanistic, or merely exploratory."
SUB012,pmid-39409880,39409880,PMC11476299,10.3390/cancers16193259,PLK1 Inhibitor Onvansertib Enhances the Efficacy of Alpelisib in PIK3CA-Mutated HR-Positive Breast Cancer Resistant to Palbociclib and Endocrine Therapy: Preclinical Insights.,Cancers,2024,Journal Article,uncertain_full_text_needed,clinical_or_translational,unknown,pmc_available,unknown,SUB012-Q001,"Borderline biomarker evidence; full text would be needed to tell whether the marker is predictive, prognostic, mechanistic, or merely exploratory."
SUB012,pmid-39539943,39539943,PMC11558728,10.1177/17588359241297101,Elacestrant plus alpelisib in an ESR1 and PIK3CA co-mutated and heavily pretreated metastatic breast cancer: the first case report for combination efficacy and safety.,Therapeutic advances in medical oncology,2024,Case Reports;Journal Article,uncertain_full_text_needed,clinical_or_translational,unknown,pmc_available,unknown,SUB012-Q001,"Borderline biomarker evidence; full text would be needed to tell whether the marker is predictive, prognostic, mechanistic, or merely exploratory."
SUB012,pmid-39568927,39568927,PMC11575505,10.1039/d4sc05459h,"Rapid, potent, and persistent covalent chemical probes to deconvolute PI3Kα signaling.",Chemical science,2024,Journal Article,uncertain_full_text_needed,clinical_or_translational,unknown,pmc_available,unknown,SUB012-Q001,"Borderline biomarker evidence; full text would be needed to tell whether the marker is predictive, prognostic, mechanistic, or merely exploratory."
SUB012,pmid-39637900,39637900,unknown,10.1016/S1470-2045(24)00673-9,"Alpelisib plus fulvestrant in PIK3CA-mutated, hormone receptor-positive advanced breast cancer after a CDK4/6 inhibitor (BYLieve): one cohort of a phase 2, multicentre, open-label, non-comparative study.",The Lancet. Oncology,2024,"Journal Article;Multicenter Study;Clinical Trial, Phase II;Research Support, Non-U.S. Gov't",uncertain_full_text_needed,clinical_or_translational,unknown,abstract_available,unknown,SUB012-Q001,"Borderline biomarker evidence; full text would be needed to tell whether the marker is predictive, prognostic, mechanistic, or merely exploratory."
SUB012,pmid-39652577,39652577,PMC11831106,10.1158/0008-5472.CAN-24-2608,"Imlunestrant Is an Oral, Brain-Penetrant Selective Estrogen Receptor Degrader with Potent Antitumor Activity in ESR1 Wild-Type and Mutant Breast Cancer.",Cancer research,2025,"Journal Article;Research Support, Non-U.S. Gov't",uncertain_full_text_needed,clinical_or_translational,unknown,pmc_available,unknown,SUB012-Q001,"Borderline biomarker evidence; full text would be needed to tell whether the marker is predictive, prognostic, mechanistic, or merely exploratory."
SUB012,pmid-39709507,39709507,PMC11839470,10.1038/s41417-024-00867-4,PIK3CA mutation fortifies molecular determinants for immune signaling in vascular cancers.,Cancer gene therapy,2024,Journal Article,uncertain_full_text_needed,clinical_or_translational,unknown,pmc_available,unknown,SUB012-Q001,"Borderline biomarker evidence; full text would be needed to tell whether the marker is predictive, prognostic, mechanistic, or merely exploratory."
SUB012,pmid-39768828,39768828,PMC11676099,10.3390/medicina60121946,Successful Treatment of Abdominal Wall Advanced Endometriosis-Associated Clear Cell Carcinoma with AKT Pathway Inhibitor: Case Report.,"Medicina (Kaunas, Lithuania)",2024,Case Reports;Journal Article,uncertain_full_text_needed,clinical_or_translational,unknown,pmc_available,unknown,SUB012-Q001,"Borderline biomarker evidence; full text would be needed to tell whether the marker is predictive, prognostic, mechanistic, or merely exploratory."
SUB012,pmid-39827242,39827242,PMC11742900,10.1038/s41598-025-86389-x,"Steroid hormone receptors, exome sequencing and treatment responsiveness of breast cancer patient-derived xenografts originated in a South American country.",Scientific reports,2025,"Journal Article;Research Support, Non-U.S. Gov't",uncertain_full_text_needed,clinical_or_translational,unknown,pmc_available,unknown,SUB012-Q001,"Borderline biomarker evidence; full text would be needed to tell whether the marker is predictive, prognostic, mechanistic, or merely exploratory."
SUB012,pmid-39920872,39920872,PMC11806886,10.1186/s40170-025-00375-5,CD36 inhibition enhances the anti-proliferative effects of PI3K inhibitors in PTEN-loss anti-HER2 resistant breast cancer cells.,Cancer & metabolism,2025,Journal Article,uncertain_full_text_needed,clinical_or_translational,unknown,pmc_available,unknown,SUB012-Q001,"Borderline biomarker evidence; full text would be needed to tell whether the marker is predictive, prognostic, mechanistic, or merely exploratory."
SUB012,pmid-39979449,39979449,PMC11842864,10.1038/s41598-025-90714-9,PI3Kα-specific inhibitor BYL-719 synergizes with cisplatin in vitro in PIK3CA-mutated ovarian cancer cells.,Scientific reports,2025,Journal Article,uncertain_full_text_needed,clinical_or_translational,unknown,pmc_available,unknown,SUB012-Q001,"Borderline biomarker evidence; full text would be needed to tell whether the marker is predictive, prognostic, mechanistic, or merely exploratory."
SUB012,pmid-40113784,40113784,PMC11926384,10.1038/s41392-025-02180-4,Targeting PI3K inhibitor resistance in breast cancer with metabolic drugs.,Signal transduction and targeted therapy,2025,"Journal Article;Research Support, Non-U.S. Gov't",uncertain_full_text_needed,clinical_or_translational,unknown,pmc_available,unknown,SUB012-Q001,"Borderline biomarker evidence; full text would be needed to tell whether the marker is predictive, prognostic, mechanistic, or merely exploratory."
SUB012,pmid-40117718,40117718,PMC11978339,10.1016/j.neo.2025.101157,Anti-PD1 prolongs the response of PI3K and farnesyl transferase inhibition in HRAS- and PIK3CA-mutant head and neck cancers.,"Neoplasia (New York, N.Y.)",2025,"Journal Article;Research Support, N.I.H., Extramural;Research Support, Non-U.S. Gov't",uncertain_full_text_needed,clinical_or_translational,unknown,pmc_available,unknown,SUB012-Q001,"Borderline biomarker evidence; full text would be needed to tell whether the marker is predictive, prognostic, mechanistic, or merely exploratory."
SUB012,pmid-40192953,40192953,PMC12062054,10.1007/s40291-025-00777-7,Clinical Actionability of Molecular Targets in Multi-Ethnic Breast Cancer Patients: A Retrospective Single-Institutional Study.,Molecular diagnosis & therapy,2025,"Journal Article;Research Support, N.I.H., Extramural",uncertain_full_text_needed,clinical_or_translational,unknown,pmc_available,unknown,SUB012-Q001,"Borderline biomarker evidence; full text would be needed to tell whether the marker is predictive, prognostic, mechanistic, or merely exploratory."
SUB012,pmid-40295072,40295072,unknown,10.21873/anticanres.17567,Development of Acquired Resistance in Alpelisib-treated Gastric Cancer Cells With PIK3CA Mutations and Overcoming Strategies.,Anticancer research,2025,Journal Article,uncertain_full_text_needed,clinical_or_translational,unknown,abstract_available,unknown,SUB012-Q001,"Borderline biomarker evidence; full text would be needed to tell whether the marker is predictive, prognostic, mechanistic, or merely exploratory."
SUB012,pmid-40382983,40382983,unknown,10.1016/j.drup.2025.101251,MicroRNA-mediated PTEN downregulation as a novel non-genetic mechanism of acquired resistance to PI3Kα inhibitors of head & neck squamous cell carcinoma.,Drug resistance updates : reviews and commentaries in antimicrobial and anticancer chemotherapy,2025,Journal Article,uncertain_full_text_needed,clinical_or_translational,unknown,abstract_available,unknown,SUB012-Q001,"Borderline biomarker evidence; full text would be needed to tell whether the marker is predictive, prognostic, mechanistic, or merely exploratory."
SUB012,pmid-40536266,40536266,PMC12204390,10.1093/oncolo/oyaf126,Prolonged response to PIK3CA inhibition in an advanced hormone-positive breast cancer patient with 3 mutations in the alpha subunit of PI-3 kinase.,The oncologist,2025,Journal Article;Case Reports,uncertain_full_text_needed,clinical_or_translational,unknown,pmc_available,unknown,SUB012-Q001,"Borderline biomarker evidence; full text would be needed to tell whether the marker is predictive, prognostic, mechanistic, or merely exploratory."
SUB012,pmid-40625102,40625102,PMC12670073,10.1158/1535-7163.MCT-24-0995,KRAS Codon-Specific Mutations Differentially Toggle PI3K Pathway Signaling and Alter Sensitivity to Inavolisib (GDC-0077).,Molecular cancer therapeutics,2025,Journal Article,uncertain_full_text_needed,clinical_or_translational,unknown,pmc_available,unknown,SUB012-Q001,"Borderline biomarker evidence; full text would be needed to tell whether the marker is predictive, prognostic, mechanistic, or merely exploratory."
SUB012,pmid-40723456,40723456,PMC12292759,10.3390/biology14070896,In Silico Discovery of a Novel Potential Allosteric PI3Kα Inhibitor Incorporating 3-(2-Chloro-5-fluorophenyl)isoindolin-1-one to Target Head and Neck Squamous Cell Carcinoma.,Biology,2025,Journal Article,uncertain_full_text_needed,clinical_or_translational,unknown,pmc_available,unknown,SUB012-Q001,"Borderline biomarker evidence; full text would be needed to tell whether the marker is predictive, prognostic, mechanistic, or merely exploratory."
SUB012,pmid-40991650,40991650,PMC12618074,10.1172/JCI180927,USP10/GSK3β-mediated inhibition of PTEN drives resistance to PI3K inhibitors in breast cancer.,The Journal of clinical investigation,2025,"Journal Article;Research Support, Non-U.S. Gov't",uncertain_full_text_needed,clinical_or_translational,unknown,pmc_available,unknown,SUB012-Q001,"Borderline biomarker evidence; full text would be needed to tell whether the marker is predictive, prognostic, mechanistic, or merely exploratory."
SUB012,pmid-41079023,41079023,PMC12514518,10.1016/j.eclinm.2025.103535,Efficacy and safety of systemic therapies following progression on CDK4/6 inhibitors in patients with HR+/HER2- metastatic breast cancer: a systematic review and network meta-analysis.,EClinicalMedicine,2025,Journal Article,uncertain_full_text_needed,clinical_or_translational,unknown,pmc_available,unknown,SUB012-Q001,"Borderline biomarker evidence; full text would be needed to tell whether the marker is predictive, prognostic, mechanistic, or merely exploratory."
SUB012,pmid-41344057,41344057,PMC12719973,10.1016/j.tranon.2025.102629,The PI3K pathway is a downstream effector of NRF2 activation in the esophagus.,Translational oncology,2025,Journal Article,uncertain_full_text_needed,clinical_or_translational,unknown,pmc_available,unknown,SUB012-Q001,"Borderline biomarker evidence; full text would be needed to tell whether the marker is predictive, prognostic, mechanistic, or merely exploratory."
SUB012,pmid-41372143,41372143,PMC12770561,10.1038/s41467-025-66632-9,The PIK3CA/AKT pathway drives therapy resistance in rhabdomyosarcoma.,Nature communications,2025,Journal Article,uncertain_full_text_needed,clinical_or_translational,unknown,pmc_available,unknown,SUB012-Q001,"Borderline biomarker evidence; full text would be needed to tell whether the marker is predictive, prognostic, mechanistic, or merely exploratory."
SUB012,pmid-41406241,41406241,unknown,10.1126/scitranslmed.adp5088,Dual PI3K/mTOR inhibition is required to combat resistance to CDK4/6 inhibitor and endocrine therapy in PIK3CA-mutant breast cancer.,Science translational medicine,2025,"Journal Article;Research Support, Non-U.S. Gov't",uncertain_full_text_needed,clinical_or_translational,unknown,abstract_available,unknown,SUB012-Q001,"Borderline biomarker evidence; full text would be needed to tell whether the marker is predictive, prognostic, mechanistic, or merely exploratory."
SUB012,pmid-41468825,41468825,unknown,10.1016/j.lungcan.2025.108890,Inavolisib for PIK3CA-mutant non-small cell lung cancer: A case report.,"Lung cancer (Amsterdam, Netherlands)",2025,Case Reports;Journal Article,uncertain_full_text_needed,clinical_or_translational,unknown,abstract_available,unknown,SUB012-Q001,"Borderline biomarker evidence; full text would be needed to tell whether the marker is predictive, prognostic, mechanistic, or merely exploratory."
SUB012,pmid-41620612,41620612,PMC12964663,10.1186/s13058-025-02152-0,Sequential use of PI3K/AKT/mTOR pathway inhibitors alpelisib and everolimus in patients with hormone receptor-positive metastatic breast cancer.,Breast cancer research : BCR,2026,Journal Article;Observational Study,uncertain_full_text_needed,clinical_or_translational,unknown,pmc_available,unknown,SUB012-Q001,"Borderline biomarker evidence; full text would be needed to tell whether the marker is predictive, prognostic, mechanistic, or merely exploratory."
SUB012,pmid-41631183,41631183,PMC12861264,10.1016/j.rmcr.2026.102375,Ossifying fibromyxoid tumor with a novel PIK3CA mutation (c.1624G>A) unresponsive to alpelisib: A case report.,Respiratory medicine case reports,2026,Case Reports;Journal Article,uncertain_full_text_needed,clinical_or_translational,unknown,pmc_available,unknown,SUB012-Q001,"Borderline biomarker evidence; full text would be needed to tell whether the marker is predictive, prognostic, mechanistic, or merely exploratory."
SUB012,pmid-41954342,41954342,PMC13094337,10.32074/1591-951X-1603,PIK3CA testing in HR+/HER2- metastatic breast cancer: assessing pathology laboratories capacity and needs.,Pathologica,2025,Journal Article,uncertain_full_text_needed,clinical_or_translational,unknown,pmc_available,unknown,SUB012-Q001,"Borderline biomarker evidence; full text would be needed to tell whether the marker is predictive, prognostic, mechanistic, or merely exploratory."
SUB012,pmid-41976288,41976288,PMC13071977,10.3390/cancers18071064,Targeting ATR and PI3Kα Pathways Promotes Ferroptosis in PIK3CA-Wildtype Platinum-Resistant Endometrial Cancer.,Cancers,2026,Journal Article,uncertain_full_text_needed,clinical_or_translational,unknown,pmc_available,unknown,SUB012-Q001,"Borderline biomarker evidence; full text would be needed to tell whether the marker is predictive, prognostic, mechanistic, or merely exploratory."
SUB012,pmid-42332790,42332790,unknown,10.1186/s13048-026-02171-1,"Alpelisib enhances cisplatin mediated cytotoxicity in non-mutated, PIK3CA-dependent high-grade serous ovarian cancer.",Journal of ovarian research,2026,Journal Article,uncertain_full_text_needed,clinical_or_translational,unknown,abstract_available,unknown,SUB012-Q001,"Borderline biomarker evidence; full text would be needed to tell whether the marker is predictive, prognostic, mechanistic, or merely exploratory."
SUB012,pmid-42341421,42341421,unknown,10.1016/j.bbrc.2026.154189,Functional characterization of PIK3CA E545A mutation in MCF-7 breast cancer cells reveals enhanced proliferation and resistance to Alpelisib.,Biochemical and biophysical research communications,2026,Journal Article,uncertain_full_text_needed,clinical_or_translational,unknown,abstract_available,unknown,SUB012-Q001,"Borderline biomarker evidence; full text would be needed to tell whether the marker is predictive, prognostic, mechanistic, or merely exploratory."
SUB012,pmid-42405409,42405409,unknown,10.2174/0113895575463121260609115219,Medicinal Chemistry Perspectives on Molecular Targets and Targeted Therapeutic Strategies in Breast Cancer.,Mini reviews in medicinal chemistry,2026,Journal Article,uncertain_full_text_needed,clinical_or_translational,unknown,abstract_available,unknown,SUB012-Q001,"Borderline biomarker evidence; full text would be needed to tell whether the marker is predictive, prognostic, mechanistic, or merely exploratory."
SUB012,pmid-42635598,42635598,unknown,10.1158/1078-0432.CCR-26-1816,"Elacestrant in Combination with Everolimus for Estrogen Receptor-Positive, HER2-Negative Previously Treated Advanced Breast Cancer: Results from ELEVATE.",Clinical cancer research : an official journal of the American Association for Cancer Research,2026,Journal Article,uncertain_full_text_needed,clinical_or_translational,unknown,abstract_available,unknown,SUB012-Q001,"Borderline biomarker evidence; full text would be needed to tell whether the marker is predictive, prognostic, mechanistic, or merely exploratory."
