subsection_id,paper_rank,paper_id,pmid,pmcid,doi,title,source_format,hybrid_score,lexical_score,semantic_score,evidence_role_hint,selected_for_packet,selection_reason,top_chunk_uids
SUB001,1,pmid-33575071,33575071,PMC7646628,10.6004/jadpro.2020.11.7.9,Alpelisib: A Novel Therapy for Patients With PIK3CA-Mutated Metastatic Breast Cancer.,pmc_xml,0.082632,420.959500,2.453542,context_for_subsection,1,top_ranked,pmid-33575071:CH0032;pmid-33575071:CH0031;pmid-33575071:CH0028
SUB001,2,pmid-36428975,36428975,PMC9688837,10.3390/cells11223545,Analytical Performance of Next-Generation Sequencing and RT-PCR on Formalin-Fixed Paraffin-Embedded Tumor Tissues for PIK3CA Testing in HR+/HER2- Breast Cancer.,pmc_xml,0.070891,246.033664,1.649721,primary_for_subsection,1,top_ranked,pmid-36428975:CH0005;pmid-36428975:CH0013
SUB001,3,pmid-36321996,36321996,PMC10011882,10.1158/1078-0432.CCR-22-2115,Biology and Targetability of the Extended Spectrum of PIK3CA Mutations Detected in Breast Carcinoma.,pmc_xml,0.069196,128.315105,2.424704,primary_for_subsection,1,top_ranked,pmid-36321996:CH0005;pmid-36321996:CH0001;pmid-36321996:CH0039
SUB001,4,pmid-33602685,33602685,PMC8282704,10.1158/1078-0432.CCR-20-4879,Clinical and Biomarker Results from Phase I/II Study of PI3K Inhibitor Alpelisib plus Nab-paclitaxel in HER2-Negative Metastatic Breast Cancer.,pmc_xml,0.068070,362.627772,0.861469,primary_for_subsection,1,top_ranked,pmid-33602685:CH0017;pmid-33602685:CH0018;pmid-33602685:CH0006
SUB001,5,pmid-33168657,33168657,PMC8535764,10.1158/1078-0432.CCR-20-3652,"FDA Approval Summary: Alpelisib Plus Fulvestrant for Patients with HR-positive, HER2-negative, PIK3CA-mutated, Advanced or Metastatic Breast Cancer.",pmc_xml,0.058891,388.231583,1.587208,context_for_subsection,1,top_ranked,pmid-33168657:CH0031;pmid-33168657:CH0007;pmid-33168657:CH0001
SUB001,6,pmid-31859350,31859350,PMC6923785,10.1093/annonc/mdz280,Biomarkers of response and resistance to PI3K inhibitors in estrogen receptor-positive breast cancer patients and combination therapies involving PI3K inhibitors.,pmc_xml,0.057592,364.787213,1.623268,global_primary_retrieved,1,top_ranked,pmid-31859350:CH0001;pmid-31859350:CH0024;pmid-31859350:CH0031
SUB001,7,pmid-34012367,34012367,PMC8114069,10.1159/000514794,First Experiences with Alpelisib in Clinical Routine: Case Reports from a German Breast Center.,pdf,0.057506,388.377620,1.588153,context_for_subsection,1,top_ranked,pmid-34012367:CH0005;pmid-34012367:CH0021;pmid-34012367:CH0006
SUB001,8,pmid-33780274,33780274,PMC8210974,10.1200/JCO.20.01139,"Patient-Reported Outcomes in Patients With PIK3CA-Mutated Hormone Receptor-Positive, Human Epidermal Growth Factor Receptor 2-Negative Advanced Breast Cancer From SOLAR-1.",pmc_xml,0.057347,232.047227,1.591961,primary_for_subsection,1,top_ranked,pmid-33780274:CH0001;pmid-33780274:CH0008;pmid-33780274:CH0012
SUB001,9,pmid-34754095,34754095,PMC8810831,10.1038/s41416-021-01601-9,Sensitive and robust liquid biopsy-based detection of PIK3CA mutations in hormone-receptor-positive metastatic breast cancer patients.,pdf,0.057191,240.918530,0.852136,primary_for_subsection,1,top_ranked,pmid-34754095:CH0005;pmid-34754095:CH0033
SUB001,10,pmid-33386585,33386585,PMC8065000,10.1007/s12282-020-01199-5,PIK3CA somatic alterations in invasive breast cancers: different spectrum from Caucasians to Chinese detected by next generation sequencing.,pmc_xml,0.057161,352.503025,0.791858,primary_for_subsection,1,top_ranked,pmid-33386585:CH0006;pmid-33386585:CH0019;pmid-33386585:CH0016
SUB001,11,pmid-32404150,32404150,PMC7222307,10.1186/s13058-020-01284-9,Frequency and spectrum of PIK3CA somatic mutations in breast cancer.,pmc_xml,0.054562,118.007731,1.622149,primary_for_subsection,1,stage4_primary_force_included,pmid-32404150:CH0010;pmid-32404150:CH0021;pmid-32404150:CH0017
SUB001,12,pmid-32869930,32869930,PMC7648336,10.1634/theoncologist.2020-0449,Biomarkers in Breast Cancer: An Integrated Analysis of Comprehensive Genomic Profiling and PD-L1 Immunohistochemistry Biomarkers in 312 Patients with Breast Cancer.,pdf,0.054091,244.132058,0.811562,primary_for_subsection,1,stage4_primary_force_included,pmid-32869930:CH0009;pmid-32869930:CH0001
SUB001,13,pmid-32782489,32782489,PMC7388095,10.1177/1758835920940939,Targeting the PI3K/Akt/mTOR pathway in estrogen-receptor positive HER2 negative advanced breast cancer.,pmc_xml,0.051379,245.605478,2.381523,context_for_subsection,0,not_selected,pmid-32782489:CH0026;pmid-32782489:CH0027;pmid-32782489:CH0002
SUB001,14,pmid-37101291,37101291,PMC10131374,10.1186/s13073-023-01181-8,"Multiple PIK3CA mutation clonality correlates with outcomes in taselisib + fulvestrant-treated ER+/HER2-, PIK3CA-mutated breast cancers.",pmc_xml,0.050210,120.135987,1.588185,primary_for_subsection,1,stage4_primary_force_included,pmid-37101291:CH0002;pmid-37101291:CH0005;pmid-37101291:CH0006
SUB001,15,pmid-32817061,32817061,PMC7437706,10.1136/esmoopen-2020-000890,PIK3CA mutation inhibition in hormone receptor-positive breast cancer: time has come.,pmc_xml,0.044987,129.193189,2.395298,context_for_subsection,0,not_selected,pmid-32817061:CH0012;pmid-32817061:CH0011;pmid-32817061:CH0006
SUB001,16,pmid-32591580,32591580,PMC7319999,10.1038/s41598-020-67393-9,Real world data analysis of next generation sequencing and protein expression in metastatic breast cancer patients.,pmc_xml,0.044585,127.294112,0.809294,primary_for_subsection,1,stage4_primary_force_included,pmid-32591580:CH0015
SUB001,17,pmid-29401002,29401002,PMC5920739,10.1200/JCO.2017.72.7107,Phosphatidylinositol 3-Kinase α-Selective Inhibition With Alpelisib (BYL719) in PIK3CA-Altered Solid Tumors: Results From the First-in-Human Study.,pdf,0.044064,0.000000,2.346588,primary_for_subsection,1,stage4_primary_force_included,pmid-29401002:CH0037;pmid-29401002:CH0038;pmid-29401002:CH0007
SUB001,18,pmid-37916958,37916958,PMC10850944,10.1158/2159-8290.CD-23-0704,Allosteric PI3Kα Inhibition Overcomes On-target Resistance to Orthosteric Inhibitors Mediated by Secondary PIK3CA Mutations.,pmc_xml,0.042105,116.566871,2.408391,context_for_subsection,0,not_selected,pmid-37916958:CH0001;pmid-37916958:CH0032;pmid-37916958:CH0005
SUB001,19,pmid-33190190,33190190,PMC7854469,10.1007/s12325-020-01552-2,"Clinical Challenges in the Management of Hormone Receptor-Positive, Human Epidermal Growth Factor Receptor 2-Negative Metastatic Breast Cancer: A Literature Review.",pmc_xml,0.041777,120.970859,1.676125,global_primary_retrieved,0,not_selected,pmid-33190190:CH0073;pmid-33190190:CH0074
SUB001,20,pmid-36579519,36579519,PMC9694420,10.3390/jpm12111793,PIK3CAMutations in Breast Cancer Subtypes Other Than HR-Positive/HER2-Negative.,pmc_xml,0.041515,120.843414,0.800694,primary_for_subsection,1,stage4_primary_force_included,pmid-36579519:CH0029;pmid-36579519:CH0041
SUB001,21,pmid-41925922,41925922,PMC13046609,10.1007/s10549-026-07939-z,Alpelisib and Fulvestrant in PIK3CA-mutated hormone receptor-positive HER2-negative advanced breast cancer included in the German PRAEGNANT trial.,pmc_xml,0.036227,114.822828,0.785782,primary_for_subsection,1,stage4_primary_force_included,pmid-41925922:CH0001;pmid-41925922:CH0033
SUB001,22,pmid-32252811,32252811,PMC7137211,10.1186/s13058-020-01271-0,Everolimus versus alpelisib in advanced hormone receptor-positive HER2-negative breast cancer: targeting different nodes of the PI3K/AKT/mTORC1 pathway with different clinical implications.,pmc_xml,0.035889,255.069856,0.797086,global_primary_retrieved,0,not_selected,pmid-32252811:CH0061;pmid-32252811:CH0002;pmid-32252811:CH0029
SUB001,23,pmid-34173298,34173298,PMC8262312,10.1002/onco.13873,Potential for Long-Term Disease Control with Alpelisib Plus Fulvestrant Spans Patient Subgroups in HR+ PIK3CA-Mutated Advanced Breast Cancer.,pdf,0.035873,141.887732,0.000000,primary_for_subsection,1,stage4_primary_force_included,pmid-34173298:CH0002
SUB001,24,pmid-32864625,32864625,PMC7450824,10.1038/s43018-020-0047-1,Alterations in PTEN and ESR1 promote clinical resistance to alpelisib plus aromatase inhibitors.,pmc_xml,0.034398,115.069850,2.361445,global_primary_retrieved,0,not_selected,pmid-32864625:CH0032;pmid-32864625:CH0005;pmid-32864625:CH0001
SUB001,25,pmid-37761256,37761256,PMC10528120,10.3390/diagnostics13182887,Next-Generation Sequencing-Based Analysis of Clinical and Pathological Features of PIK3CA-Mutated Breast Cancer.,pmc_xml,0.033889,0.000000,0.821170,primary_for_subsection,1,stage4_primary_force_included,pmid-37761256:CH0021
SUB001,26,pmid-36367572,36367572,PMC10067656,10.1007/s00428-022-03445-x,Proficiency testing of PIK3CA mutations in HR+/HER2-breast cancer on liquid biopsy and tissue.,pmc_xml,0.033514,0.000000,0.818741,primary_for_subsection,1,stage4_primary_force_included,pmid-36367572:CH0008
SUB001,27,pmid-35348782,35348782,PMC8963159,10.1093/oncolo/oyac011,Alpelisib Plus Fulvestrant or Letrozole Demonstrates Sustained Benefits Across Subgroups of Patients with PIK3CA-Mutated HR+/HER2- Advanced Breast Cancer.,pmc_xml,0.033158,127.738317,0.000000,primary_for_subsection,1,stage4_primary_force_included,pmid-35348782:CH0008
SUB001,28,pmid-36387506,36387506,PMC9650006,10.1016/j.heliyon.2022.e11396,Chip-based digital Polymerase Chain Reaction as quantitative technique for the detection of PIK3CA mutations in breast cancer patients.,pmc_xml,0.032658,0.000000,0.812408,primary_for_subsection,1,stage4_primary_force_included,pmid-36387506:CH0006
SUB001,29,pmid-39935426,39935426,PMC11810462,10.20517/cdr.2024.169,Optimizing therapeutic approaches for HR+/HER2- advanced breast cancer: clinical perspectives on biomarkers and treatment strategies post-CDK4/6 inhibitor progression.,pmc_xml,0.031696,372.141093,0.000000,global_primary_retrieved,0,not_selected,pmid-39935426:CH0019;pmid-39935426:CH0020;pmid-39935426:CH0022
SUB001,30,pmid-42445743,42445743,PMC13361340,10.2147/DDDT.S611371,Precision Endocrine-Based Combinations After CDK4/6 Inhibitor Progression in HR-Positive Metastatic Breast Cancer.,pmc_xml,0.029632,113.940826,1.604715,global_primary_retrieved,0,not_selected,pmid-42445743:CH0037;pmid-42445743:CH0038;pmid-42445743:CH0019
SUB001,31,pmid-35075945,35075945,PMC8793384,10.1177/15347354211073163,Management of Phosphatidylinositol-3-Kinase Inhibitor-Associated Hyperglycemia.,pmc_xml,0.029631,137.624978,0.825780,context_for_subsection,0,not_selected,pmid-35075945:CH0005
SUB001,32,pmid-39596311,39596311,PMC11594956,10.3390/ijms252212246,Molecular Analysis of PIK3CA in Metastatic Hormone Receptor-Positive Breast Cancer in Chile: Clinical and Pathological Insights.,pmc_xml,0.028929,0.000000,0.788925,primary_for_subsection,1,stage4_primary_force_included,pmid-39596311:CH0005
SUB001,33,pmid-33909934,33909934,PMC8265362,10.1002/onco.13804,"Effectiveness of Alpelisib + Fulvestrant Compared with Real-World Standard Treatment Among Patients with HR+, HER2-, PIK3CA-Mutated Breast Cancer.",pmc_xml,0.028264,0.000000,0.783439,primary_for_subsection,1,stage4_primary_force_included,pmid-33909934:CH0006
SUB001,34,pmid-35181669,35181669,PMC8857304,10.1038/s41523-022-00382-5,PIK3CA co-occurring mutations and copy-number gain in hormone receptor positive and HER2 negative breast cancer.,pmc_xml,0.027874,0.000000,0.780646,primary_for_subsection,1,stage4_primary_force_included,pmid-35181669:CH0030
SUB001,35,pmid-37044095,37044095,PMC10140479,10.1016/j.xcrm.2023.101002,N-acetylcysteine overcomes NF1 loss-driven resistance to PI3Kα inhibition in breast cancer.,pmc_xml,0.027520,233.392953,0.794458,context_for_subsection,0,not_selected,pmid-37044095:CH0006;pmid-37044095:CH0005
SUB001,36,pmid-37743730,37743730,PMC10863751,10.1002/cncr.34928,"Incidence, risk factors, and management of alpelisib-associated hyperglycemia in metastatic breast cancer.",pmc_xml,0.025403,234.831384,0.778379,context_for_subsection,0,not_selected,pmid-37743730:CH0006;pmid-37743730:CH0043
SUB001,37,pmid-35968355,35968355,PMC9360227,,PI3K inhibitors in trastuzumab-resistant HER2-positive breast cancer cells with PI3K pathway alterations.,pdf,0.021952,134.222341,0.776769,context_for_subsection,0,not_selected,pmid-35968355:CH0025
SUB001,38,pmid-33947692,33947692,PMC8282678,10.1158/1078-0432.CCR-21-0047,A Phase I Study of Alpelisib in Combination with Trastuzumab and LJM716 in Patients with PIK3CA-Mutated HER2-Positive Metastatic Breast Cancer.,pmc_xml,0.021337,241.224470,0.000000,context_for_subsection,0,not_selected,pmid-33947692:CH0023;pmid-33947692:CH0004
SUB001,39,pmid-25409150,25409150,PMC4326538,10.1038/nature13948,Convergent loss of PTEN leads to clinical resistance to a PI(3)Kα inhibitor.,pmc_xml,0.020000,0.000000,0.000000,primary_for_subsection,1,stage4_primary_recall_added_no_query_hit,pmid-25409150:CH0001;pmid-25409150:CH0002;pmid-25409150:CH0003
SUB001,40,pmid-25877889,25877889,PMC4433148,10.1126/scitranslmed.aaa4442,PI3K inhibition results in enhanced estrogen receptor function and dependence in hormone receptor-positive breast cancer.,pmc_xml,0.020000,0.000000,0.000000,primary_for_subsection,1,stage4_primary_recall_added_no_query_hit,pmid-25877889:CH0001;pmid-25877889:CH0002;pmid-25877889:CH0003
SUB001,41,pmid-27126994,27126994,PMC5085926,10.1158/1078-0432.CCR-16-0134,"A Phase Ib Study of Alpelisib (BYL719), a PI3Kα-Specific Inhibitor, with Letrozole in ER+/HER2- Metastatic Breast Cancer.",pmc_xml,0.020000,0.000000,0.000000,primary_for_subsection,1,stage4_primary_recall_added_no_query_hit,pmid-27126994:CH0001;pmid-27126994:CH0002;pmid-27126994:CH0003
SUB001,42,pmid-36611120,36611120,,10.1038/s41388-022-02585-3,Alpelisib and fulvestrant in PIK3CA-mutated hormone receptor-positive HER2-negative advanced breast cancer included in the French early access program.,pdf,0.020000,0.000000,0.000000,primary_for_subsection,1,stage4_primary_recall_added_no_query_hit,pmid-36611120:CH0001;pmid-36611120:CH0002;pmid-36611120:CH0003
SUB001,43,pmid-38473737,38473737,PMC10931361,10.3390/ijms25052490,Real-World Data and Clinical Implications of Next-Generation Sequencing (NGS)-Based Analysis in Metastatic Breast Cancer Patients.,pmc_xml,0.020000,0.000000,0.000000,primary_for_subsection,1,stage4_primary_recall_added_no_query_hit,pmid-38473737:CH0001;pmid-38473737:CH0002;pmid-38473737:CH0003
SUB001,44,pmid-39839709,39839709,PMC11748133,10.1093/pcmedi/pbae034,"Cell-free tumor DNA analysis in advanced or metastatic breast cancer patients: mutation frequencies, testing intention, and clinical impact.",pmc_xml,0.020000,0.000000,0.000000,primary_for_subsection,1,stage4_primary_recall_added_no_query_hit,pmid-39839709:CH0001;pmid-39839709:CH0002;pmid-39839709:CH0003
SUB001,45,pmid-42074235,42074235,PMC13116710,10.3390/ijms27083597,SGLT2 Inhibitor Dapagliflozin Attenuates Cardiomyocyte Injury and Inflammation Induced by PI3Kα-Selective Inhibitor Alpelisib and Fulvestrant Under Hyperglycemia.,pmc_xml,0.019961,115.374370,0.809107,global_primary_retrieved,0,not_selected,pmid-42074235:CH0001;pmid-42074235:CH0007
SUB001,46,pmid-39539943,39539943,PMC11558728,10.1177/17588359241297101,Elacestrant plus alpelisib in an ESR1 and PIK3CA co-mutated and heavily pretreated metastatic breast cancer: the first case report for combination efficacy and safety.,pmc_xml,0.019714,240.256850,0.000000,context_for_subsection,0,not_selected,pmid-39539943:CH0039;pmid-39539943:CH0006
SUB001,47,pmid-40113784,40113784,PMC11926384,10.1038/s41392-025-02180-4,Targeting PI3K inhibitor resistance in breast cancer with metabolic drugs.,pmc_xml,0.018768,0.000000,1.580462,context_for_subsection,0,not_selected,pmid-40113784:CH0004;pmid-40113784:CH0001
SUB001,48,pmid-42351448,42351448,PMC13298351,10.3390/diagnostics16121790,"Post-CDK4/6 Inhibitor Therapeutic Approaches in Hormone Receptor-Positive, HER2-Negative Metastatic Breast Cancer: Current Evidence and Emerging Strategies-A Narrative Review.",pmc_xml,0.018396,235.277845,0.000000,global_primary_retrieved,0,not_selected,pmid-42351448:CH0002;pmid-42351448:CH0005
SUB001,49,pmid-39070139,39070139,PMC11272611,10.3389/fonc.2024.1390452,"Phase Ib and pharmacokinetics study of alpelisib, a PIK3CA inhibitor, and capecitabine in patients with advanced solid tumors.",pmc_xml,0.017496,119.211992,0.779355,context_for_subsection,0,not_selected,pmid-39070139:CH0036;pmid-39070139:CH0004
SUB001,50,pmid-38638399,38638399,PMC11024566,10.1016/j.eclinm.2024.102520,"Preventing alpelisib-related hyperglycaemia in HR+/HER2-/PIK3CA-mutated advanced breast cancer using metformin (METALLICA): a multicentre, open-label, single-arm, phase 2 trial.",pmc_xml,0.016786,231.889581,0.000000,context_for_subsection,0,not_selected,pmid-38638399:CH0012;pmid-38638399:CH0005
SUB001,51,pmid-39217059,39217059,PMC11840667,10.1016/j.clbc.2024.08.001,A Phase I Trial of Alpelisib Combined With Capecitabine in Patients With HER2-Negative Metastatic Breast Cancer.,pmc_xml,0.014085,0.000000,0.822544,context_for_subsection,0,not_selected,pmid-39217059:CH0007
SUB001,52,pmid-33976551,33976551,PMC8104980,10.2147/OTT.S298720,"Advances in Therapy for Hormone Receptor (HR)-Positive, Human Epidermal Growth Factor Receptor 2 (HER2)-Negative Advanced Breast Cancer Patients Who Have Experienced Progression After Treatment with CDK4/6 Inhibitors.",pmc_xml,0.013699,0.000000,0.819899,global_primary_retrieved,0,not_selected,pmid-33976551:CH0007
SUB001,53,pmid-35712858,35712858,PMC9210085,10.1177/23247096221105249,S.U.G.A.R: A Case to Outline Tactics for the Prevention of Alpelisib-Induced Hyperglycemia.,pmc_xml,0.011905,124.895939,0.000000,context_for_subsection,0,not_selected,pmid-35712858:CH0004
SUB001,54,pmid-41681940,41681940,PMC12896634,10.3390/cancers18030468,Comparison Between Alpelisib Plus Endocrine Therapy and Everolimus Plus Endocrine Therapy After CDK4/6 Inhibitors Progression in Patients with PIK3CA-Mutant Metastatic Breast Cancer: A Single-Center Retrospective Study.,pmc_xml,0.011364,0.000000,0.805294,global_primary_retrieved,0,not_selected,pmid-41681940:CH0006
SUB001,55,pmid-31852484,31852484,PMC6921513,10.1186/s13058-019-1230-0,Elacestrant (RAD1901) exhibits anti-tumor activity in multiple ER+ breast cancer models resistant to CDK4/6 inhibitors.,pmc_xml,0.010417,0.000000,0.796143,global_primary_retrieved,0,not_selected,pmid-31852484:CH0060
SUB001,56,pmid-30588709,30588709,PMC6398875,10.1111/cas.13923,"Phase I study of alpelisib (BYL719), an α-specific PI3K inhibitor, in Japanese patients with advanced solid tumors.",pmc_xml,0.009709,0.000000,0.793392,context_for_subsection,0,not_selected,pmid-30588709:CH0007
SUB001,57,pmid-27604488,27604488,PMC5050154,10.1158/2159-8290.CD-16-0305,Systematic Functional Characterization of Resistance to PI3K Inhibition in Breast Cancer.,pmc_xml,0.009346,117.622859,0.000000,context_for_subsection,0,not_selected,pmid-27604488:CH0013
SUB001,58,pmid-38496864,38496864,PMC10944239,10.1016/j.heliyon.2024.e27529,A real-world disproportionality analysis of FDA adverse event reporting system (FAERS) events for alpelisib.,pmc_xml,0.009009,117.253753,0.000000,context_for_subsection,0,not_selected,pmid-38496864:CH0018
SUB001,59,pmid-36292649,36292649,PMC9601363,10.3390/genes13101763,Alpelisib Efficacy in Hormone Receptor-Positive HER2-Negative PIK3CA-Mutant Advanced Breast Cancer Post-Everolimus Treatment.,pmc_xml,0.008000,115.048814,0.000000,context_for_subsection,0,not_selected,pmid-36292649:CH0010
SUB001,60,pmid-40510030,40510030,PMC12159599,10.20517/cdr.2024.181,FGFR1 overexpression promotes resistance to PI3K inhibitor alpelisib in luminal breast cancer cells through receptor tyrosine kinase signaling-mediated activation of the estrogen receptor.,pmc_xml,0.007937,0.000000,0.781273,global_primary_retrieved,0,not_selected,pmid-40510030:CH0035
SUB001,61,pmid-28129991,28129991,PMC5319926,10.1016/j.bmc.2017.01.012,Identification of allosteric binding sites for PI3Kα oncogenic mutant specific inhibitor design.,pmc_xml,0.007812,0.000000,0.780633,global_primary_retrieved,0,not_selected,pmid-28129991:CH0006
SUB001,62,pmid-40454641,40454641,PMC13496148,10.1056/NEJMoa2501796,Overall Survival with Inavolisib in PIK3CA-Mutated Advanced Breast Cancer.,pmc_xml,0.007353,114.036843,0.000000,global_primary_retrieved,0,not_selected,pmid-40454641:CH0027
SUB001,63,pmid-23903756,23903756,PMC3935768,10.1126/scitranslmed.3005747,mTORC1 inhibition is required for sensitivity to PI3K p110α inhibitors in PIK3CA-mutant breast cancer.,pmc_xml,0.007194,113.717272,0.000000,context_for_subsection,0,not_selected,pmid-23903756:CH0006
SUB002,1,pmid-32864625,32864625,PMC7450824,10.1038/s43018-020-0047-1,Alterations in PTEN and ESR1 promote clinical resistance to alpelisib plus aromatase inhibitors.,pmc_xml,0.085118,205.418611,2.188824,primary_for_subsection,1,top_ranked,pmid-32864625:CH0001;pmid-32864625:CH0032;pmid-32864625:CH0005
SUB002,2,pmid-41925922,41925922,PMC13046609,10.1007/s10549-026-07939-z,Alpelisib and Fulvestrant in PIK3CA-mutated hormone receptor-positive HER2-negative advanced breast cancer included in the German PRAEGNANT trial.,pmc_xml,0.084218,322.106240,1.444078,primary_for_subsection,1,top_ranked,pmid-41925922:CH0033;pmid-41925922:CH0032;pmid-41925922:CH0002
SUB002,3,pmid-38638399,38638399,PMC11024566,10.1016/j.eclinm.2024.102520,"Preventing alpelisib-related hyperglycaemia in HR+/HER2-/PIK3CA-mutated advanced breast cancer using metformin (METALLICA): a multicentre, open-label, single-arm, phase 2 trial.",pmc_xml,0.068564,318.463097,0.714426,primary_for_subsection,1,top_ranked,pmid-38638399:CH0044;pmid-38638399:CH0040;pmid-38638399:CH0012
SUB002,4,pmid-33575071,33575071,PMC7646628,10.6004/jadpro.2020.11.7.9,Alpelisib: A Novel Therapy for Patients With PIK3CA-Mutated Metastatic Breast Cancer.,pmc_xml,0.063785,335.943502,0.000000,primary_for_subsection,1,top_ranked,pmid-33575071:CH0035;pmid-33575071:CH0021;pmid-33575071:CH0036
SUB002,5,pmid-41681940,41681940,PMC12896634,10.3390/cancers18030468,Comparison Between Alpelisib Plus Endocrine Therapy and Everolimus Plus Endocrine Therapy After CDK4/6 Inhibitors Progression in Patients with PIK3CA-Mutant Metastatic Breast Cancer: A Single-Center Retrospective Study.,pmc_xml,0.063702,212.605932,1.384041,primary_for_subsection,1,top_ranked,pmid-41681940:CH0008;pmid-41681940:CH0020;pmid-41681940:CH0022
SUB002,6,pmid-40152314,40152314,PMC11950915,10.1093/oncolo/oyaf023,Dynamics of hyperglycemia of patients treated with alpelisib: exploratory interim analysis of ITACA trial.,pmc_xml,0.062801,207.208846,1.387073,primary_for_subsection,1,top_ranked,pmid-40152314:CH0005;pmid-40152314:CH0020;pmid-40152314:CH0006
SUB002,7,pmid-34012367,34012367,PMC8114069,10.1159/000514794,First Experiences with Alpelisib in Clinical Routine: Case Reports from a German Breast Center.,pdf,0.061719,211.530915,1.375273,primary_for_subsection,1,top_ranked,pmid-34012367:CH0005;pmid-34012367:CH0031;pmid-34012367:CH0007
SUB002,8,pmid-37743730,37743730,PMC10863751,10.1002/cncr.34928,"Incidence, risk factors, and management of alpelisib-associated hyperglycemia in metastatic breast cancer.",pmc_xml,0.060953,316.706231,0.673781,primary_for_subsection,1,top_ranked,pmid-37743730:CH0007;pmid-37743730:CH0043;pmid-37743730:CH0008
SUB002,9,pmid-33602685,33602685,PMC8282704,10.1158/1078-0432.CCR-20-4879,Clinical and Biomarker Results from Phase I/II Study of PI3K Inhibitor Alpelisib plus Nab-paclitaxel in HER2-Negative Metastatic Breast Cancer.,pmc_xml,0.054088,0.000000,2.098247,primary_for_subsection,1,top_ranked,pmid-33602685:CH0017;pmid-33602685:CH0002;pmid-33602685:CH0005
SUB002,10,pmid-32817061,32817061,PMC7437706,10.1136/esmoopen-2020-000890,PIK3CA mutation inhibition in hormone receptor-positive breast cancer: time has come.,pmc_xml,0.053459,0.000000,2.082287,primary_for_subsection,1,top_ranked,pmid-32817061:CH0005;pmid-32817061:CH0012;pmid-32817061:CH0002
SUB002,11,pmid-39539943,39539943,PMC11558728,10.1177/17588359241297101,Elacestrant plus alpelisib in an ESR1 and PIK3CA co-mutated and heavily pretreated metastatic breast cancer: the first case report for combination efficacy and safety.,pmc_xml,0.049112,310.313713,0.000000,primary_for_subsection,1,stage4_primary_force_included,pmid-39539943:CH0039;pmid-39539943:CH0003;pmid-39539943:CH0004
SUB002,12,pmid-39177931,39177931,PMC11452482,10.1007/s10549-024-07405-8,SGLT2 inhibition improves PI3Kα inhibitor-induced hyperglycemia: findings from preclinical animal models and from patients in the BYLieve and SOLAR-1 trials.,pmc_xml,0.048592,101.110080,1.380314,primary_for_subsection,1,stage4_primary_force_included,pmid-39177931:CH0001;pmid-39177931:CH0006
SUB002,13,pmid-33780274,33780274,PMC8210974,10.1200/JCO.20.01139,"Patient-Reported Outcomes in Patients With PIK3CA-Mutated Hormone Receptor-Positive, Human Epidermal Growth Factor Receptor 2-Negative Advanced Breast Cancer From SOLAR-1.",pmc_xml,0.044916,101.379484,1.362064,primary_for_subsection,1,stage4_primary_force_included,pmid-33780274:CH0004;pmid-33780274:CH0008;pmid-33780274:CH0009
SUB002,14,pmid-27126994,27126994,PMC5085926,10.1158/1078-0432.CCR-16-0134,"A Phase Ib Study of Alpelisib (BYL719), a PI3Kα-Specific Inhibitor, with Letrozole in ER+/HER2- Metastatic Breast Cancer.",pmc_xml,0.044225,103.664668,0.709333,primary_for_subsection,1,stage4_primary_force_included,pmid-27126994:CH0002;pmid-27126994:CH0016
SUB002,15,pmid-36292649,36292649,PMC9601363,10.3390/genes13101763,Alpelisib Efficacy in Hormone Receptor-Positive HER2-Negative PIK3CA-Mutant Advanced Breast Cancer Post-Everolimus Treatment.,pmc_xml,0.043856,216.550030,0.000000,primary_for_subsection,1,stage4_primary_force_included,pmid-36292649:CH0010;pmid-36292649:CH0001
SUB002,16,pmid-39070139,39070139,PMC11272611,10.3389/fonc.2024.1390452,"Phase Ib and pharmacokinetics study of alpelisib, a PIK3CA inhibitor, and capecitabine in patients with advanced solid tumors.",pmc_xml,0.043025,202.370544,0.674704,primary_for_subsection,1,stage4_primary_force_included,pmid-39070139:CH0027;pmid-39070139:CH0005;pmid-39070139:CH0022
SUB002,17,pmid-41976378,41976378,PMC13072385,10.3390/cancers18071156,"Impact of Time of Administration, Fasting, and a Low-Carbohydrate Diet on Alpelisib-Associated Hyperglycemia and Efficacy: A Pilot Randomized Controlled Phase IIb Trial.",pmc_xml,0.042115,108.520301,0.686086,primary_for_subsection,1,stage4_primary_force_included,pmid-41976378:CH0008;pmid-41976378:CH0030
SUB002,18,pmid-39217059,39217059,PMC11840667,10.1016/j.clbc.2024.08.001,A Phase I Trial of Alpelisib Combined With Capecitabine in Patients With HER2-Negative Metastatic Breast Cancer.,pmc_xml,0.041441,102.046136,0.703604,primary_for_subsection,1,stage4_primary_force_included,pmid-39217059:CH0025
SUB002,19,pmid-40510030,40510030,PMC12159599,10.20517/cdr.2024.181,FGFR1 overexpression promotes resistance to PI3K inhibitor alpelisib in luminal breast cancer cells through receptor tyrosine kinase signaling-mediated activation of the estrogen receptor.,pmc_xml,0.039481,0.000000,2.118462,global_primary_retrieved,0,not_selected,pmid-40510030:CH0005;pmid-40510030:CH0035;pmid-40510030:CH0006
SUB002,20,pmid-42202490,42202490,PMC13235453,10.1016/j.esmoop.2026.107735,"Safety analyses of the INAVO120 randomised phase III trial of inavolisib or placebo with palbociclib-fulvestrant in patients with PIK3CA-mutated, hormone receptor-positive, HER2-negative, endocrine-resistant advanced breast cancer.",pmc_xml,0.039171,327.592824,0.000000,global_primary_retrieved,0,not_selected,pmid-42202490:CH0008;pmid-42202490:CH0057;pmid-42202490:CH0007
SUB002,21,pmid-32782489,32782489,PMC7388095,10.1177/1758835920940939,Targeting the PI3K/Akt/mTOR pathway in estrogen-receptor positive HER2 negative advanced breast cancer.,pmc_xml,0.037754,110.588732,1.394171,context_for_subsection,0,not_selected,pmid-32782489:CH0005;pmid-32782489:CH0026;pmid-32782489:CH0030
SUB002,22,pmid-36321996,36321996,PMC10011882,10.1158/1078-0432.CCR-22-2115,Biology and Targetability of the Extended Spectrum of PIK3CA Mutations Detected in Breast Carcinoma.,pmc_xml,0.036532,110.897244,1.387458,context_for_subsection,0,not_selected,pmid-36321996:CH0005;pmid-36321996:CH0048;pmid-36321996:CH0047
SUB002,23,pmid-42351448,42351448,PMC13298351,10.3390/diagnostics16121790,"Post-CDK4/6 Inhibitor Therapeutic Approaches in Hormone Receptor-Positive, HER2-Negative Metastatic Breast Cancer: Current Evidence and Emerging Strategies-A Narrative Review.",pmc_xml,0.036316,320.660005,0.000000,global_primary_retrieved,0,not_selected,pmid-42351448:CH0058;pmid-42351448:CH0055;pmid-42351448:CH0005
SUB002,24,pmid-41620612,41620612,PMC12964663,10.1186/s13058-025-02152-0,Sequential use of PI3K/AKT/mTOR pathway inhibitors alpelisib and everolimus in patients with hormone receptor-positive metastatic breast cancer.,pmc_xml,0.035812,0.000000,1.355748,primary_for_subsection,1,stage4_primary_force_included,pmid-41620612:CH0007;pmid-41620612:CH0034
SUB002,25,pmid-35075945,35075945,PMC8793384,10.1177/15347354211073163,Management of Phosphatidylinositol-3-Kinase Inhibitor-Associated Hyperglycemia.,pmc_xml,0.035519,202.229998,0.000000,primary_for_subsection,1,stage4_primary_force_included,pmid-35075945:CH0044;pmid-35075945:CH0003
SUB002,26,pmid-35712858,35712858,PMC9210085,10.1177/23247096221105249,S.U.G.A.R: A Case to Outline Tactics for the Prevention of Alpelisib-Induced Hyperglycemia.,pmc_xml,0.035388,101.115845,0.675803,primary_for_subsection,1,stage4_primary_force_included,pmid-35712858:CH0004
SUB002,27,pmid-30588709,30588709,PMC6398875,10.1111/cas.13923,"Phase I study of alpelisib (BYL719), an α-specific PI3K inhibitor, in Japanese patients with advanced solid tumors.",pmc_xml,0.033889,110.245615,0.000000,primary_for_subsection,1,stage4_primary_force_included,pmid-30588709:CH0002
SUB002,28,pmid-38584192,38584192,PMC11182811,10.1007/s10549-024-07315-9,Body composition measures as a determinant of Alpelisib related toxicity.,pmc_xml,0.031628,0.000000,0.695569,primary_for_subsection,1,stage4_primary_force_included,pmid-38584192:CH0006
SUB002,29,pmid-42445743,42445743,PMC13361340,10.2147/DDDT.S611371,Precision Endocrine-Based Combinations After CDK4/6 Inhibitor Progression in HR-Positive Metastatic Breast Cancer.,pmc_xml,0.031527,0.000000,2.071456,global_primary_retrieved,0,not_selected,pmid-42445743:CH0037;pmid-42445743:CH0032;pmid-42445743:CH0038
SUB002,30,pmid-32252811,32252811,PMC7137211,10.1186/s13058-020-01271-0,Everolimus versus alpelisib in advanced hormone receptor-positive HER2-negative breast cancer: targeting different nodes of the PI3K/AKT/mTORC1 pathway with different clinical implications.,pmc_xml,0.031021,102.517632,1.387323,global_primary_retrieved,0,not_selected,pmid-32252811:CH0002;pmid-32252811:CH0029
SUB002,31,pmid-27048245,27048245,PMC4820873,10.1186/s13058-016-0697-1,Activation of IGF1R/p110β/AKT/mTOR confers resistance to α-specific PI3K inhibition.,pmc_xml,0.030735,311.442649,0.000000,context_for_subsection,0,not_selected,pmid-27048245:CH0045;pmid-27048245:CH0039;pmid-27048245:CH0038
SUB002,32,pmid-37163178,37163178,PMC10164376,10.2147/BTT.S395817,Treating Alpelisib-Induced Hyperinsulinemia in Patients with Advanced Breast Cancer - A Real-Life Experience.,pmc_xml,0.029615,103.085291,0.000000,primary_for_subsection,1,stage4_primary_force_included,pmid-37163178:CH0008
SUB002,33,pmid-34173298,34173298,PMC8262312,10.1002/onco.13873,Potential for Long-Term Disease Control with Alpelisib Plus Fulvestrant Spans Patient Subgroups in HR+ PIK3CA-Mutated Advanced Breast Cancer.,pdf,0.029387,0.000000,1.439990,global_primary_retrieved,0,not_selected,pmid-34173298:CH0003;pmid-34173298:CH0007
SUB002,34,pmid-38496864,38496864,PMC10944239,10.1016/j.heliyon.2024.e27529,A real-world disproportionality analysis of FDA adverse event reporting system (FAERS) events for alpelisib.,pmc_xml,0.029091,0.000000,0.683892,primary_for_subsection,1,stage4_primary_force_included,pmid-38496864:CH0001
SUB002,35,pmid-30167089,30167089,PMC6114962,10.18632/oncotarget.25854,"A Phase Ib, open-label, dose-finding study of alpelisib in combination with paclitaxel in patients with advanced solid tumors.",pmc_xml,0.028696,0.000000,0.682168,primary_for_subsection,1,stage4_primary_force_included,pmid-30167089:CH0006
SUB002,36,pmid-40454641,40454641,PMC13496148,10.1056/NEJMoa2501796,Overall Survival with Inavolisib in PIK3CA-Mutated Advanced Breast Cancer.,pmc_xml,0.027929,108.250334,1.354529,global_primary_retrieved,0,not_selected,pmid-40454641:CH0027;pmid-40454641:CH0031
SUB002,37,pmid-29401002,29401002,PMC5920739,10.1200/JCO.2017.72.7107,Phosphatidylinositol 3-Kinase α-Selective Inhibition With Alpelisib (BYL719) in PIK3CA-Altered Solid Tumors: Results From the First-in-Human Study.,pdf,0.027692,0.000000,0.676475,primary_for_subsection,1,stage4_primary_force_included,pmid-29401002:CH0028
SUB002,38,pmid-33059733,33059733,PMC7559997,10.1186/s13046-020-01713-9,TAM family receptors in conjunction with MAPK signalling are involved in acquired resistance to PI3Kα inhibition in head and neck squamous cell carcinoma.,pmc_xml,0.027364,0.000000,1.417329,global_primary_retrieved,0,not_selected,pmid-33059733:CH0010;pmid-33059733:CH0002
SUB002,39,pmid-33190190,33190190,PMC7854469,10.1007/s12325-020-01552-2,"Clinical Challenges in the Management of Hormone Receptor-Positive, Human Epidermal Growth Factor Receptor 2-Negative Metastatic Breast Cancer: A Literature Review.",pmc_xml,0.025324,201.965661,0.688489,global_primary_retrieved,0,not_selected,pmid-33190190:CH0057;pmid-33190190:CH0092;pmid-33190190:CH0093
SUB002,40,pmid-39469631,39469631,PMC11514072,10.3389/fphar.2024.1443422,Effects of BYL-719 (alpelisib) on human breast cancer stem cells to overcome drug resistance in human breast cancer.,pmc_xml,0.024853,216.791008,0.000000,global_primary_retrieved,0,not_selected,pmid-39469631:CH0046;pmid-39469631:CH0005
SUB002,41,pmid-27604488,27604488,PMC5050154,10.1158/2159-8290.CD-16-0305,Systematic Functional Characterization of Resistance to PI3K Inhibition in Breast Cancer.,pmc_xml,0.024164,101.015490,1.359114,context_for_subsection,0,not_selected,pmid-27604488:CH0005;pmid-27604488:CH0066
SUB002,42,pmid-39935426,39935426,PMC11810462,10.20517/cdr.2024.169,Optimizing therapeutic approaches for HR+/HER2- advanced breast cancer: clinical perspectives on biomarkers and treatment strategies post-CDK4/6 inhibitor progression.,pmc_xml,0.023958,215.257267,0.000000,global_primary_retrieved,0,not_selected,pmid-39935426:CH0004;pmid-39935426:CH0019
SUB002,43,pmid-34754095,34754095,PMC8810831,10.1038/s41416-021-01601-9,Sensitive and robust liquid biopsy-based detection of PIK3CA mutations in hormone-receptor-positive metastatic breast cancer patients.,pdf,0.023400,101.929981,0.722081,global_primary_retrieved,0,not_selected,pmid-34754095:CH0005
SUB002,44,pmid-42074235,42074235,PMC13116710,10.3390/ijms27083597,SGLT2 Inhibitor Dapagliflozin Attenuates Cardiomyocyte Injury and Inflammation Induced by PI3Kα-Selective Inhibitor Alpelisib and Fulvestrant Under Hyperglycemia.,pmc_xml,0.021673,104.994717,0.690333,context_for_subsection,0,not_selected,pmid-42074235:CH0007;pmid-42074235:CH0001
SUB002,45,pmid-25873175,25873175,PMC4398915,10.1016/j.ccell.2015.03.010,AXL mediates resistance to PI3Kα inhibition by activating the EGFR/PKC/mTOR axis in head and neck and esophageal squamous cell carcinomas.,pmc_xml,0.021137,208.130856,0.000000,global_primary_retrieved,0,not_selected,pmid-25873175:CH0005;pmid-25873175:CH0041
SUB002,46,pmid-31859350,31859350,PMC6923785,10.1093/annonc/mdz280,Biomarkers of response and resistance to PI3K inhibitors in estrogen receptor-positive breast cancer patients and combination therapies involving PI3K inhibitors.,pmc_xml,0.020304,104.082477,0.685054,global_primary_retrieved,0,not_selected,pmid-31859350:CH0031;pmid-31859350:CH0001
SUB002,47,pmid-36428975,36428975,PMC9688837,10.3390/cells11223545,Analytical Performance of Next-Generation Sequencing and RT-PCR on Formalin-Fixed Paraffin-Embedded Tumor Tissues for PIK3CA Testing in HR+/HER2- Breast Cancer.,pmc_xml,0.020072,206.917995,0.000000,global_primary_retrieved,0,not_selected,pmid-36428975:CH0004;pmid-36428975:CH0005
SUB002,48,pmid-34084688,34084688,PMC8166359,10.7759/cureus.14796,Alpelisib-Induced Diabetic Ketoacidosis.,pmc_xml,0.020000,0.000000,0.000000,primary_for_subsection,1,stage4_primary_recall_added_no_query_hit,pmid-34084688:CH0001;pmid-34084688:CH0002;pmid-34084688:CH0003
SUB002,49,pmid-35178031,35178031,PMC8843667,10.3389/fendo.2022.802612,"Alpelisib-Induced Diabetes Mellitus: Case Report, Pharmacodynamics and Management Considerations.",pmc_xml,0.020000,0.000000,0.000000,primary_for_subsection,1,stage4_primary_recall_added_no_query_hit,pmid-35178031:CH0001;pmid-35178031:CH0002;pmid-35178031:CH0003
SUB002,50,pmid-35348782,35348782,PMC8963159,10.1093/oncolo/oyac011,Alpelisib Plus Fulvestrant or Letrozole Demonstrates Sustained Benefits Across Subgroups of Patients with PIK3CA-Mutated HR+/HER2- Advanced Breast Cancer.,pmc_xml,0.020000,0.000000,0.000000,primary_for_subsection,1,stage4_primary_recall_added_no_query_hit,pmid-35348782:CH0001;pmid-35348782:CH0002;pmid-35348782:CH0003
SUB002,51,pmid-36579519,36579519,PMC9694420,10.3390/jpm12111793,PIK3CAMutations in Breast Cancer Subtypes Other Than HR-Positive/HER2-Negative.,pmc_xml,0.016530,0.000000,1.359662,context_for_subsection,0,not_selected,pmid-36579519:CH0032;pmid-36579519:CH0031
SUB002,52,pmid-37916958,37916958,PMC10850944,10.1158/2159-8290.CD-23-0704,Allosteric PI3Kα Inhibition Overcomes On-target Resistance to Orthosteric Inhibitors Mediated by Secondary PIK3CA Mutations.,pmc_xml,0.016016,0.000000,1.356764,context_for_subsection,0,not_selected,pmid-37916958:CH0003;pmid-37916958:CH0036
SUB002,53,pmid-33168657,33168657,PMC8535764,10.1158/1078-0432.CCR-20-3652,"FDA Approval Summary: Alpelisib Plus Fulvestrant for Patients with HR-positive, HER2-negative, PIK3CA-mutated, Advanced or Metastatic Breast Cancer.",pmc_xml,0.014706,111.186963,0.000000,context_for_subsection,0,not_selected,pmid-33168657:CH0012
SUB002,54,pmid-37761256,37761256,PMC10528120,10.3390/diagnostics13182887,Next-Generation Sequencing-Based Analysis of Clinical and Pathological Features of PIK3CA-Mutated Breast Cancer.,pmc_xml,0.013889,0.000000,0.710741,context_for_subsection,0,not_selected,pmid-37761256:CH0021
SUB002,55,pmid-37339176,37339176,PMC10543974,10.1158/0008-5472.CAN-23-0282,Tipifarnib Potentiates the Antitumor Effects of PI3Kα Inhibition in PIK3CA- and HRAS-Dysregulated HNSCC via Convergent Inhibition of mTOR Activity.,pmc_xml,0.013514,109.599575,0.000000,global_primary_retrieved,0,not_selected,pmid-37339176:CH0036
SUB002,56,pmid-35968355,35968355,PMC9360227,,PI3K inhibitors in trastuzumab-resistant HER2-positive breast cancer cells with PI3K pathway alterations.,pdf,0.010870,0.000000,0.692188,context_for_subsection,0,not_selected,pmid-35968355:CH0006
SUB002,57,pmid-40113784,40113784,PMC11926384,10.1038/s41392-025-02180-4,Targeting PI3K inhibitor resistance in breast cancer with metabolic drugs.,pmc_xml,0.010753,0.000000,0.692135,context_for_subsection,0,not_selected,pmid-40113784:CH0007
SUB002,58,pmid-33976551,33976551,PMC8104980,10.2147/OTT.S298720,"Advances in Therapy for Hormone Receptor (HR)-Positive, Human Epidermal Growth Factor Receptor 2 (HER2)-Negative Advanced Breast Cancer Patients Who Have Experienced Progression After Treatment with CDK4/6 Inhibitors.",pmc_xml,0.009804,103.166515,0.000000,global_primary_retrieved,0,not_selected,pmid-33976551:CH0030
SUB002,59,pmid-37623743,37623743,PMC10618743,10.1158/2159-8290.CD-23-0396,"STX-478, a Mutant-Selective, Allosteric PI3Kα Inhibitor Spares Metabolic Dysfunction and Improves Therapeutic Response in PI3Kα-Mutant Xenografts.",pmc_xml,0.009804,0.000000,0.686620,global_primary_retrieved,0,not_selected,pmid-37623743:CH0007
SUB002,60,pmid-33909934,33909934,PMC8265362,10.1002/onco.13804,"Effectiveness of Alpelisib + Fulvestrant Compared with Real-World Standard Treatment Among Patients with HR+, HER2-, PIK3CA-Mutated Breast Cancer.",pmc_xml,0.008929,0.000000,0.683270,global_primary_retrieved,0,not_selected,pmid-33909934:CH0006
SUB002,61,pmid-29895527,29895527,PMC7439002,10.1530/ERC-18-0159,The role of GSK3 and its reversal with GSK3 antagonism in everolimus resistance.,pmc_xml,0.008696,102.130501,0.000000,global_primary_retrieved,0,not_selected,pmid-29895527:CH0041
SUB002,62,pmid-29231907,29231907,PMC5742817,10.3390/cancers9120169,Activated HGF-c-Met Axis in Head and Neck Cancer.,pmc_xml,0.008403,101.748526,0.000000,global_primary_retrieved,0,not_selected,pmid-29231907:CH0011
SUB002,63,pmid-39851969,39851969,PMC11763720,10.3390/curroncol32010053,Systematic Review and Network Meta-Analysis on Treating Hormone Receptor-Positive Metastatic Breast Cancer After CDK4/6 Inhibitors.,pmc_xml,0.007194,100.623281,0.000000,global_primary_retrieved,0,not_selected,pmid-39851969:CH0017
SUB003,1,pmid-40454641,40454641,PMC13496148,10.1056/NEJMoa2501796,Overall Survival with Inavolisib in PIK3CA-Mutated Advanced Breast Cancer.,pmc_xml,0.109699,568.630875,2.326550,primary_for_subsection,1,top_ranked,pmid-40454641:CH0007;pmid-40454641:CH0037;pmid-40454641:CH0036
SUB003,2,pmid-39236276,39236276,PMC11575912,10.1200/JCO.24.00110,"Phase I/Ib Trial of Inavolisib Plus Palbociclib and Endocrine Therapy for PIK3CA-Mutated, Hormone Receptor-Positive, Human Epidermal Growth Factor Receptor 2-Negative Advanced or Metastatic Breast Cancer.",pmc_xml,0.106654,525.569518,2.351234,primary_for_subsection,1,top_ranked,pmid-39236276:CH0030;pmid-39236276:CH0031;pmid-39236276:CH0009
SUB003,3,pmid-42202490,42202490,PMC13235453,10.1016/j.esmoop.2026.107735,"Safety analyses of the INAVO120 randomised phase III trial of inavolisib or placebo with palbociclib-fulvestrant in patients with PIK3CA-mutated, hormone receptor-positive, HER2-negative, endocrine-resistant advanced breast cancer.",pmc_xml,0.098566,508.698670,2.292011,primary_for_subsection,1,top_ranked,pmid-42202490:CH0005;pmid-42202490:CH0057;pmid-42202490:CH0001
SUB003,4,pmid-41143603,41143603,PMC12770939,10.1158/1078-0432.CCR-25-1459,PI3Kα Inhibitor and Degrader Inavolisib Can Co-opt FGFR2 to Enhance Responses in Patients with PIK3CA-Mutated Solid Tumors and in Preclinical Models.,pmc_xml,0.096069,479.736473,2.352263,primary_for_subsection,1,top_ranked,pmid-41143603:CH0069;pmid-41143603:CH0002;pmid-41143603:CH0005
SUB003,5,pmid-37916958,37916958,PMC10850944,10.1158/2159-8290.CD-23-0704,Allosteric PI3Kα Inhibition Overcomes On-target Resistance to Orthosteric Inhibitors Mediated by Secondary PIK3CA Mutations.,pmc_xml,0.076807,513.405752,2.233316,global_primary_retrieved,1,top_ranked,pmid-37916958:CH0007;pmid-37916958:CH0005;pmid-37916958:CH0001
SUB003,6,pmid-33575071,33575071,PMC7646628,10.6004/jadpro.2020.11.7.9,Alpelisib: A Novel Therapy for Patients With PIK3CA-Mutated Metastatic Breast Cancer.,pmc_xml,0.060517,497.292671,1.469152,global_primary_retrieved,1,top_ranked,pmid-33575071:CH0002;pmid-33575071:CH0039;pmid-33575071:CH0028
SUB003,7,pmid-41681940,41681940,PMC12896634,10.3390/cancers18030468,Comparison Between Alpelisib Plus Endocrine Therapy and Everolimus Plus Endocrine Therapy After CDK4/6 Inhibitors Progression in Patients with PIK3CA-Mutant Metastatic Breast Cancer: A Single-Center Retrospective Study.,pmc_xml,0.045288,151.275548,2.243007,global_primary_retrieved,1,top_ranked,pmid-41681940:CH0039;pmid-41681940:CH0038;pmid-41681940:CH0001
SUB003,8,pmid-35022207,35022207,PMC7612218,10.1158/2159-8290.CD-21-1411,Precision Targeting of Mutant PI3Kα in Cancer by Selective Degradation.,pmc_xml,0.043098,0.000000,1.488080,primary_for_subsection,1,top_ranked,pmid-35022207:CH0010;pmid-35022207:CH0016
SUB003,9,pmid-42351448,42351448,PMC13298351,10.3390/diagnostics16121790,"Post-CDK4/6 Inhibitor Therapeutic Approaches in Hormone Receptor-Positive, HER2-Negative Metastatic Breast Cancer: Current Evidence and Emerging Strategies-A Narrative Review.",pmc_xml,0.037146,316.013369,0.764195,context_for_subsection,1,top_ranked,pmid-42351448:CH0037;pmid-42351448:CH0004;pmid-42351448:CH0002
SUB003,10,pmid-41925922,41925922,PMC13046609,10.1007/s10549-026-07939-z,Alpelisib and Fulvestrant in PIK3CA-mutated hormone receptor-positive HER2-negative advanced breast cancer included in the German PRAEGNANT trial.,pmc_xml,0.033792,144.006897,2.159461,global_primary_retrieved,1,top_ranked,pmid-41925922:CH0001;pmid-41925922:CH0030;pmid-41925922:CH0018
SUB003,11,pmid-33168657,33168657,PMC8535764,10.1158/1078-0432.CCR-20-3652,"FDA Approval Summary: Alpelisib Plus Fulvestrant for Patients with HR-positive, HER2-negative, PIK3CA-mutated, Advanced or Metastatic Breast Cancer.",pmc_xml,0.032512,465.923957,0.000000,global_primary_retrieved,0,not_selected,pmid-33168657:CH0007;pmid-33168657:CH0031;pmid-33168657:CH0006
SUB003,12,pmid-37623743,37623743,PMC10618743,10.1158/2159-8290.CD-23-0396,"STX-478, a Mutant-Selective, Allosteric PI3Kα Inhibitor Spares Metabolic Dysfunction and Improves Therapeutic Response in PI3Kα-Mutant Xenografts.",pmc_xml,0.031688,330.167530,0.718051,global_primary_retrieved,0,not_selected,pmid-37623743:CH0050;pmid-37623743:CH0037
SUB003,13,pmid-32817061,32817061,PMC7437706,10.1136/esmoopen-2020-000890,PIK3CA mutation inhibition in hormone receptor-positive breast cancer: time has come.,pmc_xml,0.028090,152.200224,1.441476,global_primary_retrieved,0,not_selected,pmid-32817061:CH0002;pmid-32817061:CH0012
SUB003,14,pmid-34544753,34544753,PMC9762331,10.1158/2159-8290.CD-21-0072,RTK-Dependent Inducible Degradation of Mutant PI3Kα Drives GDC-0077 (Inavolisib) Efficacy.,pmc_xml,0.027519,144.942065,0.000000,primary_for_subsection,1,stage4_primary_force_included,pmid-34544753:CH0048
SUB003,15,pmid-37916956,37916956,PMC10850943,10.1158/2159-8290.CD-23-0944,"Discovery and Clinical Proof-of-Concept of RLY-2608, a First-in-Class Mutant-Selective Allosteric PI3Kα Inhibitor That Decouples Antitumor Activity from Hyperinsulinemia.",pmc_xml,0.026946,446.455930,0.000000,global_primary_retrieved,0,not_selected,pmid-37916956:CH0055;pmid-37916956:CH0053;pmid-37916956:CH0054
SUB003,16,pmid-40510030,40510030,PMC12159599,10.20517/cdr.2024.181,FGFR1 overexpression promotes resistance to PI3K inhibitor alpelisib in luminal breast cancer cells through receptor tyrosine kinase signaling-mediated activation of the estrogen receptor.,pmc_xml,0.026930,151.246627,1.435517,global_primary_retrieved,0,not_selected,pmid-40510030:CH0033;pmid-40510030:CH0005;pmid-40510030:CH0035
SUB003,17,pmid-42445743,42445743,PMC13361340,10.2147/DDDT.S611371,Precision Endocrine-Based Combinations After CDK4/6 Inhibitor Progression in HR-Positive Metastatic Breast Cancer.,pmc_xml,0.024710,294.740288,0.712300,global_primary_retrieved,0,not_selected,pmid-42445743:CH0039;pmid-42445743:CH0056
SUB003,18,pmid-32864625,32864625,PMC7450824,10.1038/s43018-020-0047-1,Alterations in PTEN and ESR1 promote clinical resistance to alpelisib plus aromatase inhibitors.,pmc_xml,0.017370,0.000000,1.436050,global_primary_retrieved,0,not_selected,pmid-32864625:CH0005;pmid-32864625:CH0001
SUB003,19,pmid-33602685,33602685,PMC8282704,10.1158/1078-0432.CCR-20-4879,Clinical and Biomarker Results from Phase I/II Study of PI3K Inhibitor Alpelisib plus Nab-paclitaxel in HER2-Negative Metastatic Breast Cancer.,pmc_xml,0.017114,295.442580,0.000000,global_primary_retrieved,0,not_selected,pmid-33602685:CH0005;pmid-33602685:CH0006
SUB003,20,pmid-35348782,35348782,PMC8963159,10.1093/oncolo/oyac011,Alpelisib Plus Fulvestrant or Letrozole Demonstrates Sustained Benefits Across Subgroups of Patients with PIK3CA-Mutated HR+/HER2- Advanced Breast Cancer.,pmc_xml,0.016308,293.265653,0.000000,global_primary_retrieved,0,not_selected,pmid-35348782:CH0008;pmid-35348782:CH0003
SUB003,21,pmid-39539943,39539943,PMC11558728,10.1177/17588359241297101,Elacestrant plus alpelisib in an ESR1 and PIK3CA co-mutated and heavily pretreated metastatic breast cancer: the first case report for combination efficacy and safety.,pmc_xml,0.016299,293.696748,0.000000,global_primary_retrieved,0,not_selected,pmid-39539943:CH0004;pmid-39539943:CH0006
SUB003,22,pmid-41079023,41079023,PMC12514518,10.1016/j.eclinm.2025.103535,Efficacy and safety of systemic therapies following progression on CDK4/6 inhibitors in patients with HR+/HER2- metastatic breast cancer: a systematic review and network meta-analysis.,pmc_xml,0.015194,146.110455,0.707611,global_primary_retrieved,0,not_selected,pmid-41079023:CH0008;pmid-41079023:CH0057
SUB003,23,pmid-41620612,41620612,PMC12964663,10.1186/s13058-025-02152-0,Sequential use of PI3K/AKT/mTOR pathway inhibitors alpelisib and everolimus in patients with hormone receptor-positive metastatic breast cancer.,pmc_xml,0.012195,159.240744,0.000000,context_for_subsection,0,not_selected,pmid-41620612:CH0008
SUB003,24,pmid-39920872,39920872,PMC11806886,10.1186/s40170-025-00375-5,CD36 inhibition enhances the anti-proliferative effects of PI3K inhibitors in PTEN-loss anti-HER2 resistant breast cancer cells.,pmc_xml,0.012195,0.000000,0.752350,context_for_subsection,0,not_selected,pmid-39920872:CH0008
SUB003,25,pmid-36913051,36913051,PMC10147754,10.1007/s10549-023-06895-2,"Antitumor activity of the PI3K δ-sparing inhibitor MEN1611 in PIK3CA mutated, trastuzumab-resistant HER2 + breast cancer.",pmc_xml,0.011236,155.301504,0.000000,global_primary_retrieved,0,not_selected,pmid-36913051:CH0040
SUB003,26,pmid-36611120,36611120,,10.1038/s41388-022-02585-3,Alpelisib and fulvestrant in PIK3CA-mutated hormone receptor-positive HER2-negative advanced breast cancer included in the French early access program.,pdf,0.011111,155.073057,0.000000,global_primary_retrieved,0,not_selected,pmid-36611120:CH0005
SUB003,27,pmid-33947692,33947692,PMC8282678,10.1158/1078-0432.CCR-21-0047,A Phase I Study of Alpelisib in Combination with Trastuzumab and LJM716 in Patients with PIK3CA-Mutated HER2-Positive Metastatic Breast Cancer.,pmc_xml,0.010638,152.821656,0.000000,global_primary_retrieved,0,not_selected,pmid-33947692:CH0023
SUB003,28,pmid-31852484,31852484,PMC6921513,10.1186/s13058-019-1230-0,Elacestrant (RAD1901) exhibits anti-tumor activity in multiple ER+ breast cancer models resistant to CDK4/6 inhibitors.,pmc_xml,0.010417,152.558263,0.000000,global_primary_retrieved,0,not_selected,pmid-31852484:CH0001
SUB003,29,pmid-33976551,33976551,PMC8104980,10.2147/OTT.S298720,"Advances in Therapy for Hormone Receptor (HR)-Positive, Human Epidermal Growth Factor Receptor 2 (HER2)-Negative Advanced Breast Cancer Patients Who Have Experienced Progression After Treatment with CDK4/6 Inhibitors.",pmc_xml,0.010000,151.693258,0.000000,global_primary_retrieved,0,not_selected,pmid-33976551:CH0030
SUB003,30,pmid-42074235,42074235,PMC13116710,10.3390/ijms27083597,SGLT2 Inhibitor Dapagliflozin Attenuates Cardiomyocyte Injury and Inflammation Induced by PI3Kα-Selective Inhibitor Alpelisib and Fulvestrant Under Hyperglycemia.,pmc_xml,0.009524,150.085506,0.000000,global_primary_retrieved,0,not_selected,pmid-42074235:CH0007
SUB003,31,pmid-36428975,36428975,PMC9688837,10.3390/cells11223545,Analytical Performance of Next-Generation Sequencing and RT-PCR on Formalin-Fixed Paraffin-Embedded Tumor Tissues for PIK3CA Testing in HR+/HER2- Breast Cancer.,pmc_xml,0.009346,150.033811,0.000000,global_primary_retrieved,0,not_selected,pmid-36428975:CH0005
SUB003,32,pmid-34012367,34012367,PMC8114069,10.1159/000514794,First Experiences with Alpelisib in Clinical Routine: Case Reports from a German Breast Center.,pdf,0.009259,0.000000,0.722272,global_primary_retrieved,0,not_selected,pmid-34012367:CH0005
SUB003,33,pmid-35968355,35968355,PMC9360227,,PI3K inhibitors in trastuzumab-resistant HER2-positive breast cancer cells with PI3K pathway alterations.,pdf,0.008696,148.561627,0.000000,context_for_subsection,0,not_selected,pmid-35968355:CH0025
SUB003,34,pmid-39217059,39217059,PMC11840667,10.1016/j.clbc.2024.08.001,A Phase I Trial of Alpelisib Combined With Capecitabine in Patients With HER2-Negative Metastatic Breast Cancer.,pmc_xml,0.008547,0.000000,0.718029,global_primary_retrieved,0,not_selected,pmid-39217059:CH0007
SUB003,35,pmid-41976378,41976378,PMC13072385,10.3390/cancers18071156,"Impact of Time of Administration, Fasting, and a Low-Carbohydrate Diet on Alpelisib-Associated Hyperglycemia and Efficacy: A Pilot Randomized Controlled Phase IIb Trial.",pmc_xml,0.008403,147.076143,0.000000,global_primary_retrieved,0,not_selected,pmid-41976378:CH0006
SUB003,36,pmid-33059733,33059733,PMC7559997,10.1186/s13046-020-01713-9,TAM family receptors in conjunction with MAPK signalling are involved in acquired resistance to PI3Kα inhibition in head and neck squamous cell carcinoma.,pmc_xml,0.008403,0.000000,0.715732,global_primary_retrieved,0,not_selected,pmid-33059733:CH0006
SUB003,37,pmid-38496864,38496864,PMC10944239,10.1016/j.heliyon.2024.e27529,A real-world disproportionality analysis of FDA adverse event reporting system (FAERS) events for alpelisib.,pmc_xml,0.008333,0.000000,0.715711,global_primary_retrieved,0,not_selected,pmid-38496864:CH0002
SUB003,38,pmid-37101291,37101291,PMC10131374,10.1186/s13073-023-01181-8,"Multiple PIK3CA mutation clonality correlates with outcomes in taselisib + fulvestrant-treated ER+/HER2-, PIK3CA-mutated breast cancers.",pmc_xml,0.008264,0.000000,0.715208,global_primary_retrieved,0,not_selected,pmid-37101291:CH0024
SUB003,39,pmid-34754095,34754095,PMC8810831,10.1038/s41416-021-01601-9,Sensitive and robust liquid biopsy-based detection of PIK3CA mutations in hormone-receptor-positive metastatic breast cancer patients.,pdf,0.008197,0.000000,0.715162,global_primary_retrieved,0,not_selected,pmid-34754095:CH0005
SUB003,40,pmid-36321996,36321996,PMC10011882,10.1158/1078-0432.CCR-22-2115,Biology and Targetability of the Extended Spectrum of PIK3CA Mutations Detected in Breast Carcinoma.,pmc_xml,0.008065,0.000000,0.713301,global_primary_retrieved,0,not_selected,pmid-36321996:CH0049
SUB003,41,pmid-37339176,37339176,PMC10543974,10.1158/0008-5472.CAN-23-0282,Tipifarnib Potentiates the Antitumor Effects of PI3Kα Inhibition in PIK3CA- and HRAS-Dysregulated HNSCC via Convergent Inhibition of mTOR Activity.,pmc_xml,0.007752,0.000000,0.711113,global_primary_retrieved,0,not_selected,pmid-37339176:CH0035
SUB003,42,pmid-30167089,30167089,PMC6114962,10.18632/oncotarget.25854,"A Phase Ib, open-label, dose-finding study of alpelisib in combination with paclitaxel in patients with advanced solid tumors.",pmc_xml,0.007692,0.000000,0.710083,global_primary_retrieved,0,not_selected,pmid-30167089:CH0023
SUB003,43,pmid-31859350,31859350,PMC6923785,10.1093/annonc/mdz280,Biomarkers of response and resistance to PI3K inhibitors in estrogen receptor-positive breast cancer patients and combination therapies involving PI3K inhibitors.,pmc_xml,0.007634,145.611698,0.000000,global_primary_retrieved,0,not_selected,pmid-31859350:CH0031
SUB003,44,pmid-34173298,34173298,PMC8262312,10.1002/onco.13873,Potential for Long-Term Disease Control with Alpelisib Plus Fulvestrant Spans Patient Subgroups in HR+ PIK3CA-Mutated Advanced Breast Cancer.,pdf,0.007576,145.408860,0.000000,global_primary_retrieved,0,not_selected,pmid-34173298:CH0002
SUB003,45,pmid-39070139,39070139,PMC11272611,10.3389/fonc.2024.1390452,"Phase Ib and pharmacokinetics study of alpelisib, a PIK3CA inhibitor, and capecitabine in patients with advanced solid tumors.",pmc_xml,0.007407,0.000000,0.708695,global_primary_retrieved,0,not_selected,pmid-39070139:CH0005
SUB003,46,pmid-34067117,34067117,PMC8125641,10.3390/cancers13092250,IGF2 Mediates Resistance to Isoform-Selective-Inhibitors of the PI3K in HPV Positive Head and Neck Cancer.,pmc_xml,0.007353,0.000000,0.707937,global_primary_retrieved,0,not_selected,pmid-34067117:CH0009
SUB004,1,pmid-37623743,37623743,PMC10618743,10.1158/2159-8290.CD-23-0396,"STX-478, a Mutant-Selective, Allosteric PI3Kα Inhibitor Spares Metabolic Dysfunction and Improves Therapeutic Response in PI3Kα-Mutant Xenografts.",pmc_xml,0.110845,327.043215,2.261240,primary_for_subsection,1,top_ranked,pmid-37623743:CH0051;pmid-37623743:CH0001;pmid-37623743:CH0008
SUB004,2,pmid-37916958,37916958,PMC10850944,10.1158/2159-8290.CD-23-0704,Allosteric PI3Kα Inhibition Overcomes On-target Resistance to Orthosteric Inhibitors Mediated by Secondary PIK3CA Mutations.,pmc_xml,0.107086,308.825491,2.270290,primary_for_subsection,1,top_ranked,pmid-37916958:CH0036;pmid-37916958:CH0029;pmid-37916958:CH0037
SUB004,3,pmid-37916956,37916956,PMC10850943,10.1158/2159-8290.CD-23-0944,"Discovery and Clinical Proof-of-Concept of RLY-2608, a First-in-Class Mutant-Selective Allosteric PI3Kα Inhibitor That Decouples Antitumor Activity from Hyperinsulinemia.",pmc_xml,0.103961,323.681580,2.193586,primary_for_subsection,1,top_ranked,pmid-37916956:CH0055;pmid-37916956:CH0009;pmid-37916956:CH0001
SUB004,4,pmid-42351448,42351448,PMC13298351,10.3390/diagnostics16121790,"Post-CDK4/6 Inhibitor Therapeutic Approaches in Hormone Receptor-Positive, HER2-Negative Metastatic Breast Cancer: Current Evidence and Emerging Strategies-A Narrative Review.",pmc_xml,0.052625,277.822940,1.373070,global_primary_retrieved,1,top_ranked,pmid-42351448:CH0013;pmid-42351448:CH0014;pmid-42351448:CH0041
SUB004,5,pmid-28129991,28129991,PMC5319926,10.1016/j.bmc.2017.01.012,Identification of allosteric binding sites for PI3Kα oncogenic mutant specific inhibitor design.,pmc_xml,0.048585,0.000000,2.066184,primary_for_subsection,1,top_ranked,pmid-28129991:CH0007;pmid-28129991:CH0010;pmid-28129991:CH0014
SUB004,6,pmid-35022207,35022207,PMC7612218,10.1158/2159-8290.CD-21-1411,Precision Targeting of Mutant PI3Kα in Cancer by Selective Degradation.,pmc_xml,0.043615,171.537244,1.433682,global_primary_retrieved,1,top_ranked,pmid-35022207:CH0011;pmid-35022207:CH0012;pmid-35022207:CH0003
SUB004,7,pmid-27048245,27048245,PMC4820873,10.1186/s13058-016-0697-1,Activation of IGF1R/p110β/AKT/mTOR confers resistance to α-specific PI3K inhibition.,pmc_xml,0.042907,177.645840,1.410940,global_primary_retrieved,1,top_ranked,pmid-27048245:CH0039;pmid-27048245:CH0005;pmid-27048245:CH0045
SUB004,8,pmid-34552006,34552006,,10.1158/1535-7163.MCT-20-0981,Phosphoproteomics Identifies PI3K Inhibitor-selective Adaptive Responses in Pancreatic Cancer Cell Therapy and Resistance.,pdf,0.030294,0.000000,2.080820,global_primary_retrieved,1,top_ranked,pmid-34552006:CH0040;pmid-34552006:CH0045;pmid-34552006:CH0007
SUB004,9,pmid-39539943,39539943,PMC11558728,10.1177/17588359241297101,Elacestrant plus alpelisib in an ESR1 and PIK3CA co-mutated and heavily pretreated metastatic breast cancer: the first case report for combination efficacy and safety.,pmc_xml,0.029509,259.612290,0.000000,global_primary_retrieved,1,top_ranked,pmid-39539943:CH0006;pmid-39539943:CH0038;pmid-39539943:CH0005
SUB004,10,pmid-33976551,33976551,PMC8104980,10.2147/OTT.S298720,"Advances in Therapy for Hormone Receptor (HR)-Positive, Human Epidermal Growth Factor Receptor 2 (HER2)-Negative Advanced Breast Cancer Patients Who Have Experienced Progression After Treatment with CDK4/6 Inhibitors.",pmc_xml,0.028575,257.405569,0.000000,global_primary_retrieved,1,top_ranked,pmid-33976551:CH0030;pmid-33976551:CH0028;pmid-33976551:CH0001
SUB004,11,pmid-27604488,27604488,PMC5050154,10.1158/2159-8290.CD-16-0305,Systematic Functional Characterization of Resistance to PI3K Inhibition in Breast Cancer.,pmc_xml,0.027253,81.810397,1.373111,global_primary_retrieved,0,not_selected,pmid-27604488:CH0005;pmid-27604488:CH0017;pmid-27604488:CH0012
SUB004,12,pmid-34544753,34544753,PMC9762331,10.1158/2159-8290.CD-21-0072,RTK-Dependent Inducible Degradation of Mutant PI3Kα Drives GDC-0077 (Inavolisib) Efficacy.,pmc_xml,0.025547,0.000000,2.034283,global_primary_retrieved,0,not_selected,pmid-34544753:CH0005;pmid-34544753:CH0003;pmid-34544753:CH0030
SUB004,13,pmid-32864625,32864625,PMC7450824,10.1038/s43018-020-0047-1,Alterations in PTEN and ESR1 promote clinical resistance to alpelisib plus aromatase inhibitors.,pmc_xml,0.022627,83.246635,0.732699,global_primary_retrieved,0,not_selected,pmid-32864625:CH0004;pmid-32864625:CH0039
SUB004,14,pmid-30588709,30588709,PMC6398875,10.1111/cas.13923,"Phase I study of alpelisib (BYL719), an α-specific PI3K inhibitor, in Japanese patients with advanced solid tumors.",pmc_xml,0.017389,0.000000,1.361485,global_primary_retrieved,0,not_selected,pmid-30588709:CH0005;pmid-30588709:CH0004
SUB004,15,pmid-39935426,39935426,PMC11810462,10.20517/cdr.2024.169,Optimizing therapeutic approaches for HR+/HER2- advanced breast cancer: clinical perspectives on biomarkers and treatment strategies post-CDK4/6 inhibitor progression.,pmc_xml,0.016662,163.049432,0.000000,global_primary_retrieved,0,not_selected,pmid-39935426:CH0023;pmid-39935426:CH0019
SUB004,16,pmid-41079023,41079023,PMC12514518,10.1016/j.eclinm.2025.103535,Efficacy and safety of systemic therapies following progression on CDK4/6 inhibitors in patients with HR+/HER2- metastatic breast cancer: a systematic review and network meta-analysis.,pmc_xml,0.016340,161.440723,0.000000,global_primary_retrieved,0,not_selected,pmid-41079023:CH0008;pmid-41079023:CH0010
SUB004,17,pmid-36913051,36913051,PMC10147754,10.1007/s10549-023-06895-2,"Antitumor activity of the PI3K δ-sparing inhibitor MEN1611 in PIK3CA mutated, trastuzumab-resistant HER2 + breast cancer.",pmc_xml,0.016139,82.087510,0.669373,global_primary_retrieved,0,not_selected,pmid-36913051:CH0031;pmid-36913051:CH0029
SUB004,18,pmid-40510030,40510030,PMC12159599,10.20517/cdr.2024.181,FGFR1 overexpression promotes resistance to PI3K inhibitor alpelisib in luminal breast cancer cells through receptor tyrosine kinase signaling-mediated activation of the estrogen receptor.,pmc_xml,0.015429,158.632827,0.000000,global_primary_retrieved,0,not_selected,pmid-40510030:CH0033;pmid-40510030:CH0045
SUB004,19,pmid-40991650,40991650,PMC12618074,10.1172/JCI180927,USP10/GSK3β-mediated inhibition of PTEN drives resistance to PI3K inhibitors in breast cancer.,pmc_xml,0.015353,0.000000,1.340922,global_primary_retrieved,0,not_selected,pmid-40991650:CH0009;pmid-40991650:CH0064
SUB004,20,pmid-37553597,37553597,PMC10408073,10.1186/s12885-023-11243-0,BYL719 reverses gefitinib-resistance induced by PI3K/AKT activation in non-small cell lung cancer cells.,pmc_xml,0.010526,89.677115,0.000000,global_primary_retrieved,0,not_selected,pmid-37553597:CH0001
SUB004,21,pmid-37339176,37339176,PMC10543974,10.1158/0008-5472.CAN-23-0282,Tipifarnib Potentiates the Antitumor Effects of PI3Kα Inhibition in PIK3CA- and HRAS-Dysregulated HNSCC via Convergent Inhibition of mTOR Activity.,pmc_xml,0.010417,89.559505,0.000000,global_primary_retrieved,0,not_selected,pmid-37339176:CH0036
SUB004,22,pmid-41143603,41143603,PMC12770939,10.1158/1078-0432.CCR-25-1459,PI3Kα Inhibitor and Degrader Inavolisib Can Co-opt FGFR2 to Enhance Responses in Patients with PIK3CA-Mutated Solid Tumors and in Preclinical Models.,pmc_xml,0.009901,86.969610,0.000000,global_primary_retrieved,0,not_selected,pmid-41143603:CH0068
SUB004,23,pmid-24249715,24249715,PMC3902650,10.1158/1535-7163.MCT-13-0518,Enhanced PI3K p110α signaling confers acquired lapatinib resistance that can be effectively reversed by a p110α-selective PI3K inhibitor.,pmc_xml,0.009434,85.383288,0.000000,global_primary_retrieved,0,not_selected,pmid-24249715:CH0024
SUB004,24,pmid-33947692,33947692,PMC8282678,10.1158/1078-0432.CCR-21-0047,A Phase I Study of Alpelisib in Combination with Trastuzumab and LJM716 in Patients with PIK3CA-Mutated HER2-Positive Metastatic Breast Cancer.,pmc_xml,0.009346,84.991293,0.000000,global_primary_retrieved,0,not_selected,pmid-33947692:CH0023
SUB004,25,pmid-35968355,35968355,PMC9360227,,PI3K inhibitors in trastuzumab-resistant HER2-positive breast cancer cells with PI3K pathway alterations.,pdf,0.008772,82.988529,0.000000,global_primary_retrieved,0,not_selected,pmid-35968355:CH0025
SUB004,26,pmid-41620612,41620612,PMC12964663,10.1186/s13058-025-02152-0,Sequential use of PI3K/AKT/mTOR pathway inhibitors alpelisib and everolimus in patients with hormone receptor-positive metastatic breast cancer.,pmc_xml,0.008197,80.607471,0.000000,global_primary_retrieved,0,not_selected,pmid-41620612:CH0036
SUB004,27,pmid-35075945,35075945,PMC8793384,10.1177/15347354211073163,Management of Phosphatidylinositol-3-Kinase Inhibitor-Associated Hyperglycemia.,pmc_xml,0.007874,80.036026,0.000000,global_primary_retrieved,0,not_selected,pmid-35075945:CH0047
SUB004,28,pmid-23903756,23903756,PMC3935768,10.1126/scitranslmed.3005747,mTORC1 inhibition is required for sensitivity to PI3K p110α inhibitors in PIK3CA-mutant breast cancer.,pmc_xml,0.007692,0.000000,0.669557,global_primary_retrieved,0,not_selected,pmid-23903756:CH0039
SUB004,29,pmid-32782489,32782489,PMC7388095,10.1177/1758835920940939,Targeting the PI3K/Akt/mTOR pathway in estrogen-receptor positive HER2 negative advanced breast cancer.,pmc_xml,0.007246,77.692747,0.000000,global_primary_retrieved,0,not_selected,pmid-32782489:CH0005
SUB004,30,pmid-36321996,36321996,PMC10011882,10.1158/1078-0432.CCR-22-2115,Biology and Targetability of the Extended Spectrum of PIK3CA Mutations Detected in Breast Carcinoma.,pmc_xml,0.007246,0.000000,0.666800,global_primary_retrieved,0,not_selected,pmid-36321996:CH0048
SUB004,31,pmid-37101291,37101291,PMC10131374,10.1186/s13073-023-01181-8,"Multiple PIK3CA mutation clonality correlates with outcomes in taselisib + fulvestrant-treated ER+/HER2-, PIK3CA-mutated breast cancers.",pmc_xml,0.007143,0.000000,0.665174,global_primary_retrieved,0,not_selected,pmid-37101291:CH0027
SUB005,1,pmid-25409150,25409150,PMC4326538,10.1038/nature13948,Convergent loss of PTEN leads to clinical resistance to a PI(3)Kα inhibitor.,pmc_xml,0.108813,485.202763,2.194337,primary_for_subsection,1,top_ranked,pmid-25409150:CH0002;pmid-25409150:CH0003;pmid-25409150:CH0007
SUB005,2,pmid-32864625,32864625,PMC7450824,10.1038/s43018-020-0047-1,Alterations in PTEN and ESR1 promote clinical resistance to alpelisib plus aromatase inhibitors.,pmc_xml,0.102220,445.155005,2.186508,primary_for_subsection,1,top_ranked,pmid-32864625:CH0033;pmid-32864625:CH0020;pmid-32864625:CH0002
SUB005,3,pmid-40991650,40991650,PMC12618074,10.1172/JCI180927,USP10/GSK3β-mediated inhibition of PTEN drives resistance to PI3K inhibitors in breast cancer.,pmc_xml,0.099182,432.084518,2.175053,primary_for_subsection,1,top_ranked,pmid-40991650:CH0012;pmid-40991650:CH0002;pmid-40991650:CH0009
SUB005,4,pmid-31859350,31859350,PMC6923785,10.1093/annonc/mdz280,Biomarkers of response and resistance to PI3K inhibitors in estrogen receptor-positive breast cancer patients and combination therapies involving PI3K inhibitors.,pmc_xml,0.076374,450.983661,2.108253,context_for_subsection,1,top_ranked,pmid-31859350:CH0018;pmid-31859350:CH0019;pmid-31859350:CH0012
SUB005,5,pmid-27048245,27048245,PMC4820873,10.1186/s13058-016-0697-1,Activation of IGF1R/p110β/AKT/mTOR confers resistance to α-specific PI3K inhibition.,pmc_xml,0.076260,403.511408,1.403953,primary_for_subsection,1,top_ranked,pmid-27048245:CH0042;pmid-27048245:CH0041;pmid-27048245:CH0034
SUB005,6,pmid-35968355,35968355,PMC9360227,,PI3K inhibitors in trastuzumab-resistant HER2-positive breast cancer cells with PI3K pathway alterations.,pdf,0.049648,460.798618,0.649428,context_for_subsection,1,top_ranked,pmid-35968355:CH0024;pmid-35968355:CH0001;pmid-35968355:CH0025
SUB005,7,pmid-37916958,37916958,PMC10850944,10.1158/2159-8290.CD-23-0704,Allosteric PI3Kα Inhibition Overcomes On-target Resistance to Orthosteric Inhibitors Mediated by Secondary PIK3CA Mutations.,pmc_xml,0.048649,431.024583,0.699435,context_for_subsection,1,top_ranked,pmid-37916958:CH0033;pmid-37916958:CH0001;pmid-37916958:CH0008
SUB005,8,pmid-42351448,42351448,PMC13298351,10.3390/diagnostics16121790,"Post-CDK4/6 Inhibitor Therapeutic Approaches in Hormone Receptor-Positive, HER2-Negative Metastatic Breast Cancer: Current Evidence and Emerging Strategies-A Narrative Review.",pmc_xml,0.044402,303.903164,1.301496,context_for_subsection,1,top_ranked,pmid-42351448:CH0009;pmid-42351448:CH0008;pmid-42351448:CH0015
SUB005,9,pmid-27604488,27604488,PMC5050154,10.1158/2159-8290.CD-16-0305,Systematic Functional Characterization of Resistance to PI3K Inhibition in Breast Cancer.,pmc_xml,0.042379,135.621996,2.007148,global_primary_retrieved,1,top_ranked,pmid-27604488:CH0005;pmid-27604488:CH0066;pmid-27604488:CH0032
SUB005,10,pmid-33668685,33668685,PMC7918312,10.3390/ijms22041882,"PRKAR1B-AS2 Long Noncoding RNA Promotes Tumorigenesis, Survival, and Chemoresistance via the PI3K/AKT/mTOR Pathway.",pmc_xml,0.040955,405.850597,0.662182,context_for_subsection,1,top_ranked,pmid-33668685:CH0039;pmid-33668685:CH0038;pmid-33668685:CH0037
SUB005,11,pmid-39920872,39920872,PMC11806886,10.1186/s40170-025-00375-5,CD36 inhibition enhances the anti-proliferative effects of PI3K inhibitors in PTEN-loss anti-HER2 resistant breast cancer cells.,pmc_xml,0.038854,269.816560,1.318688,global_primary_retrieved,0,not_selected,pmid-39920872:CH0007;pmid-39920872:CH0001;pmid-39920872:CH0024
SUB005,12,pmid-25877889,25877889,PMC4433148,10.1126/scitranslmed.aaa4442,PI3K inhibition results in enhanced estrogen receptor function and dependence in hormone receptor-positive breast cancer.,pmc_xml,0.037559,162.750491,1.345749,global_primary_retrieved,0,not_selected,pmid-25877889:CH0013;pmid-25877889:CH0005
SUB005,13,pmid-36321996,36321996,PMC10011882,10.1158/1078-0432.CCR-22-2115,Biology and Targetability of the Extended Spectrum of PIK3CA Mutations Detected in Breast Carcinoma.,pmc_xml,0.030588,282.772420,0.644305,global_primary_retrieved,0,not_selected,pmid-36321996:CH0048;pmid-36321996:CH0041
SUB005,14,pmid-40510030,40510030,PMC12159599,10.20517/cdr.2024.181,FGFR1 overexpression promotes resistance to PI3K inhibitor alpelisib in luminal breast cancer cells through receptor tyrosine kinase signaling-mediated activation of the estrogen receptor.,pmc_xml,0.029793,279.115753,0.649769,global_primary_retrieved,0,not_selected,pmid-40510030:CH0006;pmid-40510030:CH0005
SUB005,15,pmid-34552006,34552006,,10.1158/1535-7163.MCT-20-0981,Phosphoproteomics Identifies PI3K Inhibitor-selective Adaptive Responses in Pancreatic Cancer Cell Therapy and Resistance.,pdf,0.026879,123.602916,1.315015,global_primary_retrieved,0,not_selected,pmid-34552006:CH0037;pmid-34552006:CH0043;pmid-34552006:CH0006
SUB005,16,pmid-36579519,36579519,PMC9694420,10.3390/jpm12111793,PIK3CAMutations in Breast Cancer Subtypes Other Than HR-Positive/HER2-Negative.,pmc_xml,0.026814,267.102538,0.645426,global_primary_retrieved,0,not_selected,pmid-36579519:CH0020;pmid-36579519:CH0069
SUB005,17,pmid-42445743,42445743,PMC13361340,10.2147/DDDT.S611371,Precision Endocrine-Based Combinations After CDK4/6 Inhibitor Progression in HR-Positive Metastatic Breast Cancer.,pmc_xml,0.026599,0.000000,1.962448,global_primary_retrieved,0,not_selected,pmid-42445743:CH0015;pmid-42445743:CH0010;pmid-42445743:CH0004
SUB005,18,pmid-33059733,33059733,PMC7559997,10.1186/s13046-020-01713-9,TAM family receptors in conjunction with MAPK signalling are involved in acquired resistance to PI3Kα inhibition in head and neck squamous cell carcinoma.,pmc_xml,0.026455,241.501404,0.671478,global_primary_retrieved,0,not_selected,pmid-33059733:CH0007;pmid-33059733:CH0022
SUB005,19,pmid-41620612,41620612,PMC12964663,10.1186/s13058-025-02152-0,Sequential use of PI3K/AKT/mTOR pathway inhibitors alpelisib and everolimus in patients with hormone receptor-positive metastatic breast cancer.,pmc_xml,0.025603,150.089959,0.679193,global_primary_retrieved,0,not_selected,pmid-41620612:CH0031;pmid-41620612:CH0032
SUB005,20,pmid-37553597,37553597,PMC10408073,10.1186/s12885-023-11243-0,BYL719 reverses gefitinib-resistance induced by PI3K/AKT activation in non-small cell lung cancer cells.,pmc_xml,0.025113,123.006074,1.302322,global_primary_retrieved,0,not_selected,pmid-37553597:CH0031;pmid-37553597:CH0009;pmid-37553597:CH0006
SUB005,21,pmid-32782489,32782489,PMC7388095,10.1177/1758835920940939,Targeting the PI3K/Akt/mTOR pathway in estrogen-receptor positive HER2 negative advanced breast cancer.,pmc_xml,0.021429,280.073847,0.000000,global_primary_retrieved,0,not_selected,pmid-32782489:CH0010;pmid-32782489:CH0016
SUB005,22,pmid-37044095,37044095,PMC10140479,10.1016/j.xcrm.2023.101002,N-acetylcysteine overcomes NF1 loss-driven resistance to PI3Kα inhibition in breast cancer.,pmc_xml,0.020457,119.576410,0.703746,global_primary_retrieved,0,not_selected,pmid-37044095:CH0007;pmid-37044095:CH0003
SUB005,23,pmid-37101291,37101291,PMC10131374,10.1186/s13073-023-01181-8,"Multiple PIK3CA mutation clonality correlates with outcomes in taselisib + fulvestrant-treated ER+/HER2-, PIK3CA-mutated breast cancers.",pmc_xml,0.017667,0.000000,1.308499,global_primary_retrieved,0,not_selected,pmid-37101291:CH0027;pmid-37101291:CH0026
SUB005,24,pmid-23903756,23903756,PMC3935768,10.1126/scitranslmed.3005747,mTORC1 inhibition is required for sensitivity to PI3K p110α inhibitors in PIK3CA-mutant breast cancer.,pmc_xml,0.017389,0.000000,1.306443,global_primary_retrieved,0,not_selected,pmid-23903756:CH0002;pmid-23903756:CH0024
SUB005,25,pmid-39217059,39217059,PMC11840667,10.1016/j.clbc.2024.08.001,A Phase I Trial of Alpelisib Combined With Capecitabine in Patients With HER2-Negative Metastatic Breast Cancer.,pmc_xml,0.012346,146.949320,0.000000,global_primary_retrieved,0,not_selected,pmid-39217059:CH0028
SUB005,26,pmid-30588709,30588709,PMC6398875,10.1111/cas.13923,"Phase I study of alpelisib (BYL719), an α-specific PI3K inhibitor, in Japanese patients with advanced solid tumors.",pmc_xml,0.010753,137.187310,0.000000,global_primary_retrieved,0,not_selected,pmid-30588709:CH0003
SUB005,27,pmid-29401002,29401002,PMC5920739,10.1200/JCO.2017.72.7107,Phosphatidylinositol 3-Kinase α-Selective Inhibition With Alpelisib (BYL719) in PIK3CA-Altered Solid Tumors: Results From the First-in-Human Study.,pdf,0.009091,130.993553,0.000000,global_primary_retrieved,0,not_selected,pmid-29401002:CH0037
SUB005,28,pmid-28382169,28382169,PMC5381259,10.7150/thno.17830,Integration of Receptor Tyrosine Kinases Determines Sensitivity to PI3Kα-selective Inhibitors in Breast Cancer.,pmc_xml,0.008772,129.537171,0.000000,global_primary_retrieved,0,not_selected,pmid-28382169:CH0004
SUB005,29,pmid-24249715,24249715,PMC3902650,10.1158/1535-7163.MCT-13-0518,Enhanced PI3K p110α signaling confers acquired lapatinib resistance that can be effectively reversed by a p110α-selective PI3K inhibitor.,pmc_xml,0.008772,0.000000,0.653215,global_primary_retrieved,0,not_selected,pmid-24249715:CH0034
SUB005,30,pmid-41925922,41925922,PMC13046609,10.1007/s10549-026-07939-z,Alpelisib and Fulvestrant in PIK3CA-mutated hormone receptor-positive HER2-negative advanced breast cancer included in the German PRAEGNANT trial.,pmc_xml,0.008475,127.467337,0.000000,global_primary_retrieved,0,not_selected,pmid-41925922:CH0033
SUB005,31,pmid-39236276,39236276,PMC11575912,10.1200/JCO.24.00110,"Phase I/Ib Trial of Inavolisib Plus Palbociclib and Endocrine Therapy for PIK3CA-Mutated, Hormone Receptor-Positive, Human Epidermal Growth Factor Receptor 2-Negative Advanced or Metastatic Breast Cancer.",pmc_xml,0.008000,0.000000,0.648453,global_primary_retrieved,0,not_selected,pmid-39236276:CH0005
SUB005,32,pmid-33024087,33024087,PMC7538592,10.1038/s41419-020-03037-0,CD44/HA signaling mediates acquired resistance to a PI3Kα inhibitor.,pmc_xml,0.007299,0.000000,0.643718,global_primary_retrieved,0,not_selected,pmid-33024087:CH0004
SUB005,33,pmid-33602685,33602685,PMC8282704,10.1158/1078-0432.CCR-20-4879,Clinical and Biomarker Results from Phase I/II Study of PI3K Inhibitor Alpelisib plus Nab-paclitaxel in HER2-Negative Metastatic Breast Cancer.,pmc_xml,0.007246,119.230374,0.000000,global_primary_retrieved,0,not_selected,pmid-33602685:CH0029
SUB005,34,pmid-36913051,36913051,PMC10147754,10.1007/s10549-023-06895-2,"Antitumor activity of the PI3K δ-sparing inhibitor MEN1611 in PIK3CA mutated, trastuzumab-resistant HER2 + breast cancer.",pmc_xml,0.007194,0.000000,0.642080,context_for_subsection,0,not_selected,pmid-36913051:CH0008
SUB005,35,pmid-36387506,36387506,PMC9650006,10.1016/j.heliyon.2022.e11396,Chip-based digital Polymerase Chain Reaction as quantitative technique for the detection of PIK3CA mutations in breast cancer patients.,pmc_xml,0.007143,118.593101,0.000000,global_primary_retrieved,0,not_selected,pmid-36387506:CH0004
SUB006,1,pmid-37916958,37916958,PMC10850944,10.1158/2159-8290.CD-23-0704,Allosteric PI3Kα Inhibition Overcomes On-target Resistance to Orthosteric Inhibitors Mediated by Secondary PIK3CA Mutations.,pmc_xml,0.115595,392.917007,2.476038,primary_for_subsection,1,top_ranked,pmid-37916958:CH0002;pmid-37916958:CH0034;pmid-37916958:CH0035
SUB006,2,pmid-32817061,32817061,PMC7437706,10.1136/esmoopen-2020-000890,PIK3CA mutation inhibition in hormone receptor-positive breast cancer: time has come.,pmc_xml,0.062550,312.945982,1.556608,global_primary_retrieved,1,top_ranked,pmid-32817061:CH0011;pmid-32817061:CH0012;pmid-32817061:CH0009
SUB006,3,pmid-37101291,37101291,PMC10131374,10.1186/s13073-023-01181-8,"Multiple PIK3CA mutation clonality correlates with outcomes in taselisib + fulvestrant-treated ER+/HER2-, PIK3CA-mutated breast cancers.",pmc_xml,0.052879,171.862963,2.293778,global_primary_retrieved,1,top_ranked,pmid-37101291:CH0027;pmid-37101291:CH0026;pmid-37101291:CH0006
SUB006,4,pmid-32404150,32404150,PMC7222307,10.1186/s13058-020-01284-9,Frequency and spectrum of PIK3CA somatic mutations in breast cancer.,pmc_xml,0.048536,169.560602,2.266769,context_for_subsection,1,top_ranked,pmid-32404150:CH0017;pmid-32404150:CH0021;pmid-32404150:CH0018
SUB006,5,pmid-39935426,39935426,PMC11810462,10.20517/cdr.2024.169,Optimizing therapeutic approaches for HR+/HER2- advanced breast cancer: clinical perspectives on biomarkers and treatment strategies post-CDK4/6 inhibitor progression.,pmc_xml,0.040223,313.298048,0.000000,global_primary_retrieved,1,top_ranked,pmid-39935426:CH0019;pmid-39935426:CH0020;pmid-39935426:CH0021
SUB006,6,pmid-37916956,37916956,PMC10850943,10.1158/2159-8290.CD-23-0944,"Discovery and Clinical Proof-of-Concept of RLY-2608, a First-in-Class Mutant-Selective Allosteric PI3Kα Inhibitor That Decouples Antitumor Activity from Hyperinsulinemia.",pmc_xml,0.039865,87.872780,2.264023,global_primary_retrieved,1,top_ranked,pmid-37916956:CH0001;pmid-37916956:CH0055;pmid-37916956:CH0005
SUB006,7,pmid-31859350,31859350,PMC6923785,10.1093/annonc/mdz280,Biomarkers of response and resistance to PI3K inhibitors in estrogen receptor-positive breast cancer patients and combination therapies involving PI3K inhibitors.,pmc_xml,0.038369,103.307875,1.536511,context_for_subsection,1,top_ranked,pmid-31859350:CH0031;pmid-31859350:CH0025;pmid-31859350:CH0008
SUB006,8,pmid-36321996,36321996,PMC10011882,10.1158/1078-0432.CCR-22-2115,Biology and Targetability of the Extended Spectrum of PIK3CA Mutations Detected in Breast Carcinoma.,pmc_xml,0.035333,192.178515,0.764595,global_primary_retrieved,1,top_ranked,pmid-36321996:CH0028;pmid-36321996:CH0048;pmid-36321996:CH0006
SUB006,9,pmid-29401002,29401002,PMC5920739,10.1200/JCO.2017.72.7107,Phosphatidylinositol 3-Kinase α-Selective Inhibition With Alpelisib (BYL719) in PIK3CA-Altered Solid Tumors: Results From the First-in-Human Study.,pdf,0.032147,0.000000,2.265987,global_primary_retrieved,1,top_ranked,pmid-29401002:CH0037;pmid-29401002:CH0034;pmid-29401002:CH0036
SUB006,10,pmid-27604488,27604488,PMC5050154,10.1158/2159-8290.CD-16-0305,Systematic Functional Characterization of Resistance to PI3K Inhibition in Breast Cancer.,pmc_xml,0.031364,0.000000,0.756331,primary_for_subsection,1,top_ranked,pmid-27604488:CH0005
SUB006,11,pmid-42351448,42351448,PMC13298351,10.3390/diagnostics16121790,"Post-CDK4/6 Inhibitor Therapeutic Approaches in Hormone Receptor-Positive, HER2-Negative Metastatic Breast Cancer: Current Evidence and Emerging Strategies-A Narrative Review.",pmc_xml,0.030513,275.786820,0.000000,context_for_subsection,0,not_selected,pmid-42351448:CH0057;pmid-42351448:CH0058;pmid-42351448:CH0009
SUB006,12,pmid-37553597,37553597,PMC10408073,10.1186/s12885-023-11243-0,BYL719 reverses gefitinib-resistance induced by PI3K/AKT activation in non-small cell lung cancer cells.,pmc_xml,0.030333,273.565672,0.000000,global_primary_retrieved,0,not_selected,pmid-37553597:CH0030;pmid-37553597:CH0001;pmid-37553597:CH0005
SUB006,13,pmid-34754095,34754095,PMC8810831,10.1038/s41416-021-01601-9,Sensitive and robust liquid biopsy-based detection of PIK3CA mutations in hormone-receptor-positive metastatic breast cancer patients.,pdf,0.029790,174.890435,0.762375,global_primary_retrieved,0,not_selected,pmid-34754095:CH0005;pmid-34754095:CH0033;pmid-34754095:CH0022
SUB006,14,pmid-33976551,33976551,PMC8104980,10.2147/OTT.S298720,"Advances in Therapy for Hormone Receptor (HR)-Positive, Human Epidermal Growth Factor Receptor 2 (HER2)-Negative Advanced Breast Cancer Patients Who Have Experienced Progression After Treatment with CDK4/6 Inhibitors.",pmc_xml,0.029224,269.344974,0.000000,context_for_subsection,0,not_selected,pmid-33976551:CH0001;pmid-33976551:CH0002;pmid-33976551:CH0030
SUB006,15,pmid-33575071,33575071,PMC7646628,10.6004/jadpro.2020.11.7.9,Alpelisib: A Novel Therapy for Patients With PIK3CA-Mutated Metastatic Breast Cancer.,pmc_xml,0.028305,268.482006,0.000000,global_primary_retrieved,0,not_selected,pmid-33575071:CH0036;pmid-33575071:CH0035;pmid-33575071:CH0028
SUB006,16,pmid-39839709,39839709,PMC11748133,10.1093/pcmedi/pbae034,"Cell-free tumor DNA analysis in advanced or metastatic breast cancer patients: mutation frequencies, testing intention, and clinical impact.",pmc_xml,0.027134,266.454342,0.000000,global_primary_retrieved,0,not_selected,pmid-39839709:CH0027;pmid-39839709:CH0038;pmid-39839709:CH0028
SUB006,17,pmid-35181669,35181669,PMC8857304,10.1038/s41523-022-00382-5,PIK3CA co-occurring mutations and copy-number gain in hormone receptor positive and HER2 negative breast cancer.,pmc_xml,0.026947,87.672136,1.488296,global_primary_retrieved,0,not_selected,pmid-35181669:CH0033;pmid-35181669:CH0030
SUB006,18,pmid-40510030,40510030,PMC12159599,10.20517/cdr.2024.181,FGFR1 overexpression promotes resistance to PI3K inhibitor alpelisib in luminal breast cancer cells through receptor tyrosine kinase signaling-mediated activation of the estrogen receptor.,pmc_xml,0.026190,207.892384,0.000000,global_primary_retrieved,0,not_selected,pmid-40510030:CH0006;pmid-40510030:CH0005
SUB006,19,pmid-32864625,32864625,PMC7450824,10.1038/s43018-020-0047-1,Alterations in PTEN and ESR1 promote clinical resistance to alpelisib plus aromatase inhibitors.,pmc_xml,0.024938,85.523449,1.481665,global_primary_retrieved,0,not_selected,pmid-32864625:CH0033;pmid-32864625:CH0001;pmid-32864625:CH0004
SUB006,20,pmid-28129991,28129991,PMC5319926,10.1016/j.bmc.2017.01.012,Identification of allosteric binding sites for PI3Kα oncogenic mutant specific inhibitor design.,pmc_xml,0.023736,0.000000,1.520975,global_primary_retrieved,0,not_selected,pmid-28129991:CH0006;pmid-28129991:CH0005
SUB006,21,pmid-33947692,33947692,PMC8282678,10.1158/1078-0432.CCR-21-0047,A Phase I Study of Alpelisib in Combination with Trastuzumab and LJM716 in Patients with PIK3CA-Mutated HER2-Positive Metastatic Breast Cancer.,pmc_xml,0.023709,194.153465,0.000000,context_for_subsection,0,not_selected,pmid-33947692:CH0023;pmid-33947692:CH0034
SUB006,22,pmid-36387506,36387506,PMC9650006,10.1016/j.heliyon.2022.e11396,Chip-based digital Polymerase Chain Reaction as quantitative technique for the detection of PIK3CA mutations in breast cancer patients.,pmc_xml,0.021780,89.397470,0.764945,global_primary_retrieved,0,not_selected,pmid-36387506:CH0006;pmid-36387506:CH0027
SUB006,23,pmid-25409150,25409150,PMC4326538,10.1038/nature13948,Convergent loss of PTEN leads to clinical resistance to a PI(3)Kα inhibitor.,pmc_xml,0.019913,0.000000,1.499654,global_primary_retrieved,0,not_selected,pmid-25409150:CH0014;pmid-25409150:CH0007
SUB006,24,pmid-39070139,39070139,PMC11272611,10.3389/fonc.2024.1390452,"Phase Ib and pharmacokinetics study of alpelisib, a PIK3CA inhibitor, and capecitabine in patients with advanced solid tumors.",pmc_xml,0.019825,96.390704,0.740111,global_primary_retrieved,0,not_selected,pmid-39070139:CH0036;pmid-39070139:CH0004
SUB006,25,pmid-35968355,35968355,PMC9360227,,PI3K inhibitors in trastuzumab-resistant HER2-positive breast cancer cells with PI3K pathway alterations.,pdf,0.019236,180.126587,0.000000,context_for_subsection,0,not_selected,pmid-35968355:CH0025;pmid-35968355:CH0001
SUB006,26,pmid-36579519,36579519,PMC9694420,10.3390/jpm12111793,PIK3CAMutations in Breast Cancer Subtypes Other Than HR-Positive/HER2-Negative.,pmc_xml,0.018068,0.000000,1.489652,global_primary_retrieved,0,not_selected,pmid-36579519:CH0029;pmid-36579519:CH0001
SUB006,27,pmid-35022207,35022207,PMC7612218,10.1158/2159-8290.CD-21-1411,Precision Targeting of Mutant PI3Kα in Cancer by Selective Degradation.,pmc_xml,0.017074,85.098061,0.744449,global_primary_retrieved,0,not_selected,pmid-35022207:CH0002;pmid-35022207:CH0015
SUB006,28,pmid-27048245,27048245,PMC4820873,10.1186/s13058-016-0697-1,Activation of IGF1R/p110β/AKT/mTOR confers resistance to α-specific PI3K inhibition.,pmc_xml,0.016390,0.000000,1.479612,global_primary_retrieved,0,not_selected,pmid-27048245:CH0039;pmid-27048245:CH0041
SUB006,29,pmid-36428975,36428975,PMC9688837,10.3390/cells11223545,Analytical Performance of Next-Generation Sequencing and RT-PCR on Formalin-Fixed Paraffin-Embedded Tumor Tissues for PIK3CA Testing in HR+/HER2- Breast Cancer.,pmc_xml,0.016138,171.147201,0.000000,global_primary_retrieved,0,not_selected,pmid-36428975:CH0017;pmid-36428975:CH0016
SUB006,30,pmid-41681940,41681940,PMC12896634,10.3390/cancers18030468,Comparison Between Alpelisib Plus Endocrine Therapy and Everolimus Plus Endocrine Therapy After CDK4/6 Inhibitors Progression in Patients with PIK3CA-Mutant Metastatic Breast Cancer: A Single-Center Retrospective Study.,pmc_xml,0.016009,170.692507,0.000000,global_primary_retrieved,0,not_selected,pmid-41681940:CH0039;pmid-41681940:CH0037
SUB006,31,pmid-27126994,27126994,PMC5085926,10.1158/1078-0432.CCR-16-0134,"A Phase Ib Study of Alpelisib (BYL719), a PI3Kα-Specific Inhibitor, with Letrozole in ER+/HER2- Metastatic Breast Cancer.",pmc_xml,0.011765,96.669856,0.000000,global_primary_retrieved,0,not_selected,pmid-27126994:CH0007
SUB006,32,pmid-35075945,35075945,PMC8793384,10.1177/15347354211073163,Management of Phosphatidylinositol-3-Kinase Inhibitor-Associated Hyperglycemia.,pmc_xml,0.010753,93.326166,0.000000,global_primary_retrieved,0,not_selected,pmid-35075945:CH0003
SUB006,33,pmid-23903756,23903756,PMC3935768,10.1126/scitranslmed.3005747,mTORC1 inhibition is required for sensitivity to PI3K p110α inhibitors in PIK3CA-mutant breast cancer.,pmc_xml,0.010417,90.813781,0.000000,global_primary_retrieved,0,not_selected,pmid-23903756:CH0006
SUB006,34,pmid-37044095,37044095,PMC10140479,10.1016/j.xcrm.2023.101002,N-acetylcysteine overcomes NF1 loss-driven resistance to PI3Kα inhibition in breast cancer.,pmc_xml,0.010101,0.000000,0.750072,global_primary_retrieved,0,not_selected,pmid-37044095:CH0007
SUB006,35,pmid-40113784,40113784,PMC11926384,10.1038/s41392-025-02180-4,Targeting PI3K inhibitor resistance in breast cancer with metabolic drugs.,pmc_xml,0.010000,0.000000,0.749573,context_for_subsection,0,not_selected,pmid-40113784:CH0001
SUB006,36,pmid-34012367,34012367,PMC8114069,10.1159/000514794,First Experiences with Alpelisib in Clinical Routine: Case Reports from a German Breast Center.,pdf,0.009901,90.025036,0.000000,global_primary_retrieved,0,not_selected,pmid-34012367:CH0031
SUB006,37,pmid-37623743,37623743,PMC10618743,10.1158/2159-8290.CD-23-0396,"STX-478, a Mutant-Selective, Allosteric PI3Kα Inhibitor Spares Metabolic Dysfunction and Improves Therapeutic Response in PI3Kα-Mutant Xenografts.",pmc_xml,0.009804,89.716005,0.000000,global_primary_retrieved,0,not_selected,pmid-37623743:CH0050
SUB006,38,pmid-34544753,34544753,PMC9762331,10.1158/2159-8290.CD-21-0072,RTK-Dependent Inducible Degradation of Mutant PI3Kα Drives GDC-0077 (Inavolisib) Efficacy.,pmc_xml,0.009259,0.000000,0.745122,global_primary_retrieved,0,not_selected,pmid-34544753:CH0004
SUB006,39,pmid-40991650,40991650,PMC12618074,10.1172/JCI180927,USP10/GSK3β-mediated inhibition of PTEN drives resistance to PI3K inhibitors in breast cancer.,pmc_xml,0.008929,0.000000,0.742811,context_for_subsection,0,not_selected,pmid-40991650:CH0001
SUB006,40,pmid-33036331,33036331,PMC7601167,10.3390/jcm9103214,CDK 4/6 Inhibition Overcomes Acquired and Inherent Resistance to PI3Kα Inhibition in Pre-Clinical Models of Head and Neck Squamous Cell Carcinoma.,pmc_xml,0.008850,0.000000,0.742107,global_primary_retrieved,0,not_selected,pmid-33036331:CH0001
SUB006,41,pmid-34067117,34067117,PMC8125641,10.3390/cancers13092250,IGF2 Mediates Resistance to Isoform-Selective-Inhibitors of the PI3K in HPV Positive Head and Neck Cancer.,pmc_xml,0.008772,87.490295,0.000000,global_primary_retrieved,0,not_selected,pmid-34067117:CH0002
SUB006,42,pmid-24249715,24249715,PMC3902650,10.1158/1535-7163.MCT-13-0518,Enhanced PI3K p110α signaling confers acquired lapatinib resistance that can be effectively reversed by a p110α-selective PI3K inhibitor.,pmc_xml,0.008621,86.757760,0.000000,global_primary_retrieved,0,not_selected,pmid-24249715:CH0005
SUB006,43,pmid-32252811,32252811,PMC7137211,10.1186/s13058-020-01271-0,Everolimus versus alpelisib in advanced hormone receptor-positive HER2-negative breast cancer: targeting different nodes of the PI3K/AKT/mTORC1 pathway with different clinical implications.,pmc_xml,0.008403,86.331358,0.000000,context_for_subsection,0,not_selected,pmid-32252811:CH0061
SUB006,44,pmid-33168657,33168657,PMC8535764,10.1158/1078-0432.CCR-20-3652,"FDA Approval Summary: Alpelisib Plus Fulvestrant for Patients with HR-positive, HER2-negative, PIK3CA-mutated, Advanced or Metastatic Breast Cancer.",pmc_xml,0.007752,84.642519,0.000000,global_primary_retrieved,0,not_selected,pmid-33168657:CH0017
SUB006,45,pmid-30588709,30588709,PMC6398875,10.1111/cas.13923,"Phase I study of alpelisib (BYL719), an α-specific PI3K inhibitor, in Japanese patients with advanced solid tumors.",pmc_xml,0.007463,0.000000,0.735858,global_primary_retrieved,0,not_selected,pmid-30588709:CH0007
SUB006,46,pmid-41143603,41143603,PMC12770939,10.1158/1078-0432.CCR-25-1459,PI3Kα Inhibitor and Degrader Inavolisib Can Co-opt FGFR2 to Enhance Responses in Patients with PIK3CA-Mutated Solid Tumors and in Preclinical Models.,pmc_xml,0.007246,0.000000,0.734645,context_for_subsection,0,not_selected,pmid-41143603:CH0004
SUB007,1,pmid-27048245,27048245,PMC4820873,10.1186/s13058-016-0697-1,Activation of IGF1R/p110β/AKT/mTOR confers resistance to α-specific PI3K inhibition.,pmc_xml,0.091151,306.008768,2.186413,primary_for_subsection,1,top_ranked,pmid-27048245:CH0001;pmid-27048245:CH0043;pmid-27048245:CH0040
SUB007,2,pmid-37339176,37339176,PMC10543974,10.1158/0008-5472.CAN-23-0282,Tipifarnib Potentiates the Antitumor Effects of PI3Kα Inhibition in PIK3CA- and HRAS-Dysregulated HNSCC via Convergent Inhibition of mTOR Activity.,pmc_xml,0.073818,326.989941,0.702237,primary_for_subsection,1,top_ranked,pmid-37339176:CH0036;pmid-37339176:CH0011;pmid-37339176:CH0017
SUB007,3,pmid-27604488,27604488,PMC5050154,10.1158/2159-8290.CD-16-0305,Systematic Functional Characterization of Resistance to PI3K Inhibition in Breast Cancer.,pmc_xml,0.068643,98.642773,2.193593,primary_for_subsection,1,top_ranked,pmid-27604488:CH0020;pmid-27604488:CH0054;pmid-27604488:CH0032
SUB007,4,pmid-25873175,25873175,PMC4398915,10.1016/j.ccell.2015.03.010,AXL mediates resistance to PI3Kα inhibition by activating the EGFR/PKC/mTOR axis in head and neck and esophageal squamous cell carcinomas.,pmc_xml,0.067956,212.652952,1.421912,primary_for_subsection,1,top_ranked,pmid-25873175:CH0010;pmid-25873175:CH0038;pmid-25873175:CH0001
SUB007,5,pmid-31859350,31859350,PMC6923785,10.1093/annonc/mdz280,Biomarkers of response and resistance to PI3K inhibitors in estrogen receptor-positive breast cancer patients and combination therapies involving PI3K inhibitors.,pmc_xml,0.062544,224.330908,2.150044,context_for_subsection,1,top_ranked,pmid-31859350:CH0040;pmid-31859350:CH0005;pmid-31859350:CH0012
SUB007,6,pmid-33024087,33024087,PMC7538592,10.1038/s41419-020-03037-0,CD44/HA signaling mediates acquired resistance to a PI3Kα inhibitor.,pmc_xml,0.056262,208.936082,0.716914,primary_for_subsection,1,top_ranked,pmid-33024087:CH0056;pmid-33024087:CH0004;pmid-33024087:CH0002
SUB007,7,pmid-23903756,23903756,PMC3935768,10.1126/scitranslmed.3005747,mTORC1 inhibition is required for sensitivity to PI3K p110α inhibitors in PIK3CA-mutant breast cancer.,pmc_xml,0.055278,103.343984,1.436597,primary_for_subsection,1,top_ranked,pmid-23903756:CH0002;pmid-23903756:CH0031;pmid-23903756:CH0035
SUB007,8,pmid-37916958,37916958,PMC10850944,10.1158/2159-8290.CD-23-0704,Allosteric PI3Kα Inhibition Overcomes On-target Resistance to Orthosteric Inhibitors Mediated by Secondary PIK3CA Mutations.,pmc_xml,0.054883,101.834862,2.234776,global_primary_retrieved,1,top_ranked,pmid-37916958:CH0033;pmid-37916958:CH0038;pmid-37916958:CH0028
SUB007,9,pmid-25877889,25877889,PMC4433148,10.1126/scitranslmed.aaa4442,PI3K inhibition results in enhanced estrogen receptor function and dependence in hormone receptor-positive breast cancer.,pmc_xml,0.053171,203.887165,2.178339,global_primary_retrieved,1,top_ranked,pmid-25877889:CH0005;pmid-25877889:CH0006;pmid-25877889:CH0034
SUB007,10,pmid-34552006,34552006,,10.1158/1535-7163.MCT-20-0981,Phosphoproteomics Identifies PI3K Inhibitor-selective Adaptive Responses in Pancreatic Cancer Cell Therapy and Resistance.,pdf,0.053015,0.000000,2.141304,primary_for_subsection,1,top_ranked,pmid-34552006:CH0006;pmid-34552006:CH0037;pmid-34552006:CH0041
SUB007,11,pmid-33036331,33036331,PMC7601167,10.3390/jcm9103214,CDK 4/6 Inhibition Overcomes Acquired and Inherent Resistance to PI3Kα Inhibition in Pre-Clinical Models of Head and Neck Squamous Cell Carcinoma.,pmc_xml,0.051742,108.037180,1.391648,primary_for_subsection,1,stage4_primary_force_included,pmid-33036331:CH0019;pmid-33036331:CH0020;pmid-33036331:CH0006
SUB007,12,pmid-42445743,42445743,PMC13361340,10.2147/DDDT.S611371,Precision Endocrine-Based Combinations After CDK4/6 Inhibitor Progression in HR-Positive Metastatic Breast Cancer.,pmc_xml,0.046899,212.773144,1.416823,context_for_subsection,0,not_selected,pmid-42445743:CH0014;pmid-42445743:CH0016;pmid-42445743:CH0010
SUB007,13,pmid-37501404,37501404,PMC10701778,10.1002/1878-0261.13500,Activation of the EGFR/PI3K/AKT pathway limits the efficacy of trametinib treatment in head and neck cancer.,pmc_xml,0.044408,310.291649,0.698097,global_primary_retrieved,0,not_selected,pmid-37501404:CH0035;pmid-37501404:CH0025;pmid-37501404:CH0017
SUB007,14,pmid-41620612,41620612,PMC12964663,10.1186/s13058-025-02152-0,Sequential use of PI3K/AKT/mTOR pathway inhibitors alpelisib and everolimus in patients with hormone receptor-positive metastatic breast cancer.,pmc_xml,0.043826,204.688566,1.427016,global_primary_retrieved,0,not_selected,pmid-41620612:CH0032;pmid-41620612:CH0031;pmid-41620612:CH0035
SUB007,15,pmid-33059733,33059733,PMC7559997,10.1186/s13046-020-01713-9,TAM family receptors in conjunction with MAPK signalling are involved in acquired resistance to PI3Kα inhibition in head and neck squamous cell carcinoma.,pmc_xml,0.043528,200.360390,1.444607,global_primary_retrieved,0,not_selected,pmid-33059733:CH0052;pmid-33059733:CH0008;pmid-33059733:CH0050
SUB007,16,pmid-42351448,42351448,PMC13298351,10.3390/diagnostics16121790,"Post-CDK4/6 Inhibitor Therapeutic Approaches in Hormone Receptor-Positive, HER2-Negative Metastatic Breast Cancer: Current Evidence and Emerging Strategies-A Narrative Review.",pmc_xml,0.042379,323.187615,0.000000,context_for_subsection,0,not_selected,pmid-42351448:CH0008;pmid-42351448:CH0054;pmid-42351448:CH0005
SUB007,17,pmid-33668685,33668685,PMC7918312,10.3390/ijms22041882,"PRKAR1B-AS2 Long Noncoding RNA Promotes Tumorigenesis, Survival, and Chemoresistance via the PI3K/AKT/mTOR Pathway.",pmc_xml,0.041897,107.594024,0.690748,primary_for_subsection,1,stage4_primary_force_included,pmid-33668685:CH0006;pmid-33668685:CH0005
SUB007,18,pmid-40991650,40991650,PMC12618074,10.1172/JCI180927,USP10/GSK3β-mediated inhibition of PTEN drives resistance to PI3K inhibitors in breast cancer.,pmc_xml,0.040502,0.000000,2.204260,global_primary_retrieved,0,not_selected,pmid-40991650:CH0009;pmid-40991650:CH0064;pmid-40991650:CH0057
SUB007,19,pmid-37101291,37101291,PMC10131374,10.1186/s13073-023-01181-8,"Multiple PIK3CA mutation clonality correlates with outcomes in taselisib + fulvestrant-treated ER+/HER2-, PIK3CA-mutated breast cancers.",pmc_xml,0.037609,107.020644,1.441275,global_primary_retrieved,0,not_selected,pmid-37101291:CH0028;pmid-37101291:CH0027;pmid-37101291:CH0026
SUB007,20,pmid-40113784,40113784,PMC11926384,10.1038/s41392-025-02180-4,Targeting PI3K inhibitor resistance in breast cancer with metabolic drugs.,pmc_xml,0.035159,97.062709,0.690596,primary_for_subsection,1,stage4_primary_force_included,pmid-40113784:CH0001;pmid-40113784:CH0005
SUB007,21,pmid-37044095,37044095,PMC10140479,10.1016/j.xcrm.2023.101002,N-acetylcysteine overcomes NF1 loss-driven resistance to PI3Kα inhibition in breast cancer.,pmc_xml,0.032346,0.000000,0.722981,primary_for_subsection,1,stage4_primary_force_included,pmid-37044095:CH0007
SUB007,22,pmid-37553597,37553597,PMC10408073,10.1186/s12885-023-11243-0,BYL719 reverses gefitinib-resistance induced by PI3K/AKT activation in non-small cell lung cancer cells.,pmc_xml,0.032010,304.200854,0.000000,global_primary_retrieved,0,not_selected,pmid-37553597:CH0033;pmid-37553597:CH0008;pmid-37553597:CH0001
SUB007,23,pmid-37348428,37348428,PMC10314290,10.1016/j.neo.2023.100913,P110α inhibitor alpelisib exhibits a synergistic effect with pyrotinib and reverses pyrotinib resistant in HER2+ breast cancer.,pmc_xml,0.031851,306.074154,0.000000,global_primary_retrieved,0,not_selected,pmid-37348428:CH0007;pmid-37348428:CH0002;pmid-37348428:CH0037
SUB007,24,pmid-29895527,29895527,PMC7439002,10.1530/ERC-18-0159,The role of GSK3 and its reversal with GSK3 antagonism in everolimus resistance.,pmc_xml,0.029259,0.000000,0.699266,primary_for_subsection,1,stage4_primary_force_included,pmid-29895527:CH0051
SUB007,25,pmid-40510030,40510030,PMC12159599,10.20517/cdr.2024.181,FGFR1 overexpression promotes resistance to PI3K inhibitor alpelisib in luminal breast cancer cells through receptor tyrosine kinase signaling-mediated activation of the estrogen receptor.,pmc_xml,0.028065,0.000000,0.691787,primary_for_subsection,1,stage4_primary_force_included,pmid-40510030:CH0006
SUB007,26,pmid-32782489,32782489,PMC7388095,10.1177/1758835920940939,Targeting the PI3K/Akt/mTOR pathway in estrogen-receptor positive HER2 negative advanced breast cancer.,pmc_xml,0.026365,199.449895,0.688794,context_for_subsection,0,not_selected,pmid-32782489:CH0015;pmid-32782489:CH0034;pmid-32782489:CH0020
SUB007,27,pmid-32252811,32252811,PMC7137211,10.1186/s13058-020-01271-0,Everolimus versus alpelisib in advanced hormone receptor-positive HER2-negative breast cancer: targeting different nodes of the PI3K/AKT/mTORC1 pathway with different clinical implications.,pmc_xml,0.024923,197.817286,0.688507,context_for_subsection,0,not_selected,pmid-32252811:CH0017;pmid-32252811:CH0061
SUB007,28,pmid-35968355,35968355,PMC9360227,,PI3K inhibitors in trastuzumab-resistant HER2-positive breast cancer cells with PI3K pathway alterations.,pdf,0.023327,194.544692,0.693012,context_for_subsection,0,not_selected,pmid-35968355:CH0005;pmid-35968355:CH0001;pmid-35968355:CH0025
SUB007,29,pmid-34020697,34020697,PMC8139055,10.1186/s13058-021-01433-8,Analysis of genomic and non-genomic signaling of estrogen receptor in PDX models of breast cancer treated with a combination of the PI3K inhibitor alpelisib (BYL719) and fulvestrant.,pmc_xml,0.021368,204.209493,0.000000,global_primary_retrieved,0,not_selected,pmid-34020697:CH0006;pmid-34020697:CH0005
SUB007,30,pmid-30588709,30588709,PMC6398875,10.1111/cas.13923,"Phase I study of alpelisib (BYL719), an α-specific PI3K inhibitor, in Japanese patients with advanced solid tumors.",pmc_xml,0.016808,97.615696,0.698868,global_primary_retrieved,0,not_selected,pmid-30588709:CH0003
SUB007,31,pmid-28382169,28382169,PMC5381259,10.7150/thno.17830,Integration of Receptor Tyrosine Kinases Determines Sensitivity to PI3Kα-selective Inhibitors in Breast Cancer.,pmc_xml,0.016701,0.000000,1.388362,context_for_subsection,0,not_selected,pmid-28382169:CH0040;pmid-28382169:CH0008
SUB007,32,pmid-24249715,24249715,PMC3902650,10.1158/1535-7163.MCT-13-0518,Enhanced PI3K p110α signaling confers acquired lapatinib resistance that can be effectively reversed by a p110α-selective PI3K inhibitor.,pmc_xml,0.016681,97.891788,0.697891,global_primary_retrieved,0,not_selected,pmid-24249715:CH0042;pmid-24249715:CH0002
SUB007,33,pmid-41976378,41976378,PMC13072385,10.3390/cancers18071156,"Impact of Time of Administration, Fasting, and a Low-Carbohydrate Diet on Alpelisib-Associated Hyperglycemia and Efficacy: A Pilot Randomized Controlled Phase IIb Trial.",pmc_xml,0.015873,110.954206,0.000000,global_primary_retrieved,0,not_selected,pmid-41976378:CH0022
SUB007,34,pmid-39236276,39236276,PMC11575912,10.1200/JCO.24.00110,"Phase I/Ib Trial of Inavolisib Plus Palbociclib and Endocrine Therapy for PIK3CA-Mutated, Hormone Receptor-Positive, Human Epidermal Growth Factor Receptor 2-Negative Advanced or Metastatic Breast Cancer.",pmc_xml,0.015690,96.427093,0.695422,global_primary_retrieved,0,not_selected,pmid-39236276:CH0005
SUB007,35,pmid-39539943,39539943,PMC11558728,10.1177/17588359241297101,Elacestrant plus alpelisib in an ESR1 and PIK3CA co-mutated and heavily pretreated metastatic breast cancer: the first case report for combination efficacy and safety.,pmc_xml,0.011236,102.322070,0.000000,global_primary_retrieved,0,not_selected,pmid-39539943:CH0006
SUB007,36,pmid-39217059,39217059,PMC11840667,10.1016/j.clbc.2024.08.001,A Phase I Trial of Alpelisib Combined With Capecitabine in Patients With HER2-Negative Metastatic Breast Cancer.,pmc_xml,0.010000,100.233051,0.000000,global_primary_retrieved,0,not_selected,pmid-39217059:CH0025
SUB007,37,pmid-35178031,35178031,PMC8843667,10.3389/fendo.2022.802612,"Alpelisib-Induced Diabetes Mellitus: Case Report, Pharmacodynamics and Management Considerations.",pmc_xml,0.008772,99.272783,0.000000,global_primary_retrieved,0,not_selected,pmid-35178031:CH0028
SUB007,38,pmid-39469631,39469631,PMC11514072,10.3389/fphar.2024.1443422,Effects of BYL-719 (alpelisib) on human breast cancer stem cells to overcome drug resistance in human breast cancer.,pmc_xml,0.008696,0.000000,0.696027,context_for_subsection,0,not_selected,pmid-39469631:CH0041
SUB007,39,pmid-39935426,39935426,PMC11810462,10.20517/cdr.2024.169,Optimizing therapeutic approaches for HR+/HER2- advanced breast cancer: clinical perspectives on biomarkers and treatment strategies post-CDK4/6 inhibitor progression.,pmc_xml,0.008621,98.852246,0.000000,global_primary_retrieved,0,not_selected,pmid-39935426:CH0019
SUB007,40,pmid-33947692,33947692,PMC8282678,10.1158/1078-0432.CCR-21-0047,A Phase I Study of Alpelisib in Combination with Trastuzumab and LJM716 in Patients with PIK3CA-Mutated HER2-Positive Metastatic Breast Cancer.,pmc_xml,0.008264,98.615940,0.000000,global_primary_retrieved,0,not_selected,pmid-33947692:CH0034
SUB007,41,pmid-33190190,33190190,PMC7854469,10.1007/s12325-020-01552-2,"Clinical Challenges in the Management of Hormone Receptor-Positive, Human Epidermal Growth Factor Receptor 2-Negative Metastatic Breast Cancer: A Literature Review.",pmc_xml,0.008065,98.499050,0.000000,global_primary_retrieved,0,not_selected,pmid-33190190:CH0048
SUB007,42,pmid-33575071,33575071,PMC7646628,10.6004/jadpro.2020.11.7.9,Alpelisib: A Novel Therapy for Patients With PIK3CA-Mutated Metastatic Breast Cancer.,pmc_xml,0.007692,97.760561,0.000000,global_primary_retrieved,0,not_selected,pmid-33575071:CH0035
SUB007,43,pmid-34067117,34067117,PMC8125641,10.3390/cancers13092250,IGF2 Mediates Resistance to Isoform-Selective-Inhibitors of the PI3K in HPV Positive Head and Neck Cancer.,pmc_xml,0.007353,97.048599,0.000000,global_primary_retrieved,0,not_selected,pmid-34067117:CH0025
SUB008,1,pmid-28382169,28382169,PMC5381259,10.7150/thno.17830,Integration of Receptor Tyrosine Kinases Determines Sensitivity to PI3Kα-selective Inhibitors in Breast Cancer.,pmc_xml,0.101679,355.428488,2.172246,primary_for_subsection,1,top_ranked,pmid-28382169:CH0020;pmid-28382169:CH0036;pmid-28382169:CH0008
SUB008,2,pmid-27048245,27048245,PMC4820873,10.1186/s13058-016-0697-1,Activation of IGF1R/p110β/AKT/mTOR confers resistance to α-specific PI3K inhibition.,pmc_xml,0.094104,330.860596,2.173842,primary_for_subsection,1,top_ranked,pmid-27048245:CH0041;pmid-27048245:CH0001;pmid-27048245:CH0044
SUB008,3,pmid-37501404,37501404,PMC10701778,10.1002/1878-0261.13500,Activation of the EGFR/PI3K/AKT pathway limits the efficacy of trametinib treatment in head and neck cancer.,pmc_xml,0.066196,346.750692,0.692757,primary_for_subsection,1,top_ranked,pmid-37501404:CH0035;pmid-37501404:CH0036;pmid-37501404:CH0005
SUB008,4,pmid-24263233,24263233,PMC3849569,10.1038/emm.2013.115,Phosphoproteomic analysis identifies activated MET-axis PI3K/AKT and MAPK/ERK in lapatinib-resistant cancer cell line.,pmc_xml,0.063966,366.384721,0.000000,primary_for_subsection,1,top_ranked,pmid-24263233:CH0018;pmid-24263233:CH0016;pmid-24263233:CH0014
SUB008,5,pmid-40510030,40510030,PMC12159599,10.20517/cdr.2024.181,FGFR1 overexpression promotes resistance to PI3K inhibitor alpelisib in luminal breast cancer cells through receptor tyrosine kinase signaling-mediated activation of the estrogen receptor.,pmc_xml,0.063727,218.076510,1.411708,primary_for_subsection,1,top_ranked,pmid-40510030:CH0006;pmid-40510030:CH0004;pmid-40510030:CH0043
SUB008,6,pmid-33947692,33947692,PMC8282678,10.1158/1078-0432.CCR-21-0047,A Phase I Study of Alpelisib in Combination with Trastuzumab and LJM716 in Patients with PIK3CA-Mutated HER2-Positive Metastatic Breast Cancer.,pmc_xml,0.055842,233.076761,0.694941,primary_for_subsection,1,top_ranked,pmid-33947692:CH0034;pmid-33947692:CH0023;pmid-33947692:CH0007
SUB008,7,pmid-29231907,29231907,PMC5742817,10.3390/cancers9120169,Activated HGF-c-Met Axis in Head and Neck Cancer.,pmc_xml,0.054763,331.161405,0.000000,primary_for_subsection,1,top_ranked,pmid-29231907:CH0042;pmid-29231907:CH0002;pmid-29231907:CH0011
SUB008,8,pmid-39469631,39469631,PMC11514072,10.3389/fphar.2024.1443422,Effects of BYL-719 (alpelisib) on human breast cancer stem cells to overcome drug resistance in human breast cancer.,pmc_xml,0.051630,321.911220,0.000000,primary_for_subsection,1,top_ranked,pmid-39469631:CH0023;pmid-39469631:CH0003;pmid-39469631:CH0022
SUB008,9,pmid-37101291,37101291,PMC10131374,10.1186/s13073-023-01181-8,"Multiple PIK3CA mutation clonality correlates with outcomes in taselisib + fulvestrant-treated ER+/HER2-, PIK3CA-mutated breast cancers.",pmc_xml,0.048163,220.926929,1.439489,global_primary_retrieved,1,top_ranked,pmid-37101291:CH0026;pmid-37101291:CH0027
SUB008,10,pmid-33059733,33059733,PMC7559997,10.1186/s13046-020-01713-9,TAM family receptors in conjunction with MAPK signalling are involved in acquired resistance to PI3Kα inhibition in head and neck squamous cell carcinoma.,pmc_xml,0.046830,99.554117,2.159620,context_for_subsection,1,top_ranked,pmid-33059733:CH0052;pmid-33059733:CH0008;pmid-33059733:CH0007
SUB008,11,pmid-24249715,24249715,PMC3902650,10.1158/1535-7163.MCT-13-0518,Enhanced PI3K p110α signaling confers acquired lapatinib resistance that can be effectively reversed by a p110α-selective PI3K inhibitor.,pmc_xml,0.045648,202.716961,0.694280,primary_for_subsection,1,stage4_primary_force_included,pmid-24249715:CH0004;pmid-24249715:CH0042;pmid-24249715:CH0041
SUB008,12,pmid-37553597,37553597,PMC10408073,10.1186/s12885-023-11243-0,BYL719 reverses gefitinib-resistance induced by PI3K/AKT activation in non-small cell lung cancer cells.,pmc_xml,0.045444,103.129861,1.382860,primary_for_subsection,1,stage4_primary_force_included,pmid-37553597:CH0001;pmid-37553597:CH0009;pmid-37553597:CH0034
SUB008,13,pmid-27604488,27604488,PMC5050154,10.1158/2159-8290.CD-16-0305,Systematic Functional Characterization of Resistance to PI3K Inhibition in Breast Cancer.,pmc_xml,0.040782,0.000000,2.173353,global_primary_retrieved,0,not_selected,pmid-27604488:CH0054;pmid-27604488:CH0005;pmid-27604488:CH0055
SUB008,14,pmid-25873175,25873175,PMC4398915,10.1016/j.ccell.2015.03.010,AXL mediates resistance to PI3Kα inhibition by activating the EGFR/PKC/mTOR axis in head and neck and esophageal squamous cell carcinomas.,pmc_xml,0.038696,102.027814,0.701515,primary_for_subsection,1,stage4_primary_force_included,pmid-25873175:CH0001;pmid-25873175:CH0038
SUB008,15,pmid-34552006,34552006,,10.1158/1535-7163.MCT-20-0981,Phosphoproteomics Identifies PI3K Inhibitor-selective Adaptive Responses in Pancreatic Cancer Cell Therapy and Resistance.,pdf,0.038655,0.000000,2.167228,global_primary_retrieved,0,not_selected,pmid-34552006:CH0037;pmid-34552006:CH0006;pmid-34552006:CH0040
SUB008,16,pmid-42445743,42445743,PMC13361340,10.2147/DDDT.S611371,Precision Endocrine-Based Combinations After CDK4/6 Inhibitor Progression in HR-Positive Metastatic Breast Cancer.,pmc_xml,0.038211,104.792809,2.092819,context_for_subsection,0,not_selected,pmid-42445743:CH0014;pmid-42445743:CH0015;pmid-42445743:CH0010
SUB008,17,pmid-37339176,37339176,PMC10543974,10.1158/0008-5472.CAN-23-0282,Tipifarnib Potentiates the Antitumor Effects of PI3Kα Inhibition in PIK3CA- and HRAS-Dysregulated HNSCC via Convergent Inhibition of mTOR Activity.,pmc_xml,0.037898,312.612603,0.700513,global_primary_retrieved,0,not_selected,pmid-37339176:CH0036;pmid-37339176:CH0035;pmid-37339176:CH0011
SUB008,18,pmid-31859350,31859350,PMC6923785,10.1093/annonc/mdz280,Biomarkers of response and resistance to PI3K inhibitors in estrogen receptor-positive breast cancer patients and combination therapies involving PI3K inhibitors.,pmc_xml,0.034177,0.000000,2.138260,context_for_subsection,0,not_selected,pmid-31859350:CH0012;pmid-31859350:CH0001;pmid-31859350:CH0040
SUB008,19,pmid-35968355,35968355,PMC9360227,,PI3K inhibitors in trastuzumab-resistant HER2-positive breast cancer cells with PI3K pathway alterations.,pdf,0.031765,0.000000,0.713051,primary_for_subsection,1,stage4_primary_force_included,pmid-35968355:CH0005
SUB008,20,pmid-39920872,39920872,PMC11806886,10.1186/s40170-025-00375-5,CD36 inhibition enhances the anti-proliferative effects of PI3K inhibitors in PTEN-loss anti-HER2 resistant breast cancer cells.,pmc_xml,0.030870,0.000000,0.705659,primary_for_subsection,1,stage4_primary_force_included,pmid-39920872:CH0001
SUB008,21,pmid-33024087,33024087,PMC7538592,10.1038/s41419-020-03037-0,CD44/HA signaling mediates acquired resistance to a PI3Kα inhibitor.,pmc_xml,0.030378,98.385782,1.426895,context_for_subsection,0,not_selected,pmid-33024087:CH0062;pmid-33024087:CH0004
SUB008,22,pmid-37916958,37916958,PMC10850944,10.1158/2159-8290.CD-23-0704,Allosteric PI3Kα Inhibition Overcomes On-target Resistance to Orthosteric Inhibitors Mediated by Secondary PIK3CA Mutations.,pmc_xml,0.029298,0.000000,2.103616,global_primary_retrieved,0,not_selected,pmid-37916958:CH0033;pmid-37916958:CH0038;pmid-37916958:CH0002
SUB008,23,pmid-34067117,34067117,PMC8125641,10.3390/cancers13092250,IGF2 Mediates Resistance to Isoform-Selective-Inhibitors of the PI3K in HPV Positive Head and Neck Cancer.,pmc_xml,0.027798,309.336690,0.000000,context_for_subsection,0,not_selected,pmid-34067117:CH0024;pmid-34067117:CH0002;pmid-34067117:CH0030
SUB008,24,pmid-25877889,25877889,PMC4433148,10.1126/scitranslmed.aaa4442,PI3K inhibition results in enhanced estrogen receptor function and dependence in hormone receptor-positive breast cancer.,pmc_xml,0.021900,0.000000,1.415316,global_primary_retrieved,0,not_selected,pmid-25877889:CH0005;pmid-25877889:CH0006
SUB008,25,pmid-36913051,36913051,PMC10147754,10.1007/s10549-023-06895-2,"Antitumor activity of the PI3K δ-sparing inhibitor MEN1611 in PIK3CA mutated, trastuzumab-resistant HER2 + breast cancer.",pmc_xml,0.020000,0.000000,0.000000,primary_for_subsection,1,stage4_primary_recall_added_no_query_hit,pmid-36913051:CH0001;pmid-36913051:CH0002;pmid-36913051:CH0003
SUB008,26,pmid-37348428,37348428,PMC10314290,10.1016/j.neo.2023.100913,P110α inhibitor alpelisib exhibits a synergistic effect with pyrotinib and reverses pyrotinib resistant in HER2+ breast cancer.,pmc_xml,0.020000,0.000000,0.000000,primary_for_subsection,1,stage4_primary_recall_added_no_query_hit,pmid-37348428:CH0001;pmid-37348428:CH0002;pmid-37348428:CH0003
SUB008,27,pmid-40991650,40991650,PMC12618074,10.1172/JCI180927,USP10/GSK3β-mediated inhibition of PTEN drives resistance to PI3K inhibitors in breast cancer.,pmc_xml,0.019887,0.000000,1.403969,global_primary_retrieved,0,not_selected,pmid-40991650:CH0009;pmid-40991650:CH0064
SUB008,28,pmid-42351448,42351448,PMC13298351,10.3390/diagnostics16121790,"Post-CDK4/6 Inhibitor Therapeutic Approaches in Hormone Receptor-Positive, HER2-Negative Metastatic Breast Cancer: Current Evidence and Emerging Strategies-A Narrative Review.",pmc_xml,0.019879,210.212047,0.000000,context_for_subsection,0,not_selected,pmid-42351448:CH0041;pmid-42351448:CH0018
SUB008,29,pmid-35075945,35075945,PMC8793384,10.1177/15347354211073163,Management of Phosphatidylinositol-3-Kinase Inhibitor-Associated Hyperglycemia.,pmc_xml,0.019638,209.205516,0.000000,global_primary_retrieved,0,not_selected,pmid-35075945:CH0003;pmid-35075945:CH0036
SUB008,30,pmid-33575071,33575071,PMC7646628,10.6004/jadpro.2020.11.7.9,Alpelisib: A Novel Therapy for Patients With PIK3CA-Mutated Metastatic Breast Cancer.,pmc_xml,0.019116,207.759640,0.000000,context_for_subsection,0,not_selected,pmid-33575071:CH0035;pmid-33575071:CH0028
SUB008,31,pmid-32864625,32864625,PMC7450824,10.1038/s43018-020-0047-1,Alterations in PTEN and ESR1 promote clinical resistance to alpelisib plus aromatase inhibitors.,pmc_xml,0.018379,0.000000,1.391740,global_primary_retrieved,0,not_selected,pmid-32864625:CH0004;pmid-32864625:CH0035
SUB008,32,pmid-23903756,23903756,PMC3935768,10.1126/scitranslmed.3005747,mTORC1 inhibition is required for sensitivity to PI3K p110α inhibitors in PIK3CA-mutant breast cancer.,pmc_xml,0.018130,0.000000,1.393974,global_primary_retrieved,0,not_selected,pmid-23903756:CH0001;pmid-23903756:CH0002
SUB008,33,pmid-42074235,42074235,PMC13116710,10.3390/ijms27083597,SGLT2 Inhibitor Dapagliflozin Attenuates Cardiomyocyte Injury and Inflammation Induced by PI3Kα-Selective Inhibitor Alpelisib and Fulvestrant Under Hyperglycemia.,pmc_xml,0.017008,103.598772,0.685656,context_for_subsection,0,not_selected,pmid-42074235:CH0040;pmid-42074235:CH0007
SUB008,34,pmid-33036331,33036331,PMC7601167,10.3390/jcm9103214,CDK 4/6 Inhibition Overcomes Acquired and Inherent Resistance to PI3Kα Inhibition in Pre-Clinical Models of Head and Neck Squamous Cell Carcinoma.,pmc_xml,0.014286,0.000000,0.730092,global_primary_retrieved,0,not_selected,pmid-33036331:CH0020
SUB008,35,pmid-39935426,39935426,PMC11810462,10.20517/cdr.2024.169,Optimizing therapeutic approaches for HR+/HER2- advanced breast cancer: clinical perspectives on biomarkers and treatment strategies post-CDK4/6 inhibitor progression.,pmc_xml,0.011765,110.625172,0.000000,global_primary_retrieved,0,not_selected,pmid-39935426:CH0019
SUB008,36,pmid-33976551,33976551,PMC8104980,10.2147/OTT.S298720,"Advances in Therapy for Hormone Receptor (HR)-Positive, Human Epidermal Growth Factor Receptor 2 (HER2)-Negative Advanced Breast Cancer Patients Who Have Experienced Progression After Treatment with CDK4/6 Inhibitors.",pmc_xml,0.010753,107.227557,0.000000,context_for_subsection,0,not_selected,pmid-33976551:CH0030
SUB008,37,pmid-37743730,37743730,PMC10863751,10.1002/cncr.34928,"Incidence, risk factors, and management of alpelisib-associated hyperglycemia in metastatic breast cancer.",pmc_xml,0.010309,106.238724,0.000000,global_primary_retrieved,0,not_selected,pmid-37743730:CH0037
SUB008,38,pmid-37044095,37044095,PMC10140479,10.1016/j.xcrm.2023.101002,N-acetylcysteine overcomes NF1 loss-driven resistance to PI3Kα inhibition in breast cancer.,pmc_xml,0.010101,0.000000,0.702363,global_primary_retrieved,0,not_selected,pmid-37044095:CH0007
SUB008,39,pmid-36321996,36321996,PMC10011882,10.1158/1078-0432.CCR-22-2115,Biology and Targetability of the Extended Spectrum of PIK3CA Mutations Detected in Breast Carcinoma.,pmc_xml,0.009615,0.000000,0.700035,global_primary_retrieved,0,not_selected,pmid-36321996:CH0048
SUB008,40,pmid-37623743,37623743,PMC10618743,10.1158/2159-8290.CD-23-0396,"STX-478, a Mutant-Selective, Allosteric PI3Kα Inhibitor Spares Metabolic Dysfunction and Improves Therapeutic Response in PI3Kα-Mutant Xenografts.",pmc_xml,0.009259,103.130543,0.000000,global_primary_retrieved,0,not_selected,pmid-37623743:CH0006
SUB008,41,pmid-30588709,30588709,PMC6398875,10.1111/cas.13923,"Phase I study of alpelisib (BYL719), an α-specific PI3K inhibitor, in Japanese patients with advanced solid tumors.",pmc_xml,0.009259,0.000000,0.698531,global_primary_retrieved,0,not_selected,pmid-30588709:CH0004
SUB008,42,pmid-32782489,32782489,PMC7388095,10.1177/1758835920940939,Targeting the PI3K/Akt/mTOR pathway in estrogen-receptor positive HER2 negative advanced breast cancer.,pmc_xml,0.009174,0.000000,0.698067,context_for_subsection,0,not_selected,pmid-32782489:CH0010
SUB008,43,pmid-40454641,40454641,PMC13496148,10.1056/NEJMoa2501796,Overall Survival with Inavolisib in PIK3CA-Mutated Advanced Breast Cancer.,pmc_xml,0.009009,0.000000,0.696960,global_primary_retrieved,0,not_selected,pmid-40454641:CH0006
SUB008,44,pmid-33190190,33190190,PMC7854469,10.1007/s12325-020-01552-2,"Clinical Challenges in the Management of Hormone Receptor-Positive, Human Epidermal Growth Factor Receptor 2-Negative Metastatic Breast Cancer: A Literature Review.",pmc_xml,0.008403,101.501346,0.000000,context_for_subsection,0,not_selected,pmid-33190190:CH0048
SUB008,45,pmid-35181669,35181669,PMC8857304,10.1038/s41523-022-00382-5,PIK3CA co-occurring mutations and copy-number gain in hormone receptor positive and HER2 negative breast cancer.,pmc_xml,0.008197,100.501294,0.000000,global_primary_retrieved,0,not_selected,pmid-35181669:CH0025
SUB008,46,pmid-27126994,27126994,PMC5085926,10.1158/1078-0432.CCR-16-0134,"A Phase Ib Study of Alpelisib (BYL719), a PI3Kα-Specific Inhibitor, with Letrozole in ER+/HER2- Metastatic Breast Cancer.",pmc_xml,0.008197,0.000000,0.692332,global_primary_retrieved,0,not_selected,pmid-27126994:CH0029
SUB008,47,pmid-39070139,39070139,PMC11272611,10.3389/fonc.2024.1390452,"Phase Ib and pharmacokinetics study of alpelisib, a PIK3CA inhibitor, and capecitabine in patients with advanced solid tumors.",pmc_xml,0.008000,99.708268,0.000000,global_primary_retrieved,0,not_selected,pmid-39070139:CH0027
SUB008,48,pmid-40113784,40113784,PMC11926384,10.1038/s41392-025-02180-4,Targeting PI3K inhibitor resistance in breast cancer with metabolic drugs.,pmc_xml,0.007812,0.000000,0.689566,context_for_subsection,0,not_selected,pmid-40113784:CH0001
SUB008,49,pmid-39236276,39236276,PMC11575912,10.1200/JCO.24.00110,"Phase I/Ib Trial of Inavolisib Plus Palbociclib and Endocrine Therapy for PIK3CA-Mutated, Hormone Receptor-Positive, Human Epidermal Growth Factor Receptor 2-Negative Advanced or Metastatic Breast Cancer.",pmc_xml,0.007519,0.000000,0.686516,global_primary_retrieved,0,not_selected,pmid-39236276:CH0005
SUB008,50,pmid-39839709,39839709,PMC11748133,10.1093/pcmedi/pbae034,"Cell-free tumor DNA analysis in advanced or metastatic breast cancer patients: mutation frequencies, testing intention, and clinical impact.",pmc_xml,0.007463,98.874718,0.000000,global_primary_retrieved,0,not_selected,pmid-39839709:CH0028
SUB008,51,pmid-36428975,36428975,PMC9688837,10.3390/cells11223545,Analytical Performance of Next-Generation Sequencing and RT-PCR on Formalin-Fixed Paraffin-Embedded Tumor Tissues for PIK3CA Testing in HR+/HER2- Breast Cancer.,pmc_xml,0.007407,98.836910,0.000000,global_primary_retrieved,0,not_selected,pmid-36428975:CH0012
SUB009,1,pmid-32817061,32817061,PMC7437706,10.1136/esmoopen-2020-000890,PIK3CA mutation inhibition in hormone receptor-positive breast cancer: time has come.,pmc_xml,0.074089,256.583512,2.412683,context_for_subsection,1,top_ranked,pmid-32817061:CH0002;pmid-32817061:CH0007;pmid-32817061:CH0012
SUB009,2,pmid-41620612,41620612,PMC12964663,10.1186/s13058-025-02152-0,Sequential use of PI3K/AKT/mTOR pathway inhibitors alpelisib and everolimus in patients with hormone receptor-positive metastatic breast cancer.,pmc_xml,0.072109,380.245125,0.769584,primary_for_subsection,1,top_ranked,pmid-41620612:CH0030;pmid-41620612:CH0008;pmid-41620612:CH0029
SUB009,3,pmid-42445743,42445743,PMC13361340,10.2147/DDDT.S611371,Precision Endocrine-Based Combinations After CDK4/6 Inhibitor Progression in HR-Positive Metastatic Breast Cancer.,pmc_xml,0.068491,238.705537,1.581383,primary_for_subsection,1,top_ranked,pmid-42445743:CH0039;pmid-42445743:CH0037;pmid-42445743:CH0020
SUB009,4,pmid-35348782,35348782,PMC8963159,10.1093/oncolo/oyac011,Alpelisib Plus Fulvestrant or Letrozole Demonstrates Sustained Benefits Across Subgroups of Patients with PIK3CA-Mutated HR+/HER2- Advanced Breast Cancer.,pmc_xml,0.065423,352.908722,0.774271,primary_for_subsection,1,top_ranked,pmid-35348782:CH0008;pmid-35348782:CH0003;pmid-35348782:CH0005
SUB009,5,pmid-41925922,41925922,PMC13046609,10.1007/s10549-026-07939-z,Alpelisib and Fulvestrant in PIK3CA-mutated hormone receptor-positive HER2-negative advanced breast cancer included in the German PRAEGNANT trial.,pmc_xml,0.064619,237.209684,1.552398,primary_for_subsection,1,top_ranked,pmid-41925922:CH0001;pmid-41925922:CH0006;pmid-41925922:CH0018
SUB009,6,pmid-32864625,32864625,PMC7450824,10.1038/s43018-020-0047-1,Alterations in PTEN and ESR1 promote clinical resistance to alpelisib plus aromatase inhibitors.,pmc_xml,0.060426,0.000000,2.398931,primary_for_subsection,1,top_ranked,pmid-32864625:CH0032;pmid-32864625:CH0005;pmid-32864625:CH0001
SUB009,7,pmid-41079023,41079023,PMC12514518,10.1016/j.eclinm.2025.103535,Efficacy and safety of systemic therapies following progression on CDK4/6 inhibitors in patients with HR+/HER2- metastatic breast cancer: a systematic review and network meta-analysis.,pmc_xml,0.060250,261.375484,0.781108,primary_for_subsection,1,top_ranked,pmid-41079023:CH0051;pmid-41079023:CH0052;pmid-41079023:CH0054
SUB009,8,pmid-33976551,33976551,PMC8104980,10.2147/OTT.S298720,"Advances in Therapy for Hormone Receptor (HR)-Positive, Human Epidermal Growth Factor Receptor 2 (HER2)-Negative Advanced Breast Cancer Patients Who Have Experienced Progression After Treatment with CDK4/6 Inhibitors.",pmc_xml,0.059613,221.512465,1.556825,primary_for_subsection,1,top_ranked,pmid-33976551:CH0009;pmid-33976551:CH0007;pmid-33976551:CH0001
SUB009,9,pmid-42351448,42351448,PMC13298351,10.3390/diagnostics16121790,"Post-CDK4/6 Inhibitor Therapeutic Approaches in Hormone Receptor-Positive, HER2-Negative Metastatic Breast Cancer: Current Evidence and Emerging Strategies-A Narrative Review.",pmc_xml,0.059260,238.604555,0.796690,primary_for_subsection,1,top_ranked,pmid-42351448:CH0010;pmid-42351448:CH0004;pmid-42351448:CH0015
SUB009,10,pmid-41681940,41681940,PMC12896634,10.3390/cancers18030468,Comparison Between Alpelisib Plus Endocrine Therapy and Everolimus Plus Endocrine Therapy After CDK4/6 Inhibitors Progression in Patients with PIK3CA-Mutant Metastatic Breast Cancer: A Single-Center Retrospective Study.,pmc_xml,0.057323,118.823202,2.307484,primary_for_subsection,1,top_ranked,pmid-41681940:CH0008;pmid-41681940:CH0006;pmid-41681940:CH0001
SUB009,11,pmid-33575071,33575071,PMC7646628,10.6004/jadpro.2020.11.7.9,Alpelisib: A Novel Therapy for Patients With PIK3CA-Mutated Metastatic Breast Cancer.,pmc_xml,0.056264,345.876334,1.565938,context_for_subsection,0,not_selected,pmid-33575071:CH0013;pmid-33575071:CH0030;pmid-33575071:CH0028
SUB009,12,pmid-32782489,32782489,PMC7388095,10.1177/1758835920940939,Targeting the PI3K/Akt/mTOR pathway in estrogen-receptor positive HER2 negative advanced breast cancer.,pmc_xml,0.055464,111.318650,1.592963,primary_for_subsection,1,stage4_primary_force_included,pmid-32782489:CH0026;pmid-32782489:CH0005;pmid-32782489:CH0027
SUB009,13,pmid-33190190,33190190,PMC7854469,10.1007/s12325-020-01552-2,"Clinical Challenges in the Management of Hormone Receptor-Positive, Human Epidermal Growth Factor Receptor 2-Negative Metastatic Breast Cancer: A Literature Review.",pmc_xml,0.051228,105.164385,1.575854,primary_for_subsection,1,stage4_primary_force_included,pmid-33190190:CH0057;pmid-33190190:CH0074;pmid-33190190:CH0093
SUB009,14,pmid-33168657,33168657,PMC8535764,10.1158/1078-0432.CCR-20-3652,"FDA Approval Summary: Alpelisib Plus Fulvestrant for Patients with HR-positive, HER2-negative, PIK3CA-mutated, Advanced or Metastatic Breast Cancer.",pmc_xml,0.051053,0.000000,2.337488,primary_for_subsection,1,stage4_primary_force_included,pmid-33168657:CH0033;pmid-33168657:CH0034;pmid-33168657:CH0031
SUB009,15,pmid-33909934,33909934,PMC8265362,10.1002/onco.13804,"Effectiveness of Alpelisib + Fulvestrant Compared with Real-World Standard Treatment Among Patients with HR+, HER2-, PIK3CA-Mutated Breast Cancer.",pmc_xml,0.050928,0.000000,2.338267,primary_for_subsection,1,stage4_primary_force_included,pmid-33909934:CH0004;pmid-33909934:CH0006;pmid-33909934:CH0040
SUB009,16,pmid-31852484,31852484,PMC6921513,10.1186/s13058-019-1230-0,Elacestrant (RAD1901) exhibits anti-tumor activity in multiple ER+ breast cancer models resistant to CDK4/6 inhibitors.,pmc_xml,0.050366,253.594161,0.000000,primary_for_subsection,1,stage4_primary_force_included,pmid-31852484:CH0001;pmid-31852484:CH0007
SUB009,17,pmid-40454641,40454641,PMC13496148,10.1056/NEJMoa2501796,Overall Survival with Inavolisib in PIK3CA-Mutated Advanced Breast Cancer.,pmc_xml,0.050129,222.951680,0.780181,primary_for_subsection,1,stage4_primary_force_included,pmid-40454641:CH0007;pmid-40454641:CH0031;pmid-40454641:CH0037
SUB009,18,pmid-34012367,34012367,PMC8114069,10.1159/000514794,First Experiences with Alpelisib in Clinical Routine: Case Reports from a German Breast Center.,pdf,0.049289,111.801314,2.380182,global_primary_retrieved,0,not_selected,pmid-34012367:CH0007;pmid-34012367:CH0005;pmid-34012367:CH0006
SUB009,19,pmid-39539943,39539943,PMC11558728,10.1177/17588359241297101,Elacestrant plus alpelisib in an ESR1 and PIK3CA co-mutated and heavily pretreated metastatic breast cancer: the first case report for combination efficacy and safety.,pmc_xml,0.044379,356.098915,0.763171,global_primary_retrieved,0,not_selected,pmid-39539943:CH0006;pmid-39539943:CH0003;pmid-39539943:CH0004
SUB009,20,pmid-31859350,31859350,PMC6923785,10.1093/annonc/mdz280,Biomarkers of response and resistance to PI3K inhibitors in estrogen receptor-positive breast cancer patients and combination therapies involving PI3K inhibitors.,pmc_xml,0.043796,112.885912,0.792616,primary_for_subsection,1,stage4_primary_force_included,pmid-31859350:CH0001;pmid-31859350:CH0031
SUB009,21,pmid-39935426,39935426,PMC11810462,10.20517/cdr.2024.169,Optimizing therapeutic approaches for HR+/HER2- advanced breast cancer: clinical perspectives on biomarkers and treatment strategies post-CDK4/6 inhibitor progression.,pmc_xml,0.039569,221.967492,0.000000,primary_for_subsection,1,stage4_primary_force_included,pmid-39935426:CH0019;pmid-39935426:CH0004
SUB009,22,pmid-32252811,32252811,PMC7137211,10.1186/s13058-020-01271-0,Everolimus versus alpelisib in advanced hormone receptor-positive HER2-negative breast cancer: targeting different nodes of the PI3K/AKT/mTORC1 pathway with different clinical implications.,pmc_xml,0.037155,0.000000,1.542058,primary_for_subsection,1,stage4_primary_force_included,pmid-32252811:CH0002;pmid-32252811:CH0029
SUB009,23,pmid-36611120,36611120,,10.1038/s41388-022-02585-3,Alpelisib and fulvestrant in PIK3CA-mutated hormone receptor-positive HER2-negative advanced breast cancer included in the French early access program.,pdf,0.032912,229.366508,0.780499,global_primary_retrieved,0,not_selected,pmid-36611120:CH0005;pmid-36611120:CH0017
SUB009,24,pmid-39236276,39236276,PMC11575912,10.1200/JCO.24.00110,"Phase I/Ib Trial of Inavolisib Plus Palbociclib and Endocrine Therapy for PIK3CA-Mutated, Hormone Receptor-Positive, Human Epidermal Growth Factor Receptor 2-Negative Advanced or Metastatic Breast Cancer.",pmc_xml,0.031238,213.034692,0.807967,context_for_subsection,0,not_selected,pmid-39236276:CH0007;pmid-39236276:CH0030;pmid-39236276:CH0024
SUB009,25,pmid-34173298,34173298,PMC8262312,10.1002/onco.13873,Potential for Long-Term Disease Control with Alpelisib Plus Fulvestrant Spans Patient Subgroups in HR+ PIK3CA-Mutated Advanced Breast Cancer.,pdf,0.031130,119.202958,1.547768,global_primary_retrieved,0,not_selected,pmid-34173298:CH0002;pmid-34173298:CH0003
SUB009,26,pmid-33602685,33602685,PMC8282704,10.1158/1078-0432.CCR-20-4879,Clinical and Biomarker Results from Phase I/II Study of PI3K Inhibitor Alpelisib plus Nab-paclitaxel in HER2-Negative Metastatic Breast Cancer.,pmc_xml,0.030430,105.504659,1.577944,global_primary_retrieved,0,not_selected,pmid-33602685:CH0017;pmid-33602685:CH0018;pmid-33602685:CH0005
SUB009,27,pmid-36321996,36321996,PMC10011882,10.1158/1078-0432.CCR-22-2115,Biology and Targetability of the Extended Spectrum of PIK3CA Mutations Detected in Breast Carcinoma.,pmc_xml,0.030339,0.000000,2.334266,global_primary_retrieved,0,not_selected,pmid-36321996:CH0005;pmid-36321996:CH0001;pmid-36321996:CH0048
SUB009,28,pmid-33780274,33780274,PMC8210974,10.1200/JCO.20.01139,"Patient-Reported Outcomes in Patients With PIK3CA-Mutated Hormone Receptor-Positive, Human Epidermal Growth Factor Receptor 2-Negative Advanced Breast Cancer From SOLAR-1.",pmc_xml,0.029716,0.000000,2.330836,global_primary_retrieved,0,not_selected,pmid-33780274:CH0008;pmid-33780274:CH0001;pmid-33780274:CH0010
SUB009,29,pmid-33520003,33520003,PMC7829038,10.1007/s12254-021-00674-9,ASCO 2020: highlights in breast cancer.,pmc_xml,0.028696,0.000000,0.771264,primary_for_subsection,1,stage4_primary_force_included,pmid-33520003:CH0018
SUB009,30,pmid-27126994,27126994,PMC5085926,10.1158/1078-0432.CCR-16-0134,"A Phase Ib Study of Alpelisib (BYL719), a PI3Kα-Specific Inhibitor, with Letrozole in ER+/HER2- Metastatic Breast Cancer.",pmc_xml,0.028065,106.480156,0.000000,primary_for_subsection,1,stage4_primary_force_included,pmid-27126994:CH0032
SUB009,31,pmid-42074235,42074235,PMC13116710,10.3390/ijms27083597,SGLT2 Inhibitor Dapagliflozin Attenuates Cardiomyocyte Injury and Inflammation Induced by PI3Kα-Selective Inhibitor Alpelisib and Fulvestrant Under Hyperglycemia.,pmc_xml,0.027874,0.000000,0.768355,primary_for_subsection,1,stage4_primary_force_included,pmid-42074235:CH0001
SUB009,32,pmid-41976378,41976378,PMC13072385,10.3390/cancers18071156,"Impact of Time of Administration, Fasting, and a Low-Carbohydrate Diet on Alpelisib-Associated Hyperglycemia and Efficacy: A Pilot Randomized Controlled Phase IIb Trial.",pmc_xml,0.027576,105.366514,0.000000,primary_for_subsection,1,stage4_primary_force_included,pmid-41976378:CH0006
SUB009,33,pmid-39177931,39177931,PMC11452482,10.1007/s10549-024-07405-8,SGLT2 inhibition improves PI3Kα inhibitor-induced hyperglycemia: findings from preclinical animal models and from patients in the BYLieve and SOLAR-1 trials.,pmc_xml,0.021995,109.290047,0.790798,global_primary_retrieved,0,not_selected,pmid-39177931:CH0005
SUB009,34,pmid-39851969,39851969,PMC11763720,10.3390/curroncol32010053,Systematic Review and Network Meta-Analysis on Treating Hormone Receptor-Positive Metastatic Breast Cancer After CDK4/6 Inhibitors.,pmc_xml,0.020000,0.000000,0.000000,primary_for_subsection,1,stage4_primary_recall_added_no_query_hit,pmid-39851969:CH0001;pmid-39851969:CH0002;pmid-39851969:CH0003
SUB009,35,pmid-42202490,42202490,PMC13235453,10.1016/j.esmoop.2026.107735,"Safety analyses of the INAVO120 randomised phase III trial of inavolisib or placebo with palbociclib-fulvestrant in patients with PIK3CA-mutated, hormone receptor-positive, HER2-negative, endocrine-resistant advanced breast cancer.",pmc_xml,0.020000,0.000000,0.000000,primary_for_subsection,1,stage4_primary_recall_added_no_query_hit,pmid-42202490:CH0001;pmid-42202490:CH0002;pmid-42202490:CH0003
SUB009,36,pmid-40152314,40152314,PMC11950915,10.1093/oncolo/oyaf023,Dynamics of hyperglycemia of patients treated with alpelisib: exploratory interim analysis of ITACA trial.,pmc_xml,0.019307,221.206732,0.000000,global_primary_retrieved,0,not_selected,pmid-40152314:CH0003;pmid-40152314:CH0004
SUB009,37,pmid-36428975,36428975,PMC9688837,10.3390/cells11223545,Analytical Performance of Next-Generation Sequencing and RT-PCR on Formalin-Fixed Paraffin-Embedded Tumor Tissues for PIK3CA Testing in HR+/HER2- Breast Cancer.,pmc_xml,0.018547,107.476449,0.777731,global_primary_retrieved,0,not_selected,pmid-36428975:CH0005
SUB009,38,pmid-39217059,39217059,PMC11840667,10.1016/j.clbc.2024.08.001,A Phase I Trial of Alpelisib Combined With Capecitabine in Patients With HER2-Negative Metastatic Breast Cancer.,pmc_xml,0.017938,107.945282,0.772966,global_primary_retrieved,0,not_selected,pmid-39217059:CH0007;pmid-39217059:CH0025
SUB009,39,pmid-38638399,38638399,PMC11024566,10.1016/j.eclinm.2024.102520,"Preventing alpelisib-related hyperglycaemia in HR+/HER2-/PIK3CA-mutated advanced breast cancer using metformin (METALLICA): a multicentre, open-label, single-arm, phase 2 trial.",pmc_xml,0.017863,108.982589,0.771485,context_for_subsection,0,not_selected,pmid-38638399:CH0037;pmid-38638399:CH0012
SUB009,40,pmid-34754095,34754095,PMC8810831,10.1038/s41416-021-01601-9,Sensitive and robust liquid biopsy-based detection of PIK3CA mutations in hormone-receptor-positive metastatic breast cancer patients.,pdf,0.016393,0.000000,0.818572,global_primary_retrieved,0,not_selected,pmid-34754095:CH0005
SUB009,41,pmid-39070139,39070139,PMC11272611,10.3389/fonc.2024.1390452,"Phase Ib and pharmacokinetics study of alpelisib, a PIK3CA inhibitor, and capecitabine in patients with advanced solid tumors.",pmc_xml,0.016368,0.000000,1.536674,global_primary_retrieved,0,not_selected,pmid-39070139:CH0005;pmid-39070139:CH0006
SUB009,42,pmid-40510030,40510030,PMC12159599,10.20517/cdr.2024.181,FGFR1 overexpression promotes resistance to PI3K inhibitor alpelisib in luminal breast cancer cells through receptor tyrosine kinase signaling-mediated activation of the estrogen receptor.,pmc_xml,0.015796,107.169673,0.764646,global_primary_retrieved,0,not_selected,pmid-40510030:CH0005
SUB009,43,pmid-37761256,37761256,PMC10528120,10.3390/diagnostics13182887,Next-Generation Sequencing-Based Analysis of Clinical and Pathological Features of PIK3CA-Mutated Breast Cancer.,pmc_xml,0.014493,0.000000,0.804775,global_primary_retrieved,0,not_selected,pmid-37761256:CH0021
SUB009,44,pmid-35712858,35712858,PMC9210085,10.1177/23247096221105249,S.U.G.A.R: A Case to Outline Tactics for the Prevention of Alpelisib-Induced Hyperglycemia.,pmc_xml,0.012658,0.000000,0.790639,global_primary_retrieved,0,not_selected,pmid-35712858:CH0004
SUB009,45,pmid-30167089,30167089,PMC6114962,10.18632/oncotarget.25854,"A Phase Ib, open-label, dose-finding study of alpelisib in combination with paclitaxel in patients with advanced solid tumors.",pmc_xml,0.012048,0.000000,0.787948,global_primary_retrieved,0,not_selected,pmid-30167089:CH0023
SUB009,46,pmid-38584192,38584192,PMC11182811,10.1007/s10549-024-07315-9,Body composition measures as a determinant of Alpelisib related toxicity.,pmc_xml,0.011494,0.000000,0.785439,global_primary_retrieved,0,not_selected,pmid-38584192:CH0006
SUB009,47,pmid-36367572,36367572,PMC10067656,10.1007/s00428-022-03445-x,Proficiency testing of PIK3CA mutations in HR+/HER2-breast cancer on liquid biopsy and tissue.,pmc_xml,0.010204,0.000000,0.778808,global_primary_retrieved,0,not_selected,pmid-36367572:CH0008
SUB009,48,pmid-40113784,40113784,PMC11926384,10.1038/s41392-025-02180-4,Targeting PI3K inhibitor resistance in breast cancer with metabolic drugs.,pmc_xml,0.009709,0.000000,0.776622,global_primary_retrieved,0,not_selected,pmid-40113784:CH0004
SUB009,49,pmid-32869930,32869930,PMC7648336,10.1634/theoncologist.2020-0449,Biomarkers in Breast Cancer: An Integrated Analysis of Comprehensive Genomic Profiling and PD-L1 Immunohistochemistry Biomarkers in 312 Patients with Breast Cancer.,pdf,0.009615,0.000000,0.775987,global_primary_retrieved,0,not_selected,pmid-32869930:CH0009
SUB009,50,pmid-25877889,25877889,PMC4433148,10.1126/scitranslmed.aaa4442,PI3K inhibition results in enhanced estrogen receptor function and dependence in hormone receptor-positive breast cancer.,pmc_xml,0.009009,108.767947,0.000000,context_for_subsection,0,not_selected,pmid-25877889:CH0006
SUB009,51,pmid-37916958,37916958,PMC10850944,10.1158/2159-8290.CD-23-0704,Allosteric PI3Kα Inhibition Overcomes On-target Resistance to Orthosteric Inhibitors Mediated by Secondary PIK3CA Mutations.,pmc_xml,0.008403,0.000000,0.770288,global_primary_retrieved,0,not_selected,pmid-37916958:CH0004
SUB009,52,pmid-37623743,37623743,PMC10618743,10.1158/2159-8290.CD-23-0396,"STX-478, a Mutant-Selective, Allosteric PI3Kα Inhibitor Spares Metabolic Dysfunction and Improves Therapeutic Response in PI3Kα-Mutant Xenografts.",pmc_xml,0.007752,105.618602,0.000000,global_primary_retrieved,0,not_selected,pmid-37623743:CH0050
SUB009,53,pmid-35968355,35968355,PMC9360227,,PI3K inhibitors in trastuzumab-resistant HER2-positive breast cancer cells with PI3K pathway alterations.,pdf,0.007752,0.000000,0.768151,global_primary_retrieved,0,not_selected,pmid-35968355:CH0006
SUB009,54,pmid-32404150,32404150,PMC7222307,10.1186/s13058-020-01284-9,Frequency and spectrum of PIK3CA somatic mutations in breast cancer.,pmc_xml,0.007407,0.000000,0.764199,global_primary_retrieved,0,not_selected,pmid-32404150:CH0006
SUB009,55,pmid-37916956,37916956,PMC10850943,10.1158/2159-8290.CD-23-0944,"Discovery and Clinical Proof-of-Concept of RLY-2608, a First-in-Class Mutant-Selective Allosteric PI3Kα Inhibitor That Decouples Antitumor Activity from Hyperinsulinemia.",pmc_xml,0.007299,104.904233,0.000000,global_primary_retrieved,0,not_selected,pmid-37916956:CH0006
SUB009,56,pmid-37339176,37339176,PMC10543974,10.1158/0008-5472.CAN-23-0282,Tipifarnib Potentiates the Antitumor Effects of PI3Kα Inhibition in PIK3CA- and HRAS-Dysregulated HNSCC via Convergent Inhibition of mTOR Activity.,pmc_xml,0.007194,0.000000,0.762300,global_primary_retrieved,0,not_selected,pmid-37339176:CH0035
SUB010,1,pmid-42351448,42351448,PMC13298351,10.3390/diagnostics16121790,"Post-CDK4/6 Inhibitor Therapeutic Approaches in Hormone Receptor-Positive, HER2-Negative Metastatic Breast Cancer: Current Evidence and Emerging Strategies-A Narrative Review.",pmc_xml,0.085885,289.508872,2.141081,context_for_subsection,1,top_ranked,pmid-42351448:CH0058;pmid-42351448:CH0057;pmid-42351448:CH0021
SUB010,2,pmid-25409150,25409150,PMC4326538,10.1038/nature13948,Convergent loss of PTEN leads to clinical resistance to a PI(3)Kα inhibitor.,pmc_xml,0.076208,280.461761,1.277379,primary_for_subsection,1,top_ranked,pmid-25409150:CH0001;pmid-25409150:CH0003;pmid-25409150:CH0002
SUB010,3,pmid-32864625,32864625,PMC7450824,10.1038/s43018-020-0047-1,Alterations in PTEN and ESR1 promote clinical resistance to alpelisib plus aromatase inhibitors.,pmc_xml,0.072434,289.922751,1.983792,global_primary_retrieved,1,top_ranked,pmid-32864625:CH0018;pmid-32864625:CH0036;pmid-32864625:CH0031
SUB010,4,pmid-39839709,39839709,PMC11748133,10.1093/pcmedi/pbae034,"Cell-free tumor DNA analysis in advanced or metastatic breast cancer patients: mutation frequencies, testing intention, and clinical impact.",pmc_xml,0.058846,275.137336,1.863548,global_primary_retrieved,1,top_ranked,pmid-39839709:CH0028;pmid-39839709:CH0036;pmid-39839709:CH0037
SUB010,5,pmid-27604488,27604488,PMC5050154,10.1158/2159-8290.CD-16-0305,Systematic Functional Characterization of Resistance to PI3K Inhibition in Breast Cancer.,pmc_xml,0.058447,200.479788,1.356279,global_primary_retrieved,1,top_ranked,pmid-27604488:CH0064;pmid-27604488:CH0059;pmid-27604488:CH0066
SUB010,6,pmid-42445743,42445743,PMC13361340,10.2147/DDDT.S611371,Precision Endocrine-Based Combinations After CDK4/6 Inhibitor Progression in HR-Positive Metastatic Breast Cancer.,pmc_xml,0.053902,101.485515,1.969674,context_for_subsection,1,top_ranked,pmid-42445743:CH0009;pmid-42445743:CH0015;pmid-42445743:CH0005
SUB010,7,pmid-31859350,31859350,PMC6923785,10.1093/annonc/mdz280,Biomarkers of response and resistance to PI3K inhibitors in estrogen receptor-positive breast cancer patients and combination therapies involving PI3K inhibitors.,pmc_xml,0.042925,299.711139,0.000000,global_primary_retrieved,1,top_ranked,pmid-31859350:CH0031;pmid-31859350:CH0018;pmid-31859350:CH0014
SUB010,8,pmid-40991650,40991650,PMC12618074,10.1172/JCI180927,USP10/GSK3β-mediated inhibition of PTEN drives resistance to PI3K inhibitors in breast cancer.,pmc_xml,0.042688,97.340684,0.623644,primary_for_subsection,1,top_ranked,pmid-40991650:CH0002;pmid-40991650:CH0010
SUB010,9,pmid-37916958,37916958,PMC10850944,10.1158/2159-8290.CD-23-0704,Allosteric PI3Kα Inhibition Overcomes On-target Resistance to Orthosteric Inhibitors Mediated by Secondary PIK3CA Mutations.,pmc_xml,0.036995,284.085781,0.000000,global_primary_retrieved,1,top_ranked,pmid-37916958:CH0005;pmid-37916958:CH0013;pmid-37916958:CH0015
SUB010,10,pmid-38473737,38473737,PMC10931361,10.3390/ijms25052490,Real-World Data and Clinical Implications of Next-Generation Sequencing (NGS)-Based Analysis in Metastatic Breast Cancer Patients.,pmc_xml,0.034198,179.659012,0.674287,global_primary_retrieved,1,top_ranked,pmid-38473737:CH0022;pmid-38473737:CH0006
SUB010,11,pmid-36321996,36321996,PMC10011882,10.1158/1078-0432.CCR-22-2115,Biology and Targetability of the Extended Spectrum of PIK3CA Mutations Detected in Breast Carcinoma.,pmc_xml,0.033508,277.848528,0.000000,global_primary_retrieved,0,not_selected,pmid-36321996:CH0041;pmid-36321996:CH0040;pmid-36321996:CH0044
SUB010,12,pmid-36387506,36387506,PMC9650006,10.1016/j.heliyon.2022.e11396,Chip-based digital Polymerase Chain Reaction as quantitative technique for the detection of PIK3CA mutations in breast cancer patients.,pmc_xml,0.031972,86.208719,1.311781,global_primary_retrieved,0,not_selected,pmid-36387506:CH0021;pmid-36387506:CH0022;pmid-36387506:CH0025
SUB010,13,pmid-36579519,36579519,PMC9694420,10.3390/jpm12111793,PIK3CAMutations in Breast Cancer Subtypes Other Than HR-Positive/HER2-Negative.,pmc_xml,0.031958,273.869292,0.000000,global_primary_retrieved,0,not_selected,pmid-36579519:CH0002;pmid-36579519:CH0001;pmid-36579519:CH0025
SUB010,14,pmid-39935426,39935426,PMC11810462,10.20517/cdr.2024.169,Optimizing therapeutic approaches for HR+/HER2- advanced breast cancer: clinical perspectives on biomarkers and treatment strategies post-CDK4/6 inhibitor progression.,pmc_xml,0.031032,102.758687,1.228601,global_primary_retrieved,0,not_selected,pmid-39935426:CH0019;pmid-39935426:CH0009
SUB010,15,pmid-41681940,41681940,PMC12896634,10.3390/cancers18030468,Comparison Between Alpelisib Plus Endocrine Therapy and Everolimus Plus Endocrine Therapy After CDK4/6 Inhibitors Progression in Patients with PIK3CA-Mutant Metastatic Breast Cancer: A Single-Center Retrospective Study.,pmc_xml,0.029365,180.377978,0.628057,global_primary_retrieved,0,not_selected,pmid-41681940:CH0034;pmid-41681940:CH0037
SUB010,16,pmid-24249715,24249715,PMC3902650,10.1158/1535-7163.MCT-13-0518,Enhanced PI3K p110α signaling confers acquired lapatinib resistance that can be effectively reversed by a p110α-selective PI3K inhibitor.,pmc_xml,0.028601,178.414322,0.635411,global_primary_retrieved,0,not_selected,pmid-24249715:CH0031;pmid-24249715:CH0042;pmid-24249715:CH0002
SUB010,17,pmid-37101291,37101291,PMC10131374,10.1186/s13073-023-01181-8,"Multiple PIK3CA mutation clonality correlates with outcomes in taselisib + fulvestrant-treated ER+/HER2-, PIK3CA-mutated breast cancers.",pmc_xml,0.028209,266.529804,0.000000,global_primary_retrieved,0,not_selected,pmid-37101291:CH0028;pmid-37101291:CH0026;pmid-37101291:CH0027
SUB010,18,pmid-33976551,33976551,PMC8104980,10.2147/OTT.S298720,"Advances in Therapy for Hormone Receptor (HR)-Positive, Human Epidermal Growth Factor Receptor 2 (HER2)-Negative Advanced Breast Cancer Patients Who Have Experienced Progression After Treatment with CDK4/6 Inhibitors.",pmc_xml,0.027609,180.203186,0.615638,global_primary_retrieved,0,not_selected,pmid-33976551:CH0030;pmid-33976551:CH0028;pmid-33976551:CH0031
SUB010,19,pmid-28382169,28382169,PMC5381259,10.7150/thno.17830,Integration of Receptor Tyrosine Kinases Determines Sensitivity to PI3Kα-selective Inhibitors in Breast Cancer.,pmc_xml,0.027246,85.767609,0.000000,primary_for_subsection,1,stage4_primary_force_included,pmid-28382169:CH0034
SUB010,20,pmid-27048245,27048245,PMC4820873,10.1186/s13058-016-0697-1,Activation of IGF1R/p110β/AKT/mTOR confers resistance to α-specific PI3K inhibition.,pmc_xml,0.025371,175.774159,0.611856,global_primary_retrieved,0,not_selected,pmid-27048245:CH0038;pmid-27048245:CH0045
SUB010,21,pmid-29231907,29231907,PMC5742817,10.3390/cancers9120169,Activated HGF-c-Met Axis in Head and Neck Cancer.,pmc_xml,0.023513,187.245689,0.000000,global_primary_retrieved,0,not_selected,pmid-29231907:CH0011;pmid-29231907:CH0036
SUB010,22,pmid-41079023,41079023,PMC12514518,10.1016/j.eclinm.2025.103535,Efficacy and safety of systemic therapies following progression on CDK4/6 inhibitors in patients with HR+/HER2- metastatic breast cancer: a systematic review and network meta-analysis.,pmc_xml,0.022895,173.359963,0.611041,global_primary_retrieved,0,not_selected,pmid-41079023:CH0019;pmid-41079023:CH0043;pmid-41079023:CH0018
SUB010,23,pmid-34012367,34012367,PMC8114069,10.1159/000514794,First Experiences with Alpelisib in Clinical Routine: Case Reports from a German Breast Center.,pdf,0.021830,183.471773,0.000000,global_primary_retrieved,0,not_selected,pmid-34012367:CH0032;pmid-34012367:CH0025
SUB010,24,pmid-36428975,36428975,PMC9688837,10.3390/cells11223545,Analytical Performance of Next-Generation Sequencing and RT-PCR on Formalin-Fixed Paraffin-Embedded Tumor Tissues for PIK3CA Testing in HR+/HER2- Breast Cancer.,pmc_xml,0.021074,90.009929,0.641144,global_primary_retrieved,0,not_selected,pmid-36428975:CH0014;pmid-36428975:CH0012
SUB010,25,pmid-33575071,33575071,PMC7646628,10.6004/jadpro.2020.11.7.9,Alpelisib: A Novel Therapy for Patients With PIK3CA-Mutated Metastatic Breast Cancer.,pmc_xml,0.020076,181.657311,0.000000,global_primary_retrieved,0,not_selected,pmid-33575071:CH0035;pmid-33575071:CH0028
SUB010,26,pmid-33059733,33059733,PMC7559997,10.1186/s13046-020-01713-9,TAM family receptors in conjunction with MAPK signalling are involved in acquired resistance to PI3Kα inhibition in head and neck squamous cell carcinoma.,pmc_xml,0.020000,0.000000,0.000000,primary_for_subsection,1,stage4_primary_recall_added_no_query_hit,pmid-33059733:CH0001;pmid-33059733:CH0002;pmid-33059733:CH0003
SUB010,27,pmid-34020697,34020697,PMC8139055,10.1186/s13058-021-01433-8,Analysis of genomic and non-genomic signaling of estrogen receptor in PDX models of breast cancer treated with a combination of the PI3K inhibitor alpelisib (BYL719) and fulvestrant.,pmc_xml,0.020000,0.000000,0.000000,primary_for_subsection,1,stage4_primary_recall_added_no_query_hit,pmid-34020697:CH0001;pmid-34020697:CH0002;pmid-34020697:CH0003
SUB010,28,pmid-34067117,34067117,PMC8125641,10.3390/cancers13092250,IGF2 Mediates Resistance to Isoform-Selective-Inhibitors of the PI3K in HPV Positive Head and Neck Cancer.,pmc_xml,0.020000,0.000000,0.000000,primary_for_subsection,1,stage4_primary_recall_added_no_query_hit,pmid-34067117:CH0001;pmid-34067117:CH0002;pmid-34067117:CH0003
SUB010,29,pmid-37044095,37044095,PMC10140479,10.1016/j.xcrm.2023.101002,N-acetylcysteine overcomes NF1 loss-driven resistance to PI3Kα inhibition in breast cancer.,pmc_xml,0.020000,0.000000,0.000000,primary_for_subsection,1,stage4_primary_recall_added_no_query_hit,pmid-37044095:CH0001;pmid-37044095:CH0002;pmid-37044095:CH0003
SUB010,30,pmid-41143603,41143603,PMC12770939,10.1158/1078-0432.CCR-25-1459,PI3Kα Inhibitor and Degrader Inavolisib Can Co-opt FGFR2 to Enhance Responses in Patients with PIK3CA-Mutated Solid Tumors and in Preclinical Models.,pmc_xml,0.020000,0.000000,0.000000,primary_for_subsection,1,stage4_primary_recall_added_no_query_hit,pmid-41143603:CH0001;pmid-41143603:CH0002;pmid-41143603:CH0003
SUB010,31,pmid-32591580,32591580,PMC7319999,10.1038/s41598-020-67393-9,Real world data analysis of next generation sequencing and protein expression in metastatic breast cancer patients.,pmc_xml,0.018875,0.000000,1.252561,global_primary_retrieved,0,not_selected,pmid-32591580:CH0021;pmid-32591580:CH0022
SUB010,32,pmid-32817061,32817061,PMC7437706,10.1136/esmoopen-2020-000890,PIK3CA mutation inhibition in hormone receptor-positive breast cancer: time has come.,pmc_xml,0.016393,115.483870,0.000000,global_primary_retrieved,0,not_selected,pmid-32817061:CH0009
SUB010,33,pmid-25877889,25877889,PMC4433148,10.1126/scitranslmed.aaa4442,PI3K inhibition results in enhanced estrogen receptor function and dependence in hormone receptor-positive breast cancer.,pmc_xml,0.015816,173.978915,0.000000,global_primary_retrieved,0,not_selected,pmid-25877889:CH0006;pmid-25877889:CH0028
SUB010,34,pmid-33190190,33190190,PMC7854469,10.1007/s12325-020-01552-2,"Clinical Challenges in the Management of Hormone Receptor-Positive, Human Epidermal Growth Factor Receptor 2-Negative Metastatic Breast Cancer: A Literature Review.",pmc_xml,0.014992,0.000000,1.226510,global_primary_retrieved,0,not_selected,pmid-33190190:CH0090;pmid-33190190:CH0061
SUB010,35,pmid-35968355,35968355,PMC9360227,,PI3K inhibitors in trastuzumab-resistant HER2-positive breast cancer cells with PI3K pathway alterations.,pdf,0.014547,171.679215,0.000000,global_primary_retrieved,0,not_selected,pmid-35968355:CH0007;pmid-35968355:CH0025
SUB010,36,pmid-29895527,29895527,PMC7439002,10.1530/ERC-18-0159,The role of GSK3 and its reversal with GSK3 antagonism in everolimus resistance.,pmc_xml,0.012195,0.000000,0.646123,global_primary_retrieved,0,not_selected,pmid-29895527:CH0043
SUB010,37,pmid-41620612,41620612,PMC12964663,10.1186/s13058-025-02152-0,Sequential use of PI3K/AKT/mTOR pathway inhibitors alpelisib and everolimus in patients with hormone receptor-positive metastatic breast cancer.,pmc_xml,0.012048,94.013016,0.000000,global_primary_retrieved,0,not_selected,pmid-41620612:CH0035
SUB010,38,pmid-25873175,25873175,PMC4398915,10.1016/j.ccell.2015.03.010,AXL mediates resistance to PI3Kα inhibition by activating the EGFR/PKC/mTOR axis in head and neck and esophageal squamous cell carcinomas.,pmc_xml,0.011494,93.021606,0.000000,global_primary_retrieved,0,not_selected,pmid-25873175:CH0005
SUB010,39,pmid-33947692,33947692,PMC8282678,10.1158/1078-0432.CCR-21-0047,A Phase I Study of Alpelisib in Combination with Trastuzumab and LJM716 in Patients with PIK3CA-Mutated HER2-Positive Metastatic Breast Cancer.,pmc_xml,0.011111,92.424273,0.000000,global_primary_retrieved,0,not_selected,pmid-33947692:CH0023
SUB010,40,pmid-33024087,33024087,PMC7538592,10.1038/s41419-020-03037-0,CD44/HA signaling mediates acquired resistance to a PI3Kα inhibitor.,pmc_xml,0.010870,91.980581,0.000000,global_primary_retrieved,0,not_selected,pmid-33024087:CH0056
SUB010,41,pmid-39596311,39596311,PMC11594956,10.3390/ijms252212246,Molecular Analysis of PIK3CA in Metastatic Hormone Receptor-Positive Breast Cancer in Chile: Clinical and Pathological Insights.,pmc_xml,0.010000,0.000000,0.634729,global_primary_retrieved,0,not_selected,pmid-39596311:CH0018
SUB010,42,pmid-37553597,37553597,PMC10408073,10.1186/s12885-023-11243-0,BYL719 reverses gefitinib-resistance induced by PI3K/AKT activation in non-small cell lung cancer cells.,pmc_xml,0.009615,88.713728,0.000000,global_primary_retrieved,0,not_selected,pmid-37553597:CH0008
SUB010,43,pmid-36913051,36913051,PMC10147754,10.1007/s10549-023-06895-2,"Antitumor activity of the PI3K δ-sparing inhibitor MEN1611 in PIK3CA mutated, trastuzumab-resistant HER2 + breast cancer.",pmc_xml,0.009346,88.307537,0.000000,global_primary_retrieved,0,not_selected,pmid-36913051:CH0001
SUB010,44,pmid-36292649,36292649,PMC9601363,10.3390/genes13101763,Alpelisib Efficacy in Hormone Receptor-Positive HER2-Negative PIK3CA-Mutant Advanced Breast Cancer Post-Everolimus Treatment.,pmc_xml,0.009174,88.138613,0.000000,global_primary_retrieved,0,not_selected,pmid-36292649:CH0010
SUB010,45,pmid-42202490,42202490,PMC13235453,10.1016/j.esmoop.2026.107735,"Safety analyses of the INAVO120 randomised phase III trial of inavolisib or placebo with palbociclib-fulvestrant in patients with PIK3CA-mutated, hormone receptor-positive, HER2-negative, endocrine-resistant advanced breast cancer.",pmc_xml,0.008403,87.219726,0.000000,global_primary_retrieved,0,not_selected,pmid-42202490:CH0056
SUB010,46,pmid-40152314,40152314,PMC11950915,10.1093/oncolo/oyaf023,Dynamics of hyperglycemia of patients treated with alpelisib: exploratory interim analysis of ITACA trial.,pmc_xml,0.008264,87.159248,0.000000,global_primary_retrieved,0,not_selected,pmid-40152314:CH0023
SUB010,47,pmid-33168657,33168657,PMC8535764,10.1158/1078-0432.CCR-20-3652,"FDA Approval Summary: Alpelisib Plus Fulvestrant for Patients with HR-positive, HER2-negative, PIK3CA-mutated, Advanced or Metastatic Breast Cancer.",pmc_xml,0.008000,86.962232,0.000000,global_primary_retrieved,0,not_selected,pmid-33168657:CH0013
SUB010,48,pmid-41925922,41925922,PMC13046609,10.1007/s10549-026-07939-z,Alpelisib and Fulvestrant in PIK3CA-mutated hormone receptor-positive HER2-negative advanced breast cancer included in the German PRAEGNANT trial.,pmc_xml,0.007692,86.739994,0.000000,global_primary_retrieved,0,not_selected,pmid-41925922:CH0033
SUB010,49,pmid-31852484,31852484,PMC6921513,10.1186/s13058-019-1230-0,Elacestrant (RAD1901) exhibits anti-tumor activity in multiple ER+ breast cancer models resistant to CDK4/6 inhibitors.,pmc_xml,0.007634,86.664255,0.000000,global_primary_retrieved,0,not_selected,pmid-31852484:CH0003
SUB010,50,pmid-34754095,34754095,PMC8810831,10.1038/s41416-021-01601-9,Sensitive and robust liquid biopsy-based detection of PIK3CA mutations in hormone-receptor-positive metastatic breast cancer patients.,pdf,0.007519,0.000000,0.612240,global_primary_retrieved,0,not_selected,pmid-34754095:CH0028
SUB010,51,pmid-41976378,41976378,PMC13072385,10.3390/cancers18071156,"Impact of Time of Administration, Fasting, and a Low-Carbohydrate Diet on Alpelisib-Associated Hyperglycemia and Efficacy: A Pilot Randomized Controlled Phase IIb Trial.",pmc_xml,0.007299,85.800085,0.000000,global_primary_retrieved,0,not_selected,pmid-41976378:CH0017
SUB010,52,pmid-35075945,35075945,PMC8793384,10.1177/15347354211073163,Management of Phosphatidylinositol-3-Kinase Inhibitor-Associated Hyperglycemia.,pmc_xml,0.007143,85.684960,0.000000,global_primary_retrieved,0,not_selected,pmid-35075945:CH0036
SUB011,1,pmid-42351448,42351448,PMC13298351,10.3390/diagnostics16121790,"Post-CDK4/6 Inhibitor Therapeutic Approaches in Hormone Receptor-Positive, HER2-Negative Metastatic Breast Cancer: Current Evidence and Emerging Strategies-A Narrative Review.",pmc_xml,0.083897,336.596291,1.799381,global_primary_retrieved,1,top_ranked,pmid-42351448:CH0051;pmid-42351448:CH0041;pmid-42351448:CH0055
SUB011,2,pmid-32864625,32864625,PMC7450824,10.1038/s43018-020-0047-1,Alterations in PTEN and ESR1 promote clinical resistance to alpelisib plus aromatase inhibitors.,pmc_xml,0.064061,209.248828,1.760235,global_primary_retrieved,1,top_ranked,pmid-32864625:CH0036;pmid-32864625:CH0031;pmid-32864625:CH0039
SUB011,3,pmid-33976551,33976551,PMC8104980,10.2147/OTT.S298720,"Advances in Therapy for Hormone Receptor (HR)-Positive, Human Epidermal Growth Factor Receptor 2 (HER2)-Negative Advanced Breast Cancer Patients Who Have Experienced Progression After Treatment with CDK4/6 Inhibitors.",pmc_xml,0.051289,214.594592,1.164477,global_primary_retrieved,1,top_ranked,pmid-33976551:CH0028;pmid-33976551:CH0017;pmid-33976551:CH0029
SUB011,4,pmid-27604488,27604488,PMC5050154,10.1158/2159-8290.CD-16-0305,Systematic Functional Characterization of Resistance to PI3K Inhibition in Breast Cancer.,pmc_xml,0.047793,109.306210,1.745733,global_primary_retrieved,1,top_ranked,pmid-27604488:CH0064;pmid-27604488:CH0041;pmid-27604488:CH0066
SUB011,5,pmid-40454641,40454641,PMC13496148,10.1056/NEJMoa2501796,Overall Survival with Inavolisib in PIK3CA-Mutated Advanced Breast Cancer.,pmc_xml,0.047677,104.271859,1.732823,context_for_subsection,1,top_ranked,pmid-40454641:CH0027;pmid-40454641:CH0035;pmid-40454641:CH0034
SUB011,6,pmid-31852484,31852484,PMC6921513,10.1186/s13058-019-1230-0,Elacestrant (RAD1901) exhibits anti-tumor activity in multiple ER+ breast cancer models resistant to CDK4/6 inhibitors.,pmc_xml,0.045294,302.945785,0.578118,global_primary_retrieved,1,top_ranked,pmid-31852484:CH0030;pmid-31852484:CH0058;pmid-31852484:CH0007
SUB011,7,pmid-31859350,31859350,PMC6923785,10.1093/annonc/mdz280,Biomarkers of response and resistance to PI3K inhibitors in estrogen receptor-positive breast cancer patients and combination therapies involving PI3K inhibitors.,pmc_xml,0.045072,221.913150,1.101927,global_primary_retrieved,1,top_ranked,pmid-31859350:CH0031;pmid-31859350:CH0005;pmid-31859350:CH0016
SUB011,8,pmid-41925922,41925922,PMC13046609,10.1007/s10549-026-07939-z,Alpelisib and Fulvestrant in PIK3CA-mutated hormone receptor-positive HER2-negative advanced breast cancer included in the German PRAEGNANT trial.,pmc_xml,0.042700,207.953919,1.130040,context_for_subsection,1,top_ranked,pmid-41925922:CH0033;pmid-41925922:CH0032
SUB011,9,pmid-33947692,33947692,PMC8282678,10.1158/1078-0432.CCR-21-0047,A Phase I Study of Alpelisib in Combination with Trastuzumab and LJM716 in Patients with PIK3CA-Mutated HER2-Positive Metastatic Breast Cancer.,pmc_xml,0.041711,336.541612,0.000000,context_for_subsection,1,top_ranked,pmid-33947692:CH0034;pmid-33947692:CH0023;pmid-33947692:CH0009
SUB011,10,pmid-39839709,39839709,PMC11748133,10.1093/pcmedi/pbae034,"Cell-free tumor DNA analysis in advanced or metastatic breast cancer patients: mutation frequencies, testing intention, and clinical impact.",pmc_xml,0.041385,192.201067,1.160643,global_primary_retrieved,1,top_ranked,pmid-39839709:CH0010;pmid-39839709:CH0030;pmid-39839709:CH0009
SUB011,11,pmid-39070139,39070139,PMC11272611,10.3389/fonc.2024.1390452,"Phase Ib and pharmacokinetics study of alpelisib, a PIK3CA inhibitor, and capecitabine in patients with advanced solid tumors.",pmc_xml,0.036896,201.879702,0.596390,context_for_subsection,0,not_selected,pmid-39070139:CH0034;pmid-39070139:CH0006;pmid-39070139:CH0036
SUB011,12,pmid-42445743,42445743,PMC13361340,10.2147/DDDT.S611371,Precision Endocrine-Based Combinations After CDK4/6 Inhibitor Progression in HR-Positive Metastatic Breast Cancer.,pmc_xml,0.035959,100.808072,1.164309,global_primary_retrieved,0,not_selected,pmid-42445743:CH0005;pmid-42445743:CH0019;pmid-42445743:CH0016
SUB011,13,pmid-39935426,39935426,PMC11810462,10.20517/cdr.2024.169,Optimizing therapeutic approaches for HR+/HER2- advanced breast cancer: clinical perspectives on biomarkers and treatment strategies post-CDK4/6 inhibitor progression.,pmc_xml,0.035460,216.950693,0.551433,global_primary_retrieved,0,not_selected,pmid-39935426:CH0004;pmid-39935426:CH0019
SUB011,14,pmid-37623743,37623743,PMC10618743,10.1158/2159-8290.CD-23-0396,"STX-478, a Mutant-Selective, Allosteric PI3Kα Inhibitor Spares Metabolic Dysfunction and Improves Therapeutic Response in PI3Kα-Mutant Xenografts.",pmc_xml,0.034206,121.883411,1.122491,global_primary_retrieved,0,not_selected,pmid-37623743:CH0050;pmid-37623743:CH0040
SUB011,15,pmid-39236276,39236276,PMC11575912,10.1200/JCO.24.00110,"Phase I/Ib Trial of Inavolisib Plus Palbociclib and Endocrine Therapy for PIK3CA-Mutated, Hormone Receptor-Positive, Human Epidermal Growth Factor Receptor 2-Negative Advanced or Metastatic Breast Cancer.",pmc_xml,0.033928,304.205140,0.000000,context_for_subsection,0,not_selected,pmid-39236276:CH0026;pmid-39236276:CH0024;pmid-39236276:CH0009
SUB011,16,pmid-41079023,41079023,PMC12514518,10.1016/j.eclinm.2025.103535,Efficacy and safety of systemic therapies following progression on CDK4/6 inhibitors in patients with HR+/HER2- metastatic breast cancer: a systematic review and network meta-analysis.,pmc_xml,0.032626,0.000000,1.717507,global_primary_retrieved,0,not_selected,pmid-41079023:CH0008;pmid-41079023:CH0066;pmid-41079023:CH0062
SUB011,17,pmid-33575071,33575071,PMC7646628,10.6004/jadpro.2020.11.7.9,Alpelisib: A Novel Therapy for Patients With PIK3CA-Mutated Metastatic Breast Cancer.,pmc_xml,0.031864,297.833819,0.000000,global_primary_retrieved,0,not_selected,pmid-33575071:CH0028;pmid-33575071:CH0013;pmid-33575071:CH0035
SUB011,18,pmid-39851969,39851969,PMC11763720,10.3390/curroncol32010053,Systematic Review and Network Meta-Analysis on Treating Hormone Receptor-Positive Metastatic Breast Cancer After CDK4/6 Inhibitors.,pmc_xml,0.023026,98.964618,0.579648,global_primary_retrieved,0,not_selected,pmid-39851969:CH0018;pmid-39851969:CH0017
SUB011,19,pmid-40510030,40510030,PMC12159599,10.20517/cdr.2024.181,FGFR1 overexpression promotes resistance to PI3K inhibitor alpelisib in luminal breast cancer cells through receptor tyrosine kinase signaling-mediated activation of the estrogen receptor.,pmc_xml,0.020506,200.286376,0.000000,global_primary_retrieved,0,not_selected,pmid-40510030:CH0045;pmid-40510030:CH0033
SUB011,20,pmid-39539943,39539943,PMC11558728,10.1177/17588359241297101,Elacestrant plus alpelisib in an ESR1 and PIK3CA co-mutated and heavily pretreated metastatic breast cancer: the first case report for combination efficacy and safety.,pmc_xml,0.020351,200.421748,0.000000,global_primary_retrieved,0,not_selected,pmid-39539943:CH0006;pmid-39539943:CH0039
SUB011,21,pmid-32252811,32252811,PMC7137211,10.1186/s13058-020-01271-0,Everolimus versus alpelisib in advanced hormone receptor-positive HER2-negative breast cancer: targeting different nodes of the PI3K/AKT/mTORC1 pathway with different clinical implications.,pmc_xml,0.019645,93.611703,0.579574,global_primary_retrieved,0,not_selected,pmid-32252811:CH0026;pmid-32252811:CH0002
SUB011,22,pmid-40152314,40152314,PMC11950915,10.1093/oncolo/oyaf023,Dynamics of hyperglycemia of patients treated with alpelisib: exploratory interim analysis of ITACA trial.,pmc_xml,0.019005,194.797702,0.000000,global_primary_retrieved,0,not_selected,pmid-40152314:CH0023;pmid-40152314:CH0001
SUB011,23,pmid-34012367,34012367,PMC8114069,10.1159/000514794,First Experiences with Alpelisib in Clinical Routine: Case Reports from a German Breast Center.,pdf,0.018874,195.799323,0.000000,global_primary_retrieved,0,not_selected,pmid-34012367:CH0009;pmid-34012367:CH0005
SUB011,24,pmid-36579519,36579519,PMC9694420,10.3390/jpm12111793,PIK3CAMutations in Breast Cancer Subtypes Other Than HR-Positive/HER2-Negative.,pmc_xml,0.018623,193.927431,0.000000,global_primary_retrieved,0,not_selected,pmid-36579519:CH0041;pmid-36579519:CH0061
SUB011,25,pmid-27048245,27048245,PMC4820873,10.1186/s13058-016-0697-1,Activation of IGF1R/p110β/AKT/mTOR confers resistance to α-specific PI3K inhibition.,pmc_xml,0.018576,96.004164,0.568025,global_primary_retrieved,0,not_selected,pmid-27048245:CH0038
SUB011,26,pmid-37339176,37339176,PMC10543974,10.1158/0008-5472.CAN-23-0282,Tipifarnib Potentiates the Antitumor Effects of PI3Kα Inhibition in PIK3CA- and HRAS-Dysregulated HNSCC via Convergent Inhibition of mTOR Activity.,pmc_xml,0.017346,97.816749,0.556010,global_primary_retrieved,0,not_selected,pmid-37339176:CH0011;pmid-37339176:CH0040
SUB011,27,pmid-33520003,33520003,PMC7829038,10.1007/s12254-021-00674-9,ASCO 2020: highlights in breast cancer.,pmc_xml,0.017059,192.088119,0.000000,context_for_subsection,0,not_selected,pmid-33520003:CH0002;pmid-33520003:CH0004
SUB011,28,pmid-32817061,32817061,PMC7437706,10.1136/esmoopen-2020-000890,PIK3CA mutation inhibition in hormone receptor-positive breast cancer: time has come.,pmc_xml,0.015328,189.062079,0.000000,global_primary_retrieved,0,not_selected,pmid-32817061:CH0002;pmid-32817061:CH0012
SUB011,29,pmid-39217059,39217059,PMC11840667,10.1016/j.clbc.2024.08.001,A Phase I Trial of Alpelisib Combined With Capecitabine in Patients With HER2-Negative Metastatic Breast Cancer.,pmc_xml,0.015152,111.030349,0.000000,context_for_subsection,0,not_selected,pmid-39217059:CH0025
SUB011,30,pmid-37916956,37916956,PMC10850943,10.1158/2159-8290.CD-23-0944,"Discovery and Clinical Proof-of-Concept of RLY-2608, a First-in-Class Mutant-Selective Allosteric PI3Kα Inhibitor That Decouples Antitumor Activity from Hyperinsulinemia.",pmc_xml,0.012987,0.000000,0.581804,global_primary_retrieved,0,not_selected,pmid-37916956:CH0046
SUB011,31,pmid-42202490,42202490,PMC13235453,10.1016/j.esmoop.2026.107735,"Safety analyses of the INAVO120 randomised phase III trial of inavolisib or placebo with palbociclib-fulvestrant in patients with PIK3CA-mutated, hormone receptor-positive, HER2-negative, endocrine-resistant advanced breast cancer.",pmc_xml,0.012048,104.003402,0.000000,global_primary_retrieved,0,not_selected,pmid-42202490:CH0057
SUB011,32,pmid-37743730,37743730,PMC10863751,10.1002/cncr.34928,"Incidence, risk factors, and management of alpelisib-associated hyperglycemia in metastatic breast cancer.",pmc_xml,0.011905,102.788024,0.000000,context_for_subsection,0,not_selected,pmid-37743730:CH0037
SUB011,33,pmid-36913051,36913051,PMC10147754,10.1007/s10549-023-06895-2,"Antitumor activity of the PI3K δ-sparing inhibitor MEN1611 in PIK3CA mutated, trastuzumab-resistant HER2 + breast cancer.",pmc_xml,0.010417,98.617733,0.000000,global_primary_retrieved,0,not_selected,pmid-36913051:CH0040
SUB011,34,pmid-36367572,36367572,PMC10067656,10.1007/s00428-022-03445-x,Proficiency testing of PIK3CA mutations in HR+/HER2-breast cancer on liquid biopsy and tissue.,pmc_xml,0.010417,0.000000,0.569913,global_primary_retrieved,0,not_selected,pmid-36367572:CH0036
SUB011,35,pmid-38473737,38473737,PMC10931361,10.3390/ijms25052490,Real-World Data and Clinical Implications of Next-Generation Sequencing (NGS)-Based Analysis in Metastatic Breast Cancer Patients.,pmc_xml,0.010204,98.561435,0.000000,global_primary_retrieved,0,not_selected,pmid-38473737:CH0006
SUB011,36,pmid-33190190,33190190,PMC7854469,10.1007/s12325-020-01552-2,"Clinical Challenges in the Management of Hormone Receptor-Positive, Human Epidermal Growth Factor Receptor 2-Negative Metastatic Breast Cancer: A Literature Review.",pmc_xml,0.010204,0.000000,0.569021,global_primary_retrieved,0,not_selected,pmid-33190190:CH0090
SUB011,37,pmid-35181669,35181669,PMC8857304,10.1038/s41523-022-00382-5,PIK3CA co-occurring mutations and copy-number gain in hormone receptor positive and HER2 negative breast cancer.,pmc_xml,0.010101,98.359711,0.000000,global_primary_retrieved,0,not_selected,pmid-35181669:CH0025
SUB011,38,pmid-35968355,35968355,PMC9360227,,PI3K inhibitors in trastuzumab-resistant HER2-positive breast cancer cells with PI3K pathway alterations.,pdf,0.009524,97.931386,0.000000,global_primary_retrieved,0,not_selected,pmid-35968355:CH0026
SUB011,39,pmid-36428975,36428975,PMC9688837,10.3390/cells11223545,Analytical Performance of Next-Generation Sequencing and RT-PCR on Formalin-Fixed Paraffin-Embedded Tumor Tissues for PIK3CA Testing in HR+/HER2- Breast Cancer.,pmc_xml,0.009434,97.824428,0.000000,global_primary_retrieved,0,not_selected,pmid-36428975:CH0023
SUB011,40,pmid-29895527,29895527,PMC7439002,10.1530/ERC-18-0159,The role of GSK3 and its reversal with GSK3 antagonism in everolimus resistance.,pmc_xml,0.009091,0.000000,0.562684,global_primary_retrieved,0,not_selected,pmid-29895527:CH0057
SUB011,41,pmid-25873175,25873175,PMC4398915,10.1016/j.ccell.2015.03.010,AXL mediates resistance to PI3Kα inhibition by activating the EGFR/PKC/mTOR axis in head and neck and esophageal squamous cell carcinomas.,pmc_xml,0.009009,96.797206,0.000000,global_primary_retrieved,0,not_selected,pmid-25873175:CH0005
SUB011,42,pmid-33168657,33168657,PMC8535764,10.1158/1078-0432.CCR-20-3652,"FDA Approval Summary: Alpelisib Plus Fulvestrant for Patients with HR-positive, HER2-negative, PIK3CA-mutated, Advanced or Metastatic Breast Cancer.",pmc_xml,0.008621,96.061897,0.000000,global_primary_retrieved,0,not_selected,pmid-33168657:CH0036
SUB011,43,pmid-33780274,33780274,PMC8210974,10.1200/JCO.20.01139,"Patient-Reported Outcomes in Patients With PIK3CA-Mutated Hormone Receptor-Positive, Human Epidermal Growth Factor Receptor 2-Negative Advanced Breast Cancer From SOLAR-1.",pmc_xml,0.008621,0.000000,0.560793,global_primary_retrieved,0,not_selected,pmid-33780274:CH0013
SUB011,44,pmid-36387506,36387506,PMC9650006,10.1016/j.heliyon.2022.e11396,Chip-based digital Polymerase Chain Reaction as quantitative technique for the detection of PIK3CA mutations in breast cancer patients.,pmc_xml,0.008403,95.827881,0.000000,global_primary_retrieved,0,not_selected,pmid-36387506:CH0026
SUB011,45,pmid-39469631,39469631,PMC11514072,10.3389/fphar.2024.1443422,Effects of BYL-719 (alpelisib) on human breast cancer stem cells to overcome drug resistance in human breast cancer.,pmc_xml,0.008264,95.606739,0.000000,global_primary_retrieved,0,not_selected,pmid-39469631:CH0046
SUB011,46,pmid-27126994,27126994,PMC5085926,10.1158/1078-0432.CCR-16-0134,"A Phase Ib Study of Alpelisib (BYL719), a PI3Kα-Specific Inhibitor, with Letrozole in ER+/HER2- Metastatic Breast Cancer.",pmc_xml,0.008000,94.858381,0.000000,global_primary_retrieved,0,not_selected,pmid-27126994:CH0007
SUB011,47,pmid-37916958,37916958,PMC10850944,10.1158/2159-8290.CD-23-0704,Allosteric PI3Kα Inhibition Overcomes On-target Resistance to Orthosteric Inhibitors Mediated by Secondary PIK3CA Mutations.,pmc_xml,0.007937,94.716401,0.000000,global_primary_retrieved,0,not_selected,pmid-37916958:CH0034
SUB011,48,pmid-33909934,33909934,PMC8265362,10.1002/onco.13804,"Effectiveness of Alpelisib + Fulvestrant Compared with Real-World Standard Treatment Among Patients with HR+, HER2-, PIK3CA-Mutated Breast Cancer.",pmc_xml,0.007937,0.000000,0.555628,global_primary_retrieved,0,not_selected,pmid-33909934:CH0040
SUB011,49,pmid-42074235,42074235,PMC13116710,10.3390/ijms27083597,SGLT2 Inhibitor Dapagliflozin Attenuates Cardiomyocyte Injury and Inflammation Induced by PI3Kα-Selective Inhibitor Alpelisib and Fulvestrant Under Hyperglycemia.,pmc_xml,0.007874,94.685065,0.000000,global_primary_retrieved,0,not_selected,pmid-42074235:CH0055
SUB011,50,pmid-38638399,38638399,PMC11024566,10.1016/j.eclinm.2024.102520,"Preventing alpelisib-related hyperglycaemia in HR+/HER2-/PIK3CA-mutated advanced breast cancer using metformin (METALLICA): a multicentre, open-label, single-arm, phase 2 trial.",pmc_xml,0.007812,94.614866,0.000000,context_for_subsection,0,not_selected,pmid-38638399:CH0044
SUB011,51,pmid-34544753,34544753,PMC9762331,10.1158/2159-8290.CD-21-0072,RTK-Dependent Inducible Degradation of Mutant PI3Kα Drives GDC-0077 (Inavolisib) Efficacy.,pmc_xml,0.007752,0.000000,0.551825,global_primary_retrieved,0,not_selected,pmid-34544753:CH0013
SUB011,52,pmid-24249715,24249715,PMC3902650,10.1158/1535-7163.MCT-13-0518,Enhanced PI3K p110α signaling confers acquired lapatinib resistance that can be effectively reversed by a p110α-selective PI3K inhibitor.,pmc_xml,0.007576,0.000000,0.551203,global_primary_retrieved,0,not_selected,pmid-24249715:CH0042
SUB011,53,pmid-35712858,35712858,PMC9210085,10.1177/23247096221105249,S.U.G.A.R: A Case to Outline Tactics for the Prevention of Alpelisib-Induced Hyperglycemia.,pmc_xml,0.007407,93.853897,0.000000,global_primary_retrieved,0,not_selected,pmid-35712858:CH0004
SUB011,54,pmid-34067117,34067117,PMC8125641,10.3390/cancers13092250,IGF2 Mediates Resistance to Isoform-Selective-Inhibitors of the PI3K in HPV Positive Head and Neck Cancer.,pmc_xml,0.007407,0.000000,0.550692,global_primary_retrieved,0,not_selected,pmid-34067117:CH0037
SUB011,55,pmid-36292649,36292649,PMC9601363,10.3390/genes13101763,Alpelisib Efficacy in Hormone Receptor-Positive HER2-Negative PIK3CA-Mutant Advanced Breast Cancer Post-Everolimus Treatment.,pmc_xml,0.007353,93.776033,0.000000,global_primary_retrieved,0,not_selected,pmid-36292649:CH0010
SUB011,56,pmid-33036331,33036331,PMC7601167,10.3390/jcm9103214,CDK 4/6 Inhibition Overcomes Acquired and Inherent Resistance to PI3Kα Inhibition in Pre-Clinical Models of Head and Neck Squamous Cell Carcinoma.,pmc_xml,0.007246,0.000000,0.550242,global_primary_retrieved,0,not_selected,pmid-33036331:CH0020
SUB011,57,pmid-25877889,25877889,PMC4433148,10.1126/scitranslmed.aaa4442,PI3K inhibition results in enhanced estrogen receptor function and dependence in hormone receptor-positive breast cancer.,pmc_xml,0.007143,0.000000,0.550141,global_primary_retrieved,0,not_selected,pmid-25877889:CH0018
SUB012,1,pmid-31859350,31859350,PMC6923785,10.1093/annonc/mdz280,Biomarkers of response and resistance to PI3K inhibitors in estrogen receptor-positive breast cancer patients and combination therapies involving PI3K inhibitors.,pmc_xml,0.082986,334.840309,2.149304,global_primary_retrieved,1,top_ranked,pmid-31859350:CH0001;pmid-31859350:CH0024;pmid-31859350:CH0005
SUB012,2,pmid-32864625,32864625,PMC7450824,10.1038/s43018-020-0047-1,Alterations in PTEN and ESR1 promote clinical resistance to alpelisib plus aromatase inhibitors.,pmc_xml,0.075075,318.660457,2.097496,context_for_subsection,1,top_ranked,pmid-32864625:CH0039;pmid-32864625:CH0035;pmid-32864625:CH0036
SUB012,3,pmid-39935426,39935426,PMC11810462,10.20517/cdr.2024.169,Optimizing therapeutic approaches for HR+/HER2- advanced breast cancer: clinical perspectives on biomarkers and treatment strategies post-CDK4/6 inhibitor progression.,pmc_xml,0.071545,356.689505,2.055904,global_primary_retrieved,1,top_ranked,pmid-39935426:CH0019;pmid-39935426:CH0002;pmid-39935426:CH0022
SUB012,4,pmid-42351448,42351448,PMC13298351,10.3390/diagnostics16121790,"Post-CDK4/6 Inhibitor Therapeutic Approaches in Hormone Receptor-Positive, HER2-Negative Metastatic Breast Cancer: Current Evidence and Emerging Strategies-A Narrative Review.",pmc_xml,0.071181,330.040450,2.045226,global_primary_retrieved,1,top_ranked,pmid-42351448:CH0002;pmid-42351448:CH0001;pmid-42351448:CH0005
SUB012,5,pmid-37916958,37916958,PMC10850944,10.1158/2159-8290.CD-23-0704,Allosteric PI3Kα Inhibition Overcomes On-target Resistance to Orthosteric Inhibitors Mediated by Secondary PIK3CA Mutations.,pmc_xml,0.056034,211.972460,2.054607,context_for_subsection,1,top_ranked,pmid-37916958:CH0001;pmid-37916958:CH0002;pmid-37916958:CH0005
SUB012,6,pmid-27604488,27604488,PMC5050154,10.1158/2159-8290.CD-16-0305,Systematic Functional Characterization of Resistance to PI3K Inhibition in Breast Cancer.,pmc_xml,0.053414,100.080092,2.126419,context_for_subsection,1,top_ranked,pmid-27604488:CH0005;pmid-27604488:CH0067;pmid-27604488:CH0066
SUB012,7,pmid-36321996,36321996,PMC10011882,10.1158/1078-0432.CCR-22-2115,Biology and Targetability of the Extended Spectrum of PIK3CA Mutations Detected in Breast Carcinoma.,pmc_xml,0.050757,217.798315,1.401303,global_primary_retrieved,1,top_ranked,pmid-36321996:CH0048;pmid-36321996:CH0041;pmid-36321996:CH0049
SUB012,8,pmid-42445743,42445743,PMC13361340,10.2147/DDDT.S611371,Precision Endocrine-Based Combinations After CDK4/6 Inhibitor Progression in HR-Positive Metastatic Breast Cancer.,pmc_xml,0.047742,212.435072,1.389669,global_primary_retrieved,1,top_ranked,pmid-42445743:CH0016;pmid-42445743:CH0019;pmid-42445743:CH0004
SUB012,9,pmid-40510030,40510030,PMC12159599,10.20517/cdr.2024.181,FGFR1 overexpression promotes resistance to PI3K inhibitor alpelisib in luminal breast cancer cells through receptor tyrosine kinase signaling-mediated activation of the estrogen receptor.,pmc_xml,0.044277,306.452664,0.702340,global_primary_retrieved,1,top_ranked,pmid-40510030:CH0006;pmid-40510030:CH0010;pmid-40510030:CH0045
SUB012,10,pmid-32817061,32817061,PMC7437706,10.1136/esmoopen-2020-000890,PIK3CA mutation inhibition in hormone receptor-positive breast cancer: time has come.,pmc_xml,0.043885,119.259842,2.023291,global_primary_retrieved,1,top_ranked,pmid-32817061:CH0012;pmid-32817061:CH0011;pmid-32817061:CH0002
SUB012,11,pmid-40991650,40991650,PMC12618074,10.1172/JCI180927,USP10/GSK3β-mediated inhibition of PTEN drives resistance to PI3K inhibitors in breast cancer.,pmc_xml,0.030922,106.596091,1.346461,global_primary_retrieved,0,not_selected,pmid-40991650:CH0064;pmid-40991650:CH0012;pmid-40991650:CH0009
SUB012,12,pmid-33059733,33059733,PMC7559997,10.1186/s13046-020-01713-9,TAM family receptors in conjunction with MAPK signalling are involved in acquired resistance to PI3Kα inhibition in head and neck squamous cell carcinoma.,pmc_xml,0.030290,0.000000,2.036171,global_primary_retrieved,0,not_selected,pmid-33059733:CH0008;pmid-33059733:CH0002;pmid-33059733:CH0007
SUB012,13,pmid-27048245,27048245,PMC4820873,10.1186/s13058-016-0697-1,Activation of IGF1R/p110β/AKT/mTOR confers resistance to α-specific PI3K inhibition.,pmc_xml,0.029988,100.156220,1.360628,global_primary_retrieved,0,not_selected,pmid-27048245:CH0001;pmid-27048245:CH0041;pmid-27048245:CH0039
SUB012,14,pmid-41079023,41079023,PMC12514518,10.1016/j.eclinm.2025.103535,Efficacy and safety of systemic therapies following progression on CDK4/6 inhibitors in patients with HR+/HER2- metastatic breast cancer: a systematic review and network meta-analysis.,pmc_xml,0.027594,301.979493,0.000000,global_primary_retrieved,0,not_selected,pmid-41079023:CH0064;pmid-41079023:CH0065;pmid-41079023:CH0062
SUB012,15,pmid-41620612,41620612,PMC12964663,10.1186/s13058-025-02152-0,Sequential use of PI3K/AKT/mTOR pathway inhibitors alpelisib and everolimus in patients with hormone receptor-positive metastatic breast cancer.,pmc_xml,0.026585,221.306977,0.000000,global_primary_retrieved,0,not_selected,pmid-41620612:CH0030;pmid-41620612:CH0029
SUB012,16,pmid-37101291,37101291,PMC10131374,10.1186/s13073-023-01181-8,"Multiple PIK3CA mutation clonality correlates with outcomes in taselisib + fulvestrant-treated ER+/HER2-, PIK3CA-mutated breast cancers.",pmc_xml,0.026229,99.179763,1.338997,global_primary_retrieved,0,not_selected,pmid-37101291:CH0027;pmid-37101291:CH0005;pmid-37101291:CH0006
SUB012,17,pmid-37339176,37339176,PMC10543974,10.1158/0008-5472.CAN-23-0282,Tipifarnib Potentiates the Antitumor Effects of PI3Kα Inhibition in PIK3CA- and HRAS-Dysregulated HNSCC via Convergent Inhibition of mTOR Activity.,pmc_xml,0.020450,206.621441,0.000000,global_primary_retrieved,0,not_selected,pmid-37339176:CH0036;pmid-37339176:CH0002
SUB012,18,pmid-33947692,33947692,PMC8282678,10.1158/1078-0432.CCR-21-0047,A Phase I Study of Alpelisib in Combination with Trastuzumab and LJM716 in Patients with PIK3CA-Mutated HER2-Positive Metastatic Breast Cancer.,pmc_xml,0.020032,204.764200,0.000000,global_primary_retrieved,0,not_selected,pmid-33947692:CH0023;pmid-33947692:CH0034
SUB012,19,pmid-35968355,35968355,PMC9360227,,PI3K inhibitors in trastuzumab-resistant HER2-positive breast cancer cells with PI3K pathway alterations.,pdf,0.019222,103.348903,0.670573,global_primary_retrieved,0,not_selected,pmid-35968355:CH0025
SUB012,20,pmid-33575071,33575071,PMC7646628,10.6004/jadpro.2020.11.7.9,Alpelisib: A Novel Therapy for Patients With PIK3CA-Mutated Metastatic Breast Cancer.,pmc_xml,0.018992,202.312463,0.000000,context_for_subsection,0,not_selected,pmid-33575071:CH0036;pmid-33575071:CH0028
SUB012,21,pmid-25409150,25409150,PMC4326538,10.1038/nature13948,Convergent loss of PTEN leads to clinical resistance to a PI(3)Kα inhibitor.,pmc_xml,0.018017,98.373466,0.679248,global_primary_retrieved,0,not_selected,pmid-25409150:CH0007;pmid-25409150:CH0002
SUB012,22,pmid-32404150,32404150,PMC7222307,10.1186/s13058-020-01284-9,Frequency and spectrum of PIK3CA somatic mutations in breast cancer.,pmc_xml,0.015152,116.869169,0.000000,global_primary_retrieved,0,not_selected,pmid-32404150:CH0017
SUB012,23,pmid-34552006,34552006,,10.1158/1535-7163.MCT-20-0981,Phosphoproteomics Identifies PI3K Inhibitor-selective Adaptive Responses in Pancreatic Cancer Cell Therapy and Resistance.,pdf,0.015038,97.996905,0.659747,global_primary_retrieved,0,not_selected,pmid-34552006:CH0003;pmid-34552006:CH0037
SUB012,24,pmid-24249715,24249715,PMC3902650,10.1158/1535-7163.MCT-13-0518,Enhanced PI3K p110α signaling confers acquired lapatinib resistance that can be effectively reversed by a p110α-selective PI3K inhibitor.,pmc_xml,0.014925,0.000000,0.708474,global_primary_retrieved,0,not_selected,pmid-24249715:CH0042
SUB012,25,pmid-36579519,36579519,PMC9694420,10.3390/jpm12111793,PIK3CAMutations in Breast Cancer Subtypes Other Than HR-Positive/HER2-Negative.,pmc_xml,0.011905,0.000000,0.687596,global_primary_retrieved,0,not_selected,pmid-36579519:CH0029
SUB012,26,pmid-32782489,32782489,PMC7388095,10.1177/1758835920940939,Targeting the PI3K/Akt/mTOR pathway in estrogen-receptor positive HER2 negative advanced breast cancer.,pmc_xml,0.010989,105.879144,0.000000,context_for_subsection,0,not_selected,pmid-32782489:CH0005
SUB012,27,pmid-33976551,33976551,PMC8104980,10.2147/OTT.S298720,"Advances in Therapy for Hormone Receptor (HR)-Positive, Human Epidermal Growth Factor Receptor 2 (HER2)-Negative Advanced Breast Cancer Patients Who Have Experienced Progression After Treatment with CDK4/6 Inhibitors.",pmc_xml,0.010870,105.272544,0.000000,global_primary_retrieved,0,not_selected,pmid-33976551:CH0028
SUB012,28,pmid-34754095,34754095,PMC8810831,10.1038/s41416-021-01601-9,Sensitive and robust liquid biopsy-based detection of PIK3CA mutations in hormone-receptor-positive metastatic breast cancer patients.,pdf,0.010638,0.000000,0.680794,global_primary_retrieved,0,not_selected,pmid-34754095:CH0005
SUB012,29,pmid-40152314,40152314,PMC11950915,10.1093/oncolo/oyaf023,Dynamics of hyperglycemia of patients treated with alpelisib: exploratory interim analysis of ITACA trial.,pmc_xml,0.010204,102.813571,0.000000,global_primary_retrieved,0,not_selected,pmid-40152314:CH0023
SUB012,30,pmid-40454641,40454641,PMC13496148,10.1056/NEJMoa2501796,Overall Survival with Inavolisib in PIK3CA-Mutated Advanced Breast Cancer.,pmc_xml,0.010101,102.704019,0.000000,context_for_subsection,0,not_selected,pmid-40454641:CH0006
SUB012,31,pmid-41925922,41925922,PMC13046609,10.1007/s10549-026-07939-z,Alpelisib and Fulvestrant in PIK3CA-mutated hormone receptor-positive HER2-negative advanced breast cancer included in the German PRAEGNANT trial.,pmc_xml,0.009804,102.109171,0.000000,global_primary_retrieved,0,not_selected,pmid-41925922:CH0033
SUB012,32,pmid-33190190,33190190,PMC7854469,10.1007/s12325-020-01552-2,"Clinical Challenges in the Management of Hormone Receptor-Positive, Human Epidermal Growth Factor Receptor 2-Negative Metastatic Breast Cancer: A Literature Review.",pmc_xml,0.009709,101.791418,0.000000,global_primary_retrieved,0,not_selected,pmid-33190190:CH0003
SUB012,33,pmid-42074235,42074235,PMC13116710,10.3390/ijms27083597,SGLT2 Inhibitor Dapagliflozin Attenuates Cardiomyocyte Injury and Inflammation Induced by PI3Kα-Selective Inhibitor Alpelisib and Fulvestrant Under Hyperglycemia.,pmc_xml,0.009259,100.725562,0.000000,global_primary_retrieved,0,not_selected,pmid-42074235:CH0007
SUB012,34,pmid-37044095,37044095,PMC10140479,10.1016/j.xcrm.2023.101002,N-acetylcysteine overcomes NF1 loss-driven resistance to PI3Kα inhibition in breast cancer.,pmc_xml,0.008621,0.000000,0.670460,global_primary_retrieved,0,not_selected,pmid-37044095:CH0007
SUB012,35,pmid-40113784,40113784,PMC11926384,10.1038/s41392-025-02180-4,Targeting PI3K inhibitor resistance in breast cancer with metabolic drugs.,pmc_xml,0.008197,98.765886,0.000000,global_primary_retrieved,0,not_selected,pmid-40113784:CH0094
SUB012,36,pmid-29895527,29895527,PMC7439002,10.1530/ERC-18-0159,The role of GSK3 and its reversal with GSK3 antagonism in everolimus resistance.,pmc_xml,0.007937,98.442123,0.000000,global_primary_retrieved,0,not_selected,pmid-29895527:CH0010
SUB012,37,pmid-33036331,33036331,PMC7601167,10.3390/jcm9103214,CDK 4/6 Inhibition Overcomes Acquired and Inherent Resistance to PI3Kα Inhibition in Pre-Clinical Models of Head and Neck Squamous Cell Carcinoma.,pmc_xml,0.007874,98.385947,0.000000,global_primary_retrieved,0,not_selected,pmid-33036331:CH0001
SUB012,38,pmid-34012367,34012367,PMC8114069,10.1159/000514794,First Experiences with Alpelisib in Clinical Routine: Case Reports from a German Breast Center.,pdf,0.007874,0.000000,0.663261,global_primary_retrieved,0,not_selected,pmid-34012367:CH0005
SUB012,39,pmid-33668685,33668685,PMC7918312,10.3390/ijms22041882,"PRKAR1B-AS2 Long Noncoding RNA Promotes Tumorigenesis, Survival, and Chemoresistance via the PI3K/AKT/mTOR Pathway.",pmc_xml,0.007752,98.212303,0.000000,global_primary_retrieved,0,not_selected,pmid-33668685:CH0008
SUB012,40,pmid-25877889,25877889,PMC4433148,10.1126/scitranslmed.aaa4442,PI3K inhibition results in enhanced estrogen receptor function and dependence in hormone receptor-positive breast cancer.,pmc_xml,0.007634,98.026554,0.000000,global_primary_retrieved,0,not_selected,pmid-25877889:CH0005
SUB012,41,pmid-32869930,32869930,PMC7648336,10.1634/theoncologist.2020-0449,Biomarkers in Breast Cancer: An Integrated Analysis of Comprehensive Genomic Profiling and PD-L1 Immunohistochemistry Biomarkers in 312 Patients with Breast Cancer.,pdf,0.007576,0.000000,0.660021,global_primary_retrieved,0,not_selected,pmid-32869930:CH0005
SUB012,42,pmid-31852484,31852484,PMC6921513,10.1186/s13058-019-1230-0,Elacestrant (RAD1901) exhibits anti-tumor activity in multiple ER+ breast cancer models resistant to CDK4/6 inhibitors.,pmc_xml,0.007353,0.000000,0.659138,global_primary_retrieved,0,not_selected,pmid-31852484:CH0030
SUB012,43,pmid-23903756,23903756,PMC3935768,10.1126/scitranslmed.3005747,mTORC1 inhibition is required for sensitivity to PI3K p110α inhibitors in PIK3CA-mutant breast cancer.,pmc_xml,0.007194,96.248311,0.000000,global_primary_retrieved,0,not_selected,pmid-23903756:CH0002
SUB012,44,pmid-41681940,41681940,PMC12896634,10.3390/cancers18030468,Comparison Between Alpelisib Plus Endocrine Therapy and Everolimus Plus Endocrine Therapy After CDK4/6 Inhibitors Progression in Patients with PIK3CA-Mutant Metastatic Breast Cancer: A Single-Center Retrospective Study.,pmc_xml,0.007143,96.246775,0.000000,global_primary_retrieved,0,not_selected,pmid-41681940:CH0017
