subsection_id,paper_rank,paper_id,pmid,pmcid,doi,title,source_format,hybrid_score,lexical_score,semantic_score,evidence_role_hint,selected_for_packet,selection_reason,top_chunk_uids
SUB001,1,pmid-37916958,37916958,PMC10850944,10.1158/2159-8290.CD-23-0704,Allosteric PI3Kα Inhibition Overcomes On-target Resistance to Orthosteric Inhibitors Mediated by Secondary PIK3CA Mutations.,pmc_xml,0.066152,305.574241,2.225192,context_for_subsection,1,top_ranked,pmid-37916958:CH0003;pmid-37916958:CH0001;pmid-37916958:CH0035
SUB001,2,pmid-41967638,41967638,,10.1016/j.annonc.2026.04.003,Genomic determinants of response to alpelisib plus fulvestrant in the SOLAR-1 trial.,pdf,0.065184,343.290569,0.000000,primary_for_subsection,1,top_ranked,pmid-41967638:CH0030;pmid-41967638:CH0016;pmid-41967638:CH0031
SUB001,3,pmid-37101291,37101291,PMC10131374,10.1186/s13073-023-01181-8,"Multiple PIK3CA mutation clonality correlates with outcomes in taselisib + fulvestrant-treated ER+/HER2-, PIK3CA-mutated breast cancers.",pmc_xml,0.058971,0.000000,2.230417,primary_for_subsection,1,top_ranked,pmid-37101291:CH0006;pmid-37101291:CH0027;pmid-37101291:CH0005
SUB001,4,pmid-27048245,27048245,PMC4820873,10.1186/s13058-016-0697-1,Activation of IGF1R/p110β/AKT/mTOR confers resistance to α-specific PI3K inhibition.,pmc_xml,0.047532,102.202329,2.224904,global_primary_retrieved,1,top_ranked,pmid-27048245:CH0039;pmid-27048245:CH0041;pmid-27048245:CH0001
SUB001,5,pmid-32929011,32929011,PMC7533832,10.1073/pnas.2000060117,PIK3CA C-terminal frameshift mutations are novel oncogenic events that sensitize tumors to PI3K-α inhibition.,pdf,0.046023,0.000000,2.163725,primary_for_subsection,1,top_ranked,pmid-32929011:CH0020;pmid-32929011:CH0027;pmid-32929011:CH0017
SUB001,6,pmid-35138919,35138919,PMC8865530,10.1200/PO.21.00424,Phase II Study of Taselisib in PIK3CA-Mutated Solid Tumors Other Than Breast and Squamous Lung Cancer: Results From the NCI-MATCH ECOG-ACRIN Trial (EAY131) Subprotocol I.,pdf,0.041989,103.320039,0.733976,primary_for_subsection,1,top_ranked,pmid-35138919:CH0030
SUB001,7,pmid-32864625,32864625,PMC7450824,10.1038/s43018-020-0047-1,Alterations in PTEN and ESR1 promote clinical resistance to alpelisib plus aromatase inhibitors.,pmc_xml,0.041556,205.559368,1.460608,global_primary_retrieved,1,top_ranked,pmid-32864625:CH0033;pmid-32864625:CH0004;pmid-32864625:CH0031
SUB001,8,pmid-27604488,27604488,PMC5050154,10.1158/2159-8290.CD-16-0305,Systematic Functional Characterization of Resistance to PI3K Inhibition in Breast Cancer.,pmc_xml,0.041164,108.945897,1.500773,context_for_subsection,1,top_ranked,pmid-27604488:CH0005;pmid-27604488:CH0067;pmid-27604488:CH0059
SUB001,9,pmid-24608574,24608574,,10.1158/1535-7163.MCT-13-0865,Characterization of the novel and specific PI3Kα inhibitor NVP-BYL719 and development of the patient stratification strategy for clinical trials.,pdf,0.039061,225.370390,0.735719,global_primary_retrieved,1,top_ranked,pmid-24608574:CH0042;pmid-24608574:CH0034;pmid-24608574:CH0002
SUB001,10,pmid-35771551,35771551,,10.1158/2159-8290.CD-21-1696,"Alpelisib Monotherapy for PI3K-Altered, Pretreated Advanced Breast Cancer: A Phase II Study.",pdf,0.036410,318.800045,0.000000,global_primary_retrieved,1,top_ranked,pmid-35771551:CH0045;pmid-35771551:CH0036;pmid-35771551:CH0042
SUB001,11,pmid-33168657,33168657,PMC8535764,10.1158/1078-0432.CCR-20-3652,"FDA Approval Summary: Alpelisib Plus Fulvestrant for Patients with HR-positive, HER2-negative, PIK3CA-mutated, Advanced or Metastatic Breast Cancer.",pmc_xml,0.036299,197.110137,0.000000,primary_for_subsection,1,stage4_primary_force_included,pmid-33168657:CH0027;pmid-33168657:CH0013
SUB001,12,pmid-40360883,40360883,PMC12304390,10.1038/s41416-025-03035-z,"Multi-node inhibition targeting mTORC1, mTORC2 and PI3Kα potently inhibits the PI3K/AKT/mTOR pathway in endometrial and breast cancer models.",pmc_xml,0.036090,0.000000,2.217766,global_primary_retrieved,0,not_selected,pmid-40360883:CH0053;pmid-40360883:CH0010;pmid-40360883:CH0005
SUB001,13,pmid-33794206,33794206,,10.1016/S1470-2045(21)00034-6,"Alpelisib plus fulvestrant in PIK3CA-mutated, hormone receptor-positive advanced breast cancer after a CDK4/6 inhibitor (BYLieve): one cohort of a phase 2, multicentre, open-label, non-comparative study.",pdf,0.035873,121.279347,0.000000,primary_for_subsection,1,stage4_primary_force_included,pmid-33794206:CH0014
SUB001,14,pmid-39637900,39637900,,10.1016/S1470-2045(24)00673-9,"Alpelisib plus fulvestrant in PIK3CA-mutated, hormone receptor-positive advanced breast cancer after a CDK4/6 inhibitor (BYLieve): one cohort of a phase 2, multicentre, open-label, non-comparative study.",pdf,0.035625,121.279347,0.000000,primary_for_subsection,1,stage4_primary_force_included,pmid-39637900:CH0014
SUB001,15,pmid-40991650,40991650,PMC12618074,10.1172/JCI180927,USP10/GSK3β-mediated inhibition of PTEN drives resistance to PI3K inhibitors in breast cancer.,pmc_xml,0.035263,0.000000,2.211526,global_primary_retrieved,0,not_selected,pmid-40991650:CH0064;pmid-40991650:CH0009;pmid-40991650:CH0001
SUB001,16,pmid-30237504,30237504,PMC6148236,10.1038/s41419-018-1025-8,IGF1R upregulation confers resistance to isoform-specific inhibitors of PI3K in PIK3CA-driven ovarian cancer.,pmc_xml,0.034764,299.586235,0.719111,global_primary_retrieved,0,not_selected,pmid-30237504:CH0001;pmid-30237504:CH0037;pmid-30237504:CH0005
SUB001,17,pmid-33602685,33602685,PMC8282704,10.1158/1078-0432.CCR-20-4879,Clinical and Biomarker Results from Phase I/II Study of PI3K Inhibitor Alpelisib plus Nab-paclitaxel in HER2-Negative Metastatic Breast Cancer.,pmc_xml,0.034286,110.357800,0.000000,primary_for_subsection,1,stage4_primary_force_included,pmid-33602685:CH0018
SUB001,18,pmid-21278786,21278786,PMC3107390,10.1038/onc.2010.626,PI3K inhibition results in enhanced HER signaling and acquired ERK dependency in HER2-overexpressing breast cancer.,pmc_xml,0.033340,312.976847,0.000000,global_primary_retrieved,0,not_selected,pmid-21278786:CH0041;pmid-21278786:CH0042;pmid-21278786:CH0040
SUB001,19,pmid-26640141,26640141,PMC4896860,10.1038/onc.2015.377,PIK3CA(H1047R)- and Her2-initiated mammary tumors escape PI3K dependency by compensatory activation of MEK-ERK signaling.,pmc_xml,0.032454,109.713189,1.447717,global_primary_retrieved,0,not_selected,pmid-26640141:CH0035;pmid-26640141:CH0006;pmid-26640141:CH0009
SUB001,20,pmid-33685991,33685991,PMC8137641,10.1158/0008-5472.CAN-20-3232,Genomic Alterations in PIK3CA-Mutated Breast Cancer Result in mTORC1 Activation and Limit the Sensitivity to PI3Kα Inhibitors.,pmc_xml,0.032319,0.000000,2.197875,context_for_subsection,0,not_selected,pmid-33685991:CH0006;pmid-33685991:CH0002;pmid-33685991:CH0005
SUB001,21,pmid-31091374,31091374,,10.1056/NEJMoa1813904,"Alpelisib for PIK3CA-Mutated, Hormone Receptor-Positive Advanced Breast Cancer.",pdf,0.031905,106.540103,0.000000,primary_for_subsection,1,stage4_primary_force_included,pmid-31091374:CH0030
SUB001,22,pmid-25409150,25409150,PMC4326538,10.1038/nature13948,Convergent loss of PTEN leads to clinical resistance to a PI(3)Kα inhibitor.,pmc_xml,0.031158,0.000000,2.190989,global_primary_retrieved,0,not_selected,pmid-25409150:CH0007;pmid-25409150:CH0014;pmid-25409150:CH0004
SUB001,23,pmid-25873175,25873175,PMC4398915,10.1016/j.ccell.2015.03.010,AXL mediates resistance to PI3Kα inhibition by activating the EGFR/PKC/mTOR axis in head and neck and esophageal squamous cell carcinomas.,pmc_xml,0.030964,315.636044,0.000000,global_primary_retrieved,0,not_selected,pmid-25873175:CH0005;pmid-25873175:CH0038;pmid-25873175:CH0041
SUB001,24,pmid-32976773,32976773,PMC7562820,10.1016/j.ccell.2020.08.016,Metabolic Imaging Detects Resistance to PI3Kα Inhibition Mediated by Persistent FOXM1 Expression in ER+ Breast Cancer.,pmc_xml,0.030751,205.169636,0.730137,context_for_subsection,0,not_selected,pmid-32976773:CH0036;pmid-32976773:CH0004;pmid-32976773:CH0080
SUB001,25,pmid-35311394,35311394,,10.1177/03008916211073621,"BYL719 (alpelisib) for the treatment of PIK3CA-mutated, recurrent/advanced cervical cancer.",pdf,0.030204,102.493963,0.000000,primary_for_subsection,1,stage4_primary_force_included,pmid-35311394:CH0013
SUB001,26,pmid-40382983,40382983,,10.1016/j.drup.2025.101251,MicroRNA-mediated PTEN downregulation as a novel non-genetic mechanism of acquired resistance to PI3Kα inhibitors of head & neck squamous cell carcinoma.,pdf,0.029147,207.178891,0.715938,global_primary_retrieved,0,not_selected,pmid-40382983:CH0038;pmid-40382983:CH0006;pmid-40382983:CH0001
SUB001,27,pmid-31594766,31594766,,10.1158/2159-8290.CD-18-0830,PTEN Loss Mediates Clinical Cross-Resistance to CDK4/6 and PI3Kα Inhibitors in Breast Cancer.,pdf,0.028205,107.573170,0.756452,global_primary_retrieved,0,not_selected,pmid-31594766:CH0044
SUB001,28,pmid-38273040,38273040,PMC10810864,10.1038/s41698-024-00496-y,Integrative modeling uncovers p21-driven drug resistance and prioritizes therapies for PIK3CA-mutant breast cancer.,pmc_xml,0.028142,0.000000,2.174833,global_primary_retrieved,0,not_selected,pmid-38273040:CH0008;pmid-38273040:CH0029;pmid-38273040:CH0009
SUB001,29,pmid-33246021,33246021,,10.1016/j.annonc.2020.11.011,"Alpelisib plus fulvestrant for PIK3CA-mutated, hormone receptor-positive, human epidermal growth factor receptor-2-negative advanced breast cancer: final overall survival results from SOLAR-1.",pdf,0.027519,0.000000,0.715353,primary_for_subsection,1,stage4_primary_force_included,pmid-33246021:CH0004
SUB001,30,pmid-24351425,24351425,PMC3974833,10.4161/cbt.27311,ERK2-dependent reactivation of Akt mediates the limited response of tumor cells with constitutive K-RAS activity to PI3K inhibition.,pdf,0.026455,300.204331,0.000000,global_primary_retrieved,0,not_selected,pmid-24351425:CH0038;pmid-24351425:CH0007;pmid-24351425:CH0037
SUB001,31,pmid-33947692,33947692,PMC8282678,10.1158/1078-0432.CCR-21-0047,A Phase I Study of Alpelisib in Combination with Trastuzumab and LJM716 in Patients with PIK3CA-Mutated HER2-Positive Metastatic Breast Cancer.,pmc_xml,0.026420,217.462875,0.000000,global_primary_retrieved,0,not_selected,pmid-33947692:CH0023;pmid-33947692:CH0034
SUB001,32,pmid-42373848,42373848,,10.1038/s41598-026-57970-9,A phase II study of alpelisib and capecitabine in patients with previously treated metastatic colorectal cancer (KCSG-CO21-04).,pdf,0.025845,100.762813,1.440389,global_primary_retrieved,0,not_selected,pmid-42373848:CH0010;pmid-42373848:CH0004
SUB001,33,pmid-35100734,35100734,,10.1200/PO.19.00221,"Combined PIK3CA and FGFR Inhibition With Alpelisib and Infigratinib in Patients With PIK3CA-Mutant Solid Tumors, With or Without FGFR Alterations.",pdf,0.025533,297.661055,0.000000,global_primary_retrieved,0,not_selected,pmid-35100734:CH0028;pmid-35100734:CH0029;pmid-35100734:CH0023
SUB001,34,pmid-29850984,29850984,,10.1007/s10549-018-4792-0,Phase I study of alpelisib (BYL-719) and trastuzumab emtansine (T-DM1) in HER2-positive metastatic breast cancer (MBC) after trastuzumab and taxane therapy.,pdf,0.024537,97.315103,1.439634,global_primary_retrieved,0,not_selected,pmid-29850984:CH0023;pmid-29850984:CH0006
SUB001,35,pmid-37623743,37623743,PMC10618743,10.1158/2159-8290.CD-23-0396,"STX-478, a Mutant-Selective, Allosteric PI3Kα Inhibitor Spares Metabolic Dysfunction and Improves Therapeutic Response in PI3Kα-Mutant Xenografts.",pmc_xml,0.023296,210.655733,0.000000,global_primary_retrieved,0,not_selected,pmid-37623743:CH0050;pmid-37623743:CH0006
SUB001,36,pmid-35365185,35365185,PMC8974145,10.1186/s13058-022-01521-3,Targeting SHP2 phosphatase in breast cancer overcomes RTK-mediated resistance to PI3K inhibitors.,pmc_xml,0.022550,98.928707,0.753401,global_primary_retrieved,0,not_selected,pmid-35365185:CH0010;pmid-35365185:CH0053
SUB001,37,pmid-37044095,37044095,PMC10140479,10.1016/j.xcrm.2023.101002,N-acetylcysteine overcomes NF1 loss-driven resistance to PI3Kα inhibition in breast cancer.,pmc_xml,0.021719,0.000000,1.463342,context_for_subsection,0,not_selected,pmid-37044095:CH0007;pmid-37044095:CH0006
SUB001,38,pmid-25528022,25528022,,10.1007/s10549-014-3239-5,A preclinical evaluation of the PI3K alpha/delta dominant inhibitor BAY 80-6946 in HER2-positive breast cancer models with acquired resistance to the HER2-targeted therapies trastuzumab and lapatinib.,pdf,0.021072,208.215669,0.000000,global_primary_retrieved,0,not_selected,pmid-25528022:CH0019;pmid-25528022:CH0026
SUB001,39,pmid-33909934,33909934,PMC8265362,10.1002/onco.13804,"Effectiveness of Alpelisib + Fulvestrant Compared with Real-World Standard Treatment Among Patients with HR+, HER2-, PIK3CA-Mutated Breast Cancer.",pmc_xml,0.020000,0.000000,0.000000,primary_for_subsection,1,stage4_primary_recall_added_no_query_hit,pmid-33909934:CH0001;pmid-33909934:CH0002;pmid-33909934:CH0003
SUB001,40,pmid-36611120,36611120,,10.1038/s41388-022-02585-3,Alpelisib and fulvestrant in PIK3CA-mutated hormone receptor-positive HER2-negative advanced breast cancer included in the French early access program.,pdf,0.020000,0.000000,0.000000,primary_for_subsection,1,stage4_primary_recall_added_no_query_hit,pmid-36611120:CH0001;pmid-36611120:CH0002;pmid-36611120:CH0003
SUB001,41,pmid-35968355,35968355,PMC9360227,,PI3K inhibitors in trastuzumab-resistant HER2-positive breast cancer cells with PI3K pathway alterations.,pdf,0.019338,106.581257,0.713373,global_primary_retrieved,0,not_selected,pmid-35968355:CH0024;pmid-35968355:CH0025
SUB001,42,pmid-40536266,40536266,PMC12204390,10.1093/oncolo/oyaf126,Prolonged response to PIK3CA inhibition in an advanced hormone-positive breast cancer patient with 3 mutations in the alpha subunit of PI-3 kinase.,pmc_xml,0.018951,202.171870,0.000000,global_primary_retrieved,0,not_selected,pmid-40536266:CH0015;pmid-40536266:CH0009
SUB001,43,pmid-29401002,29401002,PMC5920739,10.1200/JCO.2017.72.7107,Phosphatidylinositol 3-Kinase α-Selective Inhibition With Alpelisib (BYL719) in PIK3CA-Altered Solid Tumors: Results From the First-in-Human Study.,pdf,0.018376,0.000000,1.448065,global_primary_retrieved,0,not_selected,pmid-29401002:CH0035;pmid-29401002:CH0033
SUB001,44,pmid-31439579,31439579,,10.1158/1078-0432.CCR-19-0508,"POSEIDON Trial Phase 1b Results: Safety, Efficacy and Circulating Tumor DNA Response of the Beta Isoform-Sparing PI3K Inhibitor Taselisib (GDC-0032) Combined with Tamoxifen in Hormone Receptor Positive Metastatic Breast Cancer Patients.",pdf,0.017048,101.084436,0.717290,global_primary_retrieved,0,not_selected,pmid-31439579:CH0029;pmid-31439579:CH0032
SUB001,45,pmid-34552006,34552006,,10.1158/1535-7163.MCT-20-0981,Phosphoproteomics Identifies PI3K Inhibitor-selective Adaptive Responses in Pancreatic Cancer Cell Therapy and Resistance.,pdf,0.016598,0.000000,1.438013,global_primary_retrieved,0,not_selected,pmid-34552006:CH0037;pmid-34552006:CH0006
SUB001,46,pmid-42202490,42202490,PMC13235453,10.1016/j.esmoop.2026.107735,"Safety analyses of the INAVO120 randomised phase III trial of inavolisib or placebo with palbociclib-fulvestrant in patients with PIK3CA-mutated, hormone receptor-positive, HER2-negative, endocrine-resistant advanced breast cancer.",pmc_xml,0.015393,194.975738,0.000000,global_primary_retrieved,0,not_selected,pmid-42202490:CH0055;pmid-42202490:CH0021
SUB001,47,pmid-33024087,33024087,PMC7538592,10.1038/s41419-020-03037-0,CD44/HA signaling mediates acquired resistance to a PI3Kα inhibitor.,pmc_xml,0.015152,116.466474,0.000000,context_for_subsection,0,not_selected,pmid-33024087:CH0056
SUB001,48,pmid-38986734,38986734,,10.1016/j.canlet.2024.217112,PI3K PROTAC overcomes the lapatinib resistance in PIK3CA-mutant HER2 positive breast cancer.,pdf,0.015152,0.000000,0.754249,global_primary_retrieved,0,not_selected,pmid-38986734:CH0035
SUB001,49,pmid-40454641,40454641,PMC13496148,10.1056/NEJMoa2501796,Overall Survival with Inavolisib in PIK3CA-Mutated Advanced Breast Cancer.,pmc_xml,0.013158,0.000000,0.744264,global_primary_retrieved,0,not_selected,pmid-40454641:CH0006
SUB001,50,pmid-40845250,40845250,,10.1200/JCO-25-00663,"US Food and Drug Administration Approval Summary: Inavolisib With Palbociclib and Fulvestrant for Endocrine-Resistant, PIK3CA-Mutated, Hormone Receptor-Positive, Human Epidermal Growth Factor Receptor 2-Negative, Locally Advanced or Metastatic Breast Cancer.",pdf,0.012346,106.788734,0.000000,global_primary_retrieved,0,not_selected,pmid-40845250:CH0045
SUB001,51,pmid-33606974,33606974,PMC8384339,10.1016/j.molcel.2021.01.033,Regulation of PTEN translation by PI3K signaling maintains pathway homeostasis.,pmc_xml,0.011364,0.000000,0.734018,global_primary_retrieved,0,not_selected,pmid-33606974:CH0005
SUB001,52,pmid-36805958,36805958,PMC12440294,10.1158/1535-7163.MCT-21-0667,Tumor and Stromal Cell Targeting with Nintedanib and Alpelisib Overcomes Intrinsic Bladder Cancer Resistance.,pmc_xml,0.011236,105.174641,0.000000,global_primary_retrieved,0,not_selected,pmid-36805958:CH0042
SUB001,53,pmid-38286037,38286037,PMC11627550,10.1016/j.biopha.2024.116217,β1 integrin mediates unresponsiveness to PI3Kα inhibition for radiochemosensitization of 3D HNSCC models.,pmc_xml,0.010638,0.000000,0.731627,context_for_subsection,0,not_selected,pmid-38286037:CH0027
SUB001,54,pmid-24405121,24405121,,10.1111/bjh.12734,"PI3KCA plays a major role in multiple myeloma and its inhibition with BYL719 decreases proliferation, synergizes with other therapies and overcomes stroma-induced resistance.",pdf,0.010526,102.734069,0.000000,global_primary_retrieved,0,not_selected,pmid-24405121:CH0022
SUB001,55,pmid-30167089,30167089,PMC6114962,10.18632/oncotarget.25854,"A Phase Ib, open-label, dose-finding study of alpelisib in combination with paclitaxel in patients with advanced solid tumors.",pmc_xml,0.009524,101.658780,0.000000,global_primary_retrieved,0,not_selected,pmid-30167089:CH0019
SUB001,56,pmid-24895459,24895459,,10.1158/1078-0432.CCR-13-3377,Cotargeting of epidermal growth factor receptor and PI3K overcomes PI3K-Akt oncogenic dependence in pancreatic ductal adenocarcinoma.,pdf,0.009434,101.607418,0.000000,global_primary_retrieved,0,not_selected,pmid-24895459:CH0019
SUB001,57,pmid-37493631,37493631,PMC10811747,10.1158/1541-7786.MCR-23-0034,CBF-Beta Mitigates PI3K-Alpha-Specific Inhibitor Killing through PIM1 in PIK3CA-Mutant Gastric Cancer.,pmc_xml,0.008850,0.000000,0.722753,context_for_subsection,0,not_selected,pmid-37493631:CH0008
SUB001,58,pmid-26500061,26500061,PMC4846581,10.1038/onc.2015.406,"PI3K-p110α mediates resistance to HER2-targeted therapy in HER2+, PTEN-deficient breast cancers.",pmc_xml,0.008403,98.997221,0.000000,global_primary_retrieved,0,not_selected,pmid-26500061:CH0025
SUB001,59,pmid-36892268,36892268,PMC10552898,10.1002/1878-0261.13416,"ER+, HER2- advanced breast cancer treated with taselisib and fulvestrant: genomic landscape and associated clinical outcomes.",pmc_xml,0.008333,98.983354,0.000000,global_primary_retrieved,0,not_selected,pmid-36892268:CH0020
SUB002,1,pmid-31091374,31091374,,10.1056/NEJMoa1813904,"Alpelisib for PIK3CA-Mutated, Hormone Receptor-Positive Advanced Breast Cancer.",pdf,0.096948,318.110309,2.281803,primary_for_subsection,1,top_ranked,pmid-31091374:CH0030;pmid-31091374:CH0033;pmid-31091374:CH0024
SUB002,2,pmid-41967638,41967638,,10.1016/j.annonc.2026.04.003,Genomic determinants of response to alpelisib plus fulvestrant in the SOLAR-1 trial.,pdf,0.095649,317.557512,2.267227,primary_for_subsection,1,top_ranked,pmid-41967638:CH0007;pmid-41967638:CH0030;pmid-41967638:CH0001
SUB002,3,pmid-32864625,32864625,PMC7450824,10.1038/s43018-020-0047-1,Alterations in PTEN and ESR1 promote clinical resistance to alpelisib plus aromatase inhibitors.,pmc_xml,0.078232,108.315024,2.332938,primary_for_subsection,1,top_ranked,pmid-32864625:CH0032;pmid-32864625:CH0001;pmid-32864625:CH0005
SUB002,4,pmid-35771551,35771551,,10.1158/2159-8290.CD-21-1696,"Alpelisib Monotherapy for PI3K-Altered, Pretreated Advanced Breast Cancer: A Phase II Study.",pdf,0.076047,322.591041,2.256556,global_primary_retrieved,1,top_ranked,pmid-35771551:CH0006;pmid-35771551:CH0007;pmid-35771551:CH0045
SUB002,5,pmid-33246021,33246021,,10.1016/j.annonc.2020.11.011,"Alpelisib plus fulvestrant for PIK3CA-mutated, hormone receptor-positive, human epidermal growth factor receptor-2-negative advanced breast cancer: final overall survival results from SOLAR-1.",pdf,0.072304,192.042335,2.264576,primary_for_subsection,1,top_ranked,pmid-33246021:CH0001;pmid-33246021:CH0023;pmid-33246021:CH0004
SUB002,6,pmid-39637900,39637900,,10.1016/S1470-2045(24)00673-9,"Alpelisib plus fulvestrant in PIK3CA-mutated, hormone receptor-positive advanced breast cancer after a CDK4/6 inhibitor (BYLieve): one cohort of a phase 2, multicentre, open-label, non-comparative study.",pdf,0.064454,322.292232,0.725257,primary_for_subsection,1,top_ranked,pmid-39637900:CH0011;pmid-39637900:CH0014;pmid-39637900:CH0016
SUB002,7,pmid-29850984,29850984,,10.1007/s10549-018-4792-0,Phase I study of alpelisib (BYL-719) and trastuzumab emtansine (T-DM1) in HER2-positive metastatic breast cancer (MBC) after trastuzumab and taxane therapy.,pdf,0.060550,203.390493,1.467904,primary_for_subsection,1,top_ranked,pmid-29850984:CH0023;pmid-29850984:CH0001;pmid-29850984:CH0020
SUB002,8,pmid-33602685,33602685,PMC8282704,10.1158/1078-0432.CCR-20-4879,Clinical and Biomarker Results from Phase I/II Study of PI3K Inhibitor Alpelisib plus Nab-paclitaxel in HER2-Negative Metastatic Breast Cancer.,pmc_xml,0.059737,99.748258,1.562197,primary_for_subsection,1,top_ranked,pmid-33602685:CH0017;pmid-33602685:CH0005;pmid-33602685:CH0006
SUB002,9,pmid-40536266,40536266,PMC12204390,10.1093/oncolo/oyaf126,Prolonged response to PIK3CA inhibition in an advanced hormone-positive breast cancer patient with 3 mutations in the alpha subunit of PI-3 kinase.,pmc_xml,0.053166,309.048267,0.000000,primary_for_subsection,1,top_ranked,pmid-40536266:CH0002;pmid-40536266:CH0011;pmid-40536266:CH0014
SUB002,10,pmid-37916958,37916958,PMC10850944,10.1158/2159-8290.CD-23-0704,Allosteric PI3Kα Inhibition Overcomes On-target Resistance to Orthosteric Inhibitors Mediated by Secondary PIK3CA Mutations.,pmc_xml,0.051705,100.625335,1.480285,primary_for_subsection,1,top_ranked,pmid-37916958:CH0005;pmid-37916958:CH0001;pmid-37916958:CH0035
SUB002,11,pmid-39177931,39177931,PMC11452482,10.1007/s10549-024-07405-8,SGLT2 inhibition improves PI3Kα inhibitor-induced hyperglycemia: findings from preclinical animal models and from patients in the BYLieve and SOLAR-1 trials.,pmc_xml,0.050881,209.014569,0.725161,primary_for_subsection,1,stage4_primary_force_included,pmid-39177931:CH0005;pmid-39177931:CH0001
SUB002,12,pmid-33909934,33909934,PMC8265362,10.1002/onco.13804,"Effectiveness of Alpelisib + Fulvestrant Compared with Real-World Standard Treatment Among Patients with HR+, HER2-, PIK3CA-Mutated Breast Cancer.",pmc_xml,0.050760,97.017672,1.488248,primary_for_subsection,1,stage4_primary_force_included,pmid-33909934:CH0006;pmid-33909934:CH0004;pmid-33909934:CH0002
SUB002,13,pmid-33947692,33947692,PMC8282678,10.1158/1078-0432.CCR-21-0047,A Phase I Study of Alpelisib in Combination with Trastuzumab and LJM716 in Patients with PIK3CA-Mutated HER2-Positive Metastatic Breast Cancer.,pmc_xml,0.049271,102.210328,1.462067,primary_for_subsection,1,stage4_primary_force_included,pmid-33947692:CH0032;pmid-33947692:CH0023;pmid-33947692:CH0034
SUB002,14,pmid-40454641,40454641,PMC13496148,10.1056/NEJMoa2501796,Overall Survival with Inavolisib in PIK3CA-Mutated Advanced Breast Cancer.,pmc_xml,0.048146,310.548720,1.443928,global_primary_retrieved,0,not_selected,pmid-40454641:CH0027;pmid-40454641:CH0031;pmid-40454641:CH0036
SUB002,15,pmid-33794206,33794206,,10.1016/S1470-2045(21)00034-6,"Alpelisib plus fulvestrant in PIK3CA-mutated, hormone receptor-positive advanced breast cancer after a CDK4/6 inhibitor (BYLieve): one cohort of a phase 2, multicentre, open-label, non-comparative study.",pdf,0.044847,322.292232,0.725257,global_primary_retrieved,0,not_selected,pmid-33794206:CH0011;pmid-33794206:CH0014;pmid-33794206:CH0016
SUB002,16,pmid-25873175,25873175,PMC4398915,10.1016/j.ccell.2015.03.010,AXL mediates resistance to PI3Kα inhibition by activating the EGFR/PKC/mTOR axis in head and neck and esophageal squamous cell carcinomas.,pmc_xml,0.042750,336.351099,0.000000,global_primary_retrieved,0,not_selected,pmid-25873175:CH0005;pmid-25873175:CH0002;pmid-25873175:CH0041
SUB002,17,pmid-32976773,32976773,PMC7562820,10.1016/j.ccell.2020.08.016,Metabolic Imaging Detects Resistance to PI3Kα Inhibition Mediated by Persistent FOXM1 Expression in ER+ Breast Cancer.,pmc_xml,0.042364,335.518210,0.000000,context_for_subsection,0,not_selected,pmid-32976773:CH0080;pmid-32976773:CH0004;pmid-32976773:CH0081
SUB002,18,pmid-30167089,30167089,PMC6114962,10.18632/oncotarget.25854,"A Phase Ib, open-label, dose-finding study of alpelisib in combination with paclitaxel in patients with advanced solid tumors.",pmc_xml,0.039440,0.000000,1.466996,primary_for_subsection,1,stage4_primary_force_included,pmid-30167089:CH0006;pmid-30167089:CH0023
SUB002,19,pmid-36611120,36611120,,10.1038/s41388-022-02585-3,Alpelisib and fulvestrant in PIK3CA-mutated hormone receptor-positive HER2-negative advanced breast cancer included in the French early access program.,pdf,0.037435,318.212241,0.000000,global_primary_retrieved,0,not_selected,pmid-36611120:CH0005;pmid-36611120:CH0016;pmid-36611120:CH0020
SUB002,20,pmid-29401002,29401002,PMC5920739,10.1200/JCO.2017.72.7107,Phosphatidylinositol 3-Kinase α-Selective Inhibition With Alpelisib (BYL719) in PIK3CA-Altered Solid Tumors: Results From the First-in-Human Study.,pdf,0.037068,0.000000,1.454384,primary_for_subsection,1,stage4_primary_force_included,pmid-29401002:CH0006;pmid-29401002:CH0027
SUB002,21,pmid-32887722,32887722,,10.1158/1078-0432.CCR-20-0645,Phase Ib Study of Ribociclib plus Fulvestrant and Ribociclib plus Fulvestrant plus PI3K Inhibitor (Alpelisib or Buparlisib) for HR+ Advanced Breast Cancer.,pdf,0.030790,192.922098,0.768991,global_primary_retrieved,0,not_selected,pmid-32887722:CH0007;pmid-32887722:CH0004;pmid-32887722:CH0005
SUB002,22,pmid-36923283,36923283,PMC10010328,10.1158/2767-9764.CRC-22-0028,A Phase IB Trial of the PI3K Inhibitor Alpelisib and Weekly Cisplatin in Patients with Solid Tumor Malignancies.,pmc_xml,0.030638,0.000000,0.737425,primary_for_subsection,1,stage4_primary_force_included,pmid-36923283:CH0005
SUB002,23,pmid-35100734,35100734,,10.1200/PO.19.00221,"Combined PIK3CA and FGFR Inhibition With Alpelisib and Infigratinib in Patients With PIK3CA-Mutant Solid Tumors, With or Without FGFR Alterations.",pdf,0.029615,0.000000,0.732876,primary_for_subsection,1,stage4_primary_force_included,pmid-35100734:CH0009
SUB002,24,pmid-27048245,27048245,PMC4820873,10.1186/s13058-016-0697-1,Activation of IGF1R/p110β/AKT/mTOR confers resistance to α-specific PI3K inhibition.,pmc_xml,0.024690,192.141246,0.726623,global_primary_retrieved,0,not_selected,pmid-27048245:CH0039;pmid-27048245:CH0045;pmid-27048245:CH0038
SUB002,25,pmid-33168657,33168657,PMC8535764,10.1158/1078-0432.CCR-20-3652,"FDA Approval Summary: Alpelisib Plus Fulvestrant for Patients with HR-positive, HER2-negative, PIK3CA-mutated, Advanced or Metastatic Breast Cancer.",pmc_xml,0.023456,192.291987,0.719537,global_primary_retrieved,0,not_selected,pmid-33168657:CH0034;pmid-33168657:CH0035;pmid-33168657:CH0031
SUB002,26,pmid-37101291,37101291,PMC10131374,10.1186/s13073-023-01181-8,"Multiple PIK3CA mutation clonality correlates with outcomes in taselisib + fulvestrant-treated ER+/HER2-, PIK3CA-mutated breast cancers.",pmc_xml,0.021541,105.849419,0.732175,context_for_subsection,0,not_selected,pmid-37101291:CH0010;pmid-37101291:CH0006
SUB002,27,pmid-37623743,37623743,PMC10618743,10.1158/2159-8290.CD-23-0396,"STX-478, a Mutant-Selective, Allosteric PI3Kα Inhibitor Spares Metabolic Dysfunction and Improves Therapeutic Response in PI3Kα-Mutant Xenografts.",pmc_xml,0.020977,0.000000,1.475064,context_for_subsection,0,not_selected,pmid-37623743:CH0005;pmid-37623743:CH0042
SUB002,28,pmid-37163178,37163178,PMC10164376,10.2147/BTT.S395817,Treating Alpelisib-Induced Hyperinsulinemia in Patients with Advanced Breast Cancer - A Real-Life Experience.,pmc_xml,0.020000,0.000000,0.000000,primary_for_subsection,1,stage4_primary_recall_added_no_query_hit,pmid-37163178:CH0001;pmid-37163178:CH0002;pmid-37163178:CH0003
SUB002,29,pmid-21278786,21278786,PMC3107390,10.1038/onc.2010.626,PI3K inhibition results in enhanced HER signaling and acquired ERK dependency in HER2-overexpressing breast cancer.,pmc_xml,0.018791,198.297622,0.000000,global_primary_retrieved,0,not_selected,pmid-21278786:CH0043;pmid-21278786:CH0006
SUB002,30,pmid-35311394,35311394,,10.1177/03008916211073621,"BYL719 (alpelisib) for the treatment of PIK3CA-mutated, recurrent/advanced cervical cancer.",pdf,0.017638,97.168420,0.730981,global_primary_retrieved,0,not_selected,pmid-35311394:CH0013
SUB002,31,pmid-32929011,32929011,PMC7533832,10.1073/pnas.2000060117,PIK3CA C-terminal frameshift mutations are novel oncogenic events that sensitize tumors to PI3K-α inhibition.,pdf,0.015866,0.000000,1.445396,context_for_subsection,0,not_selected,pmid-32929011:CH0008;pmid-32929011:CH0017
SUB002,32,pmid-40382983,40382983,,10.1016/j.drup.2025.101251,MicroRNA-mediated PTEN downregulation as a novel non-genetic mechanism of acquired resistance to PI3Kα inhibitors of head & neck squamous cell carcinoma.,pdf,0.011905,104.955355,0.000000,context_for_subsection,0,not_selected,pmid-40382983:CH0038
SUB002,33,pmid-38273040,38273040,PMC10810864,10.1038/s41698-024-00496-y,Integrative modeling uncovers p21-driven drug resistance and prioritizes therapies for PIK3CA-mutant breast cancer.,pmc_xml,0.011905,0.000000,0.745148,global_primary_retrieved,0,not_selected,pmid-38273040:CH0008
SUB002,34,pmid-25528022,25528022,,10.1007/s10549-014-3239-5,A preclinical evaluation of the PI3K alpha/delta dominant inhibitor BAY 80-6946 in HER2-positive breast cancer models with acquired resistance to the HER2-targeted therapies trastuzumab and lapatinib.,pdf,0.011765,104.742745,0.000000,global_primary_retrieved,0,not_selected,pmid-25528022:CH0026
SUB002,35,pmid-42373848,42373848,,10.1038/s41598-026-57970-9,A phase II study of alpelisib and capecitabine in patients with previously treated metastatic colorectal cancer (KCSG-CO21-04).,pdf,0.011765,0.000000,0.744028,global_primary_retrieved,0,not_selected,pmid-42373848:CH0005
SUB002,36,pmid-31439579,31439579,,10.1158/1078-0432.CCR-19-0508,"POSEIDON Trial Phase 1b Results: Safety, Efficacy and Circulating Tumor DNA Response of the Beta Isoform-Sparing PI3K Inhibitor Taselisib (GDC-0032) Combined with Tamoxifen in Hormone Receptor Positive Metastatic Breast Cancer Patients.",pdf,0.010989,102.822515,0.000000,context_for_subsection,0,not_selected,pmid-31439579:CH0029
SUB002,37,pmid-35968355,35968355,PMC9360227,,PI3K inhibitors in trastuzumab-resistant HER2-positive breast cancer cells with PI3K pathway alterations.,pdf,0.010870,0.000000,0.740404,global_primary_retrieved,0,not_selected,pmid-35968355:CH0006
SUB002,38,pmid-24608574,24608574,,10.1158/1535-7163.MCT-13-0865,Characterization of the novel and specific PI3Kα inhibitor NVP-BYL719 and development of the patient stratification strategy for clinical trials.,pdf,0.010204,0.000000,0.736523,global_primary_retrieved,0,not_selected,pmid-24608574:CH0047
SUB002,39,pmid-33606974,33606974,PMC8384339,10.1016/j.molcel.2021.01.033,Regulation of PTEN translation by PI3K signaling maintains pathway homeostasis.,pmc_xml,0.010000,100.813179,0.000000,global_primary_retrieved,0,not_selected,pmid-33606974:CH0007
SUB002,40,pmid-24405121,24405121,,10.1111/bjh.12734,"PI3KCA plays a major role in multiple myeloma and its inhibition with BYL719 decreases proliferation, synergizes with other therapies and overcomes stroma-induced resistance.",pdf,0.009709,100.311679,0.000000,global_primary_retrieved,0,not_selected,pmid-24405121:CH0029
SUB002,41,pmid-36805958,36805958,PMC12440294,10.1158/1535-7163.MCT-21-0667,Tumor and Stromal Cell Targeting with Nintedanib and Alpelisib Overcomes Intrinsic Bladder Cancer Resistance.,pmc_xml,0.009091,98.929862,0.000000,global_primary_retrieved,0,not_selected,pmid-36805958:CH0008
SUB002,42,pmid-27604488,27604488,PMC5050154,10.1158/2159-8290.CD-16-0305,Systematic Functional Characterization of Resistance to PI3K Inhibition in Breast Cancer.,pmc_xml,0.009009,98.500688,0.000000,context_for_subsection,0,not_selected,pmid-27604488:CH0064
SUB002,43,pmid-33186740,33186740,PMC8457522,10.1016/j.annonc.2020.10.596,"Phase III randomized study of taselisib or placebo with fulvestrant in estrogen receptor-positive, PIK3CA-mutant, HER2-negative, advanced breast cancer: the SANDPIPER trial.",pmc_xml,0.008850,98.473284,0.000000,global_primary_retrieved,0,not_selected,pmid-33186740:CH0012
SUB002,44,pmid-35365185,35365185,PMC8974145,10.1186/s13058-022-01521-3,Targeting SHP2 phosphatase in breast cancer overcomes RTK-mediated resistance to PI3K inhibitors.,pmc_xml,0.008696,0.000000,0.727587,global_primary_retrieved,0,not_selected,pmid-35365185:CH0010
SUB002,45,pmid-40360883,40360883,PMC12304390,10.1038/s41416-025-03035-z,"Multi-node inhibition targeting mTORC1, mTORC2 and PI3Kα potently inhibits the PI3K/AKT/mTOR pathway in endometrial and breast cancer models.",pmc_xml,0.008547,0.000000,0.726686,global_primary_retrieved,0,not_selected,pmid-40360883:CH0006
SUB002,46,pmid-33685991,33685991,PMC8137641,10.1158/0008-5472.CAN-20-3232,Genomic Alterations in PIK3CA-Mutated Breast Cancer Result in mTORC1 Activation and Limit the Sensitivity to PI3Kα Inhibitors.,pmc_xml,0.008000,0.000000,0.724378,global_primary_retrieved,0,not_selected,pmid-33685991:CH0005
SUB002,47,pmid-35138919,35138919,PMC8865530,10.1200/PO.21.00424,Phase II Study of Taselisib in PIK3CA-Mutated Solid Tumors Other Than Breast and Squamous Lung Cancer: Results From the NCI-MATCH ECOG-ACRIN Trial (EAY131) Subprotocol I.,pdf,0.007752,95.009014,0.000000,global_primary_retrieved,0,not_selected,pmid-35138919:CH0022
SUB002,48,pmid-38286037,38286037,PMC11627550,10.1016/j.biopha.2024.116217,β1 integrin mediates unresponsiveness to PI3Kα inhibition for radiochemosensitization of 3D HNSCC models.,pmc_xml,0.007692,0.000000,0.722296,global_primary_retrieved,0,not_selected,pmid-38286037:CH0027
SUB002,49,pmid-32494066,32494066,,10.1038/s41586-020-2175-2,Landscape and function of multiple mutations within individual oncogenes.,pdf,0.007194,94.056386,0.000000,global_primary_retrieved,0,not_selected,pmid-32494066:CH0005
SUB002,50,pmid-37044095,37044095,PMC10140479,10.1016/j.xcrm.2023.101002,N-acetylcysteine overcomes NF1 loss-driven resistance to PI3Kα inhibition in breast cancer.,pmc_xml,0.007143,94.020967,0.000000,context_for_subsection,0,not_selected,pmid-37044095:CH0006
SUB003,1,pmid-37623743,37623743,PMC10618743,10.1158/2159-8290.CD-23-0396,"STX-478, a Mutant-Selective, Allosteric PI3Kα Inhibitor Spares Metabolic Dysfunction and Improves Therapeutic Response in PI3Kα-Mutant Xenografts.",pmc_xml,0.103082,360.646313,2.281272,primary_for_subsection,1,top_ranked,pmid-37623743:CH0042;pmid-37623743:CH0001;pmid-37623743:CH0050
SUB003,2,pmid-37916958,37916958,PMC10850944,10.1158/2159-8290.CD-23-0704,Allosteric PI3Kα Inhibition Overcomes On-target Resistance to Orthosteric Inhibitors Mediated by Secondary PIK3CA Mutations.,pmc_xml,0.097740,325.886274,2.289535,primary_for_subsection,1,top_ranked,pmid-37916958:CH0036;pmid-37916958:CH0003;pmid-37916958:CH0029
SUB003,3,pmid-37493631,37493631,PMC10811747,10.1158/1541-7786.MCR-23-0034,CBF-Beta Mitigates PI3K-Alpha-Specific Inhibitor Killing through PIM1 in PIK3CA-Mutant Gastric Cancer.,pmc_xml,0.085425,339.532090,2.335076,context_for_subsection,1,top_ranked,pmid-37493631:CH0009;pmid-37493631:CH0008;pmid-37493631:CH0038
SUB003,4,pmid-40360883,40360883,PMC12304390,10.1038/s41416-025-03035-z,"Multi-node inhibition targeting mTORC1, mTORC2 and PI3Kα potently inhibits the PI3K/AKT/mTOR pathway in endometrial and breast cancer models.",pmc_xml,0.067639,318.405886,2.225781,global_primary_retrieved,1,top_ranked,pmid-40360883:CH0022;pmid-40360883:CH0012;pmid-40360883:CH0006
SUB003,5,pmid-27048245,27048245,PMC4820873,10.1186/s13058-016-0697-1,Activation of IGF1R/p110β/AKT/mTOR confers resistance to α-specific PI3K inhibition.,pmc_xml,0.056018,113.840125,2.290820,global_primary_retrieved,1,top_ranked,pmid-27048245:CH0039;pmid-27048245:CH0005;pmid-27048245:CH0001
SUB003,6,pmid-21278786,21278786,PMC3107390,10.1038/onc.2010.626,PI3K inhibition results in enhanced HER signaling and acquired ERK dependency in HER2-overexpressing breast cancer.,pmc_xml,0.054221,356.892442,0.729202,global_primary_retrieved,1,top_ranked,pmid-21278786:CH0009;pmid-21278786:CH0043;pmid-21278786:CH0041
SUB003,7,pmid-40845250,40845250,,10.1200/JCO-25-00663,"US Food and Drug Administration Approval Summary: Inavolisib With Palbociclib and Fulvestrant for Endocrine-Resistant, PIK3CA-Mutated, Hormone Receptor-Positive, Human Epidermal Growth Factor Receptor 2-Negative, Locally Advanced or Metastatic Breast Cancer.",pdf,0.049934,310.514188,0.000000,primary_for_subsection,1,top_ranked,pmid-40845250:CH0042;pmid-40845250:CH0043;pmid-40845250:CH0040
SUB003,8,pmid-40454641,40454641,PMC13496148,10.1056/NEJMoa2501796,Overall Survival with Inavolisib in PIK3CA-Mutated Advanced Breast Cancer.,pmc_xml,0.049643,105.387286,1.460744,primary_for_subsection,1,top_ranked,pmid-40454641:CH0007;pmid-40454641:CH0028
SUB003,9,pmid-34552006,34552006,,10.1158/1535-7163.MCT-20-0981,Phosphoproteomics Identifies PI3K Inhibitor-selective Adaptive Responses in Pancreatic Cancer Cell Therapy and Resistance.,pdf,0.042837,99.408133,2.233554,global_primary_retrieved,1,top_ranked,pmid-34552006:CH0007;pmid-34552006:CH0040;pmid-34552006:CH0045
SUB003,10,pmid-24608574,24608574,,10.1158/1535-7163.MCT-13-0865,Characterization of the novel and specific PI3Kα inhibitor NVP-BYL719 and development of the patient stratification strategy for clinical trials.,pdf,0.041745,98.399029,2.228050,global_primary_retrieved,1,top_ranked,pmid-24608574:CH0046;pmid-24608574:CH0045;pmid-24608574:CH0047
SUB003,11,pmid-38273040,38273040,PMC10810864,10.1038/s41698-024-00496-y,Integrative modeling uncovers p21-driven drug resistance and prioritizes therapies for PIK3CA-mutant breast cancer.,pmc_xml,0.038340,0.000000,2.244975,global_primary_retrieved,0,not_selected,pmid-38273040:CH0001;pmid-38273040:CH0010;pmid-38273040:CH0008
SUB003,12,pmid-27604488,27604488,PMC5050154,10.1158/2159-8290.CD-16-0305,Systematic Functional Characterization of Resistance to PI3K Inhibition in Breast Cancer.,pmc_xml,0.038295,109.804897,1.512041,global_primary_retrieved,0,not_selected,pmid-27604488:CH0005;pmid-27604488:CH0064;pmid-27604488:CH0067
SUB003,13,pmid-25873175,25873175,PMC4398915,10.1016/j.ccell.2015.03.010,AXL mediates resistance to PI3Kα inhibition by activating the EGFR/PKC/mTOR axis in head and neck and esophageal squamous cell carcinomas.,pmc_xml,0.034679,327.034489,0.000000,global_primary_retrieved,0,not_selected,pmid-25873175:CH0005;pmid-25873175:CH0002;pmid-25873175:CH0041
SUB003,14,pmid-32976773,32976773,PMC7562820,10.1016/j.ccell.2020.08.016,Metabolic Imaging Detects Resistance to PI3Kα Inhibition Mediated by Persistent FOXM1 Expression in ER+ Breast Cancer.,pmc_xml,0.031824,314.487324,0.000000,global_primary_retrieved,0,not_selected,pmid-32976773:CH0008;pmid-32976773:CH0081;pmid-32976773:CH0004
SUB003,15,pmid-32929011,32929011,PMC7533832,10.1073/pnas.2000060117,PIK3CA C-terminal frameshift mutations are novel oncogenic events that sensitize tumors to PI3K-α inhibition.,pdf,0.031104,116.203215,1.446591,global_primary_retrieved,0,not_selected,pmid-32929011:CH0008;pmid-32929011:CH0027
SUB003,16,pmid-33947692,33947692,PMC8282678,10.1158/1078-0432.CCR-21-0047,A Phase I Study of Alpelisib in Combination with Trastuzumab and LJM716 in Patients with PIK3CA-Mutated HER2-Positive Metastatic Breast Cancer.,pmc_xml,0.030270,313.707330,0.000000,global_primary_retrieved,0,not_selected,pmid-33947692:CH0023;pmid-33947692:CH0028;pmid-33947692:CH0034
SUB003,17,pmid-33606974,33606974,PMC8384339,10.1016/j.molcel.2021.01.033,Regulation of PTEN translation by PI3K signaling maintains pathway homeostasis.,pmc_xml,0.029460,308.781079,0.000000,global_primary_retrieved,0,not_selected,pmid-33606974:CH0007;pmid-33606974:CH0005;pmid-33606974:CH0047
SUB003,18,pmid-26500061,26500061,PMC4846581,10.1038/onc.2015.406,"PI3K-p110α mediates resistance to HER2-targeted therapy in HER2+, PTEN-deficient breast cancers.",pmc_xml,0.029152,106.613399,1.451692,global_primary_retrieved,0,not_selected,pmid-26500061:CH0025;pmid-26500061:CH0006
SUB003,19,pmid-33685991,33685991,PMC8137641,10.1158/0008-5472.CAN-20-3232,Genomic Alterations in PIK3CA-Mutated Breast Cancer Result in mTORC1 Activation and Limit the Sensitivity to PI3Kα Inhibitors.,pmc_xml,0.028624,103.065309,1.456292,global_primary_retrieved,0,not_selected,pmid-33685991:CH0005;pmid-33685991:CH0006
SUB003,20,pmid-24405121,24405121,,10.1111/bjh.12734,"PI3KCA plays a major role in multiple myeloma and its inhibition with BYL719 decreases proliferation, synergizes with other therapies and overcomes stroma-induced resistance.",pdf,0.028370,306.646423,0.000000,global_primary_retrieved,0,not_selected,pmid-24405121:CH0009;pmid-24405121:CH0022;pmid-24405121:CH0023
SUB003,21,pmid-34544753,34544753,PMC9762331,10.1158/2159-8290.CD-21-0072,RTK-Dependent Inducible Degradation of Mutant PI3Kα Drives GDC-0077 (Inavolisib) Efficacy.,pmc_xml,0.026753,201.559645,0.729933,global_primary_retrieved,0,not_selected,pmid-34544753:CH0002;pmid-34544753:CH0005;pmid-34544753:CH0044
SUB003,22,pmid-32864625,32864625,PMC7450824,10.1038/s43018-020-0047-1,Alterations in PTEN and ESR1 promote clinical resistance to alpelisib plus aromatase inhibitors.,pmc_xml,0.025747,0.000000,1.500337,global_primary_retrieved,0,not_selected,pmid-32864625:CH0004;pmid-32864625:CH0005
SUB003,23,pmid-38286037,38286037,PMC11627550,10.1016/j.biopha.2024.116217,β1 integrin mediates unresponsiveness to PI3Kα inhibition for radiochemosensitization of 3D HNSCC models.,pmc_xml,0.023853,98.759610,1.442948,global_primary_retrieved,0,not_selected,pmid-38286037:CH0026;pmid-38286037:CH0032;pmid-38286037:CH0006
SUB003,24,pmid-35365185,35365185,PMC8974145,10.1186/s13058-022-01521-3,Targeting SHP2 phosphatase in breast cancer overcomes RTK-mediated resistance to PI3K inhibitors.,pmc_xml,0.022844,0.000000,1.494831,global_primary_retrieved,0,not_selected,pmid-35365185:CH0010;pmid-35365185:CH0053
SUB003,25,pmid-35771551,35771551,,10.1158/2159-8290.CD-21-1696,"Alpelisib Monotherapy for PI3K-Altered, Pretreated Advanced Breast Cancer: A Phase II Study.",pdf,0.020621,110.137968,0.718693,global_primary_retrieved,0,not_selected,pmid-35771551:CH0036
SUB003,26,pmid-25528022,25528022,,10.1007/s10549-014-3239-5,A preclinical evaluation of the PI3K alpha/delta dominant inhibitor BAY 80-6946 in HER2-positive breast cancer models with acquired resistance to the HER2-targeted therapies trastuzumab and lapatinib.,pdf,0.020125,207.481924,0.000000,global_primary_retrieved,0,not_selected,pmid-25528022:CH0003;pmid-25528022:CH0019
SUB003,27,pmid-30237504,30237504,PMC6148236,10.1038/s41419-018-1025-8,IGF1R upregulation confers resistance to isoform-specific inhibitors of PI3K in PIK3CA-driven ovarian cancer.,pmc_xml,0.018522,0.000000,1.459419,global_primary_retrieved,0,not_selected,pmid-30237504:CH0031;pmid-30237504:CH0001
SUB003,28,pmid-36923283,36923283,PMC10010328,10.1158/2767-9764.CRC-22-0028,A Phase IB Trial of the PI3K Inhibitor Alpelisib and Weekly Cisplatin in Patients with Solid Tumor Malignancies.,pmc_xml,0.016308,101.386499,0.716672,global_primary_retrieved,0,not_selected,pmid-36923283:CH0003;pmid-36923283:CH0004
SUB003,29,pmid-36805958,36805958,PMC12440294,10.1158/1535-7163.MCT-21-0667,Tumor and Stromal Cell Targeting with Nintedanib and Alpelisib Overcomes Intrinsic Bladder Cancer Resistance.,pmc_xml,0.012195,108.539476,0.000000,global_primary_retrieved,0,not_selected,pmid-36805958:CH0008
SUB003,30,pmid-40382983,40382983,,10.1016/j.drup.2025.101251,MicroRNA-mediated PTEN downregulation as a novel non-genetic mechanism of acquired resistance to PI3Kα inhibitors of head & neck squamous cell carcinoma.,pdf,0.010753,105.493701,0.000000,global_primary_retrieved,0,not_selected,pmid-40382983:CH0038
SUB003,31,pmid-40991650,40991650,PMC12618074,10.1172/JCI180927,USP10/GSK3β-mediated inhibition of PTEN drives resistance to PI3K inhibitors in breast cancer.,pmc_xml,0.010000,0.000000,0.731934,global_primary_retrieved,0,not_selected,pmid-40991650:CH0064
SUB003,32,pmid-38986734,38986734,,10.1016/j.canlet.2024.217112,PI3K PROTAC overcomes the lapatinib resistance in PIK3CA-mutant HER2 positive breast cancer.,pdf,0.009804,0.000000,0.731369,global_primary_retrieved,0,not_selected,pmid-38986734:CH0035
SUB003,33,pmid-25053989,25053989,PMC4091530,10.18632/genesandcancer.10,Amphiregulin and PTEN evoke a multimodal mechanism of acquired resistance to PI3K inhibition.,pmc_xml,0.009615,0.000000,0.730608,global_primary_retrieved,0,not_selected,pmid-25053989:CH0004
SUB003,34,pmid-42202490,42202490,PMC13235453,10.1016/j.esmoop.2026.107735,"Safety analyses of the INAVO120 randomised phase III trial of inavolisib or placebo with palbociclib-fulvestrant in patients with PIK3CA-mutated, hormone receptor-positive, HER2-negative, endocrine-resistant advanced breast cancer.",pmc_xml,0.008696,100.752406,0.000000,global_primary_retrieved,0,not_selected,pmid-42202490:CH0055
SUB003,35,pmid-42373848,42373848,,10.1038/s41598-026-57970-9,A phase II study of alpelisib and capecitabine in patients with previously treated metastatic colorectal cancer (KCSG-CO21-04).,pdf,0.008621,100.631964,0.000000,global_primary_retrieved,0,not_selected,pmid-42373848:CH0003
SUB003,36,pmid-31091374,31091374,,10.1056/NEJMoa1813904,"Alpelisib for PIK3CA-Mutated, Hormone Receptor-Positive Advanced Breast Cancer.",pdf,0.008264,99.374139,0.000000,global_primary_retrieved,0,not_selected,pmid-31091374:CH0024
SUB003,37,pmid-35100734,35100734,,10.1200/PO.19.00221,"Combined PIK3CA and FGFR Inhibition With Alpelisib and Infigratinib in Patients With PIK3CA-Mutant Solid Tumors, With or Without FGFR Alterations.",pdf,0.008065,99.026454,0.000000,global_primary_retrieved,0,not_selected,pmid-35100734:CH0002
SUB003,38,pmid-28382169,28382169,PMC5381259,10.7150/thno.17830,Integration of Receptor Tyrosine Kinases Determines Sensitivity to PI3Kα-selective Inhibitors in Breast Cancer.,pmc_xml,0.007812,0.000000,0.719449,global_primary_retrieved,0,not_selected,pmid-28382169:CH0005
SUB003,39,pmid-29850984,29850984,,10.1007/s10549-018-4792-0,Phase I study of alpelisib (BYL-719) and trastuzumab emtansine (T-DM1) in HER2-positive metastatic breast cancer (MBC) after trastuzumab and taxane therapy.,pdf,0.007576,98.253216,0.000000,global_primary_retrieved,0,not_selected,pmid-29850984:CH0019
SUB003,40,pmid-24895459,24895459,,10.1158/1078-0432.CCR-13-3377,Cotargeting of epidermal growth factor receptor and PI3K overcomes PI3K-Akt oncogenic dependence in pancreatic ductal adenocarcinoma.,pdf,0.007246,0.000000,0.716419,global_primary_retrieved,0,not_selected,pmid-24895459:CH0021
SUB004,1,pmid-31594766,31594766,,10.1158/2159-8290.CD-18-0830,PTEN Loss Mediates Clinical Cross-Resistance to CDK4/6 and PI3Kα Inhibitors in Breast Cancer.,pdf,0.107150,457.007069,2.198341,primary_for_subsection,1,top_ranked,pmid-31594766:CH0008;pmid-31594766:CH0002;pmid-31594766:CH0003
SUB004,2,pmid-33606974,33606974,PMC8384339,10.1016/j.molcel.2021.01.033,Regulation of PTEN translation by PI3K signaling maintains pathway homeostasis.,pmc_xml,0.090586,428.315981,2.046383,primary_for_subsection,1,top_ranked,pmid-33606974:CH0069;pmid-33606974:CH0070;pmid-33606974:CH0002
SUB004,3,pmid-25409150,25409150,PMC4326538,10.1038/nature13948,Convergent loss of PTEN leads to clinical resistance to a PI(3)Kα inhibitor.,pmc_xml,0.089349,398.772850,2.090424,primary_for_subsection,1,top_ranked,pmid-25409150:CH0002;pmid-25409150:CH0007;pmid-25409150:CH0011
SUB004,4,pmid-37916958,37916958,PMC10850944,10.1158/2159-8290.CD-23-0704,Allosteric PI3Kα Inhibition Overcomes On-target Resistance to Orthosteric Inhibitors Mediated by Secondary PIK3CA Mutations.,pmc_xml,0.088582,411.854993,2.055353,primary_for_subsection,1,top_ranked,pmid-37916958:CH0033;pmid-37916958:CH0008;pmid-37916958:CH0002
SUB004,5,pmid-40295072,40295072,,10.21873/anticanres.17567,Development of Acquired Resistance in Alpelisib-treated Gastric Cancer Cells With PIK3CA Mutations and Overcoming Strategies.,pdf,0.088401,386.650870,2.112455,primary_for_subsection,1,top_ranked,pmid-40295072:CH0028;pmid-40295072:CH0033;pmid-40295072:CH0024
SUB004,6,pmid-40991650,40991650,PMC12618074,10.1172/JCI180927,USP10/GSK3β-mediated inhibition of PTEN drives resistance to PI3K inhibitors in breast cancer.,pmc_xml,0.082957,362.642325,2.129080,primary_for_subsection,1,top_ranked,pmid-40991650:CH0012;pmid-40991650:CH0009;pmid-40991650:CH0002
SUB004,7,pmid-25053989,25053989,PMC4091530,10.18632/genesandcancer.10,Amphiregulin and PTEN evoke a multimodal mechanism of acquired resistance to PI3K inhibition.,pmc_xml,0.075207,428.249212,2.077154,context_for_subsection,1,top_ranked,pmid-25053989:CH0002;pmid-25053989:CH0037;pmid-25053989:CH0001
SUB004,8,pmid-40382983,40382983,,10.1016/j.drup.2025.101251,MicroRNA-mediated PTEN downregulation as a novel non-genetic mechanism of acquired resistance to PI3Kα inhibitors of head & neck squamous cell carcinoma.,pdf,0.064383,384.522985,0.701010,primary_for_subsection,1,top_ranked,pmid-40382983:CH0006;pmid-40382983:CH0038;pmid-40382983:CH0040
SUB004,9,pmid-32864625,32864625,PMC7450824,10.1038/s43018-020-0047-1,Alterations in PTEN and ESR1 promote clinical resistance to alpelisib plus aromatase inhibitors.,pmc_xml,0.063459,242.065449,2.233353,global_primary_retrieved,1,top_ranked,pmid-32864625:CH0033;pmid-32864625:CH0020;pmid-32864625:CH0037
SUB004,10,pmid-36892268,36892268,PMC10552898,10.1002/1878-0261.13416,"ER+, HER2- advanced breast cancer treated with taselisib and fulvestrant: genomic landscape and associated clinical outcomes.",pmc_xml,0.047912,262.414311,1.418380,global_primary_retrieved,1,top_ranked,pmid-36892268:CH0019;pmid-36892268:CH0027;pmid-36892268:CH0020
SUB004,11,pmid-32976773,32976773,PMC7562820,10.1016/j.ccell.2020.08.016,Metabolic Imaging Detects Resistance to PI3Kα Inhibition Mediated by Persistent FOXM1 Expression in ER+ Breast Cancer.,pmc_xml,0.038564,242.091578,1.377668,global_primary_retrieved,0,not_selected,pmid-32976773:CH0017;pmid-32976773:CH0018
SUB004,12,pmid-35771551,35771551,,10.1158/2159-8290.CD-21-1696,"Alpelisib Monotherapy for PI3K-Altered, Pretreated Advanced Breast Cancer: A Phase II Study.",pdf,0.029828,139.451138,0.770231,global_primary_retrieved,0,not_selected,pmid-35771551:CH0042
SUB004,13,pmid-25873175,25873175,PMC4398915,10.1016/j.ccell.2015.03.010,AXL mediates resistance to PI3Kα inhibition by activating the EGFR/PKC/mTOR axis in head and neck and esophageal squamous cell carcinomas.,pmc_xml,0.026270,360.889198,0.000000,global_primary_retrieved,0,not_selected,pmid-25873175:CH0041;pmid-25873175:CH0005;pmid-25873175:CH0039
SUB004,14,pmid-35968355,35968355,PMC9360227,,PI3K inhibitors in trastuzumab-resistant HER2-positive breast cancer cells with PI3K pathway alterations.,pdf,0.019658,246.597564,0.000000,context_for_subsection,0,not_selected,pmid-35968355:CH0024;pmid-35968355:CH0001
SUB004,15,pmid-35138919,35138919,PMC8865530,10.1200/PO.21.00424,Phase II Study of Taselisib in PIK3CA-Mutated Solid Tumors Other Than Breast and Squamous Lung Cancer: Results From the NCI-MATCH ECOG-ACRIN Trial (EAY131) Subprotocol I.,pdf,0.018772,119.900456,0.681537,global_primary_retrieved,0,not_selected,pmid-35138919:CH0026
SUB004,16,pmid-27048245,27048245,PMC4820873,10.1186/s13058-016-0697-1,Activation of IGF1R/p110β/AKT/mTOR confers resistance to α-specific PI3K inhibition.,pmc_xml,0.017713,116.364025,0.680814,context_for_subsection,0,not_selected,pmid-27048245:CH0042
SUB004,17,pmid-37493631,37493631,PMC10811747,10.1158/1541-7786.MCR-23-0034,CBF-Beta Mitigates PI3K-Alpha-Specific Inhibitor Killing through PIM1 in PIK3CA-Mutant Gastric Cancer.,pmc_xml,0.014652,229.927834,0.000000,global_primary_retrieved,0,not_selected,pmid-37493631:CH0011;pmid-37493631:CH0002
SUB004,18,pmid-27604488,27604488,PMC5050154,10.1158/2159-8290.CD-16-0305,Systematic Functional Characterization of Resistance to PI3K Inhibition in Breast Cancer.,pmc_xml,0.012195,132.566939,0.000000,context_for_subsection,0,not_selected,pmid-27604488:CH0005
SUB004,19,pmid-37044095,37044095,PMC10140479,10.1016/j.xcrm.2023.101002,N-acetylcysteine overcomes NF1 loss-driven resistance to PI3Kα inhibition in breast cancer.,pmc_xml,0.010204,0.000000,0.683783,global_primary_retrieved,0,not_selected,pmid-37044095:CH0007
SUB004,20,pmid-33685991,33685991,PMC8137641,10.1158/0008-5472.CAN-20-3232,Genomic Alterations in PIK3CA-Mutated Breast Cancer Result in mTORC1 Activation and Limit the Sensitivity to PI3Kα Inhibitors.,pmc_xml,0.009615,0.000000,0.677968,global_primary_retrieved,0,not_selected,pmid-33685991:CH0006
SUB004,21,pmid-40360883,40360883,PMC12304390,10.1038/s41416-025-03035-z,"Multi-node inhibition targeting mTORC1, mTORC2 and PI3Kα potently inhibits the PI3K/AKT/mTOR pathway in endometrial and breast cancer models.",pmc_xml,0.009346,0.000000,0.677406,global_primary_retrieved,0,not_selected,pmid-40360883:CH0010
SUB004,22,pmid-29850984,29850984,,10.1007/s10549-018-4792-0,Phase I study of alpelisib (BYL-719) and trastuzumab emtansine (T-DM1) in HER2-positive metastatic breast cancer (MBC) after trastuzumab and taxane therapy.,pdf,0.008621,119.014141,0.000000,global_primary_retrieved,0,not_selected,pmid-29850984:CH0014
SUB004,23,pmid-21278786,21278786,PMC3107390,10.1038/onc.2010.626,PI3K inhibition results in enhanced HER signaling and acquired ERK dependency in HER2-overexpressing breast cancer.,pmc_xml,0.008264,118.126196,0.000000,global_primary_retrieved,0,not_selected,pmid-21278786:CH0041
SUB004,24,pmid-35100734,35100734,,10.1200/PO.19.00221,"Combined PIK3CA and FGFR Inhibition With Alpelisib and Infigratinib in Patients With PIK3CA-Mutant Solid Tumors, With or Without FGFR Alterations.",pdf,0.008130,117.918642,0.000000,global_primary_retrieved,0,not_selected,pmid-35100734:CH0004
SUB005,1,pmid-37916958,37916958,PMC10850944,10.1158/2159-8290.CD-23-0704,Allosteric PI3Kα Inhibition Overcomes On-target Resistance to Orthosteric Inhibitors Mediated by Secondary PIK3CA Mutations.,pmc_xml,0.115843,513.015832,2.386138,primary_for_subsection,1,top_ranked,pmid-37916958:CH0034;pmid-37916958:CH0003;pmid-37916958:CH0002
SUB005,2,pmid-32929011,32929011,PMC7533832,10.1073/pnas.2000060117,PIK3CA C-terminal frameshift mutations are novel oncogenic events that sensitize tumors to PI3K-α inhibition.,pdf,0.055680,334.052503,2.105549,global_primary_retrieved,1,top_ranked,pmid-32929011:CH0027;pmid-32929011:CH0002;pmid-32929011:CH0024
SUB005,3,pmid-38986734,38986734,,10.1016/j.canlet.2024.217112,PI3K PROTAC overcomes the lapatinib resistance in PIK3CA-mutant HER2 positive breast cancer.,pdf,0.046639,356.970754,0.742860,global_primary_retrieved,1,top_ranked,pmid-38986734:CH0035;pmid-38986734:CH0010;pmid-38986734:CH0030
SUB005,4,pmid-26640141,26640141,PMC4896860,10.1038/onc.2015.377,PIK3CA(H1047R)- and Her2-initiated mammary tumors escape PI3K dependency by compensatory activation of MEK-ERK signaling.,pmc_xml,0.039519,231.598349,1.394708,global_primary_retrieved,1,top_ranked,pmid-26640141:CH0006;pmid-26640141:CH0044;pmid-26640141:CH0047
SUB005,5,pmid-29401002,29401002,PMC5920739,10.1200/JCO.2017.72.7107,Phosphatidylinositol 3-Kinase α-Selective Inhibition With Alpelisib (BYL719) in PIK3CA-Altered Solid Tumors: Results From the First-in-Human Study.,pdf,0.038725,230.331596,1.392125,global_primary_retrieved,1,top_ranked,pmid-29401002:CH0035;pmid-29401002:CH0033;pmid-29401002:CH0005
SUB005,6,pmid-37101291,37101291,PMC10131374,10.1186/s13073-023-01181-8,"Multiple PIK3CA mutation clonality correlates with outcomes in taselisib + fulvestrant-treated ER+/HER2-, PIK3CA-mutated breast cancers.",pmc_xml,0.037550,0.000000,2.142054,global_primary_retrieved,1,top_ranked,pmid-37101291:CH0027;pmid-37101291:CH0026;pmid-37101291:CH0006
SUB005,7,pmid-27048245,27048245,PMC4820873,10.1186/s13058-016-0697-1,Activation of IGF1R/p110β/AKT/mTOR confers resistance to α-specific PI3K inhibition.,pmc_xml,0.037172,110.925189,2.088233,global_primary_retrieved,1,top_ranked,pmid-27048245:CH0039;pmid-27048245:CH0041;pmid-27048245:CH0001
SUB005,8,pmid-27604488,27604488,PMC5050154,10.1158/2159-8290.CD-16-0305,Systematic Functional Characterization of Resistance to PI3K Inhibition in Breast Cancer.,pmc_xml,0.034526,0.000000,2.121441,global_primary_retrieved,1,top_ranked,pmid-27604488:CH0005;pmid-27604488:CH0001;pmid-27604488:CH0054
SUB005,9,pmid-24351425,24351425,PMC3974833,10.4161/cbt.27311,ERK2-dependent reactivation of Akt mediates the limited response of tumor cells with constitutive K-RAS activity to PI3K inhibition.,pdf,0.033737,356.643556,0.000000,global_primary_retrieved,1,top_ranked,pmid-24351425:CH0010;pmid-24351425:CH0007;pmid-24351425:CH0036
SUB005,10,pmid-25053989,25053989,PMC4091530,10.18632/genesandcancer.10,Amphiregulin and PTEN evoke a multimodal mechanism of acquired resistance to PI3K inhibition.,pmc_xml,0.033436,239.669064,0.697438,global_primary_retrieved,1,top_ranked,pmid-25053989:CH0001;pmid-25053989:CH0037;pmid-25053989:CH0007
SUB005,11,pmid-40360883,40360883,PMC12304390,10.1038/s41416-025-03035-z,"Multi-node inhibition targeting mTORC1, mTORC2 and PI3Kα potently inhibits the PI3K/AKT/mTOR pathway in endometrial and breast cancer models.",pmc_xml,0.033250,116.760582,1.415765,global_primary_retrieved,0,not_selected,pmid-40360883:CH0053;pmid-40360883:CH0010;pmid-40360883:CH0062
SUB005,12,pmid-35138919,35138919,PMC8865530,10.1200/PO.21.00424,Phase II Study of Taselisib in PIK3CA-Mutated Solid Tumors Other Than Breast and Squamous Lung Cancer: Results From the NCI-MATCH ECOG-ACRIN Trial (EAY131) Subprotocol I.,pdf,0.033186,225.428221,1.366425,global_primary_retrieved,0,not_selected,pmid-35138919:CH0030;pmid-35138919:CH0022;pmid-35138919:CH0013
SUB005,13,pmid-25873175,25873175,PMC4398915,10.1016/j.ccell.2015.03.010,AXL mediates resistance to PI3Kα inhibition by activating the EGFR/PKC/mTOR axis in head and neck and esophageal squamous cell carcinomas.,pmc_xml,0.032699,366.620464,0.000000,global_primary_retrieved,0,not_selected,pmid-25873175:CH0005;pmid-25873175:CH0007;pmid-25873175:CH0039
SUB005,14,pmid-32864625,32864625,PMC7450824,10.1038/s43018-020-0047-1,Alterations in PTEN and ESR1 promote clinical resistance to alpelisib plus aromatase inhibitors.,pmc_xml,0.032552,236.912665,0.702600,global_primary_retrieved,0,not_selected,pmid-32864625:CH0025;pmid-32864625:CH0004;pmid-32864625:CH0031
SUB005,15,pmid-21278786,21278786,PMC3107390,10.1038/onc.2010.626,PI3K inhibition results in enhanced HER signaling and acquired ERK dependency in HER2-overexpressing breast cancer.,pmc_xml,0.030843,360.895481,0.000000,global_primary_retrieved,0,not_selected,pmid-21278786:CH0041;pmid-21278786:CH0040;pmid-21278786:CH0042
SUB005,16,pmid-33685991,33685991,PMC8137641,10.1158/0008-5472.CAN-20-3232,Genomic Alterations in PIK3CA-Mutated Breast Cancer Result in mTORC1 Activation and Limit the Sensitivity to PI3Kα Inhibitors.,pmc_xml,0.029298,111.743394,1.405341,global_primary_retrieved,0,not_selected,pmid-33685991:CH0006;pmid-33685991:CH0002;pmid-33685991:CH0005
SUB005,17,pmid-37493631,37493631,PMC10811747,10.1158/1541-7786.MCR-23-0034,CBF-Beta Mitigates PI3K-Alpha-Specific Inhibitor Killing through PIM1 in PIK3CA-Mutant Gastric Cancer.,pmc_xml,0.029076,120.743898,1.374294,context_for_subsection,0,not_selected,pmid-37493631:CH0001;pmid-37493631:CH0008
SUB005,18,pmid-35771551,35771551,,10.1158/2159-8290.CD-21-1696,"Alpelisib Monotherapy for PI3K-Altered, Pretreated Advanced Breast Cancer: A Phase II Study.",pdf,0.027932,345.233542,0.000000,global_primary_retrieved,0,not_selected,pmid-35771551:CH0036;pmid-35771551:CH0042;pmid-35771551:CH0041
SUB005,19,pmid-24608574,24608574,,10.1158/1535-7163.MCT-13-0865,Characterization of the novel and specific PI3Kα inhibitor NVP-BYL719 and development of the patient stratification strategy for clinical trials.,pdf,0.027048,0.000000,2.072566,global_primary_retrieved,0,not_selected,pmid-24608574:CH0008;pmid-24608574:CH0035;pmid-24608574:CH0001
SUB005,20,pmid-33947692,33947692,PMC8282678,10.1158/1078-0432.CCR-21-0047,A Phase I Study of Alpelisib in Combination with Trastuzumab and LJM716 in Patients with PIK3CA-Mutated HER2-Positive Metastatic Breast Cancer.,pmc_xml,0.023960,241.033828,0.000000,global_primary_retrieved,0,not_selected,pmid-33947692:CH0023;pmid-33947692:CH0034
SUB005,21,pmid-31594766,31594766,,10.1158/2159-8290.CD-18-0830,PTEN Loss Mediates Clinical Cross-Resistance to CDK4/6 and PI3Kα Inhibitors in Breast Cancer.,pdf,0.022864,118.687508,0.711091,global_primary_retrieved,0,not_selected,pmid-31594766:CH0044
SUB005,22,pmid-25409150,25409150,PMC4326538,10.1038/nature13948,Convergent loss of PTEN leads to clinical resistance to a PI(3)Kα inhibitor.,pmc_xml,0.021869,0.000000,1.408466,global_primary_retrieved,0,not_selected,pmid-25409150:CH0014;pmid-25409150:CH0007
SUB005,23,pmid-40991650,40991650,PMC12618074,10.1172/JCI180927,USP10/GSK3β-mediated inhibition of PTEN drives resistance to PI3K inhibitors in breast cancer.,pmc_xml,0.021779,0.000000,1.403118,global_primary_retrieved,0,not_selected,pmid-40991650:CH0064;pmid-40991650:CH0009
SUB005,24,pmid-34544753,34544753,PMC9762331,10.1158/2159-8290.CD-21-0072,RTK-Dependent Inducible Degradation of Mutant PI3Kα Drives GDC-0077 (Inavolisib) Efficacy.,pmc_xml,0.020461,114.908906,0.702566,global_primary_retrieved,0,not_selected,pmid-34544753:CH0004
SUB005,25,pmid-42373848,42373848,,10.1038/s41598-026-57970-9,A phase II study of alpelisib and capecitabine in patients with previously treated metastatic colorectal cancer (KCSG-CO21-04).,pdf,0.018103,113.739966,0.690215,global_primary_retrieved,0,not_selected,pmid-42373848:CH0004
SUB005,26,pmid-41967638,41967638,,10.1016/j.annonc.2026.04.003,Genomic determinants of response to alpelisib plus fulvestrant in the SOLAR-1 trial.,pdf,0.017989,227.319572,0.000000,global_primary_retrieved,0,not_selected,pmid-41967638:CH0043;pmid-41967638:CH0035
SUB005,27,pmid-38273040,38273040,PMC10810864,10.1038/s41698-024-00496-y,Integrative modeling uncovers p21-driven drug resistance and prioritizes therapies for PIK3CA-mutant breast cancer.,pmc_xml,0.017324,0.000000,1.377279,global_primary_retrieved,0,not_selected,pmid-38273040:CH0009;pmid-38273040:CH0008
SUB005,28,pmid-24895459,24895459,,10.1158/1078-0432.CCR-13-3377,Cotargeting of epidermal growth factor receptor and PI3K overcomes PI3K-Akt oncogenic dependence in pancreatic ductal adenocarcinoma.,pdf,0.017308,225.621323,0.000000,global_primary_retrieved,0,not_selected,pmid-24895459:CH0017;pmid-24895459:CH0019
SUB005,29,pmid-40454641,40454641,PMC13496148,10.1056/NEJMoa2501796,Overall Survival with Inavolisib in PIK3CA-Mutated Advanced Breast Cancer.,pmc_xml,0.016808,110.703657,0.691861,global_primary_retrieved,0,not_selected,pmid-40454641:CH0006
SUB005,30,pmid-30237504,30237504,PMC6148236,10.1038/s41419-018-1025-8,IGF1R upregulation confers resistance to isoform-specific inhibitors of PI3K in PIK3CA-driven ovarian cancer.,pmc_xml,0.016585,0.000000,1.371953,global_primary_retrieved,0,not_selected,pmid-30237504:CH0031;pmid-30237504:CH0001
SUB005,31,pmid-37044095,37044095,PMC10140479,10.1016/j.xcrm.2023.101002,N-acetylcysteine overcomes NF1 loss-driven resistance to PI3Kα inhibition in breast cancer.,pmc_xml,0.013514,0.000000,0.723247,global_primary_retrieved,0,not_selected,pmid-37044095:CH0007
SUB005,32,pmid-32976773,32976773,PMC7562820,10.1016/j.ccell.2020.08.016,Metabolic Imaging Detects Resistance to PI3Kα Inhibition Mediated by Persistent FOXM1 Expression in ER+ Breast Cancer.,pmc_xml,0.012500,121.396060,0.000000,global_primary_retrieved,0,not_selected,pmid-32976773:CH0081
SUB005,33,pmid-35365185,35365185,PMC8974145,10.1186/s13058-022-01521-3,Targeting SHP2 phosphatase in breast cancer overcomes RTK-mediated resistance to PI3K inhibitors.,pmc_xml,0.011111,0.000000,0.704030,global_primary_retrieved,0,not_selected,pmid-35365185:CH0010
SUB005,34,pmid-35968355,35968355,PMC9360227,,PI3K inhibitors in trastuzumab-resistant HER2-positive breast cancer cells with PI3K pathway alterations.,pdf,0.010638,117.394919,0.000000,global_primary_retrieved,0,not_selected,pmid-35968355:CH0025
SUB005,35,pmid-33606974,33606974,PMC8384339,10.1016/j.molcel.2021.01.033,Regulation of PTEN translation by PI3K signaling maintains pathway homeostasis.,pmc_xml,0.010526,0.000000,0.701497,global_primary_retrieved,0,not_selected,pmid-33606974:CH0005
SUB005,36,pmid-36892268,36892268,PMC10552898,10.1002/1878-0261.13416,"ER+, HER2- advanced breast cancer treated with taselisib and fulvestrant: genomic landscape and associated clinical outcomes.",pmc_xml,0.010309,116.594362,0.000000,global_primary_retrieved,0,not_selected,pmid-36892268:CH0018
SUB005,37,pmid-40382983,40382983,,10.1016/j.drup.2025.101251,MicroRNA-mediated PTEN downregulation as a novel non-genetic mechanism of acquired resistance to PI3Kα inhibitors of head & neck squamous cell carcinoma.,pdf,0.010101,115.739474,0.000000,global_primary_retrieved,0,not_selected,pmid-40382983:CH0038
SUB005,38,pmid-38286037,38286037,PMC11627550,10.1016/j.biopha.2024.116217,β1 integrin mediates unresponsiveness to PI3Kα inhibition for radiochemosensitization of 3D HNSCC models.,pmc_xml,0.010000,0.000000,0.697037,global_primary_retrieved,0,not_selected,pmid-38286037:CH0027
SUB005,39,pmid-40536266,40536266,PMC12204390,10.1093/oncolo/oyaf126,Prolonged response to PIK3CA inhibition in an advanced hormone-positive breast cancer patient with 3 mutations in the alpha subunit of PI-3 kinase.,pmc_xml,0.009804,115.157011,0.000000,global_primary_retrieved,0,not_selected,pmid-40536266:CH0011
SUB005,40,pmid-25528022,25528022,,10.1007/s10549-014-3239-5,A preclinical evaluation of the PI3K alpha/delta dominant inhibitor BAY 80-6946 in HER2-positive breast cancer models with acquired resistance to the HER2-targeted therapies trastuzumab and lapatinib.,pdf,0.008850,112.994864,0.000000,global_primary_retrieved,0,not_selected,pmid-25528022:CH0019
SUB005,41,pmid-33794206,33794206,,10.1016/S1470-2045(21)00034-6,"Alpelisib plus fulvestrant in PIK3CA-mutated, hormone receptor-positive advanced breast cancer after a CDK4/6 inhibitor (BYLieve): one cohort of a phase 2, multicentre, open-label, non-comparative study.",pdf,0.008065,111.668133,0.000000,global_primary_retrieved,0,not_selected,pmid-33794206:CH0014
SUB005,42,pmid-39637900,39637900,,10.1016/S1470-2045(24)00673-9,"Alpelisib plus fulvestrant in PIK3CA-mutated, hormone receptor-positive advanced breast cancer after a CDK4/6 inhibitor (BYLieve): one cohort of a phase 2, multicentre, open-label, non-comparative study.",pdf,0.008000,111.668133,0.000000,global_primary_retrieved,0,not_selected,pmid-39637900:CH0014
SUB005,43,pmid-37623743,37623743,PMC10618743,10.1158/2159-8290.CD-23-0396,"STX-478, a Mutant-Selective, Allosteric PI3Kα Inhibitor Spares Metabolic Dysfunction and Improves Therapeutic Response in PI3Kα-Mutant Xenografts.",pmc_xml,0.007407,110.364014,0.000000,context_for_subsection,0,not_selected,pmid-37623743:CH0006
SUB005,44,pmid-40295072,40295072,,10.21873/anticanres.17567,Development of Acquired Resistance in Alpelisib-treated Gastric Cancer Cells With PIK3CA Mutations and Overcoming Strategies.,pdf,0.007353,110.209018,0.000000,global_primary_retrieved,0,not_selected,pmid-40295072:CH0003
SUB005,45,pmid-33168657,33168657,PMC8535764,10.1158/1078-0432.CCR-20-3652,"FDA Approval Summary: Alpelisib Plus Fulvestrant for Patients with HR-positive, HER2-negative, PIK3CA-mutated, Advanced or Metastatic Breast Cancer.",pmc_xml,0.007246,110.028399,0.000000,global_primary_retrieved,0,not_selected,pmid-33168657:CH0017
SUB005,46,pmid-35100734,35100734,,10.1200/PO.19.00221,"Combined PIK3CA and FGFR Inhibition With Alpelisib and Infigratinib in Patients With PIK3CA-Mutant Solid Tumors, With or Without FGFR Alterations.",pdf,0.007246,0.000000,0.680114,global_primary_retrieved,0,not_selected,pmid-35100734:CH0006
SUB006,1,pmid-40360883,40360883,PMC12304390,10.1038/s41416-025-03035-z,"Multi-node inhibition targeting mTORC1, mTORC2 and PI3Kα potently inhibits the PI3K/AKT/mTOR pathway in endometrial and breast cancer models.",pmc_xml,0.104940,308.557012,2.292420,primary_for_subsection,1,top_ranked,pmid-40360883:CH0062;pmid-40360883:CH0009;pmid-40360883:CH0010
SUB006,2,pmid-33606974,33606974,PMC8384339,10.1016/j.molcel.2021.01.033,Regulation of PTEN translation by PI3K signaling maintains pathway homeostasis.,pmc_xml,0.082765,342.823178,2.184076,global_primary_retrieved,1,top_ranked,pmid-33606974:CH0007;pmid-33606974:CH0067;pmid-33606974:CH0066
SUB006,3,pmid-37916958,37916958,PMC10850944,10.1158/2159-8290.CD-23-0704,Allosteric PI3Kα Inhibition Overcomes On-target Resistance to Orthosteric Inhibitors Mediated by Secondary PIK3CA Mutations.,pmc_xml,0.073983,182.785628,2.196831,primary_for_subsection,1,top_ranked,pmid-37916958:CH0033;pmid-37916958:CH0038;pmid-37916958:CH0028
SUB006,4,pmid-27048245,27048245,PMC4820873,10.1186/s13058-016-0697-1,Activation of IGF1R/p110β/AKT/mTOR confers resistance to α-specific PI3K inhibition.,pmc_xml,0.069133,89.972683,2.221554,primary_for_subsection,1,top_ranked,pmid-27048245:CH0043;pmid-27048245:CH0041;pmid-27048245:CH0001
SUB006,5,pmid-33024087,33024087,PMC7538592,10.1038/s41419-020-03037-0,CD44/HA signaling mediates acquired resistance to a PI3Kα inhibitor.,pmc_xml,0.059271,288.107843,0.695580,primary_for_subsection,1,top_ranked,pmid-33024087:CH0062;pmid-33024087:CH0034;pmid-33024087:CH0056
SUB006,6,pmid-37044095,37044095,PMC10140479,10.1016/j.xcrm.2023.101002,N-acetylcysteine overcomes NF1 loss-driven resistance to PI3Kα inhibition in breast cancer.,pmc_xml,0.051356,206.064525,0.699552,primary_for_subsection,1,top_ranked,pmid-37044095:CH0066;pmid-37044095:CH0007;pmid-37044095:CH0059
SUB006,7,pmid-34552006,34552006,,10.1158/1535-7163.MCT-20-0981,Phosphoproteomics Identifies PI3K Inhibitor-selective Adaptive Responses in Pancreatic Cancer Cell Therapy and Resistance.,pdf,0.051356,100.180971,1.419479,primary_for_subsection,1,top_ranked,pmid-34552006:CH0003;pmid-34552006:CH0037;pmid-34552006:CH0006
SUB006,8,pmid-33685991,33685991,PMC8137641,10.1158/0008-5472.CAN-20-3232,Genomic Alterations in PIK3CA-Mutated Breast Cancer Result in mTORC1 Activation and Limit the Sensitivity to PI3Kα Inhibitors.,pmc_xml,0.050385,89.697675,2.239486,global_primary_retrieved,1,top_ranked,pmid-33685991:CH0035;pmid-33685991:CH0006;pmid-33685991:CH0041
SUB006,9,pmid-37493631,37493631,PMC10811747,10.1158/1541-7786.MCR-23-0034,CBF-Beta Mitigates PI3K-Alpha-Specific Inhibitor Killing through PIM1 in PIK3CA-Mutant Gastric Cancer.,pmc_xml,0.048994,280.612663,0.000000,primary_for_subsection,1,top_ranked,pmid-37493631:CH0013;pmid-37493631:CH0041;pmid-37493631:CH0004
SUB006,10,pmid-21278786,21278786,PMC3107390,10.1038/onc.2010.626,PI3K inhibition results in enhanced HER signaling and acquired ERK dependency in HER2-overexpressing breast cancer.,pmc_xml,0.048745,199.797559,1.460893,global_primary_retrieved,1,top_ranked,pmid-21278786:CH0001;pmid-21278786:CH0037;pmid-21278786:CH0006
SUB006,11,pmid-30237504,30237504,PMC6148236,10.1038/s41419-018-1025-8,IGF1R upregulation confers resistance to isoform-specific inhibitors of PI3K in PIK3CA-driven ovarian cancer.,pmc_xml,0.048320,195.710509,1.473962,global_primary_retrieved,0,not_selected,pmid-30237504:CH0011;pmid-30237504:CH0031;pmid-30237504:CH0030
SUB006,12,pmid-25053989,25053989,PMC4091530,10.18632/genesandcancer.10,Amphiregulin and PTEN evoke a multimodal mechanism of acquired resistance to PI3K inhibition.,pmc_xml,0.046178,304.931510,0.704393,global_primary_retrieved,0,not_selected,pmid-25053989:CH0035;pmid-25053989:CH0037;pmid-25053989:CH0005
SUB006,13,pmid-37101291,37101291,PMC10131374,10.1186/s13073-023-01181-8,"Multiple PIK3CA mutation clonality correlates with outcomes in taselisib + fulvestrant-treated ER+/HER2-, PIK3CA-mutated breast cancers.",pmc_xml,0.044302,202.245519,1.434770,global_primary_retrieved,0,not_selected,pmid-37101291:CH0026;pmid-37101291:CH0028;pmid-37101291:CH0027
SUB006,14,pmid-27604488,27604488,PMC5050154,10.1158/2159-8290.CD-16-0305,Systematic Functional Characterization of Resistance to PI3K Inhibition in Breast Cancer.,pmc_xml,0.042724,91.415881,2.177192,global_primary_retrieved,0,not_selected,pmid-27604488:CH0020;pmid-27604488:CH0054;pmid-27604488:CH0032
SUB006,15,pmid-38273040,38273040,PMC10810864,10.1038/s41698-024-00496-y,Integrative modeling uncovers p21-driven drug resistance and prioritizes therapies for PIK3CA-mutant breast cancer.,pmc_xml,0.041001,94.485849,2.151411,global_primary_retrieved,0,not_selected,pmid-38273040:CH0013;pmid-38273040:CH0009;pmid-38273040:CH0001
SUB006,16,pmid-31594766,31594766,,10.1158/2159-8290.CD-18-0830,PTEN Loss Mediates Clinical Cross-Resistance to CDK4/6 and PI3Kα Inhibitors in Breast Cancer.,pdf,0.039482,101.097473,1.475994,global_primary_retrieved,0,not_selected,pmid-31594766:CH0044;pmid-31594766:CH0043
SUB006,17,pmid-25873175,25873175,PMC4398915,10.1016/j.ccell.2015.03.010,AXL mediates resistance to PI3Kα inhibition by activating the EGFR/PKC/mTOR axis in head and neck and esophageal squamous cell carcinomas.,pmc_xml,0.034438,103.199022,1.437769,global_primary_retrieved,0,not_selected,pmid-25873175:CH0038;pmid-25873175:CH0010;pmid-25873175:CH0001
SUB006,18,pmid-35968355,35968355,PMC9360227,,PI3K inhibitors in trastuzumab-resistant HER2-positive breast cancer cells with PI3K pathway alterations.,pdf,0.033858,201.663596,0.703300,global_primary_retrieved,0,not_selected,pmid-35968355:CH0005;pmid-35968355:CH0004
SUB006,19,pmid-35365185,35365185,PMC8974145,10.1186/s13058-022-01521-3,Targeting SHP2 phosphatase in breast cancer overcomes RTK-mediated resistance to PI3K inhibitors.,pmc_xml,0.031438,98.504193,1.427609,global_primary_retrieved,0,not_selected,pmid-35365185:CH0058;pmid-35365185:CH0009;pmid-35365185:CH0001
SUB006,20,pmid-40991650,40991650,PMC12618074,10.1172/JCI180927,USP10/GSK3β-mediated inhibition of PTEN drives resistance to PI3K inhibitors in breast cancer.,pmc_xml,0.031433,92.530359,1.446630,global_primary_retrieved,0,not_selected,pmid-40991650:CH0009;pmid-40991650:CH0005;pmid-40991650:CH0064
SUB006,21,pmid-31601188,31601188,PMC6785854,10.1186/s12885-019-6057-7,Interleukin-6 mediates resistance to PI3K-pathway-targeted therapy in lymphoma.,pmc_xml,0.031151,191.653531,0.711434,global_primary_retrieved,0,not_selected,pmid-31601188:CH0044;pmid-31601188:CH0041;pmid-31601188:CH0036
SUB006,22,pmid-26640141,26640141,PMC4896860,10.1038/onc.2015.377,PIK3CA(H1047R)- and Her2-initiated mammary tumors escape PI3K dependency by compensatory activation of MEK-ERK signaling.,pmc_xml,0.030831,190.690791,0.714029,global_primary_retrieved,0,not_selected,pmid-26640141:CH0008;pmid-26640141:CH0018
SUB006,23,pmid-24895459,24895459,,10.1158/1078-0432.CCR-13-3377,Cotargeting of epidermal growth factor receptor and PI3K overcomes PI3K-Akt oncogenic dependence in pancreatic ductal adenocarcinoma.,pdf,0.027052,206.409539,0.000000,global_primary_retrieved,0,not_selected,pmid-24895459:CH0019;pmid-24895459:CH0018
SUB006,24,pmid-24351425,24351425,PMC3974833,10.4161/cbt.27311,ERK2-dependent reactivation of Akt mediates the limited response of tumor cells with constitutive K-RAS activity to PI3K inhibition.,pdf,0.025141,200.040823,0.000000,global_primary_retrieved,0,not_selected,pmid-24351425:CH0047;pmid-24351425:CH0044
SUB006,25,pmid-29850984,29850984,,10.1007/s10549-018-4792-0,Phase I study of alpelisib (BYL-719) and trastuzumab emtansine (T-DM1) in HER2-positive metastatic breast cancer (MBC) after trastuzumab and taxane therapy.,pdf,0.024695,98.660212,0.734514,global_primary_retrieved,0,not_selected,pmid-29850984:CH0006;pmid-29850984:CH0023
SUB006,26,pmid-24405121,24405121,,10.1111/bjh.12734,"PI3KCA plays a major role in multiple myeloma and its inhibition with BYL719 decreases proliferation, synergizes with other therapies and overcomes stroma-induced resistance.",pdf,0.017288,92.989859,0.701245,global_primary_retrieved,0,not_selected,pmid-24405121:CH0009
SUB006,27,pmid-42373848,42373848,,10.1038/s41598-026-57970-9,A phase II study of alpelisib and capecitabine in patients with previously treated metastatic colorectal cancer (KCSG-CO21-04).,pdf,0.016667,91.414951,0.701900,global_primary_retrieved,0,not_selected,pmid-42373848:CH0004;pmid-42373848:CH0031
SUB006,28,pmid-38986734,38986734,,10.1016/j.canlet.2024.217112,PI3K PROTAC overcomes the lapatinib resistance in PIK3CA-mutant HER2 positive breast cancer.,pdf,0.012658,100.828443,0.000000,global_primary_retrieved,0,not_selected,pmid-38986734:CH0027
SUB006,29,pmid-32976773,32976773,PMC7562820,10.1016/j.ccell.2020.08.016,Metabolic Imaging Detects Resistance to PI3Kα Inhibition Mediated by Persistent FOXM1 Expression in ER+ Breast Cancer.,pmc_xml,0.011765,0.000000,0.730891,global_primary_retrieved,0,not_selected,pmid-32976773:CH0049
SUB006,30,pmid-39920872,39920872,PMC11806886,10.1186/s40170-025-00375-5,CD36 inhibition enhances the anti-proliferative effects of PI3K inhibitors in PTEN-loss anti-HER2 resistant breast cancer cells.,pmc_xml,0.011236,96.129245,0.000000,global_primary_retrieved,0,not_selected,pmid-39920872:CH0006
SUB006,31,pmid-29401002,29401002,PMC5920739,10.1200/JCO.2017.72.7107,Phosphatidylinositol 3-Kinase α-Selective Inhibition With Alpelisib (BYL719) in PIK3CA-Altered Solid Tumors: Results From the First-in-Human Study.,pdf,0.011111,96.083413,0.000000,global_primary_retrieved,0,not_selected,pmid-29401002:CH0005
SUB006,32,pmid-36923283,36923283,PMC10010328,10.1158/2767-9764.CRC-22-0028,A Phase IB Trial of the PI3K Inhibitor Alpelisib and Weekly Cisplatin in Patients with Solid Tumor Malignancies.,pmc_xml,0.010753,95.601356,0.000000,global_primary_retrieved,0,not_selected,pmid-36923283:CH0004
SUB006,33,pmid-37623743,37623743,PMC10618743,10.1158/2159-8290.CD-23-0396,"STX-478, a Mutant-Selective, Allosteric PI3Kα Inhibitor Spares Metabolic Dysfunction and Improves Therapeutic Response in PI3Kα-Mutant Xenografts.",pmc_xml,0.009524,93.490525,0.000000,global_primary_retrieved,0,not_selected,pmid-37623743:CH0006
SUB006,34,pmid-33947692,33947692,PMC8282678,10.1158/1078-0432.CCR-21-0047,A Phase I Study of Alpelisib in Combination with Trastuzumab and LJM716 in Patients with PIK3CA-Mutated HER2-Positive Metastatic Breast Cancer.,pmc_xml,0.008264,91.294531,0.000000,global_primary_retrieved,0,not_selected,pmid-33947692:CH0006
SUB006,35,pmid-25528022,25528022,,10.1007/s10549-014-3239-5,A preclinical evaluation of the PI3K alpha/delta dominant inhibitor BAY 80-6946 in HER2-positive breast cancer models with acquired resistance to the HER2-targeted therapies trastuzumab and lapatinib.,pdf,0.008000,0.000000,0.700029,global_primary_retrieved,0,not_selected,pmid-25528022:CH0001
SUB006,36,pmid-36805958,36805958,PMC12440294,10.1158/1535-7163.MCT-21-0667,Tumor and Stromal Cell Targeting with Nintedanib and Alpelisib Overcomes Intrinsic Bladder Cancer Resistance.,pmc_xml,0.007752,89.817147,0.000000,global_primary_retrieved,0,not_selected,pmid-36805958:CH0034
SUB006,37,pmid-32864625,32864625,PMC7450824,10.1038/s43018-020-0047-1,Alterations in PTEN and ESR1 promote clinical resistance to alpelisib plus aromatase inhibitors.,pmc_xml,0.007692,89.704694,0.000000,global_primary_retrieved,0,not_selected,pmid-32864625:CH0031
SUB006,38,pmid-35138919,35138919,PMC8865530,10.1200/PO.21.00424,Phase II Study of Taselisib in PIK3CA-Mutated Solid Tumors Other Than Breast and Squamous Lung Cancer: Results From the NCI-MATCH ECOG-ACRIN Trial (EAY131) Subprotocol I.,pdf,0.007634,0.000000,0.698024,global_primary_retrieved,0,not_selected,pmid-35138919:CH0025
SUB006,39,pmid-28382169,28382169,PMC5381259,10.7150/thno.17830,Integration of Receptor Tyrosine Kinases Determines Sensitivity to PI3Kα-selective Inhibitors in Breast Cancer.,pmc_xml,0.007143,89.009035,0.000000,global_primary_retrieved,0,not_selected,pmid-28382169:CH0014
SUB007,1,pmid-24351425,24351425,PMC3974833,10.4161/cbt.27311,ERK2-dependent reactivation of Akt mediates the limited response of tumor cells with constitutive K-RAS activity to PI3K inhibition.,pdf,0.082132,256.232525,2.117170,primary_for_subsection,1,top_ranked,pmid-24351425:CH0045;pmid-24351425:CH0047;pmid-24351425:CH0044
SUB007,2,pmid-21278786,21278786,PMC3107390,10.1038/onc.2010.626,PI3K inhibition results in enhanced HER signaling and acquired ERK dependency in HER2-overexpressing breast cancer.,pmc_xml,0.077162,276.978227,2.173115,global_primary_retrieved,1,top_ranked,pmid-21278786:CH0040;pmid-21278786:CH0042;pmid-21278786:CH0037
SUB007,3,pmid-25053989,25053989,PMC4091530,10.18632/genesandcancer.10,Amphiregulin and PTEN evoke a multimodal mechanism of acquired resistance to PI3K inhibition.,pmc_xml,0.070915,280.706006,2.113932,global_primary_retrieved,1,top_ranked,pmid-25053989:CH0005;pmid-25053989:CH0037;pmid-25053989:CH0035
SUB007,4,pmid-28382169,28382169,PMC5381259,10.7150/thno.17830,Integration of Receptor Tyrosine Kinases Determines Sensitivity to PI3Kα-selective Inhibitors in Breast Cancer.,pmc_xml,0.069890,254.643372,2.160054,global_primary_retrieved,1,top_ranked,pmid-28382169:CH0040;pmid-28382169:CH0010;pmid-28382169:CH0008
SUB007,5,pmid-26640141,26640141,PMC4896860,10.1038/onc.2015.377,PIK3CA(H1047R)- and Her2-initiated mammary tumors escape PI3K dependency by compensatory activation of MEK-ERK signaling.,pmc_xml,0.060298,274.373750,1.425819,global_primary_retrieved,1,top_ranked,pmid-26640141:CH0052;pmid-26640141:CH0036;pmid-26640141:CH0037
SUB007,6,pmid-35365185,35365185,PMC8974145,10.1186/s13058-022-01521-3,Targeting SHP2 phosphatase in breast cancer overcomes RTK-mediated resistance to PI3K inhibitors.,pmc_xml,0.056450,259.120862,1.433108,global_primary_retrieved,1,top_ranked,pmid-35365185:CH0058;pmid-35365185:CH0017;pmid-35365185:CH0024
SUB007,7,pmid-33024087,33024087,PMC7538592,10.1038/s41419-020-03037-0,CD44/HA signaling mediates acquired resistance to a PI3Kα inhibitor.,pmc_xml,0.049821,170.679696,1.455254,global_primary_retrieved,1,top_ranked,pmid-33024087:CH0062;pmid-33024087:CH0004;pmid-33024087:CH0006
SUB007,8,pmid-37101291,37101291,PMC10131374,10.1186/s13073-023-01181-8,"Multiple PIK3CA mutation clonality correlates with outcomes in taselisib + fulvestrant-treated ER+/HER2-, PIK3CA-mutated breast cancers.",pmc_xml,0.049540,200.785224,1.388325,global_primary_retrieved,1,top_ranked,pmid-37101291:CH0026;pmid-37101291:CH0028;pmid-37101291:CH0027
SUB007,9,pmid-33606974,33606974,PMC8384339,10.1016/j.molcel.2021.01.033,Regulation of PTEN translation by PI3K signaling maintains pathway homeostasis.,pmc_xml,0.046536,175.767325,1.414181,global_primary_retrieved,1,top_ranked,pmid-33606974:CH0007;pmid-33606974:CH0005;pmid-33606974:CH0050
SUB007,10,pmid-31601188,31601188,PMC6785854,10.1186/s12885-019-6057-7,Interleukin-6 mediates resistance to PI3K-pathway-targeted therapy in lymphoma.,pmc_xml,0.044869,268.323826,0.705268,global_primary_retrieved,1,top_ranked,pmid-31601188:CH0036;pmid-31601188:CH0044;pmid-31601188:CH0039
SUB007,11,pmid-40360883,40360883,PMC12304390,10.1038/s41416-025-03035-z,"Multi-node inhibition targeting mTORC1, mTORC2 and PI3Kα potently inhibits the PI3K/AKT/mTOR pathway in endometrial and breast cancer models.",pmc_xml,0.044526,85.897946,2.129155,global_primary_retrieved,0,not_selected,pmid-40360883:CH0009;pmid-40360883:CH0010;pmid-40360883:CH0001
SUB007,12,pmid-27048245,27048245,PMC4820873,10.1186/s13058-016-0697-1,Activation of IGF1R/p110β/AKT/mTOR confers resistance to α-specific PI3K inhibition.,pmc_xml,0.035755,84.935196,1.423012,global_primary_retrieved,0,not_selected,pmid-27048245:CH0041;pmid-27048245:CH0043;pmid-27048245:CH0045
SUB007,13,pmid-37044095,37044095,PMC10140479,10.1016/j.xcrm.2023.101002,N-acetylcysteine overcomes NF1 loss-driven resistance to PI3Kα inhibition in breast cancer.,pmc_xml,0.033514,259.596815,0.000000,global_primary_retrieved,0,not_selected,pmid-37044095:CH0070;pmid-37044095:CH0028;pmid-37044095:CH0063
SUB007,14,pmid-38273040,38273040,PMC10810864,10.1038/s41698-024-00496-y,Integrative modeling uncovers p21-driven drug resistance and prioritizes therapies for PIK3CA-mutant breast cancer.,pmc_xml,0.031349,0.000000,2.096690,global_primary_retrieved,0,not_selected,pmid-38273040:CH0071;pmid-38273040:CH0009;pmid-38273040:CH0013
SUB007,15,pmid-34552006,34552006,,10.1158/1535-7163.MCT-20-0981,Phosphoproteomics Identifies PI3K Inhibitor-selective Adaptive Responses in Pancreatic Cancer Cell Therapy and Resistance.,pdf,0.028459,0.000000,2.082698,global_primary_retrieved,0,not_selected,pmid-34552006:CH0039;pmid-34552006:CH0040;pmid-34552006:CH0037
SUB007,16,pmid-37916958,37916958,PMC10850944,10.1158/2159-8290.CD-23-0704,Allosteric PI3Kα Inhibition Overcomes On-target Resistance to Orthosteric Inhibitors Mediated by Secondary PIK3CA Mutations.,pmc_xml,0.028327,87.428311,1.374069,global_primary_retrieved,0,not_selected,pmid-37916958:CH0033;pmid-37916958:CH0038
SUB007,17,pmid-42373848,42373848,,10.1038/s41598-026-57970-9,A phase II study of alpelisib and capecitabine in patients with previously treated metastatic colorectal cancer (KCSG-CO21-04).,pdf,0.024184,90.282641,0.703661,global_primary_retrieved,0,not_selected,pmid-42373848:CH0031
SUB007,18,pmid-33947692,33947692,PMC8282678,10.1158/1078-0432.CCR-21-0047,A Phase I Study of Alpelisib in Combination with Trastuzumab and LJM716 in Patients with PIK3CA-Mutated HER2-Positive Metastatic Breast Cancer.,pmc_xml,0.020382,168.396677,0.000000,global_primary_retrieved,0,not_selected,pmid-33947692:CH0006;pmid-33947692:CH0034
SUB007,19,pmid-24895459,24895459,,10.1158/1078-0432.CCR-13-3377,Cotargeting of epidermal growth factor receptor and PI3K overcomes PI3K-Akt oncogenic dependence in pancreatic ductal adenocarcinoma.,pdf,0.020067,76.852773,0.708902,global_primary_retrieved,0,not_selected,pmid-24895459:CH0019
SUB007,20,pmid-38286037,38286037,PMC11627550,10.1016/j.biopha.2024.116217,β1 integrin mediates unresponsiveness to PI3Kα inhibition for radiochemosensitization of 3D HNSCC models.,pmc_xml,0.018706,82.492284,0.694786,context_for_subsection,0,not_selected,pmid-38286037:CH0017
SUB007,21,pmid-35100734,35100734,,10.1200/PO.19.00221,"Combined PIK3CA and FGFR Inhibition With Alpelisib and Infigratinib in Patients With PIK3CA-Mutant Solid Tumors, With or Without FGFR Alterations.",pdf,0.017709,163.238579,0.000000,global_primary_retrieved,0,not_selected,pmid-35100734:CH0024;pmid-35100734:CH0023
SUB007,22,pmid-40991650,40991650,PMC12618074,10.1172/JCI180927,USP10/GSK3β-mediated inhibition of PTEN drives resistance to PI3K inhibitors in breast cancer.,pmc_xml,0.017508,0.000000,1.378017,global_primary_retrieved,0,not_selected,pmid-40991650:CH0009;pmid-40991650:CH0064
SUB007,23,pmid-25873175,25873175,PMC4398915,10.1016/j.ccell.2015.03.010,AXL mediates resistance to PI3Kα inhibition by activating the EGFR/PKC/mTOR axis in head and neck and esophageal squamous cell carcinomas.,pmc_xml,0.017504,161.747246,0.000000,global_primary_retrieved,0,not_selected,pmid-25873175:CH0038;pmid-25873175:CH0039
SUB007,24,pmid-27604488,27604488,PMC5050154,10.1158/2159-8290.CD-16-0305,Systematic Functional Characterization of Resistance to PI3K Inhibition in Breast Cancer.,pmc_xml,0.015459,0.000000,1.368717,global_primary_retrieved,0,not_selected,pmid-27604488:CH0054;pmid-27604488:CH0005
SUB007,25,pmid-36805958,36805958,PMC12440294,10.1158/1535-7163.MCT-21-0667,Tumor and Stromal Cell Targeting with Nintedanib and Alpelisib Overcomes Intrinsic Bladder Cancer Resistance.,pmc_xml,0.014816,154.404342,0.000000,global_primary_retrieved,0,not_selected,pmid-36805958:CH0008;pmid-36805958:CH0034
SUB007,26,pmid-25528022,25528022,,10.1007/s10549-014-3239-5,A preclinical evaluation of the PI3K alpha/delta dominant inhibitor BAY 80-6946 in HER2-positive breast cancer models with acquired resistance to the HER2-targeted therapies trastuzumab and lapatinib.,pdf,0.013889,94.498985,0.000000,context_for_subsection,0,not_selected,pmid-25528022:CH0025
SUB007,27,pmid-33685991,33685991,PMC8137641,10.1158/0008-5472.CAN-20-3232,Genomic Alterations in PIK3CA-Mutated Breast Cancer Result in mTORC1 Activation and Limit the Sensitivity to PI3Kα Inhibitors.,pmc_xml,0.010638,0.000000,0.701325,global_primary_retrieved,0,not_selected,pmid-33685991:CH0006
SUB007,28,pmid-35771551,35771551,,10.1158/2159-8290.CD-21-1696,"Alpelisib Monotherapy for PI3K-Altered, Pretreated Advanced Breast Cancer: A Phase II Study.",pdf,0.009901,84.685994,0.000000,global_primary_retrieved,0,not_selected,pmid-35771551:CH0042
SUB007,29,pmid-29850984,29850984,,10.1007/s10549-018-4792-0,Phase I study of alpelisib (BYL-719) and trastuzumab emtansine (T-DM1) in HER2-positive metastatic breast cancer (MBC) after trastuzumab and taxane therapy.,pdf,0.009259,0.000000,0.692523,global_primary_retrieved,0,not_selected,pmid-29850984:CH0006
SUB007,30,pmid-37493631,37493631,PMC10811747,10.1158/1541-7786.MCR-23-0034,CBF-Beta Mitigates PI3K-Alpha-Specific Inhibitor Killing through PIM1 in PIK3CA-Mutant Gastric Cancer.,pmc_xml,0.009174,82.626721,0.000000,global_primary_retrieved,0,not_selected,pmid-37493631:CH0041
SUB007,31,pmid-32864625,32864625,PMC7450824,10.1038/s43018-020-0047-1,Alterations in PTEN and ESR1 promote clinical resistance to alpelisib plus aromatase inhibitors.,pmc_xml,0.008065,0.000000,0.686198,global_primary_retrieved,0,not_selected,pmid-32864625:CH0004
SUB007,32,pmid-31594766,31594766,,10.1158/2159-8290.CD-18-0830,PTEN Loss Mediates Clinical Cross-Resistance to CDK4/6 and PI3Kα Inhibitors in Breast Cancer.,pdf,0.007937,0.000000,0.685806,global_primary_retrieved,0,not_selected,pmid-31594766:CH0044
SUB007,33,pmid-35138919,35138919,PMC8865530,10.1200/PO.21.00424,Phase II Study of Taselisib in PIK3CA-Mutated Solid Tumors Other Than Breast and Squamous Lung Cancer: Results From the NCI-MATCH ECOG-ACRIN Trial (EAY131) Subprotocol I.,pdf,0.007634,0.000000,0.684186,global_primary_retrieved,0,not_selected,pmid-35138919:CH0025
SUB007,34,pmid-37163178,37163178,PMC10164376,10.2147/BTT.S395817,Treating Alpelisib-Induced Hyperinsulinemia in Patients with Advanced Breast Cancer - A Real-Life Experience.,pmc_xml,0.007143,76.689618,0.000000,global_primary_retrieved,0,not_selected,pmid-37163178:CH0014
SUB008,1,pmid-26640141,26640141,PMC4896860,10.1038/onc.2015.377,PIK3CA(H1047R)- and Her2-initiated mammary tumors escape PI3K dependency by compensatory activation of MEK-ERK signaling.,pmc_xml,0.096082,312.799820,2.254888,primary_for_subsection,1,top_ranked,pmid-26640141:CH0006;pmid-26640141:CH0052;pmid-26640141:CH0008
SUB008,2,pmid-35365185,35365185,PMC8974145,10.1186/s13058-022-01521-3,Targeting SHP2 phosphatase in breast cancer overcomes RTK-mediated resistance to PI3K inhibitors.,pmc_xml,0.094065,338.551348,2.182710,primary_for_subsection,1,top_ranked,pmid-35365185:CH0001;pmid-35365185:CH0002;pmid-35365185:CH0053
SUB008,3,pmid-26500061,26500061,PMC4846581,10.1038/onc.2015.406,"PI3K-p110α mediates resistance to HER2-targeted therapy in HER2+, PTEN-deficient breast cancers.",pmc_xml,0.079844,216.381239,2.199936,primary_for_subsection,1,top_ranked,pmid-26500061:CH0004;pmid-26500061:CH0024;pmid-26500061:CH0005
SUB008,4,pmid-21278786,21278786,PMC3107390,10.1038/onc.2010.626,PI3K inhibition results in enhanced HER signaling and acquired ERK dependency in HER2-overexpressing breast cancer.,pmc_xml,0.074979,200.223390,2.211974,primary_for_subsection,1,top_ranked,pmid-21278786:CH0036;pmid-21278786:CH0021;pmid-21278786:CH0002
SUB008,5,pmid-33606974,33606974,PMC8384339,10.1016/j.molcel.2021.01.033,Regulation of PTEN translation by PI3K signaling maintains pathway homeostasis.,pmc_xml,0.063849,214.587848,2.234418,global_primary_retrieved,1,top_ranked,pmid-33606974:CH0007;pmid-33606974:CH0008;pmid-33606974:CH0005
SUB008,6,pmid-38986734,38986734,,10.1016/j.canlet.2024.217112,PI3K PROTAC overcomes the lapatinib resistance in PIK3CA-mutant HER2 positive breast cancer.,pdf,0.062122,201.590621,1.463637,primary_for_subsection,1,top_ranked,pmid-38986734:CH0030;pmid-38986734:CH0005;pmid-38986734:CH0003
SUB008,7,pmid-25528022,25528022,,10.1007/s10549-014-3239-5,A preclinical evaluation of the PI3K alpha/delta dominant inhibitor BAY 80-6946 in HER2-positive breast cancer models with acquired resistance to the HER2-targeted therapies trastuzumab and lapatinib.,pdf,0.061187,0.000000,2.249895,primary_for_subsection,1,top_ranked,pmid-25528022:CH0005;pmid-25528022:CH0019;pmid-25528022:CH0001
SUB008,8,pmid-25053989,25053989,PMC4091530,10.18632/genesandcancer.10,Amphiregulin and PTEN evoke a multimodal mechanism of acquired resistance to PI3K inhibition.,pmc_xml,0.060459,236.406577,0.771688,primary_for_subsection,1,top_ranked,pmid-25053989:CH0005;pmid-25053989:CH0034
SUB008,9,pmid-35968355,35968355,PMC9360227,,PI3K inhibitors in trastuzumab-resistant HER2-positive breast cancer cells with PI3K pathway alterations.,pdf,0.060228,288.634172,1.427250,primary_for_subsection,1,top_ranked,pmid-35968355:CH0001;pmid-35968355:CH0021;pmid-35968355:CH0027
SUB008,10,pmid-33947692,33947692,PMC8282678,10.1158/1078-0432.CCR-21-0047,A Phase I Study of Alpelisib in Combination with Trastuzumab and LJM716 in Patients with PIK3CA-Mutated HER2-Positive Metastatic Breast Cancer.,pmc_xml,0.058995,232.713562,1.514799,global_primary_retrieved,1,top_ranked,pmid-33947692:CH0006;pmid-33947692:CH0007;pmid-33947692:CH0023
SUB008,11,pmid-36805958,36805958,PMC12440294,10.1158/1535-7163.MCT-21-0667,Tumor and Stromal Cell Targeting with Nintedanib and Alpelisib Overcomes Intrinsic Bladder Cancer Resistance.,pmc_xml,0.057949,322.192666,0.000000,primary_for_subsection,1,stage4_primary_force_included,pmid-36805958:CH0010;pmid-36805958:CH0034;pmid-36805958:CH0008
SUB008,12,pmid-25873175,25873175,PMC4398915,10.1016/j.ccell.2015.03.010,AXL mediates resistance to PI3Kα inhibition by activating the EGFR/PKC/mTOR axis in head and neck and esophageal squamous cell carcinomas.,pmc_xml,0.056958,320.890208,0.000000,primary_for_subsection,1,stage4_primary_force_included,pmid-25873175:CH0038;pmid-25873175:CH0001;pmid-25873175:CH0040
SUB008,13,pmid-38273040,38273040,PMC10810864,10.1038/s41698-024-00496-y,Integrative modeling uncovers p21-driven drug resistance and prioritizes therapies for PIK3CA-mutant breast cancer.,pmc_xml,0.051811,340.894005,0.713539,global_primary_retrieved,0,not_selected,pmid-38273040:CH0004;pmid-38273040:CH0005;pmid-38273040:CH0014
SUB008,14,pmid-24895459,24895459,,10.1158/1078-0432.CCR-13-3377,Cotargeting of epidermal growth factor receptor and PI3K overcomes PI3K-Akt oncogenic dependence in pancreatic ductal adenocarcinoma.,pdf,0.043122,209.486859,0.000000,primary_for_subsection,1,stage4_primary_force_included,pmid-24895459:CH0001;pmid-24895459:CH0028
SUB008,15,pmid-29850984,29850984,,10.1007/s10549-018-4792-0,Phase I study of alpelisib (BYL-719) and trastuzumab emtansine (T-DM1) in HER2-positive metastatic breast cancer (MBC) after trastuzumab and taxane therapy.,pdf,0.036503,96.357830,1.507109,global_primary_retrieved,0,not_selected,pmid-29850984:CH0006;pmid-29850984:CH0023;pmid-29850984:CH0004
SUB008,16,pmid-39920872,39920872,PMC11806886,10.1186/s40170-025-00375-5,CD36 inhibition enhances the anti-proliferative effects of PI3K inhibitors in PTEN-loss anti-HER2 resistant breast cancer cells.,pmc_xml,0.036488,207.905347,0.750776,context_for_subsection,0,not_selected,pmid-39920872:CH0001;pmid-39920872:CH0002;pmid-39920872:CH0010
SUB008,17,pmid-28382169,28382169,PMC5381259,10.7150/thno.17830,Integration of Receptor Tyrosine Kinases Determines Sensitivity to PI3Kα-selective Inhibitors in Breast Cancer.,pmc_xml,0.035192,108.622291,1.462263,global_primary_retrieved,0,not_selected,pmid-28382169:CH0002;pmid-28382169:CH0037;pmid-28382169:CH0036
SUB008,18,pmid-33024087,33024087,PMC7538592,10.1038/s41419-020-03037-0,CD44/HA signaling mediates acquired resistance to a PI3Kα inhibitor.,pmc_xml,0.034589,99.325292,1.504209,global_primary_retrieved,0,not_selected,pmid-33024087:CH0004;pmid-33024087:CH0065;pmid-33024087:CH0062
SUB008,19,pmid-27048245,27048245,PMC4820873,10.1186/s13058-016-0697-1,Activation of IGF1R/p110β/AKT/mTOR confers resistance to α-specific PI3K inhibition.,pmc_xml,0.032463,93.884648,1.485812,global_primary_retrieved,0,not_selected,pmid-27048245:CH0041;pmid-27048245:CH0001;pmid-27048245:CH0007
SUB008,20,pmid-37916958,37916958,PMC10850944,10.1158/2159-8290.CD-23-0704,Allosteric PI3Kα Inhibition Overcomes On-target Resistance to Orthosteric Inhibitors Mediated by Secondary PIK3CA Mutations.,pmc_xml,0.029469,228.187606,0.000000,global_primary_retrieved,0,not_selected,pmid-37916958:CH0004;pmid-37916958:CH0001
SUB008,21,pmid-34544753,34544753,PMC9762331,10.1158/2159-8290.CD-21-0072,RTK-Dependent Inducible Degradation of Mutant PI3Kα Drives GDC-0077 (Inavolisib) Efficacy.,pmc_xml,0.029091,98.580884,0.000000,primary_for_subsection,1,stage4_primary_force_included,pmid-34544753:CH0001
SUB008,22,pmid-37101291,37101291,PMC10131374,10.1186/s13073-023-01181-8,"Multiple PIK3CA mutation clonality correlates with outcomes in taselisib + fulvestrant-treated ER+/HER2-, PIK3CA-mutated breast cancers.",pmc_xml,0.027760,97.252028,1.446281,context_for_subsection,0,not_selected,pmid-37101291:CH0027;pmid-37101291:CH0026;pmid-37101291:CH0005
SUB008,23,pmid-40454641,40454641,PMC13496148,10.1056/NEJMoa2501796,Overall Survival with Inavolisib in PIK3CA-Mutated Advanced Breast Cancer.,pmc_xml,0.027444,199.027157,0.714681,global_primary_retrieved,0,not_selected,pmid-40454641:CH0006;pmid-40454641:CH0028
SUB008,24,pmid-30237504,30237504,PMC6148236,10.1038/s41419-018-1025-8,IGF1R upregulation confers resistance to isoform-specific inhibitors of PI3K in PIK3CA-driven ovarian cancer.,pmc_xml,0.027143,0.000000,0.706259,primary_for_subsection,1,stage4_primary_force_included,pmid-30237504:CH0031
SUB008,25,pmid-34552006,34552006,,10.1158/1535-7163.MCT-20-0981,Phosphoproteomics Identifies PI3K Inhibitor-selective Adaptive Responses in Pancreatic Cancer Cell Therapy and Resistance.,pdf,0.024587,94.998454,1.432747,global_primary_retrieved,0,not_selected,pmid-34552006:CH0037;pmid-34552006:CH0006;pmid-34552006:CH0032
SUB008,26,pmid-31594766,31594766,,10.1158/2159-8290.CD-18-0830,PTEN Loss Mediates Clinical Cross-Resistance to CDK4/6 and PI3Kα Inhibitors in Breast Cancer.,pdf,0.024064,97.520755,1.421228,global_primary_retrieved,0,not_selected,pmid-31594766:CH0004;pmid-31594766:CH0043;pmid-31594766:CH0044
SUB008,27,pmid-33186740,33186740,PMC8457522,10.1016/j.annonc.2020.10.596,"Phase III randomized study of taselisib or placebo with fulvestrant in estrogen receptor-positive, PIK3CA-mutant, HER2-negative, advanced breast cancer: the SANDPIPER trial.",pmc_xml,0.020836,101.301975,0.729835,global_primary_retrieved,0,not_selected,pmid-33186740:CH0005
SUB008,28,pmid-31601188,31601188,PMC6785854,10.1186/s12885-019-6057-7,Interleukin-6 mediates resistance to PI3K-pathway-targeted therapy in lymphoma.,pmc_xml,0.020557,202.423684,0.000000,global_primary_retrieved,0,not_selected,pmid-31601188:CH0041;pmid-31601188:CH0044
SUB008,29,pmid-40991650,40991650,PMC12618074,10.1172/JCI180927,USP10/GSK3β-mediated inhibition of PTEN drives resistance to PI3K inhibitors in breast cancer.,pmc_xml,0.019807,0.000000,1.448837,global_primary_retrieved,0,not_selected,pmid-40991650:CH0009;pmid-40991650:CH0057
SUB008,30,pmid-27604488,27604488,PMC5050154,10.1158/2159-8290.CD-16-0305,Systematic Functional Characterization of Resistance to PI3K Inhibition in Breast Cancer.,pmc_xml,0.017576,0.000000,1.435295,context_for_subsection,0,not_selected,pmid-27604488:CH0005;pmid-27604488:CH0067
SUB008,31,pmid-33685991,33685991,PMC8137641,10.1158/0008-5472.CAN-20-3232,Genomic Alterations in PIK3CA-Mutated Breast Cancer Result in mTORC1 Activation and Limit the Sensitivity to PI3Kα Inhibitors.,pmc_xml,0.011628,0.000000,0.733969,global_primary_retrieved,0,not_selected,pmid-33685991:CH0006
SUB008,32,pmid-32976773,32976773,PMC7562820,10.1016/j.ccell.2020.08.016,Metabolic Imaging Detects Resistance to PI3Kα Inhibition Mediated by Persistent FOXM1 Expression in ER+ Breast Cancer.,pmc_xml,0.010101,0.000000,0.726757,global_primary_retrieved,0,not_selected,pmid-32976773:CH0025
SUB008,33,pmid-35100734,35100734,,10.1200/PO.19.00221,"Combined PIK3CA and FGFR Inhibition With Alpelisib and Infigratinib in Patients With PIK3CA-Mutant Solid Tumors, With or Without FGFR Alterations.",pdf,0.009709,100.179923,0.000000,global_primary_retrieved,0,not_selected,pmid-35100734:CH0006
SUB008,34,pmid-32864625,32864625,PMC7450824,10.1038/s43018-020-0047-1,Alterations in PTEN and ESR1 promote clinical resistance to alpelisib plus aromatase inhibitors.,pmc_xml,0.008929,0.000000,0.718077,global_primary_retrieved,0,not_selected,pmid-32864625:CH0004
SUB008,35,pmid-40360883,40360883,PMC12304390,10.1038/s41416-025-03035-z,"Multi-node inhibition targeting mTORC1, mTORC2 and PI3Kα potently inhibits the PI3K/AKT/mTOR pathway in endometrial and breast cancer models.",pmc_xml,0.008475,0.000000,0.715085,global_primary_retrieved,0,not_selected,pmid-40360883:CH0010
SUB008,36,pmid-39177931,39177931,PMC11452482,10.1007/s10549-024-07405-8,SGLT2 inhibition improves PI3Kα inhibitor-induced hyperglycemia: findings from preclinical animal models and from patients in the BYLieve and SOLAR-1 trials.,pmc_xml,0.008403,97.076542,0.000000,global_primary_retrieved,0,not_selected,pmid-39177931:CH0004
SUB008,37,pmid-35771551,35771551,,10.1158/2159-8290.CD-21-1696,"Alpelisib Monotherapy for PI3K-Altered, Pretreated Advanced Breast Cancer: A Phase II Study.",pdf,0.007519,94.873641,0.000000,global_primary_retrieved,0,not_selected,pmid-35771551:CH0036
SUB008,38,pmid-24351425,24351425,PMC3974833,10.4161/cbt.27311,ERK2-dependent reactivation of Akt mediates the limited response of tumor cells with constitutive K-RAS activity to PI3K inhibition.,pdf,0.007407,94.751637,0.000000,global_primary_retrieved,0,not_selected,pmid-24351425:CH0045
SUB008,39,pmid-33168657,33168657,PMC8535764,10.1158/1078-0432.CCR-20-3652,"FDA Approval Summary: Alpelisib Plus Fulvestrant for Patients with HR-positive, HER2-negative, PIK3CA-mutated, Advanced or Metastatic Breast Cancer.",pmc_xml,0.007246,94.240151,0.000000,global_primary_retrieved,0,not_selected,pmid-33168657:CH0004
SUB008,40,pmid-36892268,36892268,PMC10552898,10.1002/1878-0261.13416,"ER+, HER2- advanced breast cancer treated with taselisib and fulvestrant: genomic landscape and associated clinical outcomes.",pmc_xml,0.007194,94.191525,0.000000,context_for_subsection,0,not_selected,pmid-36892268:CH0007
SUB009,1,pmid-41967638,41967638,,10.1016/j.annonc.2026.04.003,Genomic determinants of response to alpelisib plus fulvestrant in the SOLAR-1 trial.,pdf,0.082245,281.031889,2.218737,primary_for_subsection,1,top_ranked,pmid-41967638:CH0007;pmid-41967638:CH0001;pmid-41967638:CH0032
SUB009,2,pmid-32976773,32976773,PMC7562820,10.1016/j.ccell.2020.08.016,Metabolic Imaging Detects Resistance to PI3Kα Inhibition Mediated by Persistent FOXM1 Expression in ER+ Breast Cancer.,pmc_xml,0.076325,338.289069,1.553038,global_primary_retrieved,1,top_ranked,pmid-32976773:CH0080;pmid-32976773:CH0025;pmid-32976773:CH0081
SUB009,3,pmid-35771551,35771551,,10.1158/2159-8290.CD-21-1696,"Alpelisib Monotherapy for PI3K-Altered, Pretreated Advanced Breast Cancer: A Phase II Study.",pdf,0.069298,323.429034,1.512666,global_primary_retrieved,1,top_ranked,pmid-35771551:CH0004;pmid-35771551:CH0041;pmid-35771551:CH0036
SUB009,4,pmid-31091374,31091374,,10.1056/NEJMoa1813904,"Alpelisib for PIK3CA-Mutated, Hormone Receptor-Positive Advanced Breast Cancer.",pdf,0.065385,89.424106,2.238837,primary_for_subsection,1,top_ranked,pmid-31091374:CH0030;pmid-31091374:CH0034;pmid-31091374:CH0033
SUB009,5,pmid-40845250,40845250,,10.1200/JCO-25-00663,"US Food and Drug Administration Approval Summary: Inavolisib With Palbociclib and Fulvestrant for Endocrine-Resistant, PIK3CA-Mutated, Hormone Receptor-Positive, Human Epidermal Growth Factor Receptor 2-Negative, Locally Advanced or Metastatic Breast Cancer.",pdf,0.061116,210.055454,0.761603,primary_for_subsection,1,top_ranked,pmid-40845250:CH0006;pmid-40845250:CH0004
SUB009,6,pmid-37916958,37916958,PMC10850944,10.1158/2159-8290.CD-23-0704,Allosteric PI3Kα Inhibition Overcomes On-target Resistance to Orthosteric Inhibitors Mediated by Secondary PIK3CA Mutations.,pmc_xml,0.053234,106.446202,2.254170,global_primary_retrieved,1,top_ranked,pmid-37916958:CH0001;pmid-37916958:CH0004;pmid-37916958:CH0005
SUB009,7,pmid-31439579,31439579,,10.1158/1078-0432.CCR-19-0508,"POSEIDON Trial Phase 1b Results: Safety, Efficacy and Circulating Tumor DNA Response of the Beta Isoform-Sparing PI3K Inhibitor Taselisib (GDC-0032) Combined with Tamoxifen in Hormone Receptor Positive Metastatic Breast Cancer Patients.",pdf,0.051957,211.155297,1.491024,global_primary_retrieved,1,top_ranked,pmid-31439579:CH0029;pmid-31439579:CH0007;pmid-31439579:CH0004
SUB009,8,pmid-27604488,27604488,PMC5050154,10.1158/2159-8290.CD-16-0305,Systematic Functional Characterization of Resistance to PI3K Inhibition in Breast Cancer.,pmc_xml,0.049319,189.641225,2.178439,global_primary_retrieved,1,top_ranked,pmid-27604488:CH0064;pmid-27604488:CH0067;pmid-27604488:CH0005
SUB009,9,pmid-33685991,33685991,PMC8137641,10.1158/0008-5472.CAN-20-3232,Genomic Alterations in PIK3CA-Mutated Breast Cancer Result in mTORC1 Activation and Limit the Sensitivity to PI3Kα Inhibitors.,pmc_xml,0.047684,105.326627,2.208544,global_primary_retrieved,1,top_ranked,pmid-33685991:CH0005;pmid-33685991:CH0006;pmid-33685991:CH0012
SUB009,10,pmid-32864625,32864625,PMC7450824,10.1038/s43018-020-0047-1,Alterations in PTEN and ESR1 promote clinical resistance to alpelisib plus aromatase inhibitors.,pmc_xml,0.044468,0.000000,2.302724,global_primary_retrieved,1,top_ranked,pmid-32864625:CH0005;pmid-32864625:CH0001;pmid-32864625:CH0032
SUB009,11,pmid-33947692,33947692,PMC8282678,10.1158/1078-0432.CCR-21-0047,A Phase I Study of Alpelisib in Combination with Trastuzumab and LJM716 in Patients with PIK3CA-Mutated HER2-Positive Metastatic Breast Cancer.,pmc_xml,0.040971,95.675682,2.185773,global_primary_retrieved,0,not_selected,pmid-33947692:CH0034;pmid-33947692:CH0032;pmid-33947692:CH0033
SUB009,12,pmid-33246021,33246021,,10.1016/j.annonc.2020.11.011,"Alpelisib plus fulvestrant for PIK3CA-mutated, hormone receptor-positive, human epidermal growth factor receptor-2-negative advanced breast cancer: final overall survival results from SOLAR-1.",pdf,0.040009,193.347345,1.452327,global_primary_retrieved,0,not_selected,pmid-33246021:CH0027;pmid-33246021:CH0001;pmid-33246021:CH0026
SUB009,13,pmid-40360883,40360883,PMC12304390,10.1038/s41416-025-03035-z,"Multi-node inhibition targeting mTORC1, mTORC2 and PI3Kα potently inhibits the PI3K/AKT/mTOR pathway in endometrial and breast cancer models.",pmc_xml,0.038273,214.274583,0.723620,global_primary_retrieved,0,not_selected,pmid-40360883:CH0063;pmid-40360883:CH0062;pmid-40360883:CH0006
SUB009,14,pmid-39637900,39637900,,10.1016/S1470-2045(24)00673-9,"Alpelisib plus fulvestrant in PIK3CA-mutated, hormone receptor-positive advanced breast cancer after a CDK4/6 inhibitor (BYLieve): one cohort of a phase 2, multicentre, open-label, non-comparative study.",pdf,0.036885,91.662785,0.716632,primary_for_subsection,1,stage4_primary_force_included,pmid-39637900:CH0014;pmid-39637900:CH0001
SUB009,15,pmid-24405121,24405121,,10.1111/bjh.12734,"PI3KCA plays a major role in multiple myeloma and its inhibition with BYL719 decreases proliferation, synergizes with other therapies and overcomes stroma-induced resistance.",pdf,0.036256,301.210448,0.000000,global_primary_retrieved,0,not_selected,pmid-24405121:CH0027;pmid-24405121:CH0029;pmid-24405121:CH0009
SUB009,16,pmid-36892268,36892268,PMC10552898,10.1002/1878-0261.13416,"ER+, HER2- advanced breast cancer treated with taselisib and fulvestrant: genomic landscape and associated clinical outcomes.",pmc_xml,0.035801,302.534927,0.000000,global_primary_retrieved,0,not_selected,pmid-36892268:CH0017;pmid-36892268:CH0018;pmid-36892268:CH0007
SUB009,17,pmid-25873175,25873175,PMC4398915,10.1016/j.ccell.2015.03.010,AXL mediates resistance to PI3Kα inhibition by activating the EGFR/PKC/mTOR axis in head and neck and esophageal squamous cell carcinomas.,pmc_xml,0.034576,301.978639,0.000000,global_primary_retrieved,0,not_selected,pmid-25873175:CH0005;pmid-25873175:CH0038;pmid-25873175:CH0039
SUB009,18,pmid-32887722,32887722,,10.1158/1078-0432.CCR-20-0645,Phase Ib Study of Ribociclib plus Fulvestrant and Ribociclib plus Fulvestrant plus PI3K Inhibitor (Alpelisib or Buparlisib) for HR+ Advanced Breast Cancer.,pdf,0.034557,203.499359,0.728850,global_primary_retrieved,0,not_selected,pmid-32887722:CH0005;pmid-32887722:CH0007;pmid-32887722:CH0004
SUB009,19,pmid-21278786,21278786,PMC3107390,10.1038/onc.2010.626,PI3K inhibition results in enhanced HER signaling and acquired ERK dependency in HER2-overexpressing breast cancer.,pmc_xml,0.034450,210.617626,0.711777,global_primary_retrieved,0,not_selected,pmid-21278786:CH0040;pmid-21278786:CH0041;pmid-21278786:CH0009
SUB009,20,pmid-33168657,33168657,PMC8535764,10.1158/1078-0432.CCR-20-3652,"FDA Approval Summary: Alpelisib Plus Fulvestrant for Patients with HR-positive, HER2-negative, PIK3CA-mutated, Advanced or Metastatic Breast Cancer.",pmc_xml,0.033906,188.014271,0.766173,global_primary_retrieved,0,not_selected,pmid-33168657:CH0033;pmid-33168657:CH0007;pmid-33168657:CH0005
SUB009,21,pmid-33606974,33606974,PMC8384339,10.1016/j.molcel.2021.01.033,Regulation of PTEN translation by PI3K signaling maintains pathway homeostasis.,pmc_xml,0.033036,295.579161,0.000000,global_primary_retrieved,0,not_selected,pmid-33606974:CH0007;pmid-33606974:CH0047;pmid-33606974:CH0005
SUB009,22,pmid-35365185,35365185,PMC8974145,10.1186/s13058-022-01521-3,Targeting SHP2 phosphatase in breast cancer overcomes RTK-mediated resistance to PI3K inhibitors.,pmc_xml,0.031908,91.898115,1.483918,global_primary_retrieved,0,not_selected,pmid-35365185:CH0053;pmid-35365185:CH0010
SUB009,23,pmid-38273040,38273040,PMC10810864,10.1038/s41698-024-00496-y,Integrative modeling uncovers p21-driven drug resistance and prioritizes therapies for PIK3CA-mutant breast cancer.,pmc_xml,0.029182,0.000000,2.168813,global_primary_retrieved,0,not_selected,pmid-38273040:CH0008;pmid-38273040:CH0010;pmid-38273040:CH0001
SUB009,24,pmid-31594766,31594766,,10.1158/2159-8290.CD-18-0830,PTEN Loss Mediates Clinical Cross-Resistance to CDK4/6 and PI3Kα Inhibitors in Breast Cancer.,pdf,0.028547,91.644868,0.000000,primary_for_subsection,1,stage4_primary_force_included,pmid-31594766:CH0004
SUB009,25,pmid-33909934,33909934,PMC8265362,10.1002/onco.13804,"Effectiveness of Alpelisib + Fulvestrant Compared with Real-World Standard Treatment Among Patients with HR+, HER2-, PIK3CA-Mutated Breast Cancer.",pmc_xml,0.027576,89.180187,0.000000,primary_for_subsection,1,stage4_primary_force_included,pmid-33909934:CH0005
SUB009,26,pmid-40382983,40382983,,10.1016/j.drup.2025.101251,MicroRNA-mediated PTEN downregulation as a novel non-genetic mechanism of acquired resistance to PI3Kα inhibitors of head & neck squamous cell carcinoma.,pdf,0.026021,188.363935,0.711308,global_primary_retrieved,0,not_selected,pmid-40382983:CH0038;pmid-40382983:CH0046;pmid-40382983:CH0051
SUB009,27,pmid-35968355,35968355,PMC9360227,,PI3K inhibitors in trastuzumab-resistant HER2-positive breast cancer cells with PI3K pathway alterations.,pdf,0.025652,90.053742,1.439127,global_primary_retrieved,0,not_selected,pmid-35968355:CH0006;pmid-35968355:CH0007;pmid-35968355:CH0027
SUB009,28,pmid-33602685,33602685,PMC8282704,10.1158/1078-0432.CCR-20-4879,Clinical and Biomarker Results from Phase I/II Study of PI3K Inhibitor Alpelisib plus Nab-paclitaxel in HER2-Negative Metastatic Breast Cancer.,pmc_xml,0.024946,182.837229,0.715220,global_primary_retrieved,0,not_selected,pmid-33602685:CH0018;pmid-33602685:CH0006;pmid-33602685:CH0017
SUB009,29,pmid-29401002,29401002,PMC5920739,10.1200/JCO.2017.72.7107,Phosphatidylinositol 3-Kinase α-Selective Inhibition With Alpelisib (BYL719) in PIK3CA-Altered Solid Tumors: Results From the First-in-Human Study.,pdf,0.023582,0.000000,1.479886,global_primary_retrieved,0,not_selected,pmid-29401002:CH0032;pmid-29401002:CH0031
SUB009,30,pmid-27048245,27048245,PMC4820873,10.1186/s13058-016-0697-1,Activation of IGF1R/p110β/AKT/mTOR confers resistance to α-specific PI3K inhibition.,pmc_xml,0.021852,95.477858,0.742045,global_primary_retrieved,0,not_selected,pmid-27048245:CH0001;pmid-27048245:CH0039
SUB009,31,pmid-40454641,40454641,PMC13496148,10.1056/NEJMoa2501796,Overall Survival with Inavolisib in PIK3CA-Mutated Advanced Breast Cancer.,pmc_xml,0.020368,95.424584,0.731254,global_primary_retrieved,0,not_selected,pmid-40454641:CH0006
SUB009,32,pmid-37623743,37623743,PMC10618743,10.1158/2159-8290.CD-23-0396,"STX-478, a Mutant-Selective, Allosteric PI3Kα Inhibitor Spares Metabolic Dysfunction and Improves Therapeutic Response in PI3Kα-Mutant Xenografts.",pmc_xml,0.019457,100.168571,0.714577,global_primary_retrieved,0,not_selected,pmid-37623743:CH0050;pmid-37623743:CH0005
SUB009,33,pmid-25528022,25528022,,10.1007/s10549-014-3239-5,A preclinical evaluation of the PI3K alpha/delta dominant inhibitor BAY 80-6946 in HER2-positive breast cancer models with acquired resistance to the HER2-targeted therapies trastuzumab and lapatinib.,pdf,0.017905,90.627797,0.723354,global_primary_retrieved,0,not_selected,pmid-25528022:CH0019
SUB009,34,pmid-33794206,33794206,,10.1016/S1470-2045(21)00034-6,"Alpelisib plus fulvestrant in PIK3CA-mutated, hormone receptor-positive advanced breast cancer after a CDK4/6 inhibitor (BYLieve): one cohort of a phase 2, multicentre, open-label, non-comparative study.",pdf,0.017029,91.662785,0.716640,global_primary_retrieved,0,not_selected,pmid-33794206:CH0014;pmid-33794206:CH0001
SUB009,35,pmid-32929011,32929011,PMC7533832,10.1073/pnas.2000060117,PIK3CA C-terminal frameshift mutations are novel oncogenic events that sensitize tumors to PI3K-α inhibition.,pdf,0.016203,88.539525,0.720308,global_primary_retrieved,0,not_selected,pmid-32929011:CH0008;pmid-32929011:CH0024
SUB009,36,pmid-39177931,39177931,PMC11452482,10.1007/s10549-024-07405-8,SGLT2 inhibition improves PI3Kα inhibitor-induced hyperglycemia: findings from preclinical animal models and from patients in the BYLieve and SOLAR-1 trials.,pmc_xml,0.015634,89.268176,0.715870,global_primary_retrieved,0,not_selected,pmid-39177931:CH0005;pmid-39177931:CH0004
SUB009,37,pmid-29850984,29850984,,10.1007/s10549-018-4792-0,Phase I study of alpelisib (BYL-719) and trastuzumab emtansine (T-DM1) in HER2-positive metastatic breast cancer (MBC) after trastuzumab and taxane therapy.,pdf,0.011364,0.000000,0.737404,global_primary_retrieved,0,not_selected,pmid-29850984:CH0023
SUB009,38,pmid-35138919,35138919,PMC8865530,10.1200/PO.21.00424,Phase II Study of Taselisib in PIK3CA-Mutated Solid Tumors Other Than Breast and Squamous Lung Cancer: Results From the NCI-MATCH ECOG-ACRIN Trial (EAY131) Subprotocol I.,pdf,0.010309,0.000000,0.724874,global_primary_retrieved,0,not_selected,pmid-35138919:CH0006
SUB009,39,pmid-33024087,33024087,PMC7538592,10.1038/s41419-020-03037-0,CD44/HA signaling mediates acquired resistance to a PI3Kα inhibitor.,pmc_xml,0.010101,0.000000,0.723739,context_for_subsection,0,not_selected,pmid-33024087:CH0004
SUB009,40,pmid-30167089,30167089,PMC6114962,10.18632/oncotarget.25854,"A Phase Ib, open-label, dose-finding study of alpelisib in combination with paclitaxel in patients with advanced solid tumors.",pmc_xml,0.008130,0.000000,0.716105,global_primary_retrieved,0,not_selected,pmid-30167089:CH0023
SUB009,41,pmid-24351425,24351425,PMC3974833,10.4161/cbt.27311,ERK2-dependent reactivation of Akt mediates the limited response of tumor cells with constitutive K-RAS activity to PI3K inhibition.,pdf,0.008065,90.383694,0.000000,global_primary_retrieved,0,not_selected,pmid-24351425:CH0037
SUB009,42,pmid-25053989,25053989,PMC4091530,10.18632/genesandcancer.10,Amphiregulin and PTEN evoke a multimodal mechanism of acquired resistance to PI3K inhibition.,pmc_xml,0.007937,90.072223,0.000000,global_primary_retrieved,0,not_selected,pmid-25053989:CH0037
SUB009,43,pmid-37101291,37101291,PMC10131374,10.1186/s13073-023-01181-8,"Multiple PIK3CA mutation clonality correlates with outcomes in taselisib + fulvestrant-treated ER+/HER2-, PIK3CA-mutated breast cancers.",pmc_xml,0.007634,0.000000,0.714147,global_primary_retrieved,0,not_selected,pmid-37101291:CH0024
SUB009,44,pmid-36923283,36923283,PMC10010328,10.1158/2767-9764.CRC-22-0028,A Phase IB Trial of the PI3K Inhibitor Alpelisib and Weekly Cisplatin in Patients with Solid Tumor Malignancies.,pmc_xml,0.007143,0.000000,0.711100,global_primary_retrieved,0,not_selected,pmid-36923283:CH0005
SUB010,1,pmid-37916958,37916958,PMC10850944,10.1158/2159-8290.CD-23-0704,Allosteric PI3Kα Inhibition Overcomes On-target Resistance to Orthosteric Inhibitors Mediated by Secondary PIK3CA Mutations.,pmc_xml,0.101902,255.795407,2.166407,primary_for_subsection,1,top_ranked,pmid-37916958:CH0016;pmid-37916958:CH0003;pmid-37916958:CH0005
SUB010,2,pmid-32864625,32864625,PMC7450824,10.1038/s43018-020-0047-1,Alterations in PTEN and ESR1 promote clinical resistance to alpelisib plus aromatase inhibitors.,pmc_xml,0.096691,239.724470,2.159838,primary_for_subsection,1,top_ranked,pmid-32864625:CH0035;pmid-32864625:CH0033;pmid-32864625:CH0031
SUB010,3,pmid-25409150,25409150,PMC4326538,10.1038/nature13948,Convergent loss of PTEN leads to clinical resistance to a PI(3)Kα inhibitor.,pmc_xml,0.081505,153.959609,2.105443,primary_for_subsection,1,top_ranked,pmid-25409150:CH0001;pmid-25409150:CH0014;pmid-25409150:CH0007
SUB010,4,pmid-37101291,37101291,PMC10131374,10.1186/s13073-023-01181-8,"Multiple PIK3CA mutation clonality correlates with outcomes in taselisib + fulvestrant-treated ER+/HER2-, PIK3CA-mutated breast cancers.",pmc_xml,0.081448,224.715174,2.062843,primary_for_subsection,1,top_ranked,pmid-37101291:CH0027;pmid-37101291:CH0025;pmid-37101291:CH0028
SUB010,5,pmid-36892268,36892268,PMC10552898,10.1002/1878-0261.13416,"ER+, HER2- advanced breast cancer treated with taselisib and fulvestrant: genomic landscape and associated clinical outcomes.",pmc_xml,0.074834,256.223825,1.337265,primary_for_subsection,1,top_ranked,pmid-36892268:CH0019;pmid-36892268:CH0017;pmid-36892268:CH0006
SUB010,6,pmid-35771551,35771551,,10.1158/2159-8290.CD-21-1696,"Alpelisib Monotherapy for PI3K-Altered, Pretreated Advanced Breast Cancer: A Phase II Study.",pdf,0.070047,262.120756,0.665371,primary_for_subsection,1,top_ranked,pmid-35771551:CH0046;pmid-35771551:CH0036;pmid-35771551:CH0040
SUB010,7,pmid-27604488,27604488,PMC5050154,10.1158/2159-8290.CD-16-0305,Systematic Functional Characterization of Resistance to PI3K Inhibition in Breast Cancer.,pmc_xml,0.062454,157.837650,2.157491,global_primary_retrieved,1,top_ranked,pmid-27604488:CH0064;pmid-27604488:CH0066;pmid-27604488:CH0067
SUB010,8,pmid-31594766,31594766,,10.1158/2159-8290.CD-18-0830,PTEN Loss Mediates Clinical Cross-Resistance to CDK4/6 and PI3Kα Inhibitors in Breast Cancer.,pdf,0.055365,255.493589,1.326623,global_primary_retrieved,1,top_ranked,pmid-31594766:CH0010;pmid-31594766:CH0039;pmid-31594766:CH0008
SUB010,9,pmid-35100734,35100734,,10.1200/PO.19.00221,"Combined PIK3CA and FGFR Inhibition With Alpelisib and Infigratinib in Patients With PIK3CA-Mutant Solid Tumors, With or Without FGFR Alterations.",pdf,0.036111,149.500060,1.341799,global_primary_retrieved,1,top_ranked,pmid-35100734:CH0029;pmid-35100734:CH0030
SUB010,10,pmid-27048245,27048245,PMC4820873,10.1186/s13058-016-0697-1,Activation of IGF1R/p110β/AKT/mTOR confers resistance to α-specific PI3K inhibition.,pmc_xml,0.031725,158.935746,0.669171,global_primary_retrieved,1,top_ranked,pmid-27048245:CH0038;pmid-27048245:CH0039;pmid-27048245:CH0001
SUB010,11,pmid-33024087,33024087,PMC7538592,10.1038/s41419-020-03037-0,CD44/HA signaling mediates acquired resistance to a PI3Kα inhibitor.,pmc_xml,0.029412,162.234470,0.657850,global_primary_retrieved,0,not_selected,pmid-33024087:CH0056;pmid-33024087:CH0007;pmid-33024087:CH0004
SUB010,12,pmid-25053989,25053989,PMC4091530,10.18632/genesandcancer.10,Amphiregulin and PTEN evoke a multimodal mechanism of acquired resistance to PI3K inhibition.,pmc_xml,0.029352,229.041379,0.000000,global_primary_retrieved,0,not_selected,pmid-25053989:CH0037;pmid-25053989:CH0027;pmid-25053989:CH0036
SUB010,13,pmid-38273040,38273040,PMC10810864,10.1038/s41698-024-00496-y,Integrative modeling uncovers p21-driven drug resistance and prioritizes therapies for PIK3CA-mutant breast cancer.,pmc_xml,0.025938,0.000000,2.001604,global_primary_retrieved,0,not_selected,pmid-38273040:CH0001;pmid-38273040:CH0009;pmid-38273040:CH0010
SUB010,14,pmid-40382983,40382983,,10.1016/j.drup.2025.101251,MicroRNA-mediated PTEN downregulation as a novel non-genetic mechanism of acquired resistance to PI3Kα inhibitors of head & neck squamous cell carcinoma.,pdf,0.025074,86.123769,0.683773,global_primary_retrieved,0,not_selected,pmid-40382983:CH0038;pmid-40382983:CH0001
SUB010,15,pmid-29401002,29401002,PMC5920739,10.1200/JCO.2017.72.7107,Phosphatidylinositol 3-Kinase α-Selective Inhibition With Alpelisib (BYL719) in PIK3CA-Altered Solid Tumors: Results From the First-in-Human Study.,pdf,0.022012,72.454179,0.710172,global_primary_retrieved,0,not_selected,pmid-29401002:CH0033;pmid-29401002:CH0026
SUB010,16,pmid-21278786,21278786,PMC3107390,10.1038/onc.2010.626,PI3K inhibition results in enhanced HER signaling and acquired ERK dependency in HER2-overexpressing breast cancer.,pmc_xml,0.020760,157.023588,0.000000,global_primary_retrieved,0,not_selected,pmid-21278786:CH0041;pmid-21278786:CH0042
SUB010,17,pmid-33685991,33685991,PMC8137641,10.1158/0008-5472.CAN-20-3232,Genomic Alterations in PIK3CA-Mutated Breast Cancer Result in mTORC1 Activation and Limit the Sensitivity to PI3Kα Inhibitors.,pmc_xml,0.019741,0.000000,1.350157,global_primary_retrieved,0,not_selected,pmid-33685991:CH0006;pmid-33685991:CH0041
SUB010,18,pmid-31439579,31439579,,10.1158/1078-0432.CCR-19-0508,"POSEIDON Trial Phase 1b Results: Safety, Efficacy and Circulating Tumor DNA Response of the Beta Isoform-Sparing PI3K Inhibitor Taselisib (GDC-0032) Combined with Tamoxifen in Hormone Receptor Positive Metastatic Breast Cancer Patients.",pdf,0.018797,151.409538,0.000000,context_for_subsection,0,not_selected,pmid-31439579:CH0008;pmid-31439579:CH0021
SUB010,19,pmid-32929011,32929011,PMC7533832,10.1073/pnas.2000060117,PIK3CA C-terminal frameshift mutations are novel oncogenic events that sensitize tumors to PI3K-α inhibition.,pdf,0.017752,72.912256,0.678737,global_primary_retrieved,0,not_selected,pmid-32929011:CH0020;pmid-32929011:CH0021
SUB010,20,pmid-33794206,33794206,,10.1016/S1470-2045(21)00034-6,"Alpelisib plus fulvestrant in PIK3CA-mutated, hormone receptor-positive advanced breast cancer after a CDK4/6 inhibitor (BYLieve): one cohort of a phase 2, multicentre, open-label, non-comparative study.",pdf,0.017048,147.993871,0.000000,global_primary_retrieved,0,not_selected,pmid-33794206:CH0014;pmid-33794206:CH0008
SUB010,21,pmid-39637900,39637900,,10.1016/S1470-2045(24)00673-9,"Alpelisib plus fulvestrant in PIK3CA-mutated, hormone receptor-positive advanced breast cancer after a CDK4/6 inhibitor (BYLieve): one cohort of a phase 2, multicentre, open-label, non-comparative study.",pdf,0.016903,147.993871,0.000000,global_primary_retrieved,0,not_selected,pmid-39637900:CH0014;pmid-39637900:CH0008
SUB010,22,pmid-24608574,24608574,,10.1158/1535-7163.MCT-13-0865,Characterization of the novel and specific PI3Kα inhibitor NVP-BYL719 and development of the patient stratification strategy for clinical trials.,pdf,0.016693,0.000000,1.330749,global_primary_retrieved,0,not_selected,pmid-24608574:CH0048;pmid-24608574:CH0047
SUB010,23,pmid-33947692,33947692,PMC8282678,10.1158/1078-0432.CCR-21-0047,A Phase I Study of Alpelisib in Combination with Trastuzumab and LJM716 in Patients with PIK3CA-Mutated HER2-Positive Metastatic Breast Cancer.,pmc_xml,0.016598,146.732599,0.000000,global_primary_retrieved,0,not_selected,pmid-33947692:CH0023;pmid-33947692:CH0022
SUB010,24,pmid-25873175,25873175,PMC4398915,10.1016/j.ccell.2015.03.010,AXL mediates resistance to PI3Kα inhibition by activating the EGFR/PKC/mTOR axis in head and neck and esophageal squamous cell carcinomas.,pmc_xml,0.012987,83.376396,0.000000,global_primary_retrieved,0,not_selected,pmid-25873175:CH0005
SUB010,25,pmid-41967638,41967638,,10.1016/j.annonc.2026.04.003,Genomic determinants of response to alpelisib plus fulvestrant in the SOLAR-1 trial.,pdf,0.011905,80.795031,0.000000,global_primary_retrieved,0,not_selected,pmid-41967638:CH0043
SUB010,26,pmid-37044095,37044095,PMC10140479,10.1016/j.xcrm.2023.101002,N-acetylcysteine overcomes NF1 loss-driven resistance to PI3Kα inhibition in breast cancer.,pmc_xml,0.011765,0.000000,0.688770,global_primary_retrieved,0,not_selected,pmid-37044095:CH0007
SUB010,27,pmid-40991650,40991650,PMC12618074,10.1172/JCI180927,USP10/GSK3β-mediated inhibition of PTEN drives resistance to PI3K inhibitors in breast cancer.,pmc_xml,0.011628,0.000000,0.688166,global_primary_retrieved,0,not_selected,pmid-40991650:CH0064
SUB010,28,pmid-34552006,34552006,,10.1158/1535-7163.MCT-20-0981,Phosphoproteomics Identifies PI3K Inhibitor-selective Adaptive Responses in Pancreatic Cancer Cell Therapy and Resistance.,pdf,0.011494,0.000000,0.686655,global_primary_retrieved,0,not_selected,pmid-34552006:CH0037
SUB010,29,pmid-31601188,31601188,PMC6785854,10.1186/s12885-019-6057-7,Interleukin-6 mediates resistance to PI3K-pathway-targeted therapy in lymphoma.,pmc_xml,0.010417,0.000000,0.680355,global_primary_retrieved,0,not_selected,pmid-31601188:CH0036
SUB010,30,pmid-38286037,38286037,PMC11627550,10.1016/j.biopha.2024.116217,β1 integrin mediates unresponsiveness to PI3Kα inhibition for radiochemosensitization of 3D HNSCC models.,pmc_xml,0.010309,0.000000,0.679776,global_primary_retrieved,0,not_selected,pmid-38286037:CH0023
SUB010,31,pmid-42202490,42202490,PMC13235453,10.1016/j.esmoop.2026.107735,"Safety analyses of the INAVO120 randomised phase III trial of inavolisib or placebo with palbociclib-fulvestrant in patients with PIK3CA-mutated, hormone receptor-positive, HER2-negative, endocrine-resistant advanced breast cancer.",pmc_xml,0.008772,74.598667,0.000000,global_primary_retrieved,0,not_selected,pmid-42202490:CH0021
SUB010,32,pmid-35138919,35138919,PMC8865530,10.1200/PO.21.00424,Phase II Study of Taselisib in PIK3CA-Mutated Solid Tumors Other Than Breast and Squamous Lung Cancer: Results From the NCI-MATCH ECOG-ACRIN Trial (EAY131) Subprotocol I.,pdf,0.008696,0.000000,0.667622,global_primary_retrieved,0,not_selected,pmid-35138919:CH0025
SUB010,33,pmid-26640141,26640141,PMC4896860,10.1038/onc.2015.377,PIK3CA(H1047R)- and Her2-initiated mammary tumors escape PI3K dependency by compensatory activation of MEK-ERK signaling.,pmc_xml,0.008403,0.000000,0.666365,global_primary_retrieved,0,not_selected,pmid-26640141:CH0005
SUB010,34,pmid-30237504,30237504,PMC6148236,10.1038/s41419-018-1025-8,IGF1R upregulation confers resistance to isoform-specific inhibitors of PI3K in PIK3CA-driven ovarian cancer.,pmc_xml,0.008130,0.000000,0.663997,global_primary_retrieved,0,not_selected,pmid-30237504:CH0031
SUB010,35,pmid-35365185,35365185,PMC8974145,10.1186/s13058-022-01521-3,Targeting SHP2 phosphatase in breast cancer overcomes RTK-mediated resistance to PI3K inhibitors.,pmc_xml,0.008065,73.130720,0.000000,global_primary_retrieved,0,not_selected,pmid-35365185:CH0027
SUB010,36,pmid-33606974,33606974,PMC8384339,10.1016/j.molcel.2021.01.033,Regulation of PTEN translation by PI3K signaling maintains pathway homeostasis.,pmc_xml,0.007752,0.000000,0.661823,global_primary_retrieved,0,not_selected,pmid-33606974:CH0005
SUB010,37,pmid-33168657,33168657,PMC8535764,10.1158/1078-0432.CCR-20-3652,"FDA Approval Summary: Alpelisib Plus Fulvestrant for Patients with HR-positive, HER2-negative, PIK3CA-mutated, Advanced or Metastatic Breast Cancer.",pmc_xml,0.007634,72.874884,0.000000,global_primary_retrieved,0,not_selected,pmid-33168657:CH0013
SUB010,38,pmid-37623743,37623743,PMC10618743,10.1158/2159-8290.CD-23-0396,"STX-478, a Mutant-Selective, Allosteric PI3Kα Inhibitor Spares Metabolic Dysfunction and Improves Therapeutic Response in PI3Kα-Mutant Xenografts.",pmc_xml,0.007576,72.460236,0.000000,global_primary_retrieved,0,not_selected,pmid-37623743:CH0006
SUB010,39,pmid-25528022,25528022,,10.1007/s10549-014-3239-5,A preclinical evaluation of the PI3K alpha/delta dominant inhibitor BAY 80-6946 in HER2-positive breast cancer models with acquired resistance to the HER2-targeted therapies trastuzumab and lapatinib.,pdf,0.007463,72.402055,0.000000,global_primary_retrieved,0,not_selected,pmid-25528022:CH0003
SUB010,40,pmid-36923283,36923283,PMC10010328,10.1158/2767-9764.CRC-22-0028,A Phase IB Trial of the PI3K Inhibitor Alpelisib and Weekly Cisplatin in Patients with Solid Tumor Malignancies.,pmc_xml,0.007463,0.000000,0.658953,global_primary_retrieved,0,not_selected,pmid-36923283:CH0029
SUB010,41,pmid-31091374,31091374,,10.1056/NEJMoa1813904,"Alpelisib for PIK3CA-Mutated, Hormone Receptor-Positive Advanced Breast Cancer.",pdf,0.007407,72.221779,0.000000,global_primary_retrieved,0,not_selected,pmid-31091374:CH0030
SUB010,42,pmid-40536266,40536266,PMC12204390,10.1093/oncolo/oyaf126,Prolonged response to PIK3CA inhibition in an advanced hormone-positive breast cancer patient with 3 mutations in the alpha subunit of PI-3 kinase.,pmc_xml,0.007407,0.000000,0.658149,global_primary_retrieved,0,not_selected,pmid-40536266:CH0015
SUB010,43,pmid-33246021,33246021,,10.1016/j.annonc.2020.11.011,"Alpelisib plus fulvestrant for PIK3CA-mutated, hormone receptor-positive, human epidermal growth factor receptor-2-negative advanced breast cancer: final overall survival results from SOLAR-1.",pdf,0.007194,71.804583,0.000000,global_primary_retrieved,0,not_selected,pmid-33246021:CH0028
SUB010,44,pmid-40845250,40845250,,10.1200/JCO-25-00663,"US Food and Drug Administration Approval Summary: Inavolisib With Palbociclib and Fulvestrant for Endocrine-Resistant, PIK3CA-Mutated, Hormone Receptor-Positive, Human Epidermal Growth Factor Receptor 2-Negative, Locally Advanced or Metastatic Breast Cancer.",pdf,0.007143,71.686016,0.000000,global_primary_retrieved,0,not_selected,pmid-40845250:CH0045
SUB010,45,pmid-29850984,29850984,,10.1007/s10549-018-4792-0,Phase I study of alpelisib (BYL-719) and trastuzumab emtansine (T-DM1) in HER2-positive metastatic breast cancer (MBC) after trastuzumab and taxane therapy.,pdf,0.007143,0.000000,0.655653,global_primary_retrieved,0,not_selected,pmid-29850984:CH0025
SUB011,1,pmid-38273040,38273040,PMC10810864,10.1038/s41698-024-00496-y,Integrative modeling uncovers p21-driven drug resistance and prioritizes therapies for PIK3CA-mutant breast cancer.,pmc_xml,0.052950,144.068268,1.997788,global_primary_retrieved,1,top_ranked,pmid-38273040:CH0068;pmid-38273040:CH0011;pmid-38273040:CH0001
SUB011,2,pmid-33024087,33024087,PMC7538592,10.1038/s41419-020-03037-0,CD44/HA signaling mediates acquired resistance to a PI3Kα inhibitor.,pmc_xml,0.050265,198.744856,1.361762,global_primary_retrieved,1,top_ranked,pmid-33024087:CH0056;pmid-33024087:CH0004;pmid-33024087:CH0040
SUB011,3,pmid-21278786,21278786,PMC3107390,10.1038/onc.2010.626,PI3K inhibition results in enhanced HER signaling and acquired ERK dependency in HER2-overexpressing breast cancer.,pmc_xml,0.047855,228.645175,0.647937,global_primary_retrieved,1,top_ranked,pmid-21278786:CH0037;pmid-21278786:CH0041;pmid-21278786:CH0042
SUB011,4,pmid-27604488,27604488,PMC5050154,10.1158/2159-8290.CD-16-0305,Systematic Functional Characterization of Resistance to PI3K Inhibition in Breast Cancer.,pmc_xml,0.047627,0.000000,2.130194,global_primary_retrieved,1,top_ranked,pmid-27604488:CH0066;pmid-27604488:CH0067;pmid-27604488:CH0054
SUB011,5,pmid-31594766,31594766,,10.1158/2159-8290.CD-18-0830,PTEN Loss Mediates Clinical Cross-Resistance to CDK4/6 and PI3Kα Inhibitors in Breast Cancer.,pdf,0.043699,210.062176,0.692387,global_primary_retrieved,1,top_ranked,pmid-31594766:CH0044;pmid-31594766:CH0048;pmid-31594766:CH0009
SUB011,6,pmid-40991650,40991650,PMC12618074,10.1172/JCI180927,USP10/GSK3β-mediated inhibition of PTEN drives resistance to PI3K inhibitors in breast cancer.,pmc_xml,0.041972,72.051508,1.415160,global_primary_retrieved,1,top_ranked,pmid-40991650:CH0064;pmid-40991650:CH0009;pmid-40991650:CH0042
SUB011,7,pmid-40360883,40360883,PMC12304390,10.1038/s41416-025-03035-z,"Multi-node inhibition targeting mTORC1, mTORC2 and PI3Kα potently inhibits the PI3K/AKT/mTOR pathway in endometrial and breast cancer models.",pmc_xml,0.041265,69.049333,2.005225,global_primary_retrieved,1,top_ranked,pmid-40360883:CH0062;pmid-40360883:CH0010;pmid-40360883:CH0009
SUB011,8,pmid-33606974,33606974,PMC8384339,10.1016/j.molcel.2021.01.033,Regulation of PTEN translation by PI3K signaling maintains pathway homeostasis.,pmc_xml,0.041113,165.256292,0.659959,global_primary_retrieved,1,top_ranked,pmid-33606974:CH0033;pmid-33606974:CH0047;pmid-33606974:CH0007
SUB011,9,pmid-34552006,34552006,,10.1158/1535-7163.MCT-20-0981,Phosphoproteomics Identifies PI3K Inhibitor-selective Adaptive Responses in Pancreatic Cancer Cell Therapy and Resistance.,pdf,0.040663,0.000000,2.067947,global_primary_retrieved,1,top_ranked,pmid-34552006:CH0037;pmid-34552006:CH0041;pmid-34552006:CH0005
SUB011,10,pmid-37916958,37916958,PMC10850944,10.1158/2159-8290.CD-23-0704,Allosteric PI3Kα Inhibition Overcomes On-target Resistance to Orthosteric Inhibitors Mediated by Secondary PIK3CA Mutations.,pmc_xml,0.040630,73.998756,1.386287,global_primary_retrieved,1,top_ranked,pmid-37916958:CH0033;pmid-37916958:CH0003;pmid-37916958:CH0001
SUB011,11,pmid-25528022,25528022,,10.1007/s10549-014-3239-5,A preclinical evaluation of the PI3K alpha/delta dominant inhibitor BAY 80-6946 in HER2-positive breast cancer models with acquired resistance to the HER2-targeted therapies trastuzumab and lapatinib.,pdf,0.036879,222.960119,0.000000,global_primary_retrieved,0,not_selected,pmid-25528022:CH0003;pmid-25528022:CH0026;pmid-25528022:CH0025
SUB011,12,pmid-37044095,37044095,PMC10140479,10.1016/j.xcrm.2023.101002,N-acetylcysteine overcomes NF1 loss-driven resistance to PI3Kα inhibition in breast cancer.,pmc_xml,0.036571,145.482276,0.694459,context_for_subsection,0,not_selected,pmid-37044095:CH0007;pmid-37044095:CH0065;pmid-37044095:CH0059
SUB011,13,pmid-33168657,33168657,PMC8535764,10.1158/1078-0432.CCR-20-3652,"FDA Approval Summary: Alpelisib Plus Fulvestrant for Patients with HR-positive, HER2-negative, PIK3CA-mutated, Advanced or Metastatic Breast Cancer.",pmc_xml,0.036215,228.205701,0.000000,global_primary_retrieved,0,not_selected,pmid-33168657:CH0013;pmid-33168657:CH0038;pmid-33168657:CH0037
SUB011,14,pmid-37101291,37101291,PMC10131374,10.1186/s13073-023-01181-8,"Multiple PIK3CA mutation clonality correlates with outcomes in taselisib + fulvestrant-treated ER+/HER2-, PIK3CA-mutated breast cancers.",pmc_xml,0.035668,135.413270,1.318553,global_primary_retrieved,0,not_selected,pmid-37101291:CH0027;pmid-37101291:CH0026
SUB011,15,pmid-27048245,27048245,PMC4820873,10.1186/s13058-016-0697-1,Activation of IGF1R/p110β/AKT/mTOR confers resistance to α-specific PI3K inhibition.,pmc_xml,0.034311,69.503820,1.361174,global_primary_retrieved,0,not_selected,pmid-27048245:CH0001;pmid-27048245:CH0041;pmid-27048245:CH0044
SUB011,16,pmid-25053989,25053989,PMC4091530,10.18632/genesandcancer.10,Amphiregulin and PTEN evoke a multimodal mechanism of acquired resistance to PI3K inhibition.,pmc_xml,0.033877,78.010552,1.324224,global_primary_retrieved,0,not_selected,pmid-25053989:CH0037;pmid-25053989:CH0007;pmid-25053989:CH0001
SUB011,17,pmid-35771551,35771551,,10.1158/2159-8290.CD-21-1696,"Alpelisib Monotherapy for PI3K-Altered, Pretreated Advanced Breast Cancer: A Phase II Study.",pdf,0.032682,214.313067,0.000000,global_primary_retrieved,0,not_selected,pmid-35771551:CH0036;pmid-35771551:CH0046;pmid-35771551:CH0041
SUB011,18,pmid-26640141,26640141,PMC4896860,10.1038/onc.2015.377,PIK3CA(H1047R)- and Her2-initiated mammary tumors escape PI3K dependency by compensatory activation of MEK-ERK signaling.,pmc_xml,0.031808,65.862510,1.950781,global_primary_retrieved,0,not_selected,pmid-26640141:CH0052;pmid-26640141:CH0008;pmid-26640141:CH0005
SUB011,19,pmid-36805958,36805958,PMC12440294,10.1158/1535-7163.MCT-21-0667,Tumor and Stromal Cell Targeting with Nintedanib and Alpelisib Overcomes Intrinsic Bladder Cancer Resistance.,pmc_xml,0.028726,207.388417,0.000000,global_primary_retrieved,0,not_selected,pmid-36805958:CH0008;pmid-36805958:CH0009;pmid-36805958:CH0032
SUB011,20,pmid-41967638,41967638,,10.1016/j.annonc.2026.04.003,Genomic determinants of response to alpelisib plus fulvestrant in the SOLAR-1 trial.,pdf,0.028039,154.701355,0.000000,global_primary_retrieved,0,not_selected,pmid-41967638:CH0035;pmid-41967638:CH0043
SUB011,21,pmid-32864625,32864625,PMC7450824,10.1038/s43018-020-0047-1,Alterations in PTEN and ESR1 promote clinical resistance to alpelisib plus aromatase inhibitors.,pmc_xml,0.027489,65.808530,1.325824,global_primary_retrieved,0,not_selected,pmid-32864625:CH0031;pmid-32864625:CH0004;pmid-32864625:CH0035
SUB011,22,pmid-25409150,25409150,PMC4326538,10.1038/nature13948,Convergent loss of PTEN leads to clinical resistance to a PI(3)Kα inhibitor.,pmc_xml,0.026242,0.000000,1.963383,global_primary_retrieved,0,not_selected,pmid-25409150:CH0020;pmid-25409150:CH0007;pmid-25409150:CH0003
SUB011,23,pmid-33685991,33685991,PMC8137641,10.1158/0008-5472.CAN-20-3232,Genomic Alterations in PIK3CA-Mutated Breast Cancer Result in mTORC1 Activation and Limit the Sensitivity to PI3Kα Inhibitors.,pmc_xml,0.025678,0.000000,1.366571,global_primary_retrieved,0,not_selected,pmid-33685991:CH0006;pmid-33685991:CH0041
SUB011,24,pmid-38286037,38286037,PMC11627550,10.1016/j.biopha.2024.116217,β1 integrin mediates unresponsiveness to PI3Kα inhibition for radiochemosensitization of 3D HNSCC models.,pmc_xml,0.023647,71.236525,0.683044,global_primary_retrieved,0,not_selected,pmid-38286037:CH0023;pmid-38286037:CH0022
SUB011,25,pmid-24608574,24608574,,10.1158/1535-7163.MCT-13-0865,Characterization of the novel and specific PI3Kα inhibitor NVP-BYL719 and development of the patient stratification strategy for clinical trials.,pdf,0.023421,146.694971,0.000000,global_primary_retrieved,0,not_selected,pmid-24608574:CH0035;pmid-24608574:CH0030
SUB011,26,pmid-35365185,35365185,PMC8974145,10.1186/s13058-022-01521-3,Targeting SHP2 phosphatase in breast cancer overcomes RTK-mediated resistance to PI3K inhibitors.,pmc_xml,0.023396,0.000000,1.942762,global_primary_retrieved,0,not_selected,pmid-35365185:CH0001;pmid-35365185:CH0053;pmid-35365185:CH0010
SUB011,27,pmid-42202490,42202490,PMC13235453,10.1016/j.esmoop.2026.107735,"Safety analyses of the INAVO120 randomised phase III trial of inavolisib or placebo with palbociclib-fulvestrant in patients with PIK3CA-mutated, hormone receptor-positive, HER2-negative, endocrine-resistant advanced breast cancer.",pmc_xml,0.023025,144.755195,0.000000,global_primary_retrieved,0,not_selected,pmid-42202490:CH0056;pmid-42202490:CH0055
SUB011,28,pmid-25873175,25873175,PMC4398915,10.1016/j.ccell.2015.03.010,AXL mediates resistance to PI3Kα inhibition by activating the EGFR/PKC/mTOR axis in head and neck and esophageal squamous cell carcinomas.,pmc_xml,0.021462,143.070985,0.000000,global_primary_retrieved,0,not_selected,pmid-25873175:CH0038;pmid-25873175:CH0040
SUB011,29,pmid-37623743,37623743,PMC10618743,10.1158/2159-8290.CD-23-0396,"STX-478, a Mutant-Selective, Allosteric PI3Kα Inhibitor Spares Metabolic Dysfunction and Improves Therapeutic Response in PI3Kα-Mutant Xenografts.",pmc_xml,0.018437,137.729998,0.000000,global_primary_retrieved,0,not_selected,pmid-37623743:CH0050;pmid-37623743:CH0051
SUB011,30,pmid-24351425,24351425,PMC3974833,10.4161/cbt.27311,ERK2-dependent reactivation of Akt mediates the limited response of tumor cells with constitutive K-RAS activity to PI3K inhibition.,pdf,0.017837,136.528427,0.000000,global_primary_retrieved,0,not_selected,pmid-24351425:CH0044;pmid-24351425:CH0014
SUB011,31,pmid-34544753,34544753,PMC9762331,10.1158/2159-8290.CD-21-0072,RTK-Dependent Inducible Degradation of Mutant PI3Kα Drives GDC-0077 (Inavolisib) Efficacy.,pmc_xml,0.017833,136.234153,0.000000,global_primary_retrieved,0,not_selected,pmid-34544753:CH0044;pmid-34544753:CH0023
SUB011,32,pmid-40382983,40382983,,10.1016/j.drup.2025.101251,MicroRNA-mediated PTEN downregulation as a novel non-genetic mechanism of acquired resistance to PI3Kα inhibitors of head & neck squamous cell carcinoma.,pdf,0.017679,67.454203,0.658841,global_primary_retrieved,0,not_selected,pmid-40382983:CH0001;pmid-40382983:CH0038
SUB011,33,pmid-24895459,24895459,,10.1158/1078-0432.CCR-13-3377,Cotargeting of epidermal growth factor receptor and PI3K overcomes PI3K-Akt oncogenic dependence in pancreatic ductal adenocarcinoma.,pdf,0.015593,133.008233,0.000000,global_primary_retrieved,0,not_selected,pmid-24895459:CH0019;pmid-24895459:CH0001
SUB011,34,pmid-33947692,33947692,PMC8282678,10.1158/1078-0432.CCR-21-0047,A Phase I Study of Alpelisib in Combination with Trastuzumab and LJM716 in Patients with PIK3CA-Mutated HER2-Positive Metastatic Breast Cancer.,pmc_xml,0.015152,79.707467,0.000000,global_primary_retrieved,0,not_selected,pmid-33947692:CH0023
SUB011,35,pmid-30237504,30237504,PMC6148236,10.1038/s41419-018-1025-8,IGF1R upregulation confers resistance to isoform-specific inhibitors of PI3K in PIK3CA-driven ovarian cancer.,pmc_xml,0.014706,0.000000,0.697641,global_primary_retrieved,0,not_selected,pmid-30237504:CH0031
SUB011,36,pmid-31601188,31601188,PMC6785854,10.1186/s12885-019-6057-7,Interleukin-6 mediates resistance to PI3K-pathway-targeted therapy in lymphoma.,pmc_xml,0.013333,0.000000,0.687609,global_primary_retrieved,0,not_selected,pmid-31601188:CH0036
SUB011,37,pmid-32976773,32976773,PMC7562820,10.1016/j.ccell.2020.08.016,Metabolic Imaging Detects Resistance to PI3Kα Inhibition Mediated by Persistent FOXM1 Expression in ER+ Breast Cancer.,pmc_xml,0.012346,73.171944,0.000000,global_primary_retrieved,0,not_selected,pmid-32976773:CH0081
SUB011,38,pmid-37163178,37163178,PMC10164376,10.2147/BTT.S395817,Treating Alpelisib-Induced Hyperinsulinemia in Patients with Advanced Breast Cancer - A Real-Life Experience.,pmc_xml,0.012195,73.128201,0.000000,global_primary_retrieved,0,not_selected,pmid-37163178:CH0008
SUB011,39,pmid-40536266,40536266,PMC12204390,10.1093/oncolo/oyaf126,Prolonged response to PIK3CA inhibition in an advanced hormone-positive breast cancer patient with 3 mutations in the alpha subunit of PI-3 kinase.,pmc_xml,0.012048,73.104607,0.000000,global_primary_retrieved,0,not_selected,pmid-40536266:CH0015
SUB011,40,pmid-35100734,35100734,,10.1200/PO.19.00221,"Combined PIK3CA and FGFR Inhibition With Alpelisib and Infigratinib in Patients With PIK3CA-Mutant Solid Tumors, With or Without FGFR Alterations.",pdf,0.011765,72.684592,0.000000,global_primary_retrieved,0,not_selected,pmid-35100734:CH0004
SUB011,41,pmid-36892268,36892268,PMC10552898,10.1002/1878-0261.13416,"ER+, HER2- advanced breast cancer treated with taselisib and fulvestrant: genomic landscape and associated clinical outcomes.",pmc_xml,0.011628,72.165466,0.000000,global_primary_retrieved,0,not_selected,pmid-36892268:CH0006
SUB011,42,pmid-35138919,35138919,PMC8865530,10.1200/PO.21.00424,Phase II Study of Taselisib in PIK3CA-Mutated Solid Tumors Other Than Breast and Squamous Lung Cancer: Results From the NCI-MATCH ECOG-ACRIN Trial (EAY131) Subprotocol I.,pdf,0.011628,0.000000,0.672869,global_primary_retrieved,0,not_selected,pmid-35138919:CH0025
SUB011,43,pmid-36923283,36923283,PMC10010328,10.1158/2767-9764.CRC-22-0028,A Phase IB Trial of the PI3K Inhibitor Alpelisib and Weekly Cisplatin in Patients with Solid Tumor Malignancies.,pmc_xml,0.011111,71.257076,0.000000,global_primary_retrieved,0,not_selected,pmid-36923283:CH0022
SUB011,44,pmid-33602685,33602685,PMC8282704,10.1158/1078-0432.CCR-20-4879,Clinical and Biomarker Results from Phase I/II Study of PI3K Inhibitor Alpelisib plus Nab-paclitaxel in HER2-Negative Metastatic Breast Cancer.,pmc_xml,0.010870,71.147943,0.000000,global_primary_retrieved,0,not_selected,pmid-33602685:CH0024
SUB011,45,pmid-38986734,38986734,,10.1016/j.canlet.2024.217112,PI3K PROTAC overcomes the lapatinib resistance in PIK3CA-mutant HER2 positive breast cancer.,pdf,0.010526,70.659989,0.000000,global_primary_retrieved,0,not_selected,pmid-38986734:CH0030
SUB011,46,pmid-28382169,28382169,PMC5381259,10.7150/thno.17830,Integration of Receptor Tyrosine Kinases Determines Sensitivity to PI3Kα-selective Inhibitors in Breast Cancer.,pmc_xml,0.009804,69.667386,0.000000,global_primary_retrieved,0,not_selected,pmid-28382169:CH0036
SUB011,47,pmid-42373848,42373848,,10.1038/s41598-026-57970-9,A phase II study of alpelisib and capecitabine in patients with previously treated metastatic colorectal cancer (KCSG-CO21-04).,pdf,0.009434,0.000000,0.658995,global_primary_retrieved,0,not_selected,pmid-42373848:CH0031
SUB011,48,pmid-30167089,30167089,PMC6114962,10.18632/oncotarget.25854,"A Phase Ib, open-label, dose-finding study of alpelisib in combination with paclitaxel in patients with advanced solid tumors.",pmc_xml,0.008696,68.199712,0.000000,global_primary_retrieved,0,not_selected,pmid-30167089:CH0019
SUB011,49,pmid-26500061,26500061,PMC4846581,10.1038/onc.2015.406,"PI3K-p110α mediates resistance to HER2-targeted therapy in HER2+, PTEN-deficient breast cancers.",pmc_xml,0.007874,66.606750,0.000000,global_primary_retrieved,0,not_selected,pmid-26500061:CH0021
SUB011,50,pmid-33794206,33794206,,10.1016/S1470-2045(21)00034-6,"Alpelisib plus fulvestrant in PIK3CA-mutated, hormone receptor-positive advanced breast cancer after a CDK4/6 inhibitor (BYLieve): one cohort of a phase 2, multicentre, open-label, non-comparative study.",pdf,0.007576,65.888879,0.000000,global_primary_retrieved,0,not_selected,pmid-33794206:CH0014
SUB011,51,pmid-39637900,39637900,,10.1016/S1470-2045(24)00673-9,"Alpelisib plus fulvestrant in PIK3CA-mutated, hormone receptor-positive advanced breast cancer after a CDK4/6 inhibitor (BYLieve): one cohort of a phase 2, multicentre, open-label, non-comparative study.",pdf,0.007519,65.888879,0.000000,global_primary_retrieved,0,not_selected,pmid-39637900:CH0014
SUB012,1,pmid-39920872,39920872,PMC11806886,10.1186/s40170-025-00375-5,CD36 inhibition enhances the anti-proliferative effects of PI3K inhibitors in PTEN-loss anti-HER2 resistant breast cancer cells.,pmc_xml,0.074708,354.085446,0.687533,primary_for_subsection,1,top_ranked,pmid-39920872:CH0010;pmid-39920872:CH0021;pmid-39920872:CH0022
SUB012,2,pmid-33024087,33024087,PMC7538592,10.1038/s41419-020-03037-0,CD44/HA signaling mediates acquired resistance to a PI3Kα inhibitor.,pmc_xml,0.070486,231.625486,1.393106,primary_for_subsection,1,top_ranked,pmid-33024087:CH0056;pmid-33024087:CH0004;pmid-33024087:CH0007
SUB012,3,pmid-27048245,27048245,PMC4820873,10.1186/s13058-016-0697-1,Activation of IGF1R/p110β/AKT/mTOR confers resistance to α-specific PI3K inhibition.,pmc_xml,0.062044,312.496723,2.057136,global_primary_retrieved,1,top_ranked,pmid-27048245:CH0001;pmid-27048245:CH0044;pmid-27048245:CH0007
SUB012,4,pmid-31601188,31601188,PMC6785854,10.1186/s12885-019-6057-7,Interleukin-6 mediates resistance to PI3K-pathway-targeted therapy in lymphoma.,pmc_xml,0.058930,220.978008,0.710751,primary_for_subsection,1,top_ranked,pmid-31601188:CH0036;pmid-31601188:CH0037
SUB012,5,pmid-37044095,37044095,PMC10140479,10.1016/j.xcrm.2023.101002,N-acetylcysteine overcomes NF1 loss-driven resistance to PI3Kα inhibition in breast cancer.,pmc_xml,0.058774,304.164219,0.708890,primary_for_subsection,1,top_ranked,pmid-37044095:CH0007;pmid-37044095:CH0065;pmid-37044095:CH0001
SUB012,6,pmid-27604488,27604488,PMC5050154,10.1158/2159-8290.CD-16-0305,Systematic Functional Characterization of Resistance to PI3K Inhibition in Breast Cancer.,pmc_xml,0.057175,111.297850,2.153701,global_primary_retrieved,1,top_ranked,pmid-27604488:CH0055;pmid-27604488:CH0067;pmid-27604488:CH0056
SUB012,7,pmid-38273040,38273040,PMC10810864,10.1038/s41698-024-00496-y,Integrative modeling uncovers p21-driven drug resistance and prioritizes therapies for PIK3CA-mutant breast cancer.,pmc_xml,0.055384,209.269192,2.089318,context_for_subsection,1,top_ranked,pmid-38273040:CH0001;pmid-38273040:CH0002;pmid-38273040:CH0070
SUB012,8,pmid-32976773,32976773,PMC7562820,10.1016/j.ccell.2020.08.016,Metabolic Imaging Detects Resistance to PI3Kα Inhibition Mediated by Persistent FOXM1 Expression in ER+ Breast Cancer.,pmc_xml,0.044372,101.060852,1.338811,primary_for_subsection,1,top_ranked,pmid-32976773:CH0049;pmid-32976773:CH0081;pmid-32976773:CH0025
SUB012,9,pmid-37163178,37163178,PMC10164376,10.2147/BTT.S395817,Treating Alpelisib-Induced Hyperinsulinemia in Patients with Advanced Breast Cancer - A Real-Life Experience.,pmc_xml,0.041582,343.462793,0.000000,global_primary_retrieved,1,top_ranked,pmid-37163178:CH0008;pmid-37163178:CH0001;pmid-37163178:CH0014
SUB012,10,pmid-21278786,21278786,PMC3107390,10.1038/onc.2010.626,PI3K inhibition results in enhanced HER signaling and acquired ERK dependency in HER2-overexpressing breast cancer.,pmc_xml,0.040386,338.900848,0.000000,global_primary_retrieved,1,top_ranked,pmid-21278786:CH0042;pmid-21278786:CH0041;pmid-21278786:CH0040
SUB012,11,pmid-37916958,37916958,PMC10850944,10.1158/2159-8290.CD-23-0704,Allosteric PI3Kα Inhibition Overcomes On-target Resistance to Orthosteric Inhibitors Mediated by Secondary PIK3CA Mutations.,pmc_xml,0.039808,117.602734,1.398830,global_primary_retrieved,0,not_selected,pmid-37916958:CH0001;pmid-37916958:CH0003;pmid-37916958:CH0033
SUB012,12,pmid-36805958,36805958,PMC12440294,10.1158/1535-7163.MCT-21-0667,Tumor and Stromal Cell Targeting with Nintedanib and Alpelisib Overcomes Intrinsic Bladder Cancer Resistance.,pmc_xml,0.039337,334.243186,0.000000,global_primary_retrieved,0,not_selected,pmid-36805958:CH0008;pmid-36805958:CH0009;pmid-36805958:CH0037
SUB012,13,pmid-35365185,35365185,PMC8974145,10.1186/s13058-022-01521-3,Targeting SHP2 phosphatase in breast cancer overcomes RTK-mediated resistance to PI3K inhibitors.,pmc_xml,0.038960,101.040856,2.051783,global_primary_retrieved,0,not_selected,pmid-35365185:CH0001;pmid-35365185:CH0053;pmid-35365185:CH0010
SUB012,14,pmid-33685991,33685991,PMC8137641,10.1158/0008-5472.CAN-20-3232,Genomic Alterations in PIK3CA-Mutated Breast Cancer Result in mTORC1 Activation and Limit the Sensitivity to PI3Kα Inhibitors.,pmc_xml,0.038240,0.000000,2.101300,global_primary_retrieved,0,not_selected,pmid-33685991:CH0006;pmid-33685991:CH0041;pmid-33685991:CH0020
SUB012,15,pmid-25528022,25528022,,10.1007/s10549-014-3239-5,A preclinical evaluation of the PI3K alpha/delta dominant inhibitor BAY 80-6946 in HER2-positive breast cancer models with acquired resistance to the HER2-targeted therapies trastuzumab and lapatinib.,pdf,0.038224,208.647497,1.351026,global_primary_retrieved,0,not_selected,pmid-25528022:CH0019;pmid-25528022:CH0001;pmid-25528022:CH0026
SUB012,16,pmid-35771551,35771551,,10.1158/2159-8290.CD-21-1696,"Alpelisib Monotherapy for PI3K-Altered, Pretreated Advanced Breast Cancer: A Phase II Study.",pdf,0.038116,316.984992,0.667208,global_primary_retrieved,0,not_selected,pmid-35771551:CH0036;pmid-35771551:CH0035;pmid-35771551:CH0032
SUB012,17,pmid-40991650,40991650,PMC12618074,10.1172/JCI180927,USP10/GSK3β-mediated inhibition of PTEN drives resistance to PI3K inhibitors in breast cancer.,pmc_xml,0.037977,102.945474,1.423321,context_for_subsection,0,not_selected,pmid-40991650:CH0009;pmid-40991650:CH0064;pmid-40991650:CH0023
SUB012,18,pmid-37101291,37101291,PMC10131374,10.1186/s13073-023-01181-8,"Multiple PIK3CA mutation clonality correlates with outcomes in taselisib + fulvestrant-treated ER+/HER2-, PIK3CA-mutated breast cancers.",pmc_xml,0.037506,204.538736,1.360993,global_primary_retrieved,0,not_selected,pmid-37101291:CH0027;pmid-37101291:CH0026;pmid-37101291:CH0028
SUB012,19,pmid-40360883,40360883,PMC12304390,10.1038/s41416-025-03035-z,"Multi-node inhibition targeting mTORC1, mTORC2 and PI3Kα potently inhibits the PI3K/AKT/mTOR pathway in endometrial and breast cancer models.",pmc_xml,0.037330,0.000000,2.096948,global_primary_retrieved,0,not_selected,pmid-40360883:CH0010;pmid-40360883:CH0062;pmid-40360883:CH0001
SUB012,20,pmid-26640141,26640141,PMC4896860,10.1038/onc.2015.377,PIK3CA(H1047R)- and Her2-initiated mammary tumors escape PI3K dependency by compensatory activation of MEK-ERK signaling.,pmc_xml,0.035141,305.419191,0.674074,global_primary_retrieved,0,not_selected,pmid-26640141:CH0008;pmid-26640141:CH0039;pmid-26640141:CH0043
SUB012,21,pmid-33947692,33947692,PMC8282678,10.1158/1078-0432.CCR-21-0047,A Phase I Study of Alpelisib in Combination with Trastuzumab and LJM716 in Patients with PIK3CA-Mutated HER2-Positive Metastatic Breast Cancer.,pmc_xml,0.034025,322.509222,0.000000,global_primary_retrieved,0,not_selected,pmid-33947692:CH0023;pmid-33947692:CH0034;pmid-33947692:CH0033
SUB012,22,pmid-24895459,24895459,,10.1158/1078-0432.CCR-13-3377,Cotargeting of epidermal growth factor receptor and PI3K overcomes PI3K-Akt oncogenic dependence in pancreatic ductal adenocarcinoma.,pdf,0.033916,323.609881,0.000000,global_primary_retrieved,0,not_selected,pmid-24895459:CH0019;pmid-24895459:CH0020;pmid-24895459:CH0001
SUB012,23,pmid-31594766,31594766,,10.1158/2159-8290.CD-18-0830,PTEN Loss Mediates Clinical Cross-Resistance to CDK4/6 and PI3Kα Inhibitors in Breast Cancer.,pdf,0.033296,0.000000,2.075196,global_primary_retrieved,0,not_selected,pmid-31594766:CH0044;pmid-31594766:CH0043;pmid-31594766:CH0038
SUB012,24,pmid-38286037,38286037,PMC11627550,10.1016/j.biopha.2024.116217,β1 integrin mediates unresponsiveness to PI3Kα inhibition for radiochemosensitization of 3D HNSCC models.,pmc_xml,0.031111,0.000000,0.691208,primary_for_subsection,1,stage4_primary_force_included,pmid-38286037:CH0023
SUB012,25,pmid-37623743,37623743,PMC10618743,10.1158/2159-8290.CD-23-0396,"STX-478, a Mutant-Selective, Allosteric PI3Kα Inhibitor Spares Metabolic Dysfunction and Improves Therapeutic Response in PI3Kα-Mutant Xenografts.",pmc_xml,0.030953,316.290656,0.000000,global_primary_retrieved,0,not_selected,pmid-37623743:CH0006;pmid-37623743:CH0007;pmid-37623743:CH0050
SUB012,26,pmid-34552006,34552006,,10.1158/1535-7163.MCT-20-0981,Phosphoproteomics Identifies PI3K Inhibitor-selective Adaptive Responses in Pancreatic Cancer Cell Therapy and Resistance.,pdf,0.030643,0.000000,2.055552,global_primary_retrieved,0,not_selected,pmid-34552006:CH0037;pmid-34552006:CH0006;pmid-34552006:CH0007
SUB012,27,pmid-24405121,24405121,,10.1111/bjh.12734,"PI3KCA plays a major role in multiple myeloma and its inhibition with BYL719 decreases proliferation, synergizes with other therapies and overcomes stroma-induced resistance.",pdf,0.028772,0.000000,0.671878,primary_for_subsection,1,stage4_primary_force_included,pmid-24405121:CH0009
SUB012,28,pmid-33606974,33606974,PMC8384339,10.1016/j.molcel.2021.01.033,Regulation of PTEN translation by PI3K signaling maintains pathway homeostasis.,pmc_xml,0.027861,0.000000,2.036776,global_primary_retrieved,0,not_selected,pmid-33606974:CH0005;pmid-33606974:CH0001;pmid-33606974:CH0007
SUB012,29,pmid-25053989,25053989,PMC4091530,10.18632/genesandcancer.10,Amphiregulin and PTEN evoke a multimodal mechanism of acquired resistance to PI3K inhibition.,pmc_xml,0.027584,110.908833,1.333175,context_for_subsection,0,not_selected,pmid-25053989:CH0037;pmid-25053989:CH0005;pmid-25053989:CH0035
SUB012,30,pmid-40845250,40845250,,10.1200/JCO-25-00663,"US Food and Drug Administration Approval Summary: Inavolisib With Palbociclib and Fulvestrant for Endocrine-Resistant, PIK3CA-Mutated, Hormone Receptor-Positive, Human Epidermal Growth Factor Receptor 2-Negative, Locally Advanced or Metastatic Breast Cancer.",pdf,0.024686,201.248231,0.671349,global_primary_retrieved,0,not_selected,pmid-40845250:CH0006;pmid-40845250:CH0041;pmid-40845250:CH0046
SUB012,31,pmid-32864625,32864625,PMC7450824,10.1038/s43018-020-0047-1,Alterations in PTEN and ESR1 promote clinical resistance to alpelisib plus aromatase inhibitors.,pmc_xml,0.021653,0.000000,1.377184,global_primary_retrieved,0,not_selected,pmid-32864625:CH0031;pmid-32864625:CH0004
SUB012,32,pmid-26500061,26500061,PMC4846581,10.1038/onc.2015.406,"PI3K-p110α mediates resistance to HER2-targeted therapy in HER2+, PTEN-deficient breast cancers.",pmc_xml,0.021165,210.169940,0.000000,global_primary_retrieved,0,not_selected,pmid-26500061:CH0025;pmid-26500061:CH0024
SUB012,33,pmid-25409150,25409150,PMC4326538,10.1038/nature13948,Convergent loss of PTEN leads to clinical resistance to a PI(3)Kα inhibitor.,pmc_xml,0.017991,0.000000,1.353808,global_primary_retrieved,0,not_selected,pmid-25409150:CH0007;pmid-25409150:CH0020
SUB012,34,pmid-40382983,40382983,,10.1016/j.drup.2025.101251,MicroRNA-mediated PTEN downregulation as a novel non-genetic mechanism of acquired resistance to PI3Kα inhibitors of head & neck squamous cell carcinoma.,pdf,0.016643,100.037413,0.673800,global_primary_retrieved,0,not_selected,pmid-40382983:CH0001;pmid-40382983:CH0038
SUB012,35,pmid-29850984,29850984,,10.1007/s10549-018-4792-0,Phase I study of alpelisib (BYL-719) and trastuzumab emtansine (T-DM1) in HER2-positive metastatic breast cancer (MBC) after trastuzumab and taxane therapy.,pdf,0.016411,0.000000,1.339140,global_primary_retrieved,0,not_selected,pmid-29850984:CH0023;pmid-29850984:CH0006
SUB012,36,pmid-36892268,36892268,PMC10552898,10.1002/1878-0261.13416,"ER+, HER2- advanced breast cancer treated with taselisib and fulvestrant: genomic landscape and associated clinical outcomes.",pmc_xml,0.015328,0.000000,1.334742,global_primary_retrieved,0,not_selected,pmid-36892268:CH0019;pmid-36892268:CH0026
SUB012,37,pmid-30237504,30237504,PMC6148236,10.1038/s41419-018-1025-8,IGF1R upregulation confers resistance to isoform-specific inhibitors of PI3K in PIK3CA-driven ovarian cancer.,pmc_xml,0.012987,0.000000,0.705569,context_for_subsection,0,not_selected,pmid-30237504:CH0031
SUB012,38,pmid-33602685,33602685,PMC8282704,10.1158/1078-0432.CCR-20-4879,Clinical and Biomarker Results from Phase I/II Study of PI3K Inhibitor Alpelisib plus Nab-paclitaxel in HER2-Negative Metastatic Breast Cancer.,pmc_xml,0.011628,107.985733,0.000000,global_primary_retrieved,0,not_selected,pmid-33602685:CH0024
SUB012,39,pmid-35138919,35138919,PMC8865530,10.1200/PO.21.00424,Phase II Study of Taselisib in PIK3CA-Mutated Solid Tumors Other Than Breast and Squamous Lung Cancer: Results From the NCI-MATCH ECOG-ACRIN Trial (EAY131) Subprotocol I.,pdf,0.009901,0.000000,0.680138,global_primary_retrieved,0,not_selected,pmid-35138919:CH0025
SUB012,40,pmid-28382169,28382169,PMC5381259,10.7150/thno.17830,Integration of Receptor Tyrosine Kinases Determines Sensitivity to PI3Kα-selective Inhibitors in Breast Cancer.,pmc_xml,0.009524,0.000000,0.678230,global_primary_retrieved,0,not_selected,pmid-28382169:CH0008
SUB012,41,pmid-41967638,41967638,,10.1016/j.annonc.2026.04.003,Genomic determinants of response to alpelisib plus fulvestrant in the SOLAR-1 trial.,pdf,0.009434,103.184687,0.000000,global_primary_retrieved,0,not_selected,pmid-41967638:CH0043
SUB012,42,pmid-37493631,37493631,PMC10811747,10.1158/1541-7786.MCR-23-0034,CBF-Beta Mitigates PI3K-Alpha-Specific Inhibitor Killing through PIM1 in PIK3CA-Mutant Gastric Cancer.,pmc_xml,0.009091,0.000000,0.673993,global_primary_retrieved,0,not_selected,pmid-37493631:CH0038
SUB012,43,pmid-42373848,42373848,,10.1038/s41598-026-57970-9,A phase II study of alpelisib and capecitabine in patients with previously treated metastatic colorectal cancer (KCSG-CO21-04).,pdf,0.008333,101.239163,0.000000,global_primary_retrieved,0,not_selected,pmid-42373848:CH0010
SUB012,44,pmid-40454641,40454641,PMC13496148,10.1056/NEJMoa2501796,Overall Survival with Inavolisib in PIK3CA-Mutated Advanced Breast Cancer.,pmc_xml,0.007143,0.000000,0.664977,global_primary_retrieved,0,not_selected,pmid-40454641:CH0006
SUB013,1,pmid-39637900,39637900,,10.1016/S1470-2045(24)00673-9,"Alpelisib plus fulvestrant in PIK3CA-mutated, hormone receptor-positive advanced breast cancer after a CDK4/6 inhibitor (BYLieve): one cohort of a phase 2, multicentre, open-label, non-comparative study.",pdf,0.082866,338.941014,1.317284,primary_for_subsection,1,top_ranked,pmid-39637900:CH0014;pmid-39637900:CH0016;pmid-39637900:CH0013
SUB013,2,pmid-41967638,41967638,,10.1016/j.annonc.2026.04.003,Genomic determinants of response to alpelisib plus fulvestrant in the SOLAR-1 trial.,pdf,0.077347,212.307093,1.967003,primary_for_subsection,1,top_ranked,pmid-41967638:CH0001;pmid-41967638:CH0041;pmid-41967638:CH0011
SUB013,3,pmid-40454641,40454641,PMC13496148,10.1056/NEJMoa2501796,Overall Survival with Inavolisib in PIK3CA-Mutated Advanced Breast Cancer.,pmc_xml,0.077137,312.585991,1.321361,primary_for_subsection,1,top_ranked,pmid-40454641:CH0027;pmid-40454641:CH0031;pmid-40454641:CH0007
SUB013,4,pmid-31091374,31091374,,10.1056/NEJMoa1813904,"Alpelisib for PIK3CA-Mutated, Hormone Receptor-Positive Advanced Breast Cancer.",pdf,0.074610,231.258363,1.335289,primary_for_subsection,1,top_ranked,pmid-31091374:CH0030;pmid-31091374:CH0023;pmid-31091374:CH0024
SUB013,5,pmid-33246021,33246021,,10.1016/j.annonc.2020.11.011,"Alpelisib plus fulvestrant for PIK3CA-mutated, hormone receptor-positive, human epidermal growth factor receptor-2-negative advanced breast cancer: final overall survival results from SOLAR-1.",pdf,0.066199,193.940106,1.370834,primary_for_subsection,1,top_ranked,pmid-33246021:CH0023;pmid-33246021:CH0005;pmid-33246021:CH0004
SUB013,6,pmid-33794206,33794206,,10.1016/S1470-2045(21)00034-6,"Alpelisib plus fulvestrant in PIK3CA-mutated, hormone receptor-positive advanced breast cancer after a CDK4/6 inhibitor (BYLieve): one cohort of a phase 2, multicentre, open-label, non-comparative study.",pdf,0.063588,338.941014,1.317284,global_primary_retrieved,1,top_ranked,pmid-33794206:CH0014;pmid-33794206:CH0016;pmid-33794206:CH0013
SUB013,7,pmid-33909934,33909934,PMC8265362,10.1002/onco.13804,"Effectiveness of Alpelisib + Fulvestrant Compared with Real-World Standard Treatment Among Patients with HR+, HER2-, PIK3CA-Mutated Breast Cancer.",pmc_xml,0.057350,324.751206,0.000000,primary_for_subsection,1,top_ranked,pmid-33909934:CH0002;pmid-33909934:CH0001;pmid-33909934:CH0005
SUB013,8,pmid-32976773,32976773,PMC7562820,10.1016/j.ccell.2020.08.016,Metabolic Imaging Detects Resistance to PI3Kα Inhibition Mediated by Persistent FOXM1 Expression in ER+ Breast Cancer.,pmc_xml,0.047478,335.341268,0.645933,global_primary_retrieved,1,top_ranked,pmid-32976773:CH0080;pmid-32976773:CH0004;pmid-32976773:CH0084
SUB013,9,pmid-24608574,24608574,,10.1158/1535-7163.MCT-13-0865,Characterization of the novel and specific PI3Kα inhibitor NVP-BYL719 and development of the patient stratification strategy for clinical trials.,pdf,0.047362,101.318565,2.000369,global_primary_retrieved,1,top_ranked,pmid-24608574:CH0047;pmid-24608574:CH0048;pmid-24608574:CH0002
SUB013,10,pmid-27604488,27604488,PMC5050154,10.1158/2159-8290.CD-16-0305,Systematic Functional Characterization of Resistance to PI3K Inhibition in Breast Cancer.,pmc_xml,0.043168,0.000000,2.041022,context_for_subsection,1,top_ranked,pmid-27604488:CH0064;pmid-27604488:CH0067;pmid-27604488:CH0005
SUB013,11,pmid-42202490,42202490,PMC13235453,10.1016/j.esmoop.2026.107735,"Safety analyses of the INAVO120 randomised phase III trial of inavolisib or placebo with palbociclib-fulvestrant in patients with PIK3CA-mutated, hormone receptor-positive, HER2-negative, endocrine-resistant advanced breast cancer.",pmc_xml,0.041142,334.639325,0.000000,global_primary_retrieved,0,not_selected,pmid-42202490:CH0006;pmid-42202490:CH0057;pmid-42202490:CH0007
SUB013,12,pmid-32864625,32864625,PMC7450824,10.1038/s43018-020-0047-1,Alterations in PTEN and ESR1 promote clinical resistance to alpelisib plus aromatase inhibitors.,pmc_xml,0.041127,96.362079,1.973500,global_primary_retrieved,0,not_selected,pmid-32864625:CH0032;pmid-32864625:CH0033;pmid-32864625:CH0005
SUB013,13,pmid-35771551,35771551,,10.1158/2159-8290.CD-21-1696,"Alpelisib Monotherapy for PI3K-Altered, Pretreated Advanced Breast Cancer: A Phase II Study.",pdf,0.039609,104.417839,1.354576,global_primary_retrieved,0,not_selected,pmid-35771551:CH0004;pmid-35771551:CH0031;pmid-35771551:CH0044
SUB013,14,pmid-25873175,25873175,PMC4398915,10.1016/j.ccell.2015.03.010,AXL mediates resistance to PI3Kα inhibition by activating the EGFR/PKC/mTOR axis in head and neck and esophageal squamous cell carcinomas.,pmc_xml,0.039586,333.042924,0.000000,global_primary_retrieved,0,not_selected,pmid-25873175:CH0005;pmid-25873175:CH0002;pmid-25873175:CH0041
SUB013,15,pmid-37916958,37916958,PMC10850944,10.1158/2159-8290.CD-23-0704,Allosteric PI3Kα Inhibition Overcomes On-target Resistance to Orthosteric Inhibitors Mediated by Secondary PIK3CA Mutations.,pmc_xml,0.035780,0.000000,1.984606,global_primary_retrieved,0,not_selected,pmid-37916958:CH0003;pmid-37916958:CH0005;pmid-37916958:CH0002
SUB013,16,pmid-27048245,27048245,PMC4820873,10.1186/s13058-016-0697-1,Activation of IGF1R/p110β/AKT/mTOR confers resistance to α-specific PI3K inhibition.,pmc_xml,0.034670,104.657819,1.319277,global_primary_retrieved,0,not_selected,pmid-27048245:CH0039;pmid-27048245:CH0001
SUB013,17,pmid-33602685,33602685,PMC8282704,10.1158/1078-0432.CCR-20-4879,Clinical and Biomarker Results from Phase I/II Study of PI3K Inhibitor Alpelisib plus Nab-paclitaxel in HER2-Negative Metastatic Breast Cancer.,pmc_xml,0.033379,202.711791,0.676884,global_primary_retrieved,0,not_selected,pmid-33602685:CH0017;pmid-33602685:CH0018;pmid-33602685:CH0029
SUB013,18,pmid-36923283,36923283,PMC10010328,10.1158/2767-9764.CRC-22-0028,A Phase IB Trial of the PI3K Inhibitor Alpelisib and Weekly Cisplatin in Patients with Solid Tumor Malignancies.,pmc_xml,0.033323,202.758833,0.672181,global_primary_retrieved,0,not_selected,pmid-36923283:CH0029;pmid-36923283:CH0008;pmid-36923283:CH0027
SUB013,19,pmid-21278786,21278786,PMC3107390,10.1038/onc.2010.626,PI3K inhibition results in enhanced HER signaling and acquired ERK dependency in HER2-overexpressing breast cancer.,pmc_xml,0.032238,309.943878,0.000000,global_primary_retrieved,0,not_selected,pmid-21278786:CH0009;pmid-21278786:CH0043;pmid-21278786:CH0006
SUB013,20,pmid-36611120,36611120,,10.1038/s41388-022-02585-3,Alpelisib and fulvestrant in PIK3CA-mutated hormone receptor-positive HER2-negative advanced breast cancer included in the French early access program.,pdf,0.031640,311.385444,0.000000,global_primary_retrieved,0,not_selected,pmid-36611120:CH0005;pmid-36611120:CH0020;pmid-36611120:CH0016
SUB013,21,pmid-36892268,36892268,PMC10552898,10.1002/1878-0261.13416,"ER+, HER2- advanced breast cancer treated with taselisib and fulvestrant: genomic landscape and associated clinical outcomes.",pmc_xml,0.031092,0.000000,1.960991,global_primary_retrieved,0,not_selected,pmid-36892268:CH0028;pmid-36892268:CH0026;pmid-36892268:CH0019
SUB013,22,pmid-38273040,38273040,PMC10810864,10.1038/s41698-024-00496-y,Integrative modeling uncovers p21-driven drug resistance and prioritizes therapies for PIK3CA-mutant breast cancer.,pmc_xml,0.029758,0.000000,1.951664,global_primary_retrieved,0,not_selected,pmid-38273040:CH0001;pmid-38273040:CH0010;pmid-38273040:CH0009
SUB013,23,pmid-35138919,35138919,PMC8865530,10.1200/PO.21.00424,Phase II Study of Taselisib in PIK3CA-Mutated Solid Tumors Other Than Breast and Squamous Lung Cancer: Results From the NCI-MATCH ECOG-ACRIN Trial (EAY131) Subprotocol I.,pdf,0.029002,98.118722,1.303652,global_primary_retrieved,0,not_selected,pmid-35138919:CH0002;pmid-35138919:CH0022;pmid-35138919:CH0007
SUB013,24,pmid-33947692,33947692,PMC8282678,10.1158/1078-0432.CCR-21-0047,A Phase I Study of Alpelisib in Combination with Trastuzumab and LJM716 in Patients with PIK3CA-Mutated HER2-Positive Metastatic Breast Cancer.,pmc_xml,0.028500,98.041673,1.303576,global_primary_retrieved,0,not_selected,pmid-33947692:CH0030;pmid-33947692:CH0029;pmid-33947692:CH0023
SUB013,25,pmid-33168657,33168657,PMC8535764,10.1158/1078-0432.CCR-20-3652,"FDA Approval Summary: Alpelisib Plus Fulvestrant for Patients with HR-positive, HER2-negative, PIK3CA-mutated, Advanced or Metastatic Breast Cancer.",pmc_xml,0.025568,102.311704,0.686618,global_primary_retrieved,0,not_selected,pmid-33168657:CH0017;pmid-33168657:CH0035
SUB013,26,pmid-29850984,29850984,,10.1007/s10549-018-4792-0,Phase I study of alpelisib (BYL-719) and trastuzumab emtansine (T-DM1) in HER2-positive metastatic breast cancer (MBC) after trastuzumab and taxane therapy.,pdf,0.025254,96.690652,1.289642,global_primary_retrieved,0,not_selected,pmid-29850984:CH0023;pmid-29850984:CH0024;pmid-29850984:CH0001
SUB013,27,pmid-32887722,32887722,,10.1158/1078-0432.CCR-20-0645,Phase Ib Study of Ribociclib plus Fulvestrant and Ribociclib plus Fulvestrant plus PI3K Inhibitor (Alpelisib or Buparlisib) for HR+ Advanced Breast Cancer.,pdf,0.024152,214.406047,0.000000,global_primary_retrieved,0,not_selected,pmid-32887722:CH0006;pmid-32887722:CH0004
SUB013,28,pmid-31439579,31439579,,10.1158/1078-0432.CCR-19-0508,"POSEIDON Trial Phase 1b Results: Safety, Efficacy and Circulating Tumor DNA Response of the Beta Isoform-Sparing PI3K Inhibitor Taselisib (GDC-0032) Combined with Tamoxifen in Hormone Receptor Positive Metastatic Breast Cancer Patients.",pdf,0.021996,108.679620,0.644662,global_primary_retrieved,0,not_selected,pmid-31439579:CH0008;pmid-31439579:CH0032
SUB013,29,pmid-39177931,39177931,PMC11452482,10.1007/s10549-024-07405-8,SGLT2 inhibition improves PI3Kα inhibitor-induced hyperglycemia: findings from preclinical animal models and from patients in the BYLieve and SOLAR-1 trials.,pmc_xml,0.019535,201.856286,0.000000,context_for_subsection,0,not_selected,pmid-39177931:CH0005;pmid-39177931:CH0001
SUB013,30,pmid-30237504,30237504,PMC6148236,10.1038/s41419-018-1025-8,IGF1R upregulation confers resistance to isoform-specific inhibitors of PI3K in PIK3CA-driven ovarian cancer.,pmc_xml,0.018417,97.787949,0.653993,global_primary_retrieved,0,not_selected,pmid-30237504:CH0005
SUB013,31,pmid-37101291,37101291,PMC10131374,10.1186/s13073-023-01181-8,"Multiple PIK3CA mutation clonality correlates with outcomes in taselisib + fulvestrant-treated ER+/HER2-, PIK3CA-mutated breast cancers.",pmc_xml,0.018106,103.764302,0.635781,global_primary_retrieved,0,not_selected,pmid-37101291:CH0010;pmid-37101291:CH0027
SUB013,32,pmid-40360883,40360883,PMC12304390,10.1038/s41416-025-03035-z,"Multi-node inhibition targeting mTORC1, mTORC2 and PI3Kα potently inhibits the PI3K/AKT/mTOR pathway in endometrial and breast cancer models.",pmc_xml,0.018041,0.000000,1.288815,global_primary_retrieved,0,not_selected,pmid-40360883:CH0006;pmid-40360883:CH0017
SUB013,33,pmid-35365185,35365185,PMC8974145,10.1186/s13058-022-01521-3,Targeting SHP2 phosphatase in breast cancer overcomes RTK-mediated resistance to PI3K inhibitors.,pmc_xml,0.017885,0.000000,1.290136,global_primary_retrieved,0,not_selected,pmid-35365185:CH0010;pmid-35365185:CH0053
SUB013,34,pmid-34552006,34552006,,10.1158/1535-7163.MCT-20-0981,Phosphoproteomics Identifies PI3K Inhibitor-selective Adaptive Responses in Pancreatic Cancer Cell Therapy and Resistance.,pdf,0.017503,0.000000,1.287684,global_primary_retrieved,0,not_selected,pmid-34552006:CH0045;pmid-34552006:CH0007
SUB013,35,pmid-40991650,40991650,PMC12618074,10.1172/JCI180927,USP10/GSK3β-mediated inhibition of PTEN drives resistance to PI3K inhibitors in breast cancer.,pmc_xml,0.016348,0.000000,1.280433,global_primary_retrieved,0,not_selected,pmid-40991650:CH0011;pmid-40991650:CH0064
SUB013,36,pmid-32929011,32929011,PMC7533832,10.1073/pnas.2000060117,PIK3CA C-terminal frameshift mutations are novel oncogenic events that sensitize tumors to PI3K-α inhibition.,pdf,0.015669,98.491646,0.634963,global_primary_retrieved,0,not_selected,pmid-32929011:CH0008;pmid-32929011:CH0020
SUB013,37,pmid-31594766,31594766,,10.1158/2159-8290.CD-18-0830,PTEN Loss Mediates Clinical Cross-Resistance to CDK4/6 and PI3Kα Inhibitors in Breast Cancer.,pdf,0.015598,194.287443,0.000000,context_for_subsection,0,not_selected,pmid-31594766:CH0039;pmid-31594766:CH0004
SUB013,38,pmid-36805958,36805958,PMC12440294,10.1158/1535-7163.MCT-21-0667,Tumor and Stromal Cell Targeting with Nintedanib and Alpelisib Overcomes Intrinsic Bladder Cancer Resistance.,pmc_xml,0.012821,107.454292,0.000000,global_primary_retrieved,0,not_selected,pmid-36805958:CH0008
SUB013,39,pmid-35968355,35968355,PMC9360227,,PI3K inhibitors in trastuzumab-resistant HER2-positive breast cancer cells with PI3K pathway alterations.,pdf,0.012821,0.000000,0.665852,global_primary_retrieved,0,not_selected,pmid-35968355:CH0025
SUB013,40,pmid-40382983,40382983,,10.1016/j.drup.2025.101251,MicroRNA-mediated PTEN downregulation as a novel non-genetic mechanism of acquired resistance to PI3Kα inhibitors of head & neck squamous cell carcinoma.,pdf,0.011905,105.701320,0.000000,global_primary_retrieved,0,not_selected,pmid-40382983:CH0038
SUB013,41,pmid-25409150,25409150,PMC4326538,10.1038/nature13948,Convergent loss of PTEN leads to clinical resistance to a PI(3)Kα inhibitor.,pmc_xml,0.010000,0.000000,0.652151,global_primary_retrieved,0,not_selected,pmid-25409150:CH0007
SUB013,42,pmid-33606974,33606974,PMC8384339,10.1016/j.molcel.2021.01.033,Regulation of PTEN translation by PI3K signaling maintains pathway homeostasis.,pmc_xml,0.009259,99.857196,0.000000,global_primary_retrieved,0,not_selected,pmid-33606974:CH0007
SUB013,43,pmid-35100734,35100734,,10.1200/PO.19.00221,"Combined PIK3CA and FGFR Inhibition With Alpelisib and Infigratinib in Patients With PIK3CA-Mutant Solid Tumors, With or Without FGFR Alterations.",pdf,0.009174,0.000000,0.645213,global_primary_retrieved,0,not_selected,pmid-35100734:CH0028
SUB013,44,pmid-33685991,33685991,PMC8137641,10.1158/0008-5472.CAN-20-3232,Genomic Alterations in PIK3CA-Mutated Breast Cancer Result in mTORC1 Activation and Limit the Sensitivity to PI3Kα Inhibitors.,pmc_xml,0.009091,0.000000,0.645194,global_primary_retrieved,0,not_selected,pmid-33685991:CH0006
SUB013,45,pmid-35311394,35311394,,10.1177/03008916211073621,"BYL719 (alpelisib) for the treatment of PIK3CA-mutated, recurrent/advanced cervical cancer.",pdf,0.008929,0.000000,0.644541,global_primary_retrieved,0,not_selected,pmid-35311394:CH0013
SUB013,46,pmid-37623743,37623743,PMC10618743,10.1158/2159-8290.CD-23-0396,"STX-478, a Mutant-Selective, Allosteric PI3Kα Inhibitor Spares Metabolic Dysfunction and Improves Therapeutic Response in PI3Kα-Mutant Xenografts.",pmc_xml,0.008547,98.612028,0.000000,global_primary_retrieved,0,not_selected,pmid-37623743:CH0006
SUB013,47,pmid-40845250,40845250,,10.1200/JCO-25-00663,"US Food and Drug Administration Approval Summary: Inavolisib With Palbociclib and Fulvestrant for Endocrine-Resistant, PIK3CA-Mutated, Hormone Receptor-Positive, Human Epidermal Growth Factor Receptor 2-Negative, Locally Advanced or Metastatic Breast Cancer.",pdf,0.008547,0.000000,0.642163,global_primary_retrieved,0,not_selected,pmid-40845250:CH0046
SUB013,48,pmid-33186740,33186740,PMC8457522,10.1016/j.annonc.2020.10.596,"Phase III randomized study of taselisib or placebo with fulvestrant in estrogen receptor-positive, PIK3CA-mutant, HER2-negative, advanced breast cancer: the SANDPIPER trial.",pmc_xml,0.008065,0.000000,0.639928,global_primary_retrieved,0,not_selected,pmid-33186740:CH0028
SUB013,49,pmid-37493631,37493631,PMC10811747,10.1158/1541-7786.MCR-23-0034,CBF-Beta Mitigates PI3K-Alpha-Specific Inhibitor Killing through PIM1 in PIK3CA-Mutant Gastric Cancer.,pmc_xml,0.007812,0.000000,0.638479,global_primary_retrieved,0,not_selected,pmid-37493631:CH0038
SUB013,50,pmid-42373848,42373848,,10.1038/s41598-026-57970-9,A phase II study of alpelisib and capecitabine in patients with previously treated metastatic colorectal cancer (KCSG-CO21-04).,pdf,0.007752,97.471005,0.000000,global_primary_retrieved,0,not_selected,pmid-42373848:CH0009
SUB013,51,pmid-40536266,40536266,PMC12204390,10.1093/oncolo/oyaf126,Prolonged response to PIK3CA inhibition in an advanced hormone-positive breast cancer patient with 3 mutations in the alpha subunit of PI-3 kinase.,pmc_xml,0.007634,0.000000,0.637539,global_primary_retrieved,0,not_selected,pmid-40536266:CH0014
SUB013,52,pmid-25528022,25528022,,10.1007/s10549-014-3239-5,A preclinical evaluation of the PI3K alpha/delta dominant inhibitor BAY 80-6946 in HER2-positive breast cancer models with acquired resistance to the HER2-targeted therapies trastuzumab and lapatinib.,pdf,0.007519,96.619004,0.000000,global_primary_retrieved,0,not_selected,pmid-25528022:CH0004
SUB014,1,pmid-31439579,31439579,,10.1158/1078-0432.CCR-19-0508,"POSEIDON Trial Phase 1b Results: Safety, Efficacy and Circulating Tumor DNA Response of the Beta Isoform-Sparing PI3K Inhibitor Taselisib (GDC-0032) Combined with Tamoxifen in Hormone Receptor Positive Metastatic Breast Cancer Patients.",pdf,0.065776,195.481589,1.048241,primary_for_subsection,1,top_ranked,pmid-31439579:CH0008;pmid-31439579:CH0029;pmid-31439579:CH0015
SUB014,2,pmid-40454641,40454641,PMC13496148,10.1056/NEJMoa2501796,Overall Survival with Inavolisib in PIK3CA-Mutated Advanced Breast Cancer.,pmc_xml,0.061122,277.128339,1.122594,global_primary_retrieved,1,top_ranked,pmid-40454641:CH0034;pmid-40454641:CH0035;pmid-40454641:CH0033
SUB014,3,pmid-36892268,36892268,PMC10552898,10.1002/1878-0261.13416,"ER+, HER2- advanced breast cancer treated with taselisib and fulvestrant: genomic landscape and associated clinical outcomes.",pmc_xml,0.060254,180.797635,1.052860,primary_for_subsection,1,top_ranked,pmid-36892268:CH0019;pmid-36892268:CH0026;pmid-36892268:CH0007
SUB014,4,pmid-27048245,27048245,PMC4820873,10.1186/s13058-016-0697-1,Activation of IGF1R/p110β/AKT/mTOR confers resistance to α-specific PI3K inhibition.,pmc_xml,0.060152,230.061677,1.138640,global_primary_retrieved,1,top_ranked,pmid-27048245:CH0038;pmid-27048245:CH0039;pmid-27048245:CH0007
SUB014,5,pmid-27604488,27604488,PMC5050154,10.1158/2159-8290.CD-16-0305,Systematic Functional Characterization of Resistance to PI3K Inhibition in Breast Cancer.,pmc_xml,0.052834,90.892843,1.681976,global_primary_retrieved,1,top_ranked,pmid-27604488:CH0064;pmid-27604488:CH0066;pmid-27604488:CH0067
SUB014,6,pmid-38986734,38986734,,10.1016/j.canlet.2024.217112,PI3K PROTAC overcomes the lapatinib resistance in PIK3CA-mutant HER2 positive breast cancer.,pdf,0.051605,189.982714,1.565437,global_primary_retrieved,1,top_ranked,pmid-38986734:CH0006;pmid-38986734:CH0005;pmid-38986734:CH0030
SUB014,7,pmid-32864625,32864625,PMC7450824,10.1038/s43018-020-0047-1,Alterations in PTEN and ESR1 promote clinical resistance to alpelisib plus aromatase inhibitors.,pmc_xml,0.051047,89.359944,1.670567,global_primary_retrieved,1,top_ranked,pmid-32864625:CH0031;pmid-32864625:CH0039;pmid-32864625:CH0036
SUB014,8,pmid-35138919,35138919,PMC8865530,10.1200/PO.21.00424,Phase II Study of Taselisib in PIK3CA-Mutated Solid Tumors Other Than Breast and Squamous Lung Cancer: Results From the NCI-MATCH ECOG-ACRIN Trial (EAY131) Subprotocol I.,pdf,0.048643,196.193539,1.067825,global_primary_retrieved,1,top_ranked,pmid-35138919:CH0025;pmid-35138919:CH0007;pmid-35138919:CH0023
SUB014,9,pmid-25873175,25873175,PMC4398915,10.1016/j.ccell.2015.03.010,AXL mediates resistance to PI3Kα inhibition by activating the EGFR/PKC/mTOR axis in head and neck and esophageal squamous cell carcinomas.,pmc_xml,0.045318,278.208213,0.544799,global_primary_retrieved,1,top_ranked,pmid-25873175:CH0006;pmid-25873175:CH0005;pmid-25873175:CH0029
SUB014,10,pmid-35365185,35365185,PMC8974145,10.1186/s13058-022-01521-3,Targeting SHP2 phosphatase in breast cancer overcomes RTK-mediated resistance to PI3K inhibitors.,pmc_xml,0.044098,291.178391,0.518186,global_primary_retrieved,1,top_ranked,pmid-35365185:CH0056;pmid-35365185:CH0053;pmid-35365185:CH0057
SUB014,11,pmid-25528022,25528022,,10.1007/s10549-014-3239-5,A preclinical evaluation of the PI3K alpha/delta dominant inhibitor BAY 80-6946 in HER2-positive breast cancer models with acquired resistance to the HER2-targeted therapies trastuzumab and lapatinib.,pdf,0.041322,178.977005,1.065774,global_primary_retrieved,0,not_selected,pmid-25528022:CH0019;pmid-25528022:CH0001;pmid-25528022:CH0026
SUB014,12,pmid-36923283,36923283,PMC10010328,10.1158/2767-9764.CRC-22-0028,A Phase IB Trial of the PI3K Inhibitor Alpelisib and Weekly Cisplatin in Patients with Solid Tumor Malignancies.,pmc_xml,0.038423,98.954757,1.087241,global_primary_retrieved,0,not_selected,pmid-36923283:CH0029;pmid-36923283:CH0003;pmid-36923283:CH0020
SUB014,13,pmid-38273040,38273040,PMC10810864,10.1038/s41698-024-00496-y,Integrative modeling uncovers p21-driven drug resistance and prioritizes therapies for PIK3CA-mutant breast cancer.,pmc_xml,0.037924,0.000000,1.636211,global_primary_retrieved,0,not_selected,pmid-38273040:CH0001;pmid-38273040:CH0010;pmid-38273040:CH0022
SUB014,14,pmid-31594766,31594766,,10.1158/2159-8290.CD-18-0830,PTEN Loss Mediates Clinical Cross-Resistance to CDK4/6 and PI3Kα Inhibitors in Breast Cancer.,pdf,0.036964,194.472554,0.541348,global_primary_retrieved,0,not_selected,pmid-31594766:CH0039;pmid-31594766:CH0010;pmid-31594766:CH0007
SUB014,15,pmid-35100734,35100734,,10.1200/PO.19.00221,"Combined PIK3CA and FGFR Inhibition With Alpelisib and Infigratinib in Patients With PIK3CA-Mutant Solid Tumors, With or Without FGFR Alterations.",pdf,0.034868,0.000000,1.613434,global_primary_retrieved,0,not_selected,pmid-35100734:CH0033;pmid-35100734:CH0032;pmid-35100734:CH0027
SUB014,16,pmid-33685991,33685991,PMC8137641,10.1158/0008-5472.CAN-20-3232,Genomic Alterations in PIK3CA-Mutated Breast Cancer Result in mTORC1 Activation and Limit the Sensitivity to PI3Kα Inhibitors.,pmc_xml,0.033403,92.270037,1.067055,global_primary_retrieved,0,not_selected,pmid-33685991:CH0041;pmid-33685991:CH0006
SUB014,17,pmid-31091374,31091374,,10.1056/NEJMoa1813904,"Alpelisib for PIK3CA-Mutated, Hormone Receptor-Positive Advanced Breast Cancer.",pdf,0.032672,184.244646,0.533177,global_primary_retrieved,0,not_selected,pmid-31091374:CH0024;pmid-31091374:CH0004;pmid-31091374:CH0030
SUB014,18,pmid-37493631,37493631,PMC10811747,10.1158/1541-7786.MCR-23-0034,CBF-Beta Mitigates PI3K-Alpha-Specific Inhibitor Killing through PIM1 in PIK3CA-Mutant Gastric Cancer.,pmc_xml,0.031533,93.743322,1.050677,global_primary_retrieved,0,not_selected,pmid-37493631:CH0052;pmid-37493631:CH0006;pmid-37493631:CH0014
SUB014,19,pmid-33947692,33947692,PMC8282678,10.1158/1078-0432.CCR-21-0047,A Phase I Study of Alpelisib in Combination with Trastuzumab and LJM716 in Patients with PIK3CA-Mutated HER2-Positive Metastatic Breast Cancer.,pmc_xml,0.031213,189.659313,0.507446,global_primary_retrieved,0,not_selected,pmid-33947692:CH0023;pmid-33947692:CH0034;pmid-33947692:CH0031
SUB014,20,pmid-40845250,40845250,,10.1200/JCO-25-00663,"US Food and Drug Administration Approval Summary: Inavolisib With Palbociclib and Fulvestrant for Endocrine-Resistant, PIK3CA-Mutated, Hormone Receptor-Positive, Human Epidermal Growth Factor Receptor 2-Negative, Locally Advanced or Metastatic Breast Cancer.",pdf,0.030952,272.840466,0.000000,global_primary_retrieved,0,not_selected,pmid-40845250:CH0046;pmid-40845250:CH0006;pmid-40845250:CH0035
SUB014,21,pmid-32976773,32976773,PMC7562820,10.1016/j.ccell.2020.08.016,Metabolic Imaging Detects Resistance to PI3Kα Inhibition Mediated by Persistent FOXM1 Expression in ER+ Breast Cancer.,pmc_xml,0.030337,176.632907,0.544711,global_primary_retrieved,0,not_selected,pmid-32976773:CH0055;pmid-32976773:CH0001;pmid-32976773:CH0002
SUB014,22,pmid-40382983,40382983,,10.1016/j.drup.2025.101251,MicroRNA-mediated PTEN downregulation as a novel non-genetic mechanism of acquired resistance to PI3Kα inhibitors of head & neck squamous cell carcinoma.,pdf,0.028543,104.091156,0.547932,global_primary_retrieved,0,not_selected,pmid-40382983:CH0038
SUB014,23,pmid-24608574,24608574,,10.1158/1535-7163.MCT-13-0865,Characterization of the novel and specific PI3Kα inhibitor NVP-BYL719 and development of the patient stratification strategy for clinical trials.,pdf,0.028377,180.457620,0.512460,global_primary_retrieved,0,not_selected,pmid-24608574:CH0047;pmid-24608574:CH0048;pmid-24608574:CH0003
SUB014,24,pmid-33794206,33794206,,10.1016/S1470-2045(21)00034-6,"Alpelisib plus fulvestrant in PIK3CA-mutated, hormone receptor-positive advanced breast cancer after a CDK4/6 inhibitor (BYLieve): one cohort of a phase 2, multicentre, open-label, non-comparative study.",pdf,0.027347,103.137949,0.542192,global_primary_retrieved,0,not_selected,pmid-33794206:CH0014
SUB014,25,pmid-21278786,21278786,PMC3107390,10.1038/onc.2010.626,PI3K inhibition results in enhanced HER signaling and acquired ERK dependency in HER2-overexpressing breast cancer.,pmc_xml,0.027199,264.445846,0.000000,global_primary_retrieved,0,not_selected,pmid-21278786:CH0041;pmid-21278786:CH0001;pmid-21278786:CH0043
SUB014,26,pmid-33168657,33168657,PMC8535764,10.1158/1078-0432.CCR-20-3652,"FDA Approval Summary: Alpelisib Plus Fulvestrant for Patients with HR-positive, HER2-negative, PIK3CA-mutated, Advanced or Metastatic Breast Cancer.",pmc_xml,0.027182,264.746642,0.000000,global_primary_retrieved,0,not_selected,pmid-33168657:CH0035;pmid-33168657:CH0036;pmid-33168657:CH0038
SUB014,27,pmid-39637900,39637900,,10.1016/S1470-2045(24)00673-9,"Alpelisib plus fulvestrant in PIK3CA-mutated, hormone receptor-positive advanced breast cancer after a CDK4/6 inhibitor (BYLieve): one cohort of a phase 2, multicentre, open-label, non-comparative study.",pdf,0.026974,103.137949,0.542192,global_primary_retrieved,0,not_selected,pmid-39637900:CH0014
SUB014,28,pmid-34544753,34544753,PMC9762331,10.1158/2159-8290.CD-21-0072,RTK-Dependent Inducible Degradation of Mutant PI3Kα Drives GDC-0077 (Inavolisib) Efficacy.,pmc_xml,0.026104,84.844738,1.042982,global_primary_retrieved,0,not_selected,pmid-34544753:CH0036;pmid-34544753:CH0035;pmid-34544753:CH0047
SUB014,29,pmid-35771551,35771551,,10.1158/2159-8290.CD-21-1696,"Alpelisib Monotherapy for PI3K-Altered, Pretreated Advanced Breast Cancer: A Phase II Study.",pdf,0.025787,174.213847,0.519224,global_primary_retrieved,0,not_selected,pmid-35771551:CH0004;pmid-35771551:CH0045;pmid-35771551:CH0036
SUB014,30,pmid-40991650,40991650,PMC12618074,10.1172/JCI180927,USP10/GSK3β-mediated inhibition of PTEN drives resistance to PI3K inhibitors in breast cancer.,pmc_xml,0.025580,0.000000,1.544231,global_primary_retrieved,0,not_selected,pmid-40991650:CH0064;pmid-40991650:CH0011;pmid-40991650:CH0010
SUB014,31,pmid-33602685,33602685,PMC8282704,10.1158/1078-0432.CCR-20-4879,Clinical and Biomarker Results from Phase I/II Study of PI3K Inhibitor Alpelisib plus Nab-paclitaxel in HER2-Negative Metastatic Breast Cancer.,pmc_xml,0.025519,262.515049,0.000000,global_primary_retrieved,0,not_selected,pmid-33602685:CH0027;pmid-33602685:CH0024;pmid-33602685:CH0019
SUB014,32,pmid-29850984,29850984,,10.1007/s10549-018-4792-0,Phase I study of alpelisib (BYL-719) and trastuzumab emtansine (T-DM1) in HER2-positive metastatic breast cancer (MBC) after trastuzumab and taxane therapy.,pdf,0.025015,90.905743,0.563180,global_primary_retrieved,0,not_selected,pmid-29850984:CH0024;pmid-29850984:CH0023
SUB014,33,pmid-38286037,38286037,PMC11627550,10.1016/j.biopha.2024.116217,β1 integrin mediates unresponsiveness to PI3Kα inhibition for radiochemosensitization of 3D HNSCC models.,pmc_xml,0.024819,0.000000,1.087917,global_primary_retrieved,0,not_selected,pmid-38286037:CH0023;pmid-38286037:CH0024
SUB014,34,pmid-26500061,26500061,PMC4846581,10.1038/onc.2015.406,"PI3K-p110α mediates resistance to HER2-targeted therapy in HER2+, PTEN-deficient breast cancers.",pmc_xml,0.024415,192.152676,0.000000,global_primary_retrieved,0,not_selected,pmid-26500061:CH0025;pmid-26500061:CH0024
SUB014,35,pmid-25053989,25053989,PMC4091530,10.18632/genesandcancer.10,Amphiregulin and PTEN evoke a multimodal mechanism of acquired resistance to PI3K inhibition.,pmc_xml,0.023894,187.704610,0.000000,context_for_subsection,0,not_selected,pmid-25053989:CH0037;pmid-25053989:CH0034
SUB014,36,pmid-33186740,33186740,PMC8457522,10.1016/j.annonc.2020.10.596,"Phase III randomized study of taselisib or placebo with fulvestrant in estrogen receptor-positive, PIK3CA-mutant, HER2-negative, advanced breast cancer: the SANDPIPER trial.",pmc_xml,0.020000,0.000000,0.000000,primary_for_subsection,1,stage4_primary_recall_added_no_query_hit,pmid-33186740:CH0001;pmid-33186740:CH0002;pmid-33186740:CH0003
SUB014,37,pmid-41967638,41967638,,10.1016/j.annonc.2026.04.003,Genomic determinants of response to alpelisib plus fulvestrant in the SOLAR-1 trial.,pdf,0.017347,175.671689,0.000000,global_primary_retrieved,0,not_selected,pmid-41967638:CH0035;pmid-41967638:CH0043
SUB014,38,pmid-33246021,33246021,,10.1016/j.annonc.2020.11.011,"Alpelisib plus fulvestrant for PIK3CA-mutated, hormone receptor-positive, human epidermal growth factor receptor-2-negative advanced breast cancer: final overall survival results from SOLAR-1.",pdf,0.016605,174.191775,0.000000,global_primary_retrieved,0,not_selected,pmid-33246021:CH0022;pmid-33246021:CH0021
SUB014,39,pmid-37044095,37044095,PMC10140479,10.1016/j.xcrm.2023.101002,N-acetylcysteine overcomes NF1 loss-driven resistance to PI3Kα inhibition in breast cancer.,pmc_xml,0.016317,88.943554,0.504859,global_primary_retrieved,0,not_selected,pmid-37044095:CH0007;pmid-37044095:CH0072
SUB014,40,pmid-37623743,37623743,PMC10618743,10.1158/2159-8290.CD-23-0396,"STX-478, a Mutant-Selective, Allosteric PI3Kα Inhibitor Spares Metabolic Dysfunction and Improves Therapeutic Response in PI3Kα-Mutant Xenografts.",pmc_xml,0.015909,172.300406,0.000000,global_primary_retrieved,0,not_selected,pmid-37623743:CH0006;pmid-37623743:CH0050
SUB014,41,pmid-30237504,30237504,PMC6148236,10.1038/s41419-018-1025-8,IGF1R upregulation confers resistance to isoform-specific inhibitors of PI3K in PIK3CA-driven ovarian cancer.,pmc_xml,0.012987,96.633714,0.000000,context_for_subsection,0,not_selected,pmid-30237504:CH0005
SUB014,42,pmid-36805958,36805958,PMC12440294,10.1158/1535-7163.MCT-21-0667,Tumor and Stromal Cell Targeting with Nintedanib and Alpelisib Overcomes Intrinsic Bladder Cancer Resistance.,pmc_xml,0.012048,94.169840,0.000000,global_primary_retrieved,0,not_selected,pmid-36805958:CH0008
SUB014,43,pmid-42373848,42373848,,10.1038/s41598-026-57970-9,A phase II study of alpelisib and capecitabine in patients with previously treated metastatic colorectal cancer (KCSG-CO21-04).,pdf,0.010638,91.195969,0.000000,global_primary_retrieved,0,not_selected,pmid-42373848:CH0010
SUB014,44,pmid-40295072,40295072,,10.21873/anticanres.17567,Development of Acquired Resistance in Alpelisib-treated Gastric Cancer Cells With PIK3CA Mutations and Overcoming Strategies.,pdf,0.010638,0.000000,0.528670,global_primary_retrieved,0,not_selected,pmid-40295072:CH0001
SUB014,45,pmid-35311394,35311394,,10.1177/03008916211073621,"BYL719 (alpelisib) for the treatment of PIK3CA-mutated, recurrent/advanced cervical cancer.",pdf,0.009346,89.665542,0.000000,global_primary_retrieved,0,not_selected,pmid-35311394:CH0005
SUB014,46,pmid-39920872,39920872,PMC11806886,10.1186/s40170-025-00375-5,CD36 inhibition enhances the anti-proliferative effects of PI3K inhibitors in PTEN-loss anti-HER2 resistant breast cancer cells.,pmc_xml,0.008929,88.371140,0.000000,global_primary_retrieved,0,not_selected,pmid-39920872:CH0007
SUB014,47,pmid-37163178,37163178,PMC10164376,10.2147/BTT.S395817,Treating Alpelisib-Induced Hyperinsulinemia in Patients with Advanced Breast Cancer - A Real-Life Experience.,pmc_xml,0.008621,88.013374,0.000000,global_primary_retrieved,0,not_selected,pmid-37163178:CH0001
SUB014,48,pmid-29401002,29401002,PMC5920739,10.1200/JCO.2017.72.7107,Phosphatidylinositol 3-Kinase α-Selective Inhibition With Alpelisib (BYL719) in PIK3CA-Altered Solid Tumors: Results From the First-in-Human Study.,pdf,0.008547,87.835652,0.000000,global_primary_retrieved,0,not_selected,pmid-29401002:CH0005
SUB014,49,pmid-31601188,31601188,PMC6785854,10.1186/s12885-019-6057-7,Interleukin-6 mediates resistance to PI3K-pathway-targeted therapy in lymphoma.,pmc_xml,0.008547,0.000000,0.515310,global_primary_retrieved,0,not_selected,pmid-31601188:CH0036
SUB014,50,pmid-24405121,24405121,,10.1111/bjh.12734,"PI3KCA plays a major role in multiple myeloma and its inhibition with BYL719 decreases proliferation, synergizes with other therapies and overcomes stroma-induced resistance.",pdf,0.007752,85.690851,0.000000,global_primary_retrieved,0,not_selected,pmid-24405121:CH0029
SUB014,51,pmid-35968355,35968355,PMC9360227,,PI3K inhibitors in trastuzumab-resistant HER2-positive breast cancer cells with PI3K pathway alterations.,pdf,0.007299,84.869119,0.000000,global_primary_retrieved,0,not_selected,pmid-35968355:CH0019
SUB015,1,pmid-32887722,32887722,,10.1158/1078-0432.CCR-20-0645,Phase Ib Study of Ribociclib plus Fulvestrant and Ribociclib plus Fulvestrant plus PI3K Inhibitor (Alpelisib or Buparlisib) for HR+ Advanced Breast Cancer.,pdf,0.077294,299.496726,1.174048,primary_for_subsection,1,top_ranked,pmid-32887722:CH0001;pmid-32887722:CH0012;pmid-32887722:CH0043
SUB015,2,pmid-37623743,37623743,PMC10618743,10.1158/2159-8290.CD-23-0396,"STX-478, a Mutant-Selective, Allosteric PI3Kα Inhibitor Spares Metabolic Dysfunction and Improves Therapeutic Response in PI3Kα-Mutant Xenografts.",pmc_xml,0.074528,314.844277,1.804824,global_primary_retrieved,1,top_ranked,pmid-37623743:CH0050;pmid-37623743:CH0037;pmid-37623743:CH0040
SUB015,3,pmid-40845250,40845250,,10.1200/JCO-25-00663,"US Food and Drug Administration Approval Summary: Inavolisib With Palbociclib and Fulvestrant for Endocrine-Resistant, PIK3CA-Mutated, Hormone Receptor-Positive, Human Epidermal Growth Factor Receptor 2-Negative, Locally Advanced or Metastatic Breast Cancer.",pdf,0.070469,207.321345,1.193000,primary_for_subsection,1,top_ranked,pmid-40845250:CH0035;pmid-40845250:CH0047;pmid-40845250:CH0046
SUB015,4,pmid-40454641,40454641,PMC13496148,10.1056/NEJMoa2501796,Overall Survival with Inavolisib in PIK3CA-Mutated Advanced Breast Cancer.,pmc_xml,0.060827,311.930284,1.180995,global_primary_retrieved,1,top_ranked,pmid-40454641:CH0036;pmid-40454641:CH0035;pmid-40454641:CH0007
SUB015,5,pmid-25528022,25528022,,10.1007/s10549-014-3239-5,A preclinical evaluation of the PI3K alpha/delta dominant inhibitor BAY 80-6946 in HER2-positive breast cancer models with acquired resistance to the HER2-targeted therapies trastuzumab and lapatinib.,pdf,0.056277,298.150329,1.175781,global_primary_retrieved,1,top_ranked,pmid-25528022:CH0019;pmid-25528022:CH0003;pmid-25528022:CH0026
SUB015,6,pmid-27604488,27604488,PMC5050154,10.1158/2159-8290.CD-16-0305,Systematic Functional Characterization of Resistance to PI3K Inhibition in Breast Cancer.,pmc_xml,0.055893,113.611833,1.846407,global_primary_retrieved,1,top_ranked,pmid-27604488:CH0064;pmid-27604488:CH0066;pmid-27604488:CH0041
SUB015,7,pmid-35100734,35100734,,10.1200/PO.19.00221,"Combined PIK3CA and FGFR Inhibition With Alpelisib and Infigratinib in Patients With PIK3CA-Mutant Solid Tumors, With or Without FGFR Alterations.",pdf,0.054727,93.765406,1.964515,global_primary_retrieved,1,top_ranked,pmid-35100734:CH0034;pmid-35100734:CH0033;pmid-35100734:CH0005
SUB015,8,pmid-32864625,32864625,PMC7450824,10.1038/s43018-020-0047-1,Alterations in PTEN and ESR1 promote clinical resistance to alpelisib plus aromatase inhibitors.,pmc_xml,0.054462,92.503615,1.931124,global_primary_retrieved,1,top_ranked,pmid-32864625:CH0031;pmid-32864625:CH0036;pmid-32864625:CH0039
SUB015,9,pmid-21278786,21278786,PMC3107390,10.1038/onc.2010.626,PI3K inhibition results in enhanced HER signaling and acquired ERK dependency in HER2-overexpressing breast cancer.,pmc_xml,0.052952,290.478615,1.164764,global_primary_retrieved,1,top_ranked,pmid-21278786:CH0043;pmid-21278786:CH0031;pmid-21278786:CH0030
SUB015,10,pmid-31439579,31439579,,10.1158/1078-0432.CCR-19-0508,"POSEIDON Trial Phase 1b Results: Safety, Efficacy and Circulating Tumor DNA Response of the Beta Isoform-Sparing PI3K Inhibitor Taselisib (GDC-0032) Combined with Tamoxifen in Hormone Receptor Positive Metastatic Breast Cancer Patients.",pdf,0.052052,195.877275,1.745812,global_primary_retrieved,1,top_ranked,pmid-31439579:CH0029;pmid-31439579:CH0008;pmid-31439579:CH0015
SUB015,11,pmid-42202490,42202490,PMC13235453,10.1016/j.esmoop.2026.107735,"Safety analyses of the INAVO120 randomised phase III trial of inavolisib or placebo with palbociclib-fulvestrant in patients with PIK3CA-mutated, hormone receptor-positive, HER2-negative, endocrine-resistant advanced breast cancer.",pmc_xml,0.051522,294.785655,0.000000,primary_for_subsection,1,stage4_primary_force_included,pmid-42202490:CH0057;pmid-42202490:CH0055;pmid-42202490:CH0026
SUB015,12,pmid-27048245,27048245,PMC4820873,10.1186/s13058-016-0697-1,Activation of IGF1R/p110β/AKT/mTOR confers resistance to α-specific PI3K inhibition.,pmc_xml,0.045473,285.384001,0.629886,global_primary_retrieved,0,not_selected,pmid-27048245:CH0038;pmid-27048245:CH0039;pmid-27048245:CH0006
SUB015,13,pmid-38273040,38273040,PMC10810864,10.1038/s41698-024-00496-y,Integrative modeling uncovers p21-driven drug resistance and prioritizes therapies for PIK3CA-mutant breast cancer.,pmc_xml,0.041001,0.000000,1.847961,global_primary_retrieved,0,not_selected,pmid-38273040:CH0022;pmid-38273040:CH0010;pmid-38273040:CH0073
SUB015,14,pmid-36923283,36923283,PMC10010328,10.1158/2767-9764.CRC-22-0028,A Phase IB Trial of the PI3K Inhibitor Alpelisib and Weekly Cisplatin in Patients with Solid Tumor Malignancies.,pmc_xml,0.040946,193.977002,1.163564,global_primary_retrieved,0,not_selected,pmid-36923283:CH0029;pmid-36923283:CH0003;pmid-36923283:CH0020
SUB015,15,pmid-41967638,41967638,,10.1016/j.annonc.2026.04.003,Genomic determinants of response to alpelisib plus fulvestrant in the SOLAR-1 trial.,pdf,0.035622,295.118729,0.000000,global_primary_retrieved,0,not_selected,pmid-41967638:CH0030;pmid-41967638:CH0041;pmid-41967638:CH0031
SUB015,16,pmid-25873175,25873175,PMC4398915,10.1016/j.ccell.2015.03.010,AXL mediates resistance to PI3Kα inhibition by activating the EGFR/PKC/mTOR axis in head and neck and esophageal squamous cell carcinomas.,pmc_xml,0.034760,298.905930,0.000000,global_primary_retrieved,0,not_selected,pmid-25873175:CH0005;pmid-25873175:CH0006;pmid-25873175:CH0041
SUB015,17,pmid-34544753,34544753,PMC9762331,10.1158/2159-8290.CD-21-0072,RTK-Dependent Inducible Degradation of Mutant PI3Kα Drives GDC-0077 (Inavolisib) Efficacy.,pmc_xml,0.033777,94.737893,1.197609,global_primary_retrieved,0,not_selected,pmid-34544753:CH0039;pmid-34544753:CH0013;pmid-34544753:CH0047
SUB015,18,pmid-40360883,40360883,PMC12304390,10.1038/s41416-025-03035-z,"Multi-node inhibition targeting mTORC1, mTORC2 and PI3Kα potently inhibits the PI3K/AKT/mTOR pathway in endometrial and breast cancer models.",pmc_xml,0.033214,0.000000,1.772781,global_primary_retrieved,0,not_selected,pmid-40360883:CH0030;pmid-40360883:CH0063;pmid-40360883:CH0031
SUB015,19,pmid-35771551,35771551,,10.1158/2159-8290.CD-21-1696,"Alpelisib Monotherapy for PI3K-Altered, Pretreated Advanced Breast Cancer: A Phase II Study.",pdf,0.032733,194.670082,0.585550,global_primary_retrieved,0,not_selected,pmid-35771551:CH0045;pmid-35771551:CH0009;pmid-35771551:CH0036
SUB015,20,pmid-38986734,38986734,,10.1016/j.canlet.2024.217112,PI3K PROTAC overcomes the lapatinib resistance in PIK3CA-mutant HER2 positive breast cancer.,pdf,0.031747,0.000000,1.763977,global_primary_retrieved,0,not_selected,pmid-38986734:CH0006;pmid-38986734:CH0005;pmid-38986734:CH0029
SUB015,21,pmid-36805958,36805958,PMC12440294,10.1158/1535-7163.MCT-21-0667,Tumor and Stromal Cell Targeting with Nintedanib and Alpelisib Overcomes Intrinsic Bladder Cancer Resistance.,pmc_xml,0.029467,102.658294,1.139760,global_primary_retrieved,0,not_selected,pmid-36805958:CH0008;pmid-36805958:CH0018;pmid-36805958:CH0019
SUB015,22,pmid-30237504,30237504,PMC6148236,10.1038/s41419-018-1025-8,IGF1R upregulation confers resistance to isoform-specific inhibitors of PI3K in PIK3CA-driven ovarian cancer.,pmc_xml,0.028992,108.083092,0.618502,global_primary_retrieved,0,not_selected,pmid-30237504:CH0005
SUB015,23,pmid-31594766,31594766,,10.1158/2159-8290.CD-18-0830,PTEN Loss Mediates Clinical Cross-Resistance to CDK4/6 and PI3Kα Inhibitors in Breast Cancer.,pdf,0.026753,89.321384,1.160871,context_for_subsection,0,not_selected,pmid-31594766:CH0005;pmid-31594766:CH0001;pmid-31594766:CH0039
SUB015,24,pmid-40295072,40295072,,10.21873/anticanres.17567,Development of Acquired Resistance in Alpelisib-treated Gastric Cancer Cells With PIK3CA Mutations and Overcoming Strategies.,pdf,0.025157,0.000000,1.716964,global_primary_retrieved,0,not_selected,pmid-40295072:CH0034;pmid-40295072:CH0001;pmid-40295072:CH0002
SUB015,25,pmid-33602685,33602685,PMC8282704,10.1158/1078-0432.CCR-20-4879,Clinical and Biomarker Results from Phase I/II Study of PI3K Inhibitor Alpelisib plus Nab-paclitaxel in HER2-Negative Metastatic Breast Cancer.,pmc_xml,0.023699,198.101659,0.000000,global_primary_retrieved,0,not_selected,pmid-33602685:CH0018;pmid-33602685:CH0029
SUB015,26,pmid-33947692,33947692,PMC8282678,10.1158/1078-0432.CCR-21-0047,A Phase I Study of Alpelisib in Combination with Trastuzumab and LJM716 in Patients with PIK3CA-Mutated HER2-Positive Metastatic Breast Cancer.,pmc_xml,0.022898,103.878808,0.574024,global_primary_retrieved,0,not_selected,pmid-33947692:CH0023
SUB015,27,pmid-24608574,24608574,,10.1158/1535-7163.MCT-13-0865,Characterization of the novel and specific PI3Kα inhibitor NVP-BYL719 and development of the patient stratification strategy for clinical trials.,pdf,0.020285,189.487530,0.000000,global_primary_retrieved,0,not_selected,pmid-24608574:CH0047;pmid-24608574:CH0042
SUB015,28,pmid-32929011,32929011,PMC7533832,10.1073/pnas.2000060117,PIK3CA C-terminal frameshift mutations are novel oncogenic events that sensitize tumors to PI3K-α inhibition.,pdf,0.019187,89.817362,0.596248,global_primary_retrieved,0,not_selected,pmid-32929011:CH0028;pmid-32929011:CH0008
SUB015,29,pmid-39920872,39920872,PMC11806886,10.1186/s40170-025-00375-5,CD36 inhibition enhances the anti-proliferative effects of PI3K inhibitors in PTEN-loss anti-HER2 resistant breast cancer cells.,pmc_xml,0.018951,0.000000,1.158497,global_primary_retrieved,0,not_selected,pmid-39920872:CH0025;pmid-39920872:CH0024
SUB015,30,pmid-35968355,35968355,PMC9360227,,PI3K inhibitors in trastuzumab-resistant HER2-positive breast cancer cells with PI3K pathway alterations.,pdf,0.017885,0.000000,1.152636,global_primary_retrieved,0,not_selected,pmid-35968355:CH0027;pmid-35968355:CH0012
SUB015,31,pmid-32976773,32976773,PMC7562820,10.1016/j.ccell.2020.08.016,Metabolic Imaging Detects Resistance to PI3Kα Inhibition Mediated by Persistent FOXM1 Expression in ER+ Breast Cancer.,pmc_xml,0.017424,0.000000,1.148023,global_primary_retrieved,0,not_selected,pmid-32976773:CH0080;pmid-32976773:CH0025
SUB015,32,pmid-33909934,33909934,PMC8265362,10.1002/onco.13804,"Effectiveness of Alpelisib + Fulvestrant Compared with Real-World Standard Treatment Among Patients with HR+, HER2-, PIK3CA-Mutated Breast Cancer.",pmc_xml,0.016299,91.398269,0.568398,global_primary_retrieved,0,not_selected,pmid-33909934:CH0010;pmid-33909934:CH0024
SUB015,33,pmid-35365185,35365185,PMC8974145,10.1186/s13058-022-01521-3,Targeting SHP2 phosphatase in breast cancer overcomes RTK-mediated resistance to PI3K inhibitors.,pmc_xml,0.015273,0.000000,1.134690,global_primary_retrieved,0,not_selected,pmid-35365185:CH0022;pmid-35365185:CH0058
SUB015,34,pmid-31091374,31091374,,10.1056/NEJMoa1813904,"Alpelisib for PIK3CA-Mutated, Hormone Receptor-Positive Advanced Breast Cancer.",pdf,0.015112,0.000000,1.133949,global_primary_retrieved,0,not_selected,pmid-31091374:CH0032;pmid-31091374:CH0004
SUB015,35,pmid-33246021,33246021,,10.1016/j.annonc.2020.11.011,"Alpelisib plus fulvestrant for PIK3CA-mutated, hormone receptor-positive, human epidermal growth factor receptor-2-negative advanced breast cancer: final overall survival results from SOLAR-1.",pdf,0.015059,178.942164,0.000000,global_primary_retrieved,0,not_selected,pmid-33246021:CH0022;pmid-33246021:CH0021
SUB015,36,pmid-33794206,33794206,,10.1016/S1470-2045(21)00034-6,"Alpelisib plus fulvestrant in PIK3CA-mutated, hormone receptor-positive advanced breast cancer after a CDK4/6 inhibitor (BYLieve): one cohort of a phase 2, multicentre, open-label, non-comparative study.",pdf,0.010753,95.990019,0.000000,global_primary_retrieved,0,not_selected,pmid-33794206:CH0014
SUB015,37,pmid-39637900,39637900,,10.1016/S1470-2045(24)00673-9,"Alpelisib plus fulvestrant in PIK3CA-mutated, hormone receptor-positive advanced breast cancer after a CDK4/6 inhibitor (BYLieve): one cohort of a phase 2, multicentre, open-label, non-comparative study.",pdf,0.010638,95.990019,0.000000,global_primary_retrieved,0,not_selected,pmid-39637900:CH0014
SUB015,38,pmid-29850984,29850984,,10.1007/s10549-018-4792-0,Phase I study of alpelisib (BYL-719) and trastuzumab emtansine (T-DM1) in HER2-positive metastatic breast cancer (MBC) after trastuzumab and taxane therapy.,pdf,0.009709,0.000000,0.581568,global_primary_retrieved,0,not_selected,pmid-29850984:CH0024
SUB015,39,pmid-36892268,36892268,PMC10552898,10.1002/1878-0261.13416,"ER+, HER2- advanced breast cancer treated with taselisib and fulvestrant: genomic landscape and associated clinical outcomes.",pmc_xml,0.009615,0.000000,0.581332,global_primary_retrieved,0,not_selected,pmid-36892268:CH0029
SUB015,40,pmid-35311394,35311394,,10.1177/03008916211073621,"BYL719 (alpelisib) for the treatment of PIK3CA-mutated, recurrent/advanced cervical cancer.",pdf,0.008929,91.978119,0.000000,global_primary_retrieved,0,not_selected,pmid-35311394:CH0014
SUB015,41,pmid-31601188,31601188,PMC6785854,10.1186/s12885-019-6057-7,Interleukin-6 mediates resistance to PI3K-pathway-targeted therapy in lymphoma.,pmc_xml,0.008621,0.000000,0.572348,global_primary_retrieved,0,not_selected,pmid-31601188:CH0036
SUB015,42,pmid-24405121,24405121,,10.1111/bjh.12734,"PI3KCA plays a major role in multiple myeloma and its inhibition with BYL719 decreases proliferation, synergizes with other therapies and overcomes stroma-induced resistance.",pdf,0.008403,91.278897,0.000000,global_primary_retrieved,0,not_selected,pmid-24405121:CH0027
SUB015,43,pmid-33024087,33024087,PMC7538592,10.1038/s41419-020-03037-0,CD44/HA signaling mediates acquired resistance to a PI3Kα inhibitor.,pmc_xml,0.008264,90.973988,0.000000,global_primary_retrieved,0,not_selected,pmid-33024087:CH0004
SUB015,44,pmid-38286037,38286037,PMC11627550,10.1016/j.biopha.2024.116217,β1 integrin mediates unresponsiveness to PI3Kα inhibition for radiochemosensitization of 3D HNSCC models.,pmc_xml,0.008264,0.000000,0.570921,global_primary_retrieved,0,not_selected,pmid-38286037:CH0023
SUB015,45,pmid-33168657,33168657,PMC8535764,10.1158/1078-0432.CCR-20-3652,"FDA Approval Summary: Alpelisib Plus Fulvestrant for Patients with HR-positive, HER2-negative, PIK3CA-mutated, Advanced or Metastatic Breast Cancer.",pmc_xml,0.007692,0.000000,0.568300,global_primary_retrieved,0,not_selected,pmid-33168657:CH0033
SUB015,46,pmid-40536266,40536266,PMC12204390,10.1093/oncolo/oyaf126,Prolonged response to PIK3CA inhibition in an advanced hormone-positive breast cancer patient with 3 mutations in the alpha subunit of PI-3 kinase.,pmc_xml,0.007634,89.739162,0.000000,global_primary_retrieved,0,not_selected,pmid-40536266:CH0015
SUB015,47,pmid-37493631,37493631,PMC10811747,10.1158/1541-7786.MCR-23-0034,CBF-Beta Mitigates PI3K-Alpha-Specific Inhibitor Killing through PIM1 in PIK3CA-Mutant Gastric Cancer.,pmc_xml,0.007407,0.000000,0.566743,global_primary_retrieved,0,not_selected,pmid-37493631:CH0014
SUB016,1,pmid-37623743,37623743,PMC10618743,10.1158/2159-8290.CD-23-0396,"STX-478, a Mutant-Selective, Allosteric PI3Kα Inhibitor Spares Metabolic Dysfunction and Improves Therapeutic Response in PI3Kα-Mutant Xenografts.",pmc_xml,0.110078,362.063081,2.149291,primary_for_subsection,1,top_ranked,pmid-37623743:CH0051;pmid-37623743:CH0008;pmid-37623743:CH0001
SUB016,2,pmid-37916958,37916958,PMC10850944,10.1158/2159-8290.CD-23-0704,Allosteric PI3Kα Inhibition Overcomes On-target Resistance to Orthosteric Inhibitors Mediated by Secondary PIK3CA Mutations.,pmc_xml,0.107374,360.097749,2.152656,primary_for_subsection,1,top_ranked,pmid-37916958:CH0029;pmid-37916958:CH0003;pmid-37916958:CH0036
SUB016,3,pmid-40360883,40360883,PMC12304390,10.1038/s41416-025-03035-z,"Multi-node inhibition targeting mTORC1, mTORC2 and PI3Kα potently inhibits the PI3K/AKT/mTOR pathway in endometrial and breast cancer models.",pmc_xml,0.048010,309.824149,1.326364,global_primary_retrieved,1,top_ranked,pmid-40360883:CH0022;pmid-40360883:CH0012;pmid-40360883:CH0061
SUB016,4,pmid-37493631,37493631,PMC10811747,10.1158/1541-7786.MCR-23-0034,CBF-Beta Mitigates PI3K-Alpha-Specific Inhibitor Killing through PIM1 in PIK3CA-Mutant Gastric Cancer.,pmc_xml,0.045901,107.328343,2.056588,context_for_subsection,1,top_ranked,pmid-37493631:CH0009;pmid-37493631:CH0008;pmid-37493631:CH0038
SUB016,5,pmid-27048245,27048245,PMC4820873,10.1186/s13058-016-0697-1,Activation of IGF1R/p110β/AKT/mTOR confers resistance to α-specific PI3K inhibition.,pmc_xml,0.042380,108.558859,2.012074,global_primary_retrieved,1,top_ranked,pmid-27048245:CH0039;pmid-27048245:CH0001;pmid-27048245:CH0005
SUB016,6,pmid-27604488,27604488,PMC5050154,10.1158/2159-8290.CD-16-0305,Systematic Functional Characterization of Resistance to PI3K Inhibition in Breast Cancer.,pmc_xml,0.041346,106.980611,2.017834,context_for_subsection,1,top_ranked,pmid-27604488:CH0005;pmid-27604488:CH0066;pmid-27604488:CH0067
SUB016,7,pmid-25873175,25873175,PMC4398915,10.1016/j.ccell.2015.03.010,AXL mediates resistance to PI3Kα inhibition by activating the EGFR/PKC/mTOR axis in head and neck and esophageal squamous cell carcinomas.,pmc_xml,0.037929,337.916548,0.000000,global_primary_retrieved,1,top_ranked,pmid-25873175:CH0005;pmid-25873175:CH0039;pmid-25873175:CH0041
SUB016,8,pmid-32864625,32864625,PMC7450824,10.1038/s43018-020-0047-1,Alterations in PTEN and ESR1 promote clinical resistance to alpelisib plus aromatase inhibitors.,pmc_xml,0.037885,107.261833,1.392339,global_primary_retrieved,1,top_ranked,pmid-32864625:CH0004;pmid-32864625:CH0039;pmid-32864625:CH0005
SUB016,9,pmid-21278786,21278786,PMC3107390,10.1038/onc.2010.626,PI3K inhibition results in enhanced HER signaling and acquired ERK dependency in HER2-overexpressing breast cancer.,pmc_xml,0.037591,328.163002,0.000000,global_primary_retrieved,1,top_ranked,pmid-21278786:CH0041;pmid-21278786:CH0009;pmid-21278786:CH0043
SUB016,10,pmid-34552006,34552006,,10.1158/1535-7163.MCT-20-0981,Phosphoproteomics Identifies PI3K Inhibitor-selective Adaptive Responses in Pancreatic Cancer Cell Therapy and Resistance.,pdf,0.036719,0.000000,2.067218,global_primary_retrieved,1,top_ranked,pmid-34552006:CH0040;pmid-34552006:CH0045;pmid-34552006:CH0007
SUB016,11,pmid-24608574,24608574,,10.1158/1535-7163.MCT-13-0865,Characterization of the novel and specific PI3Kα inhibitor NVP-BYL719 and development of the patient stratification strategy for clinical trials.,pdf,0.036382,0.000000,2.069900,global_primary_retrieved,0,not_selected,pmid-24608574:CH0045;pmid-24608574:CH0048;pmid-24608574:CH0047
SUB016,12,pmid-32976773,32976773,PMC7562820,10.1016/j.ccell.2020.08.016,Metabolic Imaging Detects Resistance to PI3Kα Inhibition Mediated by Persistent FOXM1 Expression in ER+ Breast Cancer.,pmc_xml,0.034674,315.151298,0.000000,global_primary_retrieved,0,not_selected,pmid-32976773:CH0008;pmid-32976773:CH0081;pmid-32976773:CH0006
SUB016,13,pmid-40382983,40382983,,10.1016/j.drup.2025.101251,MicroRNA-mediated PTEN downregulation as a novel non-genetic mechanism of acquired resistance to PI3Kα inhibitors of head & neck squamous cell carcinoma.,pdf,0.032255,216.821130,0.659287,global_primary_retrieved,0,not_selected,pmid-40382983:CH0051;pmid-40382983:CH0038
SUB016,14,pmid-38273040,38273040,PMC10810864,10.1038/s41698-024-00496-y,Integrative modeling uncovers p21-driven drug resistance and prioritizes therapies for PIK3CA-mutant breast cancer.,pmc_xml,0.031900,99.134409,1.366708,global_primary_retrieved,0,not_selected,pmid-38273040:CH0001;pmid-38273040:CH0010;pmid-38273040:CH0073
SUB016,15,pmid-33606974,33606974,PMC8384339,10.1016/j.molcel.2021.01.033,Regulation of PTEN translation by PI3K signaling maintains pathway homeostasis.,pmc_xml,0.031178,306.896611,0.000000,global_primary_retrieved,0,not_selected,pmid-33606974:CH0070;pmid-33606974:CH0047;pmid-33606974:CH0007
SUB016,16,pmid-24405121,24405121,,10.1111/bjh.12734,"PI3KCA plays a major role in multiple myeloma and its inhibition with BYL719 decreases proliferation, synergizes with other therapies and overcomes stroma-induced resistance.",pdf,0.028663,305.802619,0.000000,global_primary_retrieved,0,not_selected,pmid-24405121:CH0027;pmid-24405121:CH0029;pmid-24405121:CH0008
SUB016,17,pmid-34544753,34544753,PMC9762331,10.1158/2159-8290.CD-21-0072,RTK-Dependent Inducible Degradation of Mutant PI3Kα Drives GDC-0077 (Inavolisib) Efficacy.,pmc_xml,0.028206,198.739327,0.678749,global_primary_retrieved,0,not_selected,pmid-34544753:CH0005;pmid-34544753:CH0002;pmid-34544753:CH0044
SUB016,18,pmid-37101291,37101291,PMC10131374,10.1186/s13073-023-01181-8,"Multiple PIK3CA mutation clonality correlates with outcomes in taselisib + fulvestrant-treated ER+/HER2-, PIK3CA-mutated breast cancers.",pmc_xml,0.025127,97.758632,1.319025,global_primary_retrieved,0,not_selected,pmid-37101291:CH0006;pmid-37101291:CH0027
SUB016,19,pmid-35771551,35771551,,10.1158/2159-8290.CD-21-1696,"Alpelisib Monotherapy for PI3K-Altered, Pretreated Advanced Breast Cancer: A Phase II Study.",pdf,0.023037,112.666193,0.670411,global_primary_retrieved,0,not_selected,pmid-35771551:CH0036;pmid-35771551:CH0004
SUB016,20,pmid-25528022,25528022,,10.1007/s10549-014-3239-5,A preclinical evaluation of the PI3K alpha/delta dominant inhibitor BAY 80-6946 in HER2-positive breast cancer models with acquired resistance to the HER2-targeted therapies trastuzumab and lapatinib.,pdf,0.021074,209.737546,0.000000,global_primary_retrieved,0,not_selected,pmid-25528022:CH0019;pmid-25528022:CH0003
SUB016,21,pmid-32929011,32929011,PMC7533832,10.1073/pnas.2000060117,PIK3CA C-terminal frameshift mutations are novel oncogenic events that sensitize tumors to PI3K-α inhibition.,pdf,0.020754,0.000000,1.350794,global_primary_retrieved,0,not_selected,pmid-32929011:CH0027;pmid-32929011:CH0008
SUB016,22,pmid-38986734,38986734,,10.1016/j.canlet.2024.217112,PI3K PROTAC overcomes the lapatinib resistance in PIK3CA-mutant HER2 positive breast cancer.,pdf,0.020125,104.581711,0.671492,global_primary_retrieved,0,not_selected,pmid-38986734:CH0035
SUB016,23,pmid-35365185,35365185,PMC8974145,10.1186/s13058-022-01521-3,Targeting SHP2 phosphatase in breast cancer overcomes RTK-mediated resistance to PI3K inhibitors.,pmc_xml,0.019236,97.465890,0.683242,global_primary_retrieved,0,not_selected,pmid-35365185:CH0010;pmid-35365185:CH0056
SUB016,24,pmid-40295072,40295072,,10.21873/anticanres.17567,Development of Acquired Resistance in Alpelisib-treated Gastric Cancer Cells With PIK3CA Mutations and Overcoming Strategies.,pdf,0.016484,195.368454,0.000000,global_primary_retrieved,0,not_selected,pmid-40295072:CH0034;pmid-40295072:CH0003
SUB016,25,pmid-30237504,30237504,PMC6148236,10.1038/s41419-018-1025-8,IGF1R upregulation confers resistance to isoform-specific inhibitors of PI3K in PIK3CA-driven ovarian cancer.,pmc_xml,0.009901,102.106590,0.000000,global_primary_retrieved,0,not_selected,pmid-30237504:CH0004
SUB016,26,pmid-38286037,38286037,PMC11627550,10.1016/j.biopha.2024.116217,β1 integrin mediates unresponsiveness to PI3Kα inhibition for radiochemosensitization of 3D HNSCC models.,pmc_xml,0.009709,101.753145,0.000000,context_for_subsection,0,not_selected,pmid-38286037:CH0023
SUB016,27,pmid-40991650,40991650,PMC12618074,10.1172/JCI180927,USP10/GSK3β-mediated inhibition of PTEN drives resistance to PI3K inhibitors in breast cancer.,pmc_xml,0.009174,0.000000,0.666647,global_primary_retrieved,0,not_selected,pmid-40991650:CH0064
SUB016,28,pmid-31439579,31439579,,10.1158/1078-0432.CCR-19-0508,"POSEIDON Trial Phase 1b Results: Safety, Efficacy and Circulating Tumor DNA Response of the Beta Isoform-Sparing PI3K Inhibitor Taselisib (GDC-0032) Combined with Tamoxifen in Hormone Receptor Positive Metastatic Breast Cancer Patients.",pdf,0.008621,97.951431,0.000000,global_primary_retrieved,0,not_selected,pmid-31439579:CH0029
SUB016,29,pmid-35138919,35138919,PMC8865530,10.1200/PO.21.00424,Phase II Study of Taselisib in PIK3CA-Mutated Solid Tumors Other Than Breast and Squamous Lung Cancer: Results From the NCI-MATCH ECOG-ACRIN Trial (EAY131) Subprotocol I.,pdf,0.008547,0.000000,0.658894,global_primary_retrieved,0,not_selected,pmid-35138919:CH0022
SUB016,30,pmid-33947692,33947692,PMC8282678,10.1158/1078-0432.CCR-21-0047,A Phase I Study of Alpelisib in Combination with Trastuzumab and LJM716 in Patients with PIK3CA-Mutated HER2-Positive Metastatic Breast Cancer.,pmc_xml,0.008475,97.905521,0.000000,global_primary_retrieved,0,not_selected,pmid-33947692:CH0023
SUB016,31,pmid-33685991,33685991,PMC8137641,10.1158/0008-5472.CAN-20-3232,Genomic Alterations in PIK3CA-Mutated Breast Cancer Result in mTORC1 Activation and Limit the Sensitivity to PI3Kα Inhibitors.,pmc_xml,0.008065,0.000000,0.655773,global_primary_retrieved,0,not_selected,pmid-33685991:CH0006
SUB016,32,pmid-35311394,35311394,,10.1177/03008916211073621,"BYL719 (alpelisib) for the treatment of PIK3CA-mutated, recurrent/advanced cervical cancer.",pdf,0.007874,97.436487,0.000000,global_primary_retrieved,0,not_selected,pmid-35311394:CH0014
SUB016,33,pmid-35100734,35100734,,10.1200/PO.19.00221,"Combined PIK3CA and FGFR Inhibition With Alpelisib and Infigratinib in Patients With PIK3CA-Mutant Solid Tumors, With or Without FGFR Alterations.",pdf,0.007752,0.000000,0.653915,global_primary_retrieved,0,not_selected,pmid-35100734:CH0032
SUB016,34,pmid-40845250,40845250,,10.1200/JCO-25-00663,"US Food and Drug Administration Approval Summary: Inavolisib With Palbociclib and Fulvestrant for Endocrine-Resistant, PIK3CA-Mutated, Hormone Receptor-Positive, Human Epidermal Growth Factor Receptor 2-Negative, Locally Advanced or Metastatic Breast Cancer.",pdf,0.007634,96.611249,0.000000,global_primary_retrieved,0,not_selected,pmid-40845250:CH0046
SUB016,35,pmid-33794206,33794206,,10.1016/S1470-2045(21)00034-6,"Alpelisib plus fulvestrant in PIK3CA-mutated, hormone receptor-positive advanced breast cancer after a CDK4/6 inhibitor (BYLieve): one cohort of a phase 2, multicentre, open-label, non-comparative study.",pdf,0.007519,96.574964,0.000000,global_primary_retrieved,0,not_selected,pmid-33794206:CH0014
SUB016,36,pmid-39637900,39637900,,10.1016/S1470-2045(24)00673-9,"Alpelisib plus fulvestrant in PIK3CA-mutated, hormone receptor-positive advanced breast cancer after a CDK4/6 inhibitor (BYLieve): one cohort of a phase 2, multicentre, open-label, non-comparative study.",pdf,0.007463,96.574964,0.000000,global_primary_retrieved,0,not_selected,pmid-39637900:CH0014
SUB016,37,pmid-42202490,42202490,PMC13235453,10.1016/j.esmoop.2026.107735,"Safety analyses of the INAVO120 randomised phase III trial of inavolisib or placebo with palbociclib-fulvestrant in patients with PIK3CA-mutated, hormone receptor-positive, HER2-negative, endocrine-resistant advanced breast cancer.",pmc_xml,0.007353,96.387370,0.000000,global_primary_retrieved,0,not_selected,pmid-42202490:CH0057
SUB016,38,pmid-25409150,25409150,PMC4326538,10.1038/nature13948,Convergent loss of PTEN leads to clinical resistance to a PI(3)Kα inhibitor.,pmc_xml,0.007194,0.000000,0.649910,global_primary_retrieved,0,not_selected,pmid-25409150:CH0014
SUB017,1,pmid-37916958,37916958,PMC10850944,10.1158/2159-8290.CD-23-0704,Allosteric PI3Kα Inhibition Overcomes On-target Resistance to Orthosteric Inhibitors Mediated by Secondary PIK3CA Mutations.,pmc_xml,0.087862,204.109449,2.191303,primary_for_subsection,1,top_ranked,pmid-37916958:CH0003;pmid-37916958:CH0001;pmid-37916958:CH0002
SUB017,2,pmid-38273040,38273040,PMC10810864,10.1038/s41698-024-00496-y,Integrative modeling uncovers p21-driven drug resistance and prioritizes therapies for PIK3CA-mutant breast cancer.,pmc_xml,0.072760,191.760064,1.431129,primary_for_subsection,1,top_ranked,pmid-38273040:CH0073;pmid-38273040:CH0001;pmid-38273040:CH0077
SUB017,3,pmid-27604488,27604488,PMC5050154,10.1158/2159-8290.CD-16-0305,Systematic Functional Characterization of Resistance to PI3K Inhibition in Breast Cancer.,pmc_xml,0.068456,88.941208,2.155501,primary_for_subsection,1,top_ranked,pmid-27604488:CH0064;pmid-27604488:CH0066;pmid-27604488:CH0067
SUB017,4,pmid-32976773,32976773,PMC7562820,10.1016/j.ccell.2020.08.016,Metabolic Imaging Detects Resistance to PI3Kα Inhibition Mediated by Persistent FOXM1 Expression in ER+ Breast Cancer.,pmc_xml,0.064425,309.545081,0.000000,primary_for_subsection,1,top_ranked,pmid-32976773:CH0001;pmid-32976773:CH0080;pmid-32976773:CH0004
SUB017,5,pmid-32864625,32864625,PMC7450824,10.1038/s43018-020-0047-1,Alterations in PTEN and ESR1 promote clinical resistance to alpelisib plus aromatase inhibitors.,pmc_xml,0.063456,276.907775,2.091088,global_primary_retrieved,1,top_ranked,pmid-32864625:CH0031;pmid-32864625:CH0036;pmid-32864625:CH0035
SUB017,6,pmid-24608574,24608574,,10.1158/1535-7163.MCT-13-0865,Characterization of the novel and specific PI3Kα inhibitor NVP-BYL719 and development of the patient stratification strategy for clinical trials.,pdf,0.055869,85.758613,2.075676,primary_for_subsection,1,top_ranked,pmid-24608574:CH0037;pmid-24608574:CH0048;pmid-24608574:CH0002
SUB017,7,pmid-36892268,36892268,PMC10552898,10.1002/1878-0261.13416,"ER+, HER2- advanced breast cancer treated with taselisib and fulvestrant: genomic landscape and associated clinical outcomes.",pmc_xml,0.055828,282.033923,1.404321,global_primary_retrieved,1,top_ranked,pmid-36892268:CH0026;pmid-36892268:CH0019;pmid-36892268:CH0031
SUB017,8,pmid-33685991,33685991,PMC8137641,10.1158/0008-5472.CAN-20-3232,Genomic Alterations in PIK3CA-Mutated Breast Cancer Result in mTORC1 Activation and Limit the Sensitivity to PI3Kα Inhibitors.,pmc_xml,0.048903,0.000000,2.075217,primary_for_subsection,1,top_ranked,pmid-33685991:CH0006;pmid-33685991:CH0001;pmid-33685991:CH0002
SUB017,9,pmid-27048245,27048245,PMC4820873,10.1186/s13058-016-0697-1,Activation of IGF1R/p110β/AKT/mTOR confers resistance to α-specific PI3K inhibition.,pmc_xml,0.046866,91.390236,2.120106,global_primary_retrieved,1,top_ranked,pmid-27048245:CH0039;pmid-27048245:CH0001;pmid-27048245:CH0041
SUB017,10,pmid-41967638,41967638,,10.1016/j.annonc.2026.04.003,Genomic determinants of response to alpelisib plus fulvestrant in the SOLAR-1 trial.,pdf,0.043471,310.054583,0.000000,global_primary_retrieved,1,top_ranked,pmid-41967638:CH0030;pmid-41967638:CH0016;pmid-41967638:CH0043
SUB017,11,pmid-25873175,25873175,PMC4398915,10.1016/j.ccell.2015.03.010,AXL mediates resistance to PI3Kα inhibition by activating the EGFR/PKC/mTOR axis in head and neck and esophageal squamous cell carcinomas.,pmc_xml,0.040714,305.207238,0.000000,global_primary_retrieved,0,not_selected,pmid-25873175:CH0005;pmid-25873175:CH0041;pmid-25873175:CH0039
SUB017,12,pmid-42373848,42373848,,10.1038/s41598-026-57970-9,A phase II study of alpelisib and capecitabine in patients with previously treated metastatic colorectal cancer (KCSG-CO21-04).,pdf,0.040572,0.000000,1.390166,primary_for_subsection,1,stage4_primary_force_included,pmid-42373848:CH0010;pmid-42373848:CH0031
SUB017,13,pmid-37101291,37101291,PMC10131374,10.1186/s13073-023-01181-8,"Multiple PIK3CA mutation clonality correlates with outcomes in taselisib + fulvestrant-treated ER+/HER2-, PIK3CA-mutated breast cancers.",pmc_xml,0.040193,88.283751,2.090132,global_primary_retrieved,0,not_selected,pmid-37101291:CH0005;pmid-37101291:CH0006;pmid-37101291:CH0027
SUB017,14,pmid-31439579,31439579,,10.1158/1078-0432.CCR-19-0508,"POSEIDON Trial Phase 1b Results: Safety, Efficacy and Circulating Tumor DNA Response of the Beta Isoform-Sparing PI3K Inhibitor Taselisib (GDC-0032) Combined with Tamoxifen in Hormone Receptor Positive Metastatic Breast Cancer Patients.",pdf,0.036705,194.548453,0.707541,global_primary_retrieved,0,not_selected,pmid-31439579:CH0032;pmid-31439579:CH0008
SUB017,15,pmid-37044095,37044095,PMC10140479,10.1016/j.xcrm.2023.101002,N-acetylcysteine overcomes NF1 loss-driven resistance to PI3Kα inhibition in breast cancer.,pmc_xml,0.035385,0.000000,0.733670,primary_for_subsection,1,stage4_primary_force_included,pmid-37044095:CH0007
SUB017,16,pmid-38286037,38286037,PMC11627550,10.1016/j.biopha.2024.116217,β1 integrin mediates unresponsiveness to PI3Kα inhibition for radiochemosensitization of 3D HNSCC models.,pmc_xml,0.034616,93.735491,1.438883,context_for_subsection,0,not_selected,pmid-38286037:CH0023;pmid-38286037:CH0027
SUB017,17,pmid-40382983,40382983,,10.1016/j.drup.2025.101251,MicroRNA-mediated PTEN downregulation as a novel non-genetic mechanism of acquired resistance to PI3Kα inhibitors of head & neck squamous cell carcinoma.,pdf,0.034273,203.586091,0.694357,global_primary_retrieved,0,not_selected,pmid-40382983:CH0038;pmid-40382983:CH0001;pmid-40382983:CH0040
SUB017,18,pmid-35100734,35100734,,10.1200/PO.19.00221,"Combined PIK3CA and FGFR Inhibition With Alpelisib and Infigratinib in Patients With PIK3CA-Mutant Solid Tumors, With or Without FGFR Alterations.",pdf,0.031292,272.834493,0.000000,global_primary_retrieved,0,not_selected,pmid-35100734:CH0034;pmid-35100734:CH0004;pmid-35100734:CH0029
SUB017,19,pmid-31091374,31091374,,10.1056/NEJMoa1813904,"Alpelisib for PIK3CA-Mutated, Hormone Receptor-Positive Advanced Breast Cancer.",pdf,0.030101,91.755726,0.000000,primary_for_subsection,1,stage4_primary_force_included,pmid-31091374:CH0030
SUB017,20,pmid-31594766,31594766,,10.1158/2159-8290.CD-18-0830,PTEN Loss Mediates Clinical Cross-Resistance to CDK4/6 and PI3Kα Inhibitors in Breast Cancer.,pdf,0.028709,170.456613,0.708189,global_primary_retrieved,0,not_selected,pmid-31594766:CH0044;pmid-31594766:CH0008
SUB017,21,pmid-33602685,33602685,PMC8282704,10.1158/1078-0432.CCR-20-4879,Clinical and Biomarker Results from Phase I/II Study of PI3K Inhibitor Alpelisib plus Nab-paclitaxel in HER2-Negative Metastatic Breast Cancer.,pmc_xml,0.028333,85.859880,0.000000,primary_for_subsection,1,stage4_primary_force_included,pmid-33602685:CH0024
SUB017,22,pmid-33606974,33606974,PMC8384339,10.1016/j.molcel.2021.01.033,Regulation of PTEN translation by PI3K signaling maintains pathway homeostasis.,pmc_xml,0.026094,262.616286,0.000000,global_primary_retrieved,0,not_selected,pmid-33606974:CH0070;pmid-33606974:CH0069;pmid-33606974:CH0064
SUB017,23,pmid-25528022,25528022,,10.1007/s10549-014-3239-5,A preclinical evaluation of the PI3K alpha/delta dominant inhibitor BAY 80-6946 in HER2-positive breast cancer models with acquired resistance to the HER2-targeted therapies trastuzumab and lapatinib.,pdf,0.025729,196.074468,0.000000,global_primary_retrieved,0,not_selected,pmid-25528022:CH0003;pmid-25528022:CH0026
SUB017,24,pmid-35771551,35771551,,10.1158/2159-8290.CD-21-1696,"Alpelisib Monotherapy for PI3K-Altered, Pretreated Advanced Breast Cancer: A Phase II Study.",pdf,0.023880,192.725043,0.000000,global_primary_retrieved,0,not_selected,pmid-35771551:CH0046;pmid-35771551:CH0036
SUB017,25,pmid-21278786,21278786,PMC3107390,10.1038/onc.2010.626,PI3K inhibition results in enhanced HER signaling and acquired ERK dependency in HER2-overexpressing breast cancer.,pmc_xml,0.023769,190.078255,0.000000,global_primary_retrieved,0,not_selected,pmid-21278786:CH0041;pmid-21278786:CH0043
SUB017,26,pmid-25409150,25409150,PMC4326538,10.1038/nature13948,Convergent loss of PTEN leads to clinical resistance to a PI(3)Kα inhibitor.,pmc_xml,0.022632,0.000000,1.405232,global_primary_retrieved,0,not_selected,pmid-25409150:CH0007;pmid-25409150:CH0014
SUB017,27,pmid-29850984,29850984,,10.1007/s10549-018-4792-0,Phase I study of alpelisib (BYL-719) and trastuzumab emtansine (T-DM1) in HER2-positive metastatic breast cancer (MBC) after trastuzumab and taxane therapy.,pdf,0.022504,92.370349,0.707462,global_primary_retrieved,0,not_selected,pmid-29850984:CH0023
SUB017,28,pmid-40991650,40991650,PMC12618074,10.1172/JCI180927,USP10/GSK3β-mediated inhibition of PTEN drives resistance to PI3K inhibitors in breast cancer.,pmc_xml,0.022398,0.000000,1.404918,global_primary_retrieved,0,not_selected,pmid-40991650:CH0064;pmid-40991650:CH0009
SUB017,29,pmid-40454641,40454641,PMC13496148,10.1056/NEJMoa2501796,Overall Survival with Inavolisib in PIK3CA-Mutated Advanced Breast Cancer.,pmc_xml,0.021018,94.580014,0.696039,global_primary_retrieved,0,not_selected,pmid-40454641:CH0006
SUB017,30,pmid-28382169,28382169,PMC5381259,10.7150/thno.17830,Integration of Receptor Tyrosine Kinases Determines Sensitivity to PI3Kα-selective Inhibitors in Breast Cancer.,pmc_xml,0.020000,0.000000,0.000000,primary_for_subsection,1,stage4_primary_recall_added_no_query_hit,pmid-28382169:CH0001;pmid-28382169:CH0002;pmid-28382169:CH0003
SUB017,31,pmid-32494066,32494066,,10.1038/s41586-020-2175-2,Landscape and function of multiple mutations within individual oncogenes.,pdf,0.020000,0.000000,0.000000,primary_for_subsection,1,stage4_primary_recall_added_no_query_hit,pmid-32494066:CH0001;pmid-32494066:CH0002;pmid-32494066:CH0003
SUB017,32,pmid-32929011,32929011,PMC7533832,10.1073/pnas.2000060117,PIK3CA C-terminal frameshift mutations are novel oncogenic events that sensitize tumors to PI3K-α inhibition.,pdf,0.020000,0.000000,0.000000,primary_for_subsection,1,stage4_primary_recall_added_no_query_hit,pmid-32929011:CH0001;pmid-32929011:CH0002;pmid-32929011:CH0003
SUB017,33,pmid-31601188,31601188,PMC6785854,10.1186/s12885-019-6057-7,Interleukin-6 mediates resistance to PI3K-pathway-targeted therapy in lymphoma.,pmc_xml,0.019913,90.556198,0.698068,global_primary_retrieved,0,not_selected,pmid-31601188:CH0036;pmid-31601188:CH0041
SUB017,34,pmid-42202490,42202490,PMC13235453,10.1016/j.esmoop.2026.107735,"Safety analyses of the INAVO120 randomised phase III trial of inavolisib or placebo with palbociclib-fulvestrant in patients with PIK3CA-mutated, hormone receptor-positive, HER2-negative, endocrine-resistant advanced breast cancer.",pmc_xml,0.015687,169.081058,0.000000,global_primary_retrieved,0,not_selected,pmid-42202490:CH0008;pmid-42202490:CH0040
SUB017,35,pmid-33947692,33947692,PMC8282678,10.1158/1078-0432.CCR-21-0047,A Phase I Study of Alpelisib in Combination with Trastuzumab and LJM716 in Patients with PIK3CA-Mutated HER2-Positive Metastatic Breast Cancer.,pmc_xml,0.015598,85.965241,0.676206,global_primary_retrieved,0,not_selected,pmid-33947692:CH0023;pmid-33947692:CH0030
SUB017,36,pmid-36923283,36923283,PMC10010328,10.1158/2767-9764.CRC-22-0028,A Phase IB Trial of the PI3K Inhibitor Alpelisib and Weekly Cisplatin in Patients with Solid Tumor Malignancies.,pmc_xml,0.014286,99.392029,0.000000,global_primary_retrieved,0,not_selected,pmid-36923283:CH0028
SUB017,37,pmid-30237504,30237504,PMC6148236,10.1038/s41419-018-1025-8,IGF1R upregulation confers resistance to isoform-specific inhibitors of PI3K in PIK3CA-driven ovarian cancer.,pmc_xml,0.013514,0.000000,0.710953,global_primary_retrieved,0,not_selected,pmid-30237504:CH0031
SUB017,38,pmid-35365185,35365185,PMC8974145,10.1186/s13058-022-01521-3,Targeting SHP2 phosphatase in breast cancer overcomes RTK-mediated resistance to PI3K inhibitors.,pmc_xml,0.011364,0.000000,0.703251,global_primary_retrieved,0,not_selected,pmid-35365185:CH0010
SUB017,39,pmid-38986734,38986734,,10.1016/j.canlet.2024.217112,PI3K PROTAC overcomes the lapatinib resistance in PIK3CA-mutant HER2 positive breast cancer.,pdf,0.010870,0.000000,0.701073,global_primary_retrieved,0,not_selected,pmid-38986734:CH0035
SUB017,40,pmid-33794206,33794206,,10.1016/S1470-2045(21)00034-6,"Alpelisib plus fulvestrant in PIK3CA-mutated, hormone receptor-positive advanced breast cancer after a CDK4/6 inhibitor (BYLieve): one cohort of a phase 2, multicentre, open-label, non-comparative study.",pdf,0.010753,93.644112,0.000000,global_primary_retrieved,0,not_selected,pmid-33794206:CH0014
SUB017,41,pmid-39637900,39637900,,10.1016/S1470-2045(24)00673-9,"Alpelisib plus fulvestrant in PIK3CA-mutated, hormone receptor-positive advanced breast cancer after a CDK4/6 inhibitor (BYLieve): one cohort of a phase 2, multicentre, open-label, non-comparative study.",pdf,0.010638,93.644112,0.000000,global_primary_retrieved,0,not_selected,pmid-39637900:CH0014
SUB017,42,pmid-35138919,35138919,PMC8865530,10.1200/PO.21.00424,Phase II Study of Taselisib in PIK3CA-Mutated Solid Tumors Other Than Breast and Squamous Lung Cancer: Results From the NCI-MATCH ECOG-ACRIN Trial (EAY131) Subprotocol I.,pdf,0.009901,0.000000,0.697381,global_primary_retrieved,0,not_selected,pmid-35138919:CH0025
SUB017,43,pmid-25053989,25053989,PMC4091530,10.18632/genesandcancer.10,Amphiregulin and PTEN evoke a multimodal mechanism of acquired resistance to PI3K inhibition.,pmc_xml,0.009804,90.620087,0.000000,global_primary_retrieved,0,not_selected,pmid-25053989:CH0037
SUB017,44,pmid-35968355,35968355,PMC9360227,,PI3K inhibitors in trastuzumab-resistant HER2-positive breast cancer cells with PI3K pathway alterations.,pdf,0.009804,0.000000,0.697367,context_for_subsection,0,not_selected,pmid-35968355:CH0025
SUB017,45,pmid-37623743,37623743,PMC10618743,10.1158/2159-8290.CD-23-0396,"STX-478, a Mutant-Selective, Allosteric PI3Kα Inhibitor Spares Metabolic Dysfunction and Improves Therapeutic Response in PI3Kα-Mutant Xenografts.",pmc_xml,0.009524,89.921699,0.000000,global_primary_retrieved,0,not_selected,pmid-37623743:CH0050
SUB017,46,pmid-40360883,40360883,PMC12304390,10.1038/s41416-025-03035-z,"Multi-node inhibition targeting mTORC1, mTORC2 and PI3Kα potently inhibits the PI3K/AKT/mTOR pathway in endometrial and breast cancer models.",pmc_xml,0.009174,0.000000,0.694339,global_primary_retrieved,0,not_selected,pmid-40360883:CH0010
SUB017,47,pmid-40536266,40536266,PMC12204390,10.1093/oncolo/oyaf126,Prolonged response to PIK3CA inhibition in an advanced hormone-positive breast cancer patient with 3 mutations in the alpha subunit of PI-3 kinase.,pmc_xml,0.009009,87.920478,0.000000,global_primary_retrieved,0,not_selected,pmid-40536266:CH0015
SUB017,48,pmid-33186740,33186740,PMC8457522,10.1016/j.annonc.2020.10.596,"Phase III randomized study of taselisib or placebo with fulvestrant in estrogen receptor-positive, PIK3CA-mutant, HER2-negative, advanced breast cancer: the SANDPIPER trial.",pmc_xml,0.008929,87.538458,0.000000,global_primary_retrieved,0,not_selected,pmid-33186740:CH0020
SUB017,49,pmid-29401002,29401002,PMC5920739,10.1200/JCO.2017.72.7107,Phosphatidylinositol 3-Kinase α-Selective Inhibition With Alpelisib (BYL719) in PIK3CA-Altered Solid Tumors: Results From the First-in-Human Study.,pdf,0.008772,0.000000,0.689206,global_primary_retrieved,0,not_selected,pmid-29401002:CH0033
SUB017,50,pmid-34552006,34552006,,10.1158/1535-7163.MCT-20-0981,Phosphoproteomics Identifies PI3K Inhibitor-selective Adaptive Responses in Pancreatic Cancer Cell Therapy and Resistance.,pdf,0.008197,0.000000,0.683631,global_primary_retrieved,0,not_selected,pmid-34552006:CH0037
SUB017,51,pmid-24405121,24405121,,10.1111/bjh.12734,"PI3KCA plays a major role in multiple myeloma and its inhibition with BYL719 decreases proliferation, synergizes with other therapies and overcomes stroma-induced resistance.",pdf,0.007407,84.153171,0.000000,global_primary_retrieved,0,not_selected,pmid-24405121:CH0022
SUB017,52,pmid-40845250,40845250,,10.1200/JCO-25-00663,"US Food and Drug Administration Approval Summary: Inavolisib With Palbociclib and Fulvestrant for Endocrine-Resistant, PIK3CA-Mutated, Hormone Receptor-Positive, Human Epidermal Growth Factor Receptor 2-Negative, Locally Advanced or Metastatic Breast Cancer.",pdf,0.007407,0.000000,0.679402,global_primary_retrieved,0,not_selected,pmid-40845250:CH0006
SUB017,53,pmid-32887722,32887722,,10.1158/1078-0432.CCR-20-0645,Phase Ib Study of Ribociclib plus Fulvestrant and Ribociclib plus Fulvestrant plus PI3K Inhibitor (Alpelisib or Buparlisib) for HR+ Advanced Breast Cancer.,pdf,0.007299,83.843962,0.000000,global_primary_retrieved,0,not_selected,pmid-32887722:CH0023
SUB017,54,pmid-33024087,33024087,PMC7538592,10.1038/s41419-020-03037-0,CD44/HA signaling mediates acquired resistance to a PI3Kα inhibitor.,pmc_xml,0.007299,0.000000,0.678644,context_for_subsection,0,not_selected,pmid-33024087:CH0004
SUB018,1,pmid-37916958,37916958,PMC10850944,10.1158/2159-8290.CD-23-0704,Allosteric PI3Kα Inhibition Overcomes On-target Resistance to Orthosteric Inhibitors Mediated by Secondary PIK3CA Mutations.,pmc_xml,0.073924,204.021574,1.576609,primary_for_subsection,1,top_ranked,pmid-37916958:CH0003;pmid-37916958:CH0005;pmid-37916958:CH0038
SUB018,2,pmid-27604488,27604488,PMC5050154,10.1158/2159-8290.CD-16-0305,Systematic Functional Characterization of Resistance to PI3K Inhibition in Breast Cancer.,pmc_xml,0.069319,97.403945,1.612638,primary_for_subsection,1,top_ranked,pmid-27604488:CH0005;pmid-27604488:CH0067;pmid-27604488:CH0064
SUB018,3,pmid-33186740,33186740,PMC8457522,10.1016/j.annonc.2020.10.596,"Phase III randomized study of taselisib or placebo with fulvestrant in estrogen receptor-positive, PIK3CA-mutant, HER2-negative, advanced breast cancer: the SANDPIPER trial.",pmc_xml,0.066025,347.532063,0.000000,primary_for_subsection,1,top_ranked,pmid-33186740:CH0020;pmid-33186740:CH0012;pmid-33186740:CH0013
SUB018,4,pmid-25873175,25873175,PMC4398915,10.1016/j.ccell.2015.03.010,AXL mediates resistance to PI3Kα inhibition by activating the EGFR/PKC/mTOR axis in head and neck and esophageal squamous cell carcinomas.,pmc_xml,0.062800,337.381544,0.000000,primary_for_subsection,1,top_ranked,pmid-25873175:CH0005;pmid-25873175:CH0002;pmid-25873175:CH0039
SUB018,5,pmid-33606974,33606974,PMC8384339,10.1016/j.molcel.2021.01.033,Regulation of PTEN translation by PI3K signaling maintains pathway homeostasis.,pmc_xml,0.059414,334.854070,0.538298,global_primary_retrieved,1,top_ranked,pmid-33606974:CH0005;pmid-33606974:CH0064;pmid-33606974:CH0069
SUB018,6,pmid-32976773,32976773,PMC7562820,10.1016/j.ccell.2020.08.016,Metabolic Imaging Detects Resistance to PI3Kα Inhibition Mediated by Persistent FOXM1 Expression in ER+ Breast Cancer.,pmc_xml,0.051170,306.960612,0.000000,primary_for_subsection,1,top_ranked,pmid-32976773:CH0017;pmid-32976773:CH0081;pmid-32976773:CH0049
SUB018,7,pmid-40382983,40382983,,10.1016/j.drup.2025.101251,MicroRNA-mediated PTEN downregulation as a novel non-genetic mechanism of acquired resistance to PI3Kα inhibitors of head & neck squamous cell carcinoma.,pdf,0.048214,329.912385,0.512691,global_primary_retrieved,1,top_ranked,pmid-40382983:CH0046;pmid-40382983:CH0006;pmid-40382983:CH0038
SUB018,8,pmid-32864625,32864625,PMC7450824,10.1038/s43018-020-0047-1,Alterations in PTEN and ESR1 promote clinical resistance to alpelisib plus aromatase inhibitors.,pmc_xml,0.047403,0.000000,1.657146,global_primary_retrieved,1,top_ranked,pmid-32864625:CH0037;pmid-32864625:CH0022;pmid-32864625:CH0033
SUB018,9,pmid-25409150,25409150,PMC4326538,10.1038/nature13948,Convergent loss of PTEN leads to clinical resistance to a PI(3)Kα inhibitor.,pmc_xml,0.044394,0.000000,1.057731,primary_for_subsection,1,top_ranked,pmid-25409150:CH0007;pmid-25409150:CH0013
SUB018,10,pmid-35771551,35771551,,10.1158/2159-8290.CD-21-1696,"Alpelisib Monotherapy for PI3K-Altered, Pretreated Advanced Breast Cancer: A Phase II Study.",pdf,0.042712,207.811017,1.044662,global_primary_retrieved,1,top_ranked,pmid-35771551:CH0042;pmid-35771551:CH0004;pmid-35771551:CH0036
SUB018,11,pmid-27048245,27048245,PMC4820873,10.1186/s13058-016-0697-1,Activation of IGF1R/p110β/AKT/mTOR confers resistance to α-specific PI3K inhibition.,pmc_xml,0.042195,103.516623,1.566076,global_primary_retrieved,0,not_selected,pmid-27048245:CH0039;pmid-27048245:CH0001;pmid-27048245:CH0041
SUB018,12,pmid-24608574,24608574,,10.1158/1535-7163.MCT-13-0865,Characterization of the novel and specific PI3Kα inhibitor NVP-BYL719 and development of the patient stratification strategy for clinical trials.,pdf,0.041471,0.000000,1.613986,global_primary_retrieved,0,not_selected,pmid-24608574:CH0048;pmid-24608574:CH0047;pmid-24608574:CH0003
SUB018,13,pmid-31594766,31594766,,10.1158/2159-8290.CD-18-0830,PTEN Loss Mediates Clinical Cross-Resistance to CDK4/6 and PI3Kα Inhibitors in Breast Cancer.,pdf,0.041399,101.328606,1.572165,global_primary_retrieved,0,not_selected,pmid-31594766:CH0044;pmid-31594766:CH0048;pmid-31594766:CH0043
SUB018,14,pmid-38273040,38273040,PMC10810864,10.1038/s41698-024-00496-y,Integrative modeling uncovers p21-driven drug resistance and prioritizes therapies for PIK3CA-mutant breast cancer.,pmc_xml,0.041165,0.000000,1.607738,global_primary_retrieved,0,not_selected,pmid-38273040:CH0001;pmid-38273040:CH0002;pmid-38273040:CH0022
SUB018,15,pmid-40360883,40360883,PMC12304390,10.1038/s41416-025-03035-z,"Multi-node inhibition targeting mTORC1, mTORC2 and PI3Kα potently inhibits the PI3K/AKT/mTOR pathway in endometrial and breast cancer models.",pmc_xml,0.038202,109.702561,1.058117,global_primary_retrieved,0,not_selected,pmid-40360883:CH0062;pmid-40360883:CH0006;pmid-40360883:CH0054
SUB018,16,pmid-21278786,21278786,PMC3107390,10.1038/onc.2010.626,PI3K inhibition results in enhanced HER signaling and acquired ERK dependency in HER2-overexpressing breast cancer.,pmc_xml,0.034702,313.499551,0.000000,global_primary_retrieved,0,not_selected,pmid-21278786:CH0041;pmid-21278786:CH0005;pmid-21278786:CH0009
SUB018,17,pmid-24405121,24405121,,10.1111/bjh.12734,"PI3KCA plays a major role in multiple myeloma and its inhibition with BYL719 decreases proliferation, synergizes with other therapies and overcomes stroma-induced resistance.",pdf,0.033744,309.368126,0.000000,global_primary_retrieved,0,not_selected,pmid-24405121:CH0009;pmid-24405121:CH0027;pmid-24405121:CH0029
SUB018,18,pmid-36892268,36892268,PMC10552898,10.1002/1878-0261.13416,"ER+, HER2- advanced breast cancer treated with taselisib and fulvestrant: genomic landscape and associated clinical outcomes.",pmc_xml,0.031587,0.000000,1.571828,global_primary_retrieved,0,not_selected,pmid-36892268:CH0026;pmid-36892268:CH0019;pmid-36892268:CH0017
SUB018,19,pmid-37101291,37101291,PMC10131374,10.1186/s13073-023-01181-8,"Multiple PIK3CA mutation clonality correlates with outcomes in taselisib + fulvestrant-treated ER+/HER2-, PIK3CA-mutated breast cancers.",pmc_xml,0.030327,199.874439,0.524448,global_primary_retrieved,0,not_selected,pmid-37101291:CH0013;pmid-37101291:CH0027;pmid-37101291:CH0030
SUB018,20,pmid-37044095,37044095,PMC10140479,10.1016/j.xcrm.2023.101002,N-acetylcysteine overcomes NF1 loss-driven resistance to PI3Kα inhibition in breast cancer.,pmc_xml,0.029615,100.778514,0.000000,primary_for_subsection,1,stage4_primary_force_included,pmid-37044095:CH0007
SUB018,21,pmid-34552006,34552006,,10.1158/1535-7163.MCT-20-0981,Phosphoproteomics Identifies PI3K Inhibitor-selective Adaptive Responses in Pancreatic Cancer Cell Therapy and Resistance.,pdf,0.029547,0.000000,1.562294,global_primary_retrieved,0,not_selected,pmid-34552006:CH0045;pmid-34552006:CH0037;pmid-34552006:CH0007
SUB018,22,pmid-25053989,25053989,PMC4091530,10.18632/genesandcancer.10,Amphiregulin and PTEN evoke a multimodal mechanism of acquired resistance to PI3K inhibition.,pmc_xml,0.028553,299.946226,0.000000,global_primary_retrieved,0,not_selected,pmid-25053989:CH0034;pmid-25053989:CH0037;pmid-25053989:CH0005
SUB018,23,pmid-40991650,40991650,PMC12618074,10.1172/JCI180927,USP10/GSK3β-mediated inhibition of PTEN drives resistance to PI3K inhibitors in breast cancer.,pmc_xml,0.025645,0.000000,1.549243,global_primary_retrieved,0,not_selected,pmid-40991650:CH0064;pmid-40991650:CH0023;pmid-40991650:CH0009
SUB018,24,pmid-35968355,35968355,PMC9360227,,PI3K inhibitors in trastuzumab-resistant HER2-positive breast cancer cells with PI3K pathway alterations.,pdf,0.023757,193.766060,0.514715,global_primary_retrieved,0,not_selected,pmid-35968355:CH0005;pmid-35968355:CH0025;pmid-35968355:CH0004
SUB018,25,pmid-33685991,33685991,PMC8137641,10.1158/0008-5472.CAN-20-3232,Genomic Alterations in PIK3CA-Mutated Breast Cancer Result in mTORC1 Activation and Limit the Sensitivity to PI3Kα Inhibitors.,pmc_xml,0.021919,0.000000,1.048897,global_primary_retrieved,0,not_selected,pmid-33685991:CH0006;pmid-33685991:CH0041
SUB018,26,pmid-33024087,33024087,PMC7538592,10.1038/s41419-020-03037-0,CD44/HA signaling mediates acquired resistance to a PI3Kα inhibitor.,pmc_xml,0.020000,0.000000,0.000000,primary_for_subsection,1,stage4_primary_recall_added_no_query_hit,pmid-33024087:CH0001;pmid-33024087:CH0002;pmid-33024087:CH0003
SUB018,27,pmid-37493631,37493631,PMC10811747,10.1158/1541-7786.MCR-23-0034,CBF-Beta Mitigates PI3K-Alpha-Specific Inhibitor Killing through PIM1 in PIK3CA-Mutant Gastric Cancer.,pmc_xml,0.020000,0.000000,0.000000,primary_for_subsection,1,stage4_primary_recall_added_no_query_hit,pmid-37493631:CH0001;pmid-37493631:CH0002;pmid-37493631:CH0003
SUB018,28,pmid-38286037,38286037,PMC11627550,10.1016/j.biopha.2024.116217,β1 integrin mediates unresponsiveness to PI3Kα inhibition for radiochemosensitization of 3D HNSCC models.,pmc_xml,0.020000,0.000000,0.000000,primary_for_subsection,1,stage4_primary_recall_added_no_query_hit,pmid-38286037:CH0001;pmid-38286037:CH0002;pmid-38286037:CH0003
SUB018,29,pmid-41967638,41967638,,10.1016/j.annonc.2026.04.003,Genomic determinants of response to alpelisib plus fulvestrant in the SOLAR-1 trial.,pdf,0.019872,202.708121,0.000000,global_primary_retrieved,0,not_selected,pmid-41967638:CH0030;pmid-41967638:CH0029
SUB018,30,pmid-40536266,40536266,PMC12204390,10.1093/oncolo/oyaf126,Prolonged response to PIK3CA inhibition in an advanced hormone-positive breast cancer patient with 3 mutations in the alpha subunit of PI-3 kinase.,pmc_xml,0.017645,198.144294,0.000000,global_primary_retrieved,0,not_selected,pmid-40536266:CH0015;pmid-40536266:CH0011
SUB018,31,pmid-30237504,30237504,PMC6148236,10.1038/s41419-018-1025-8,IGF1R upregulation confers resistance to isoform-specific inhibitors of PI3K in PIK3CA-driven ovarian cancer.,pmc_xml,0.016950,99.008128,0.515645,global_primary_retrieved,0,not_selected,pmid-30237504:CH0011;pmid-30237504:CH0037
SUB018,32,pmid-24351425,24351425,PMC3974833,10.4161/cbt.27311,ERK2-dependent reactivation of Akt mediates the limited response of tumor cells with constitutive K-RAS activity to PI3K inhibition.,pdf,0.016155,194.973334,0.000000,global_primary_retrieved,0,not_selected,pmid-24351425:CH0007;pmid-24351425:CH0010
SUB018,33,pmid-35365185,35365185,PMC8974145,10.1186/s13058-022-01521-3,Targeting SHP2 phosphatase in breast cancer overcomes RTK-mediated resistance to PI3K inhibitors.,pmc_xml,0.016004,96.996094,0.514922,global_primary_retrieved,0,not_selected,pmid-35365185:CH0010;pmid-35365185:CH0007
SUB018,34,pmid-40845250,40845250,,10.1200/JCO-25-00663,"US Food and Drug Administration Approval Summary: Inavolisib With Palbociclib and Fulvestrant for Endocrine-Resistant, PIK3CA-Mutated, Hormone Receptor-Positive, Human Epidermal Growth Factor Receptor 2-Negative, Locally Advanced or Metastatic Breast Cancer.",pdf,0.015152,110.485970,0.000000,global_primary_retrieved,0,not_selected,pmid-40845250:CH0046
SUB018,35,pmid-33909934,33909934,PMC8265362,10.1002/onco.13804,"Effectiveness of Alpelisib + Fulvestrant Compared with Real-World Standard Treatment Among Patients with HR+, HER2-, PIK3CA-Mutated Breast Cancer.",pmc_xml,0.013699,0.000000,0.534721,global_primary_retrieved,0,not_selected,pmid-33909934:CH0017
SUB018,36,pmid-35100734,35100734,,10.1200/PO.19.00221,"Combined PIK3CA and FGFR Inhibition With Alpelisib and Infigratinib in Patients With PIK3CA-Mutant Solid Tumors, With or Without FGFR Alterations.",pdf,0.011905,0.000000,0.528768,global_primary_retrieved,0,not_selected,pmid-35100734:CH0028
SUB018,37,pmid-35138919,35138919,PMC8865530,10.1200/PO.21.00424,Phase II Study of Taselisib in PIK3CA-Mutated Solid Tumors Other Than Breast and Squamous Lung Cancer: Results From the NCI-MATCH ECOG-ACRIN Trial (EAY131) Subprotocol I.,pdf,0.011765,0.000000,0.528700,global_primary_retrieved,0,not_selected,pmid-35138919:CH0018
SUB018,38,pmid-36805958,36805958,PMC12440294,10.1158/1535-7163.MCT-21-0667,Tumor and Stromal Cell Targeting with Nintedanib and Alpelisib Overcomes Intrinsic Bladder Cancer Resistance.,pmc_xml,0.011494,103.310347,0.000000,global_primary_retrieved,0,not_selected,pmid-36805958:CH0008
SUB018,39,pmid-38986734,38986734,,10.1016/j.canlet.2024.217112,PI3K PROTAC overcomes the lapatinib resistance in PIK3CA-mutant HER2 positive breast cancer.,pdf,0.009091,100.060304,0.000000,global_primary_retrieved,0,not_selected,pmid-38986734:CH0035
SUB018,40,pmid-33947692,33947692,PMC8282678,10.1158/1078-0432.CCR-21-0047,A Phase I Study of Alpelisib in Combination with Trastuzumab and LJM716 in Patients with PIK3CA-Mutated HER2-Positive Metastatic Breast Cancer.,pmc_xml,0.008850,99.407514,0.000000,global_primary_retrieved,0,not_selected,pmid-33947692:CH0023
SUB018,41,pmid-35311394,35311394,,10.1177/03008916211073621,"BYL719 (alpelisib) for the treatment of PIK3CA-mutated, recurrent/advanced cervical cancer.",pdf,0.008772,99.385562,0.000000,global_primary_retrieved,0,not_selected,pmid-35311394:CH0013
SUB018,42,pmid-25528022,25528022,,10.1007/s10549-014-3239-5,A preclinical evaluation of the PI3K alpha/delta dominant inhibitor BAY 80-6946 in HER2-positive breast cancer models with acquired resistance to the HER2-targeted therapies trastuzumab and lapatinib.,pdf,0.008197,97.644640,0.000000,context_for_subsection,0,not_selected,pmid-25528022:CH0019
SUB018,43,pmid-32887722,32887722,,10.1158/1078-0432.CCR-20-0645,Phase Ib Study of Ribociclib plus Fulvestrant and Ribociclib plus Fulvestrant plus PI3K Inhibitor (Alpelisib or Buparlisib) for HR+ Advanced Breast Cancer.,pdf,0.007463,96.120999,0.000000,global_primary_retrieved,0,not_selected,pmid-32887722:CH0012
SUB018,44,pmid-32494066,32494066,,10.1038/s41586-020-2175-2,Landscape and function of multiple mutations within individual oncogenes.,pdf,0.007353,0.000000,0.512359,global_primary_retrieved,0,not_selected,pmid-32494066:CH0006
SUB018,45,pmid-26500061,26500061,PMC4846581,10.1038/onc.2015.406,"PI3K-p110α mediates resistance to HER2-targeted therapy in HER2+, PTEN-deficient breast cancers.",pmc_xml,0.007143,0.000000,0.511566,global_primary_retrieved,0,not_selected,pmid-26500061:CH0025
