paper_id,pmid,pmcid,doi,title,source_format,raw_chars,narrative_chars,retention_ratio,kept_section_count,excluded_section_count,excluded_char_count,chunk_count,warning_flags,review_recommendation,kept_section_titles,excluded_section_titles
pmid-25409150,25409150,PMC4326538,10.1038/nature13948,Convergent loss of PTEN leads to clinical resistance to a PI(3)Kα inhibitor.,pmc_xml,19914,12981,0.652,2,8,5252,20,few_kept_sections;possible_abstract_or_body_only,inspect_for_possible_overfiltering,Abstract; Introduction,Methods [methods_heading]; Renilla Luciferase [inside_methods_block]; PTEN#1 [inside_methods_block]; PTEN#2 [inside_methods_block]; Patient-derived xenografts and IHC [inside_methods_block]; Whole genome and whole exome sequencing [inside_methods_block]; Targeted exome sequencing (MSK-IMPACT) [inside_methods_block]; Statistical analysis [methods_heading]
pmid-35022207,35022207,PMC7612218,10.1158/2159-8290.CD-21-1411,Precision Targeting of Mutant PI3Kα in Cancer by Selective Degradation.,pmc_xml,11051,10992,0.995,1,0,0,17,few_kept_sections;possible_abstract_or_body_only,inspect_for_possible_overfiltering,Introduction,
pmid-32817061,32817061,PMC7437706,10.1136/esmoopen-2020-000890,PIK3CA mutation inhibition in hormone receptor-positive breast cancer: time has come.,pmc_xml,8731,8715,0.998,1,0,0,12,low_narrative_chars;few_kept_sections;few_chunks;possible_abstract_or_body_only,inspect_for_possible_overfiltering,Introduction,
pmid-39935426,39935426,PMC11810462,10.20517/cdr.2024.169,Optimizing therapeutic approaches for HR+/HER2- advanced breast cancer: clinical perspectives on biomarkers and treatment strategies post-CDK4/6 inhibitor progression.,pmc_xml,48627,19389,0.399,10,11,24160,32,,pass,Abstract; Introduction; RESISTANCE: WHICH ARE THE BEST BIOMARKERS AND WHICH ARE THE OPTIONS; RECOMMENDATIONS: FROM EVIDENCE TO CLINICAL PRACTICE; UPCOMING BIOMARKERS AND FUTURE THERAPEUTIC DIRECTIONS; CDK7; HRD and PALB2 mutations; The next generation of CDKi: beyond CDK4/6i; KAT6; Discussion,METHODS [methods_heading]; MOLECULAR BREAST CANCER SUBTYPES [inside_methods_block]; CLINICAL BIOMARKERS [inside_methods_block]; PIK3CA [inside_methods_block]; ESR1 [inside_methods_block]; ERBB2 (HER2) [inside_methods_block]; BRCA1 and BRCA2 [inside_methods_block]; Retinoblastoma [inside_methods_block]; Cyclin D [inside_methods_block]; CDK2-Cyclin E signaling [inside_methods_block]; TP53 [inside_methods_block]
pmid-32869930,32869930,PMC7648336,10.1634/theoncologist.2020-0449,Biomarkers in Breast Cancer: An Integrated Analysis of Comprehensive Genomic Profiling and PD-L1 Immunohistochemistry Biomarkers in 312 Patients with Breast Cancer.,pdf,33703,14765,0.438,8,7,16170,25,,pass,Abstract; Introduction; Breast Carcinoma Cohort; Genomic Landscape of Patients with Breast Carcinoma; © AlphaMed Press 2020; Immunotherapy Biomarkers Relationship; Discussion; Discussion,PD-L1 SP142 CDx Immunohistochemistry Testing [protocol_or_procedural_section]; Comprehensive Genomic Profiling of Breast Carcinoma Samples [inside_methods_block]; Integrative Analysis of CGP and PD-L1 Biomarkers in Breast Carcinoma [inside_methods_block]; Patient Cohort [inside_methods_block]; Clinically Actionable Biomarkers Detected by CGP and PD-L1 Immunohistochemistry [inside_methods_block]; © AlphaMed Press 2020 [inside_methods_block]; © AlphaMed Press 2020 [after_discussion_end_matter_guard]
pmid-34544753,34544753,PMC9762331,10.1158/2159-8290.CD-21-0072,RTK-Dependent Inducible Degradation of Mutant PI3Kα Drives GDC-0077 (Inavolisib) Efficacy.,pmc_xml,71136,31334,0.440,9,22,27009,49,,pass,Abstract; Introduction; PI3K Inhibitor Potency in PIK3CA-Mutant Cells; In Vivo Efficacy of GDC-0077; Taselisib and GDC-0077 Induce Mutant p110a Degradation; p85b Potentiates p110a Degradation by Recruiting p110a to the Membrane; Taselisib- and GDC-0077–Induced Mutant p110a Degradation Is Dependent on RTK Activity; p110a Mutant–Degrading Inhibitors Provide More Sustained Benefit in HER2-Positive versus HER2-Negative p110a-Mutant Cancers; Discussion,Chemical Reagents [after_discussion_end_matter_guard]; Antibody Reagents [after_discussion_end_matter_guard]; pPRAS40 ELISA [after_discussion_end_matter_guard]; Viability Assay CellTiter-Glo [after_discussion_end_matter_guard]; Nucleosome ELISA [after_discussion_end_matter_guard]; Cell Lines and Cell Culture [methods_heading]; CRISPR Engineering of HCC1954 Cells [inside_methods_block]; siRNA Transfection [inside_methods_block]; Western Blots [inside_methods_block]; Subcellular Fractionation [inside_methods_block]; Immunoprecipitation and Pulldown [inside_methods_block]; RNA Isolation and PIK3CA Allele–Specific qRT-PCR [inside_methods_block]; Intracellular Drug Concentration [inside_methods_block]; PI3K ADP-Glo Assays for Ki Measurement [inside_methods_block]; Kinetic Solubility [inside_methods_block]; Plasma Protein Binding [inside_methods_block]; Madin-Darby Canine Kidney Cell Permeability [inside_methods_block]; Drug Half-Life in Vivo [inside_methods_block]; Pulse-Chase [inside_methods_block]; Animal Studies [methods_heading]; Mass Spectrometry [inside_methods_block]; Authors' Disclosures [inside_methods_block]
pmid-37044095,37044095,PMC10140479,10.1016/j.xcrm.2023.101002,N-acetylcysteine overcomes NF1 loss-driven resistance to PI3Kα inhibition in breast cancer.,pmc_xml,94355,42311,0.448,8,42,51340,72,,pass,Abstract; Introduction; Parallel in vivo screens identify NF1 loss as a resistance-enhancing event in PI3Kα inhibition; Loss of NF1 reduces sensitivity to PI3Kα inhibition in vitro and in vivo; NF1-depleted cells have reduced reactive oxygen species (ROS) levels and lower mitochondrial respiration; NAC treatment circumvents resistance to PI3Kα inhibition; NAC synergizes with PI3Kα inhibition and dampens mTOR signaling; Discussion,Limitations of the study [after_discussion_end_matter_guard]; Key resources table [end_matter_or_non_narrative_heading]; Lead contact [after_discussion_end_matter_guard]; Material availability [after_discussion_end_matter_guard]; Cell lines and organoids [methods_heading]; Animal experiments [inside_methods_block]; Transgenic animals [inside_methods_block]; NF1 mutations in public breast cancer datasets [inside_methods_block]; Doubling time calculation [inside_methods_block]; Drugs [inside_methods_block]; Generation of stable shRNA cell lines [end_matter_or_non_narrative_heading]; Cloning of CRISPR vectors for NF1 KO [inside_methods_block]; Knockout with transient vectors [inside_methods_block]; Generation of lentivirus [inside_methods_block]; Infection of T47D and MCF7 cancer cells [inside_methods_block]; Infection of PDX-derived cancer cells [inside_methods_block]; D drug response of organoids [after_discussion_end_matter_guard]; Colony formation assay [inside_methods_block]; Cell cycle analysis [inside_methods_block]; Quantification of MitoSOX and ROS-DCFDA [inside_methods_block]; Quantification of mitochondrial content [inside_methods_block]; Quantification of GSSG/GSH levels [inside_methods_block]; Seahorse experiments [inside_methods_block]; Immunoblotting [inside_methods_block]; Quantitative real-time PCR [inside_methods_block]; Tracking of indels by decomposition [inside_methods_block]; Sample preparation [inside_methods_block]; Data acquisition of phosphorylated peptides [inside_methods_block]; Data acquisition of TMT peptides [inside_methods_block]; Phosphoproteome data analysis [inside_methods_block]; TMT data analysis [inside_methods_block]; Analysis [inside_methods_block]; Quantitative insertion site sequencing [inside_methods_block]; Mapping and transposon integration sites [inside_methods_block]; Integration site quantification [inside_methods_block]; Association of integration sites with genes [inside_methods_block]; Enrichment of unique integration sites [inside_methods_block]; Cell RNA isolation and library preparation [inside_methods_block]; Tumor RNA isolation and library preparation [inside_methods_block]; Alignment and differential gene expression [inside_methods_block]; Motif activity response analysis [after_discussion_end_matter_guard]; Quantification and statistical analysis [inside_methods_block]
pmid-32864625,32864625,PMC7450824,10.1038/s43018-020-0047-1,Alterations in PTEN and ESR1 promote clinical resistance to alpelisib plus aromatase inhibitors.,pmc_xml,50752,23226,0.458,6,14,24139,39,,pass,Abstract; Introduction; Safety Findings; Response evaluation; ctDNA and tissue analyses of pre- and post-progression samples; Discussion,"Study population [methods_heading]; Dose escalation and MTD [inside_methods_block]; Clinical trial eligibility [after_discussion_end_matter_guard]; Study design [methods_heading]; Safety and radiographic assessments [after_discussion_end_matter_guard]; Tumor tissue sequencing [inside_methods_block]; Cell-free DNA extraction, library preparation, and sequencing [inside_methods_block]; Bioinformatics analysis and variant detection [inside_methods_block]; ctDNA fraction and cancer cell fraction assessment [inside_methods_block]; Mutational signatures from hypermutated patients [after_discussion_end_matter_guard]; cfDNA digital droplet PCR [inside_methods_block]; Generation of ESR1 Y537S knock in MCF7 cell line [inside_methods_block]; Animal Studies [methods_heading]; Statistics and Reproducibility [methods_heading]"
pmid-39851969,39851969,PMC11763720,10.3390/curroncol32010053,Systematic Review and Network Meta-Analysis on Treating Hormone Receptor-Positive Metastatic Breast Cancer After CDK4/6 Inhibitors.,pmc_xml,30070,14181,0.472,4,15,16473,21,,pass,Abstract; Introduction; Discussion; Discussion,Materials and Methods [methods_heading]; Selection Criteria [inside_methods_block]; Information Sources [inside_methods_block]; Search Strategy [inside_methods_block]; Data Extraction Process and Data Items [inside_methods_block]; Outcomes [methods_heading]; Risk of Bias [inside_methods_block]; Statistical Analysis [methods_heading]; Study Selection and Study Characteristics [inside_methods_block]; Quality and Risk of Bias [inside_methods_block]; Therapeutic Subgroup Comparisons [inside_methods_block]; Antibody Drug Conjugates: HER2-Low Population [inside_methods_block]; Drugs Acting on the PI3K/AKT/mTOR Pathway [inside_methods_block]; SERDs [inside_methods_block]; Exploratory Analysis: Comparison of All Agents with Ribociclib [inside_methods_block]
pmid-37501404,37501404,PMC10701778,10.1002/1878-0261.13500,Activation of the EGFR/PI3K/AKT pathway limits the efficacy of trametinib treatment in head and neck cancer.,pmc_xml,50148,24717,0.493,10,15,14082,38,,pass,Abstract; Introduction; Bioinformatical analysis of cell lines and TCGA patients; Trametinib treatment leads to YAP1 activation and EGFR upregulation; EGFR limits trametinib efficacy by hyperactivating the PI3K/AKT pathway; Preventing PI3K/AKT hyperactivation enhances trametinib efficacy; Dual treatment with trametinib and BYL719 prolongs PDX growth arrest in mice; Treatment with trametinib and BYL719 in a syngeneic murine model leads to tumor shrinkage; Discussion; Discussion,Cell lines and chemical compounds [methods_heading]; Antibodies and reagents [inside_methods_block]; IC50 and synergy assay [inside_methods_block]; Phospho‐RTK array [inside_methods_block]; Western blotting [inside_methods_block]; Real‐time quantitative PCR [inside_methods_block]; Immunofluorescence [methods_heading]; Staining of tumor tissue: immunohistochemistry and immunofluorescence [inside_methods_block]; RNA silencing [inside_methods_block]; Cell proliferation assay [methods_heading]; In vivo experiments [inside_methods_block]; Statistical analysis [methods_heading]; Conflict of interest [end_matter_or_non_narrative_heading]; Author contributions [end_matter_or_non_narrative_heading]; Peer review [after_discussion_end_matter_guard]
pmid-35968355,35968355,PMC9360227,,PI3K inhibitors in trastuzumab-resistant HER2-positive breast cancer cells with PI3K pathway alterations.,pdf,36561,18811,0.515,6,10,14417,28,,pass,"Abstract; Introduction; Cell lines, cell culture, and reagents; By suppressing the PI3K downstream signaling pathway, combination treatment with PI3K inhibitors and trastuzumab induces marked apoptosis in resistant breast cancer cells; The treatment of alpelisib plus trastuzumab inhibits the growth of tumor xenografts bearing PIK3CA mutations; Discussion",Western blot analysis [methods_heading]; Colony formation assay [inside_methods_block]; In vitro antiproliferation activity analysis [inside_methods_block]; In vitro apoptosis analysis [inside_methods_block]; Combination index (CI) [inside_methods_block]; Small interfering RNA (siRNA) knockdown of PTEN (siPTEN) [inside_methods_block]; Caspase 3 and 7 activity [inside_methods_block]; Orthotopic xenograft mouse model and in situ TUNEL assays [inside_methods_block]; Statistical analysis [methods_heading]; Effects of PI3K inhibitors in HER2-positive trastuzumab-resistant breast cancer cells [inside_methods_block]
pmid-37916958,37916958,PMC10850944,10.1158/2159-8290.CD-23-0704,Allosteric PI3Kα Inhibition Overcomes On-target Resistance to Orthosteric Inhibitors Mediated by Secondary PIK3CA Mutations.,pmc_xml,44896,23168,0.516,7,12,13310,38,,pass,"Abstract; Introduction; Acquired Resistance Alterations in Serial ctDNA from Patients Treated with Alpelisib and Inavolisib; Landscape of Acquired PI3K Alterations in Rapid Autopsy Tissue Series; De Novo Mutations in the PI3K/AKT Pathway Emerge during Treatment and Lead to Acquired Resistance; Mutations in PIK3CA Involving Trp780 or Gln859 Impair the Activity of ATP-Competitive, Alpha-Selective PI3K Inhibitors; Discussion",Patients [after_discussion_end_matter_guard]; cfDNA Analysis [after_discussion_end_matter_guard]; Autopsy [after_discussion_end_matter_guard]; WES Pipeline for Autopsy [after_discussion_end_matter_guard]; Phylogenetic Analysis of Multiple Samples from the Same Patient [after_discussion_end_matter_guard]; Free Energy Calculations [after_discussion_end_matter_guard]; Cell Culture and General Reagents [methods_heading]; Dose-Response Experiments [after_discussion_end_matter_guard]; Western Blot Analysis [methods_heading]; Cell-Free DNA Extraction and ddPCR [inside_methods_block]; Surface Plasmon Resonance Binding Assay [inside_methods_block]; Data Availability [end_matter_or_non_narrative_heading]
pmid-37916956,37916956,PMC10850943,10.1158/2159-8290.CD-23-0944,"Discovery and Clinical Proof-of-Concept of RLY-2608, a First-in-Class Mutant-Selective Allosteric PI3Kα Inhibitor That Decouples Antitumor Activity from Hyperinsulinemia.",pmc_xml,68791,35521,0.516,12,23,23341,57,,pass,Abstract; Introduction; CryoEM and MD Simulations Reveal Dynamic Differences between WT and H1047R PI3Kα; Mutant-Selective Small Molecules Identified by a DNA-Encoded Library Screen; X-ray Crystallography Identifies the Origin of a Mutant-Selective Cryptic Pocket; Conformational Dynamics-Based Design Drives Selectivity for H1047R over WT and Other Isoforms; RLY-2608 Is Active in Cells against Tail and Helical Domain Mutations; RLY-2608 Inhibits Tumors in Animal Models with Reduced Impact on Insulin Levels; Proof-of-Concept Clinical Activity; Case Study 1; Case Study 2; Discussion,Expression of the Full-Length p110α/p85α Complex [after_discussion_end_matter_guard]; Purification of Wild-Type Full-Length p110α/p85α [after_discussion_end_matter_guard]; Expression and Purification of p110α/p85α Fusion Constructs [after_discussion_end_matter_guard]; CryoEM Sample Preparation and Data Collection [after_discussion_end_matter_guard]; CryoEM Data Processing [after_discussion_end_matter_guard]; General Simulation Setup and Parameterization [after_discussion_end_matter_guard]; System Preparation [after_discussion_end_matter_guard]; Simulation Analysis [after_discussion_end_matter_guard]; Crystallography [after_discussion_end_matter_guard]; Structure Determination [after_discussion_end_matter_guard]; Refinement Information [after_discussion_end_matter_guard]; DNA-Encoded Library Selection and Enrichment Scoring [after_discussion_end_matter_guard]; Surface Plasmon Resonance Spectroscopy [after_discussion_end_matter_guard]; PI3Kα Enzyme Activity and Inhibition Assays [after_discussion_end_matter_guard]; Liposome Preparation and PI3Kα Inhibition Measurements [after_discussion_end_matter_guard]; Cell Culture [methods_heading]; Pharmacodynamic Assay [inside_methods_block]; Proliferation [inside_methods_block]; Xenograft Studies [inside_methods_block]; ELISA [inside_methods_block]; ReDiscover Phase I/II Study [inside_methods_block]; Accession Codes [inside_methods_block]; Data Sharing Statement [inside_methods_block]
pmid-41143603,41143603,PMC12770939,10.1158/1078-0432.CCR-25-1459,PI3Kα Inhibitor and Degrader Inavolisib Can Co-opt FGFR2 to Enhance Responses in Patients with PIK3CA-Mutated Solid Tumors and in Preclinical Models.,pmc_xml,83859,44780,0.534,17,20,26166,70,,pass,Abstract; Introduction; Clinical study design; Patients; Safety; PK; Efficacy; Analysis of blood plasma–derived ctDNA from study patients; Real-world clinical genomics database analyses; FGFR2 mutations are associated with clinical benefit; FGFR2 alterations and sensitivity to inavolisib; High FGFR2 expression confers dependence on the PI3K pathway; FGFR2 activation of PI3K signaling; Effects of FGFR2 signaling on sensitivity to inavolisib; Combined inhibition with inavolisib and the FGFR2i; Combination treatment regression and resistance delay; Discussion,Statistical considerations [protocol_or_procedural_section]; [18F]Fluoro-2-deoxy-D-glucose -PET imaging [inside_methods_block]; IHC analysis of paired tumor tissue samples [inside_methods_block]; Statistical analysis for translational research [methods_heading]; Chemical reagents [inside_methods_block]; Antibody reagents [inside_methods_block]; PRISM assay [inside_methods_block]; Cell lines and cell culture [methods_heading]; Viability assay CellTiter-Glo [inside_methods_block]; siRNA transfection [inside_methods_block]; RNA isolation and PIK3CA allele–specific qRT-PCR [inside_methods_block]; Western blots [inside_methods_block]; Ubiquitin pulldown assay [inside_methods_block]; Subcellular fractionation [inside_methods_block]; Immunoprecipitation and pulldown [inside_methods_block]; FGFR2 stable cell line generation [end_matter_or_non_narrative_heading]; RTK array [inside_methods_block]; Live-cell imaging by IncuCyte [inside_methods_block]; In vivo xenograft studies [inside_methods_block]; Clinical profile of inavolisib monotherapy [inside_methods_block]
pmid-31859350,31859350,PMC6923785,10.1093/annonc/mdz280,Biomarkers of response and resistance to PI3K inhibitors in estrogen receptor-positive breast cancer patients and combination therapies involving PI3K inhibitors.,pmc_xml,46063,24642,0.535,21,0,0,43,,pass,Abstract; Introduction; Key Message; Introduction; Biomarkers of response and resistance; PIK3CA gene mutations and PI3K pathway activation status; FFDG-PET/CT imaging; Other potential biomarkers of response; PTEN expression loss; High insulin levels; Other biomarkers of resistance; Limitations of biomarker research; Future research; Combination therapies involving PI3Ki; With anti-HER2 agents; With chemotherapy; With CDK4/6 inhibitors; With new endocrine agents; Multiple targeting of the PI3K/AKT/mTOR pathway; With antiandrogens; Discussion,
pmid-41925922,41925922,PMC13046609,10.1007/s10549-026-07939-z,Alpelisib and Fulvestrant in PIK3CA-mutated hormone receptor-positive HER2-negative advanced breast cancer included in the German PRAEGNANT trial.,pmc_xml,33132,18322,0.553,7,8,15810,33,,pass,Abstract; Introduction; The PRAEGNANT research network; Patients; Data ascertainment; Discussion; Discussion,"Definition of grading, HR and HER2 status [methods_heading]; Statistical Analysis [methods_heading]; Patient characteristics [inside_methods_block]; Patient disposition [inside_methods_block]; Progression-free survival [inside_methods_block]; Overall survival [inside_methods_block]; Serious adverse and adverse events [inside_methods_block]; Supplementary Information [end_matter_or_non_narrative_heading]"
pmid-37623743,37623743,PMC10618743,10.1158/2159-8290.CD-23-0396,"STX-478, a Mutant-Selective, Allosteric PI3Kα Inhibitor Spares Metabolic Dysfunction and Improves Therapeutic Response in PI3Kα-Mutant Xenografts.",pmc_xml,64323,36034,0.560,9,13,13499,55,,pass,"Abstract; Introduction; STX-478, a Mutant-Selective, Allosteric PI3Kα Inhibitor; STX-478 Selectively Targets PI3Kα Activity and Cell Viability in PI3Kα-Mutant Cells; STX-478 Treatment Yields Robust Antitumor Efficacy in PI3Kα-Mutant Tumors without Metabolic Dysregulation in Mice; Benchmarking STX-478 in the CAL-33 (H1047R PI3Kα) Human HNSCC Xenograft Model; STX-478 Is Efficacious across a Panel of PI3Kα-Mutant Cell-Derived Xenograft and Patient-Derived Xenograft Tumors without Evidence of Insulin Resistance; Safety and Efficacy of Clinically Relevant Combination Therapies; Discussion","STX-478 Synthesis and Alpelisib [after_discussion_end_matter_guard]; Protein Expression and Purification [after_discussion_end_matter_guard]; Crystallization, Data Collection, and Processing [after_discussion_end_matter_guard]; Structure Solution and Refinement [after_discussion_end_matter_guard]; SPR [after_discussion_end_matter_guard]; PI3Kα ATPase Assay [after_discussion_end_matter_guard]; Kinome Selectivity Profiling [after_discussion_end_matter_guard]; Cellular Assays [after_discussion_end_matter_guard]; pAKT Homogenous Time-Resolve Fluorescence [after_discussion_end_matter_guard]; Cell Proliferation [after_discussion_end_matter_guard]; Human Adipocyte 3H-2-Deoxyglucose Uptake [after_discussion_end_matter_guard]; Animal Studies [methods_heading]; Data Availability [end_matter_or_non_narrative_heading]"
pmid-33386585,33386585,PMC8065000,10.1007/s12282-020-01199-5,PIK3CA somatic alterations in invasive breast cancers: different spectrum from Caucasians to Chinese detected by next generation sequencing.,pmc_xml,19216,10927,0.569,5,6,9178,19,,pass,Abstract; Introduction; Patients and tumor samples; Tissue DNA extraction; Discussion,NGS library preparation and capture-based targeted DNA sequencing [protocol_or_procedural_section]; Sequence data analysis and identification of variants [inside_methods_block]; Statistical analysis [methods_heading]; Association of PIK3CA alterations with clinicopathological features [inside_methods_block]; The characteristics of PIK3CA alterations in GDPH and TCGA-white cohort [inside_methods_block]; Spectrum of PIK3CA alterations across ER/HER2 subtypes [inside_methods_block]
pmid-40152314,40152314,PMC11950915,10.1093/oncolo/oyaf023,Dynamics of hyperglycemia of patients treated with alpelisib: exploratory interim analysis of ITACA trial.,pmc_xml,24318,13925,0.573,6,7,6858,24,,pass,Abstract; Introduction; Trial design and patients’ characteristics; Treatment; Discussion; Discussion,Methods [methods_heading]; Endpoints [methods_heading]; Statistical analysis [methods_heading]; Sample characteristics [inside_methods_block]; Occurrence and consequences of hyperglycemia [inside_methods_block]; Changes of fasting blood glucose concentrations [inside_methods_block]; Study limitations [after_discussion_end_matter_guard]
pmid-36387506,36387506,PMC9650006,10.1016/j.heliyon.2022.e11396,Chip-based digital Polymerase Chain Reaction as quantitative technique for the detection of PIK3CA mutations in breast cancer patients.,pmc_xml,28282,16258,0.575,6,15,12844,27,,pass,Abstract; Introduction; Patients characteristics; PIK3CA mutation status; Discussion; Discussion,Study population [methods_heading]; Ethical considerations [inside_methods_block]; Sample processing and DNA extraction [inside_methods_block]; PIK3CA mutations analysis [inside_methods_block]; Calibration process for dPCR mutation detection [inside_methods_block]; Sanger Sequencing [inside_methods_block]; Statistical analysis [methods_heading]; Dilution and intra-rater assay [protocol_or_procedural_section]; Sensitivity and specificity analysis [inside_methods_block]; Association between PIK3CA mutations detected by dPCR and Patient's clinicopathological features [inside_methods_block]; Author contribution statement [after_discussion_end_matter_guard]; Funding statement [after_discussion_end_matter_guard]; Data availability statement [end_matter_or_non_narrative_heading]; Declaration of interest's statement [after_discussion_end_matter_guard]; Additional information [end_matter_or_non_narrative_heading]
pmid-30167089,30167089,PMC6114962,10.18632/oncotarget.25854,"A Phase Ib, open-label, dose-finding study of alpelisib in combination with paclitaxel in patients with advanced solid tumors.",pmc_xml,23527,13775,0.585,8,7,5990,23,,pass,Abstract; Introduction; Patient characteristics and disposition; Dose finding and dose-limiting toxicities; Safety and tolerability; Pharmacokinetics; Clinical activity; Discussion,Study design [methods_heading]; Patient population [inside_methods_block]; Protocol amendments [inside_methods_block]; Treatment [after_discussion_end_matter_guard]; Assessments [inside_methods_block]; Analysis sets [inside_methods_block]; Statistical analyses [inside_methods_block]
pmid-33780274,33780274,PMC8210974,10.1200/JCO.20.01139,"Patient-Reported Outcomes in Patients With PIK3CA-Mutated Hormone Receptor-Positive, Human Epidermal Growth Factor Receptor 2-Negative Advanced Breast Cancer From SOLAR-1.",pmc_xml,25698,15236,0.593,6,8,8518,25,,pass,Abstract; Introduction; CONTEXT; Patients and Study Design; PRO Assessments; Discussion,"Statistical Analyses [protocol_or_procedural_section]; Patient Baseline Characteristics and Compliance Rates [inside_methods_block]; Global Health Status/QoL [inside_methods_block]; Functional subscales [inside_methods_block]; Symptom subscales [inside_methods_block]; Pattern-Mixture Model Sensitivity Analysis for EORTC-QLQ-C30 Global Health Status/QoL [inside_methods_block]; EORTC-QLQ-C30 Global Health Status/QoL Based on Baseline Glucose Level [inside_methods_block]; BPI-SF Worst Pain, Pain Severity Index, and Pain Interference Index Analyses [inside_methods_block]"
pmid-41976378,41976378,PMC13072385,10.3390/cancers18071156,"Impact of Time of Administration, Fasting, and a Low-Carbohydrate Diet on Alpelisib-Associated Hyperglycemia and Efficacy: A Pilot Randomized Controlled Phase IIb Trial.",pmc_xml,33957,20156,0.594,10,10,14916,31,,pass,Abstract; Introduction; Trial Design; Sample Size Determination; Changes After Trial Commencement; Objective Response Rate; Progression-Free Survival; Quality of Life; Discussion; Discussion,Study Population [methods_heading]; Intervention [inside_methods_block]; Randomization [inside_methods_block]; The Primary Outcome [inside_methods_block]; Secondary Outcomes [inside_methods_block]; Statistical Analysis [methods_heading]; Participant Characteristics [inside_methods_block]; Primary Endpoint [inside_methods_block]; Time to First Occurrence of Grade 3–4 Hyperglycemia [inside_methods_block]; Study Limitations [after_discussion_end_matter_guard]
pmid-30588709,30588709,PMC6398875,10.1111/cas.13923,"Phase I study of alpelisib (BYL719), an α-specific PI3K inhibitor, in Japanese patients with advanced solid tumors.",pmc_xml,35619,21479,0.603,11,6,6841,34,,pass,Abstract; Introduction; Safety and efficacy assessments; Pharmacokinetic assessments and biomarkers; Patients and treatment; Safety; Efficacy; Escalation part; Expansion part; Biomarker assessments; Discussion,Study design and treatment [methods_heading]; Patient population [inside_methods_block]; Study objectives and endpoints [inside_methods_block]; Statistical analysis [methods_heading]; Study oversight [inside_methods_block]; CONFLICT OF INTEREST [end_matter_or_non_narrative_heading]
pmid-37101291,37101291,PMC10131374,10.1186/s13073-023-01181-8,"Multiple PIK3CA mutation clonality correlates with outcomes in taselisib + fulvestrant-treated ER+/HER2-, PIK3CA-mutated breast cancers.",pmc_xml,38996,23538,0.604,10,6,16565,33,,pass,Abstract; Introduction; SANDPIPER clinical trial; Plasma ctDNA collection and comprehensive genomic profiling (CGP); Independent breast cancer dataset; PIK3CAmut clonality estimation; Signaling pathway cluster analysis; Analysis of patient response to PI3K inhibition; Discussion; Discussion,Statistical analyses and software [protocol_or_procedural_section]; Clonality estimation of multiple PIK3CAmut in ctDNA [inside_methods_block]; Clonal multiple PIK3CAmut exhibit fewer RTK co-alterations [inside_methods_block]; Independent dataset analysis of clonal PIK3CAmut findings [inside_methods_block]; Clonal multiple PIK3CAmut associate with improved clinical outcomes [inside_methods_block]; Untitled [after_discussion_end_matter_guard]
pmid-23903756,23903756,PMC3935768,10.1126/scitranslmed.3005747,mTORC1 inhibition is required for sensitivity to PI3K p110α inhibitors in PIK3CA-mutant breast cancer.,pmc_xml,40730,24667,0.606,8,17,16561,42,,pass,Abstract; Introduction; Intrinsic resistance to BYL719 correlates with persistent mTORC1 activity; Persistent mTORC1 activation is sufficient to limit BYL719 sensitivity; mTORC1 inhibition correlates with clinical response in treated patients; mTORC1 inhibition enhances the efficacy of p110α inhibition and delays resistance; Insulin-like growth factor 1 and neuregulin 1 activate mTOR and limit the antitumor activity of BYL719; Discussion,"Study design [methods_heading]; Cell lines and chemical compounds [methods_heading]; Determination of IC50 [inside_methods_block]; Determination of cell cycle, apoptosis, and proliferation [inside_methods_block]; Western blotting [inside_methods_block]; Establishment of tumor xenografts and studies in nude mice [methods_heading]; Patients [after_discussion_end_matter_guard]; Tumor xenografts [inside_methods_block]; Patient samples [methods_heading]; Secreted protein screen [inside_methods_block]; Statistical analysis [methods_heading]; Quantitative in-cell western [inside_methods_block]; shRNA screen [inside_methods_block]; shRNA knockdown [inside_methods_block]; D acinar morphogenesis assay and scoring of 3D structures [inside_methods_block]; IF and confocal microscopy [inside_methods_block]; Cooperative, enhanced, enzyme immunoreactive assay [inside_methods_block]"
pmid-39920872,39920872,PMC11806886,10.1186/s40170-025-00375-5,CD36 inhibition enhances the anti-proliferative effects of PI3K inhibitors in PTEN-loss anti-HER2 resistant breast cancer cells.,pmc_xml,29256,17782,0.608,8,8,11952,29,,pass,Abstract; Introduction; Inhibitor treatment; Cell proliferation; Western blotting; Combination index (CI); Discussion; Discussion,Cell culture [methods_heading]; Statistical analysis [methods_heading]; Dual activation of SCD-1 and CD36 in HER2-positive breast cancer [inside_methods_block]; PI3K inhibitors decreased SCD-1 expression and induced CD36 expression in HER2-positive breast cancer cells [inside_methods_block]; Modulation of de novo lipogenesis SCD-1 in combination with PI3K inhibitors in anti-HER2 resistant breast cancer with PTEN-loss [inside_methods_block]; Blocking exogenous lipid uptake by serum depletion inhibited cell proliferation and up-regulated CD36 expression in anti-HER2 resistant breast cancer with PTEN-loss [inside_methods_block]; Modulation of FA uptake through CD36 in combination with PI3K inhibitors in anti-HER2 resistant breast cancer with PTEN-loss [inside_methods_block]; Electronic supplementary material [end_matter_or_non_narrative_heading]
pmid-39236276,39236276,PMC11575912,10.1200/JCO.24.00110,"Phase I/Ib Trial of Inavolisib Plus Palbociclib and Endocrine Therapy for PIK3CA-Mutated, Hormone Receptor-Positive, Human Epidermal Growth Factor Receptor 2-Negative Advanced or Metastatic Breast Cancer.",pmc_xml,29654,18281,0.616,8,6,7419,31,,pass,Abstract; Introduction; CONTEXT; Safety; Pharmacokinetics; Efficacy; PIK3CA Mutation Spectrum and Analysis of Pharmacodynamic and Pathophysiologic Response Biomarkers; Discussion,Study Design and Patients [methods_heading]; Study Oversight [inside_methods_block]; Study Procedures/Assessments [inside_methods_block]; Study End Points [inside_methods_block]; Statistical Analysis [methods_heading]; Study Population [methods_heading]
pmid-37339176,37339176,PMC10543974,10.1158/0008-5472.CAN-23-0282,Tipifarnib Potentiates the Antitumor Effects of PI3Kα Inhibition in PIK3CA- and HRAS-Dysregulated HNSCC via Convergent Inhibition of mTOR Activity.,pmc_xml,42424,26335,0.621,9,7,4770,42,,pass,"Abstract; Introduction; The combination of alpelisib and tipifarnib inhibits spheroid growth in PIK3CA- and HRAS-dysregulated HNSCC cell line models; Combined tipifarnib and alpelisib treatment inhibits mTOR and RSK more potently and durably than either agent alone; The combination of tipifarnib and alpelisib inhibits mTORC1 activity and induces tumor regression in a PIK3CA-mutant cell line–derived xenograft model; Genetic depletion of RHEB and HRAS phenocopies tipifarnib treatment, implicating them as key FTase targets in HNSCC; Combined, synchronous tipifarnib–alpelisib treatment robustly inhibits the growth of PDX models harboring PIK3CA alterations or HRAS overexpression; KURRENT-HN clinical trial; Discussion",Cell lines and reagents [methods_heading]; Tumor spheroid growth assays [inside_methods_block]; Xenograft models and in vivo experiments [inside_methods_block]; Immunoblotting [inside_methods_block]; IHC [inside_methods_block]; Clinical trial [inside_methods_block]; Data availability [end_matter_or_non_narrative_heading]
pmid-31852484,31852484,PMC6921513,10.1186/s13058-019-1230-0,Elacestrant (RAD1901) exhibits anti-tumor activity in multiple ER+ breast cancer models resistant to CDK4/6 inhibitors.,pmc_xml,57974,36184,0.624,8,16,23023,63,,pass,Abstract; Introduction; Elacestrant inhibits growth of CDK4/6i sensitive and resistant lines; Elacestrant inhibits growth of PDX models that represent CDK4/6i resistance; Compensatory pathway inhibition in combination with endocrine therapy in a post-CDK4/6i setting; Elacestrant demonstrates anti-tumor activity in multiple CDK4/6i-resistant settings; Discussion; Discussion,Reagents and cell lines [methods_heading]; In vitro [inside_methods_block]; In vivo [inside_methods_block]; In vitro cell proliferation assays [inside_methods_block]; Colony formation assay [inside_methods_block]; Western blotting [inside_methods_block]; Quantitative reverse transcriptase PCR analyses [inside_methods_block]; RNA sequencing [inside_methods_block]; Patient-derived xenografts [inside_methods_block]; In vivo pharmacokinetic analyses [inside_methods_block]; Statistical analysis and data analysis [methods_heading]; CDK4/6 inhibitors (CDK4/6i) exhibit differential activity in relevant breast cancer cells [inside_methods_block]; Generation of CDK4/6i-resistant cells lines after long-term exposure [inside_methods_block]; CDK4/6i-resistant models exhibit distinct changes in key cell cycle proteins [inside_methods_block]; CDK4/6 inhibitor-resistant models retain ER and ER signaling [inside_methods_block]; Untitled [after_discussion_end_matter_guard]
pmid-36428975,36428975,PMC9688837,10.3390/cells11223545,Analytical Performance of Next-Generation Sequencing and RT-PCR on Formalin-Fixed Paraffin-Embedded Tumor Tissues for PIK3CA Testing in HR+/HER2- Breast Cancer.,pmc_xml,23022,14559,0.632,6,8,9630,24,,pass,Abstract; Introduction; Patients and Tissue Specimens; Nucleic Acids Purification; Discussion; Discussion,Study Design [methods_heading]; Next-Generation Sequencing (NGS) Analysis [protocol_or_procedural_section]; RT-PCR Analysis [inside_methods_block]; Statistical Analyses [inside_methods_block]; Clinicopathological Features [inside_methods_block]; Concordance between Primary Tumor and Metastasis Samples Using NGS [inside_methods_block]; Concordance between Primary Tumor and Metastasis Samples Using RT-PCR [inside_methods_block]; Comparison of NGS and RT-PCR [inside_methods_block]
pmid-39839709,39839709,PMC11748133,10.1093/pcmedi/pbae034,"Cell-free tumor DNA analysis in advanced or metastatic breast cancer patients: mutation frequencies, testing intention, and clinical impact.",pmc_xml,37115,23783,0.641,9,5,6921,38,,pass,Abstract; Introduction; Feasibility of ctDNA testing in Germany; Patients; ctDNA testing; Return of research results; Questionnaire; Discussion; Discussion,Statistical considerations [protocol_or_procedural_section]; Test initiation [inside_methods_block]; Frequencies of genetic alterations [inside_methods_block]; Detected druggable mutations [inside_methods_block]; Intention of testing and clinical impact [inside_methods_block]
pmid-37553597,37553597,PMC10408073,10.1186/s12885-023-11243-0,BYL719 reverses gefitinib-resistance induced by PI3K/AKT activation in non-small cell lung cancer cells.,pmc_xml,36646,23981,0.654,11,11,10910,39,,pass,Abstract; Introduction; Chemical reagents; The construction of NSCLC cells carrying dual EGFR and PIK3CA mutations; D and 3D cell culture; PIK3CA mutation leads to over-growth and gefitinib resistance in PC-9-PIK3CA-M cells; Gefitinib and BYL719 exhibit synergistic effects; Gefitinib and BYL719 exhibit synergistic effects by inhibiting p-AKT; Gefitinib and BYL719 exhibited synergistic effects in 3D culturing models and lung adenocarcinoma organoids; The combination of gefitinib and BYL719 leads to enhanced anti-tumor efficacy by inhibiting p-AKT in the PC-9-PIK3CA-M xenografts; Discussion,Cell viability assays [protocol_or_procedural_section]; Colony formation assay [inside_methods_block]; EdU assay [inside_methods_block]; Cell apoptosis assays [inside_methods_block]; Western blot analysis [methods_heading]; Determination of the antitumor effect in nude mice [inside_methods_block]; IHC [inside_methods_block]; The establishment of patient-derived organoid of NSCLC [inside_methods_block]; Statistical analysis [methods_heading]; PIK3CA mutation leads to faster grow and less gefitinib sensitivity in HCC-827-PIK3CA-M cells [inside_methods_block]; Electronic supplementary material [end_matter_or_non_narrative_heading]
pmid-33668685,33668685,PMC7918312,10.3390/ijms22041882,"PRKAR1B-AS2 Long Noncoding RNA Promotes Tumorigenesis, Survival, and Chemoresistance via the PI3K/AKT/mTOR Pathway.",pmc_xml,43945,28829,0.656,8,19,15576,45,,pass,Abstract; Introduction; PRKAR1B-AS2 lncRNA Is Overexpressed in OC and Associated with Poor Survival; Silencing PRKAR1B-AS2 Inhibits Cell Viability and Improves the Response to Cisplatin In Vitro; PRKAR1B-AS2 Knockdown Suppresses Migration and Invasion of OC Cells In Vitro; PRKAR1B-AS2 Regulates the PI3K/AKT/mTOR Signaling Pathway; PRKAR1B-AS2 Silencing Improves OC Sensitivity to Cisplatin In Vivo; Discussion,"OS Analysis of lncRNA Expression in TCGA OC Cohort [empty_after_caption_or_tail_filter]; LncRNA–Protein Interactions [after_discussion_end_matter_guard]; Cell Culture, Reagents, and siRNA Transfection [after_discussion_end_matter_guard]; RNA Extraction, Reverse Transcription, and Quantitative Real-Time PCR Analysis [after_discussion_end_matter_guard]; Cell Viability Assay [after_discussion_end_matter_guard]; Colony Formation Assay [after_discussion_end_matter_guard]; Wound Healing Assay [after_discussion_end_matter_guard]; Invasion Assay [after_discussion_end_matter_guard]; Annexin V/PI Assay [after_discussion_end_matter_guard]; Cell Extracts and Western Blot Analysis [after_discussion_end_matter_guard]; RIP Assay [after_discussion_end_matter_guard]; RPPA Analysis [after_discussion_end_matter_guard]; Liposomal Nanoparticle Preparation [after_discussion_end_matter_guard]; OC Xenograft Mouse Model Studies [after_discussion_end_matter_guard]; Immunohistochemistry [methods_heading]; TUNEL Assay [inside_methods_block]; In Situ Hybridization [inside_methods_block]; Collection of Mouse Tumor Specimens for Quantitative Reverse Transcription PCR [inside_methods_block]; Statistical Analysis [methods_heading]"
pmid-35181669,35181669,PMC8857304,10.1038/s41523-022-00382-5,PIK3CA co-occurring mutations and copy-number gain in hormone receptor positive and HER2 negative breast cancer.,pmc_xml,31076,20568,0.662,6,6,6756,35,,pass,Abstract; Introduction; PIK3CA genomic alterations are associated with tumoral and clinical characteristics in HR + /HER2- BC; PIK3CA-mut/gain is significantly and independently associated with outcome in HR + /HER2− BC; PIK3CA-mut/gain does not seem to provide additional informations for alpelisib response in patients with HR + /HER2− BC; Discussion,Datasets and data collection [after_discussion_end_matter_guard]; Definition of CNA gain events [methods_heading]; Genomic analyses [inside_methods_block]; Statistical and survival analyses [inside_methods_block]; Reporting summary [end_matter_or_non_narrative_heading]; Untitled [inside_methods_block]
pmid-33909934,33909934,PMC8265362,10.1002/onco.13804,"Effectiveness of Alpelisib + Fulvestrant Compared with Real-World Standard Treatment Among Patients with HR+, HER2-, PIK3CA-Mutated Breast Cancer.",pmc_xml,36447,24127,0.662,13,5,8399,40,,pass,Abstract; Introduction; Study Overview and CGDB for Real‐World Setting Analysis of PFS with Standard Therapy in the CDK4/6i Setting; Inclusion and Exclusion Criteria; Objectives; Assessment of Treatment Effect; Patients; Index Treatments in the Real‐World Cohort; Patient Characteristics; Primary Objective: Evaluation and Comparison of PFS; Secondary Objective: PFS at the 6‐Month Milestone Time Point; Discussion; Discussion,Statistical Analysis [methods_heading]; Balancing Approaches on Observable Characteristics [inside_methods_block]; Limitations [after_discussion_end_matter_guard]; Author Contributions [end_matter_or_non_narrative_heading]; Disclosures [after_discussion_end_matter_guard]
pmid-40113784,40113784,PMC11926384,10.1038/s41392-025-02180-4,Targeting PI3K inhibitor resistance in breast cancer with metabolic drugs.,pmc_xml,83232,55667,0.669,11,21,27868,101,,pass,Abstract; Introduction; Metabolic liability of Alpelisib-resistant breast cancer; Metabolic vulnerability of Alpelisib-resistant breast cancer cells is mediated by mTORC1; mTORC1-mediated autophagy defect and energy crisis in Alpelisib-resistant breast cancer cells; CRISPR/Cas9-engineered suppression of autophagy sensitizes to DCA/Metformin; Autophagy suppression exacerbates metabolic stress under metabolic drug treatment; Metabolic inhibitors selectively target Alpelisib-resistant breast cancer in vivo; Metabolic inhibitors selectively target ATG7-knockout breast cancer in vivo; E-BP1T37/46 phosphorylation and p62 accumulation correlate and predict overall survival in breast cancer patients; Discussion,Cell culture [methods_heading]; Cell viability assays [inside_methods_block]; Clonogenic growth assays [inside_methods_block]; Live-cell imaging [inside_methods_block]; Apoptosis analysis [inside_methods_block]; LC3 HiBiT autophagy assays [inside_methods_block]; Luciferase assays with cell culture media and cell lysates [inside_methods_block]; CRISPR-Cas9 [inside_methods_block]; Western blotting [inside_methods_block]; Metabolic analysis [inside_methods_block]; Sample preparation cell lysates [inside_methods_block]; Sample preparation FFPE tumor samples [inside_methods_block]; Derivatization [inside_methods_block]; GC-MS analysis [inside_methods_block]; Animals [inside_methods_block]; Luciferase assays with tumor lysates [inside_methods_block]; Bioluminescence imaging [inside_methods_block]; Immunohistochemistry [methods_heading]; Immunohistochemical staining and evaluation with VM Slide Explorer 2.2 [inside_methods_block]; Clinical data reporting and statistical analysis [inside_methods_block]; Supplementary information [end_matter_or_non_narrative_heading]
pmid-42074235,42074235,PMC13116710,10.3390/ijms27083597,SGLT2 Inhibitor Dapagliflozin Attenuates Cardiomyocyte Injury and Inflammation Induced by PI3Kα-Selective Inhibitor Alpelisib and Fulvestrant Under Hyperglycemia.,pmc_xml,52505,35210,0.671,8,13,19911,55,,pass,Abstract; Introduction; Dapagliflozin Prevents Cardiomyocyte Injury and Mitochondrial Damages Induced by Alpelisib and Fulvestrant Under Hyperglycemia and Normoglycemia; Dapagliflozin Reduces Cardiac Troponin and H-FABP Release; Dapagliflozin Mitigates Oxidative Membrane Injury and Electrophysiological Alterations Induced by Alpelisib and Fulvestrant; Dapagliflozin Suppresses Inflammasome Activation and Pro-Inflammatory Cytokine Release; Discussion; Discussion,"Cell Culture of Human iPSC-Derived Cardiomyocytes [methods_heading]; Drugs, Preparation, and Concentration Selection [inside_methods_block]; Experimental Design and Treatment Groups [after_discussion_end_matter_guard]; Cell Viability (MTS Assay) [inside_methods_block]; Lipid Peroxidation: MDA and 4-HNE Content [inside_methods_block]; Inflammasome Signaling and Inflammatory Cytokine Profiling [inside_methods_block]; Intracellular Inflammasome-Related Proteins [inside_methods_block]; Secreted Cytokines and Chemokines [inside_methods_block]; Mitochondrial Membrane Potential (ΔΨm) [inside_methods_block]; Caspase-3 Activity Assay [inside_methods_block]; Cardiac Injury Biomarkers [inside_methods_block]; Late Sodium Current (I_NaL) Recordings in hiPSC-Derived Cardiomyocytes [inside_methods_block]; Statistical Analysis [methods_heading]"
pmid-38584192,38584192,PMC11182811,10.1007/s10549-024-07315-9,Body composition measures as a determinant of Alpelisib related toxicity.,pmc_xml,23956,16189,0.676,8,6,9112,27,,pass,Abstract; Introduction; Participants; Toxicity grading measures; Body composition analysis; CT-computed body composition measures; Oncological measures; Discussion,Statistical analysis [methods_heading]; Patient characteristics and body composition [inside_methods_block]; Toxicity outcomes [inside_methods_block]; Body composition as a predictor of increased Alpelisib toxicity [inside_methods_block]; Oncological outcomes [inside_methods_block]; Supplementary Information [end_matter_or_non_narrative_heading]
pmid-34754095,34754095,PMC8810831,10.1038/s41416-021-01601-9,Sensitive and robust liquid biopsy-based detection of PIK3CA mutations in hormone-receptor-positive metastatic breast cancer patients.,pdf,32430,22208,0.685,7,3,9061,34,,pass,Abstract; Introduction; Patients and sample collections; Preparation of plasma DNA; High-resolution screening for PIK3CA mutations in plasma; mFAST-SeqS; Discussion,Statistical analyses [protocol_or_procedural_section]; Patient characteristics [inside_methods_block]; Concordance of PIK3CA mutation status in plasma and tissue [inside_methods_block]
pmid-29895527,29895527,PMC7439002,10.1530/ERC-18-0159,The role of GSK3 and its reversal with GSK3 antagonism in everolimus resistance.,pmc_xml,47860,33013,0.690,19,10,11344,59,,pass,"Abstract; Introduction; Stable resistance; Morphologic changes, cell growth and neuroendocrine identity; Heterogeneity of BON1 RR1 and BON1 RR2; Everolimus resistance: G1 phase cell cycle arrest associated with reduced baseline expression of CDK1(cdc2) and of the autophagy marker LC3A; Everolimus resistance increased baseline apoptosis; Everolimus resistance increased migration potential and basal c-Met activation; Everolimus resistance: Baseline GSK3α/β (GSK3) over-activation, and strong BON1 RR1/RR2 cell viability reduction by specific GSK3 inhibition; Everolimus resistance: Lower baseline IRS-1 protein levels; Dual-targeting approach with the PI3Kα inhibitor BYL719 overcame everolimus resistance and restored sensitivity through GSK3 inhibition, increased autophagy and decreased apoptosis; Transferability of the resistant cell line model to an orthotopic intrapancreatic xenograft mouse model; Stable resistance and morphologic changes; Heterogeneity of BON1 RR1 and BON1 RR2; Everolimus resistance: G1 phase cell cycle arrest, reduced baseline autophagy and increased baseline apoptosis; Everolimus resistance increased migration potential and c-Met activation; Everolimus resistance: Baseline GSK3 over-activation and decrease in IRS-1 protein levels; Dual-targeting approach with the PI3Kα inhibitor BYL719 overcame acquired everolimus resistance; Conclusions and Perspectives",Cell Culture [methods_heading]; Experimental Design [inside_methods_block]; Inhibitors [inside_methods_block]; Cell Viability Assessment [inside_methods_block]; Cell Cycle Analysis by Flow cytometric analysis (FACS) [inside_methods_block]; Caspase-3/−7 Activity Assay [inside_methods_block]; Protein Extraction and Western Blotting [inside_methods_block]; Cell Migration Assay [inside_methods_block]; Statistical Analysis [methods_heading]; Pilot mouse study: Establishment of an orthotopic intrapancreatic everolimus-resistant tumor xenograft mouse model [inside_methods_block]
pmid-32404150,32404150,PMC7222307,10.1186/s13058-020-01284-9,Frequency and spectrum of PIK3CA somatic mutations in breast cancer.,pmc_xml,19794,13799,0.697,5,11,7558,21,,pass,Abstract; Introduction; Datasets; Discussion; Discussion,Therascreen PIK3CA mutation assay [protocol_or_procedural_section]; Immunohistochemistry (IHC)-based subtypes [methods_heading]; Distribution of PIK3CA mutations in plasma [inside_methods_block]; Study end points [inside_methods_block]; Statistical analyses [inside_methods_block]; Distribution of PIK3CA mutations in BC [inside_methods_block]; PIK3CA mutations captured by the therascreen panel [inside_methods_block]; Detection of multiple PIK3CA mutations in a tumor sample [inside_methods_block]; PIK3CA mutational distribution according to subtypes in the BC dataset [inside_methods_block]; Distribution of PIK3CA mutations in plasma ctDNA [inside_methods_block]; Untitled [after_discussion_end_matter_guard]
pmid-38638399,38638399,PMC11024566,10.1016/j.eclinm.2024.102520,"Preventing alpelisib-related hyperglycaemia in HR+/HER2-/PIK3CA-mutated advanced breast cancer using metformin (METALLICA): a multicentre, open-label, single-arm, phase 2 trial.",pmc_xml,36039,25216,0.700,11,9,14079,46,,pass,Abstract; Introduction; Evidence before this study; Added value of this study; Implications of all the available evidence; Introduction; Patients characteristics; Primary endpoint; Safety and tolerability; Other outcome measures; Discussion,Study design and participants [methods_heading]; Ethics [inside_methods_block]; Procedures [methods_heading]; Outcomes [methods_heading]; Statistics [methods_heading]; Role of funding source [inside_methods_block]; Contributors [after_discussion_end_matter_guard]; Data sharing statement [after_discussion_end_matter_guard]; Declaration of interests [after_discussion_end_matter_guard]
pmid-40510030,40510030,PMC12159599,10.20517/cdr.2024.181,FGFR1 overexpression promotes resistance to PI3K inhibitor alpelisib in luminal breast cancer cells through receptor tyrosine kinase signaling-mediated activation of the estrogen receptor.,pmc_xml,44313,31070,0.701,13,9,5580,48,,pass,Abstract; Introduction; FGFR1 overexpression confers resistance to alpelisib in MCF-7 breast cancer cells; FGFR1 overexpression sustains activation of Akt and Erk1/2 pathways in alpelisib-treated MCF-7/FGFR1 cells; FGFR1 knockdown reverses alpelisib resistance in FGFR1-overexpressing MCF-7 cells; The combination of the FGFR1-targeting inhibitor AZD4547 with alpelisib induces significant synergistic inhibitory effects; Synergistic effect of alpelisib and AZD4547 combination is associated with enhanced inhibition of PI3K/Akt/mTOR/S6K and MAPK/Erk1/2 pathways; FGFR1-induced ERα phosphorylation/activation is a critical mediator of alpelisib resistance; FGFR1-targeting AZD4547 enhances combined therapy with alpelisib and fulvestrant; FGFR1 overexpression in T47D cells confers resistance to alpelisib; FGFR1 knockdown restores alpelisib sensitivity in T47D/FGFR1 cells; Targeting FGFR1 with AZD4547 enhances alpelisib sensitivity and synergizes with alpelisib and fulvestrant in T47D cells; Discussion,Reagents and antibodies [methods_heading]; Cell culture and cell lines [methods_heading]; Survival faction assay [inside_methods_block]; Clonogenic assays [inside_methods_block]; Cell cycle analysis via flow cytometry [inside_methods_block]; Drug synergy analysis [inside_methods_block]; Western blot Analysis [methods_heading]; siRNA-mediated knockdown of FGFR1 [inside_methods_block]; Statistical analysis [methods_heading]
pmid-32591580,32591580,PMC7319999,10.1038/s41598-020-67393-9,Real world data analysis of next generation sequencing and protein expression in metastatic breast cancer patients.,pmc_xml,19689,13860,0.704,6,3,1361,24,,pass,Abstract; Introduction; Patients characteristics; Relevant gene alterations for treatment; Discussion; Discussion,Methods [methods_heading]; Ethical approval [after_discussion_end_matter_guard]; Informed consent [after_discussion_end_matter_guard]
pmid-34067117,34067117,PMC8125641,10.3390/cancers13092250,IGF2 Mediates Resistance to Isoform-Selective-Inhibitors of the PI3K in HPV Positive Head and Neck Cancer.,pmc_xml,37813,26936,0.712,11,14,12667,42,,pass,Abstract; Introduction; Tumor Cell Lines; Generation of BYL719- and GDC0032-Acquired Resistance HNCHPV+ Cell Lines; FOXO Signaling Pathway Is Activated in isiPI3K-Resistant Cells; Overexpression of IGF2 Limits the Vulnerability to isiPI3K; IGF1R Inhibition Synergizes with isiPI3K to Inhibit Tumor Cells; Dual Treatment with isiPI3K and AEW541 Induced Growth Arrest in PDXHPV+ Ex Vivo; Dual Treatment with isiPI3K and AEW541 Induced Tumor Growth Arrest in Mice; Discussion; Discussion,IC50 and Synergy Assay [protocol_or_procedural_section]; Cell Proliferation Assay [methods_heading]; Cell Cycle [inside_methods_block]; RNAseq [inside_methods_block]; Real-Time PCR [inside_methods_block]; siRNA Transfection [inside_methods_block]; Western Blotting [inside_methods_block]; Immunohistochemistry (IHC) and Immunofluorescence (IF) [methods_heading]; Tumor Ex Vivo Analysis (TEVA) [inside_methods_block]; Establishment of Tumor Xenografts and Studies in Mice [methods_heading]; Antibodies [inside_methods_block]; Drugs and Reagents [inside_methods_block]; Statistics [methods_heading]; Study Approval [inside_methods_block]
pmid-37348428,37348428,PMC10314290,10.1016/j.neo.2023.100913,P110α inhibitor alpelisib exhibits a synergistic effect with pyrotinib and reverses pyrotinib resistant in HER2+ breast cancer.,pmc_xml,33459,23942,0.716,10,17,10364,41,,pass,Abstract; Introduction; Alpelisib showed a synergistic effect when combined with pyrotinib in treating HER2+ breast cancer cells; Alpelisib combined with pyrotinib enhanced the inhibitory effect on cancer-associated phenotypes significantly; The combination of pyrotinib and alpelisib could enhance the downregulation of the PI3K/AKT pathway activation and strengthen the activation of the apoptosis pathway; HER2+ breast cancer cells up-regulated ErbB ligand expression to counter alpelisib treatment; Pyrotinib and alpelisib suppressed the growth of HER2+ breast cancer xenografts; HER2+ breast cancer cells acquired pyrotinib resistance by down-regulating phosphorylation of ErbB proteins targeted by pyrotinib and sustained activating PI3K/AKT pathway; Alpelisib showed synergistic effect with pyrotinib in treating acquired pyrotinib resistant HER2+ breast cancer cells; Discussion,Cell lines and cell cultures [methods_heading]; Chemicals [inside_methods_block]; Cell viability assay and drug combination study [inside_methods_block]; Cell proliferation assay and colony formation assay [inside_methods_block]; Transwell assay [inside_methods_block]; Cell cycle assay [inside_methods_block]; Cell apoptosis assay [inside_methods_block]; RNA extraction and quantitative real-time PCR (qRT-PCR) [methods_heading]; Protein extraction and western blot analysis [inside_methods_block]; Immunofluorescence assay [methods_heading]; Xenograft models [inside_methods_block]; RNA sequencing and results analysis [inside_methods_block]; Statistical analysis [methods_heading]; Ethics approval and consent to participate [inside_methods_block]; CRediT authorship contribution statement [inside_methods_block]; Funding [end_matter_or_non_narrative_heading]; Declaration of Competing Interest [inside_methods_block]
pmid-33602685,33602685,PMC8282704,10.1158/1078-0432.CCR-20-4879,Clinical and Biomarker Results from Phase I/II Study of PI3K Inhibitor Alpelisib plus Nab-paclitaxel in HER2-Negative Metastatic Breast Cancer.,pmc_xml,26705,19304,0.723,8,6,7686,30,,pass,Abstract; Introduction; Efficacy; Efficacy by PIK3CA status; Metabolic status and efficacy; Gene expression signatures; Pharmacokinetics; Discussion,Study design and Participants [methods_heading]; Procedures and Treatment [methods_heading]; Endpoints [methods_heading]; Statistical Analysis [methods_heading]; Phase I results [inside_methods_block]; Toxicity [inside_methods_block]
pmid-36321996,36321996,PMC10011882,10.1158/1078-0432.CCR-22-2115,Biology and Targetability of the Extended Spectrum of PIK3CA Mutations Detected in Breast Carcinoma.,pmc_xml,42380,30823,0.727,16,1,348,50,,pass,Abstract; Introduction; CGP; Clinico-genomic data; Real-world cohort generation; Survival analyses; Circulating tumor DNA fraction estimation in liquid biopsy; Distribution of pathogenic mutations along the PIK3CA gene; PIK3CA mutation detection in tissue and liquid biopsies; Concordance of tissue and liquid biopsy detection of PIK3CA mutations; Comparison of PCR and CGP for PIK3CA mutation detection; OTHERm as oncogenic drivers or as secondary mutations; Mutational landscape of tumors with OTHERm versus SOLAR1m; Benefit of alpelisib in HR+/HER2− patients with PIK3CA mutations; PFS on alpelisib in patients with OTHERm and no SOLAR1m; Discussion,Data availability [end_matter_or_non_narrative_heading]
pmid-25877889,25877889,PMC4433148,10.1126/scitranslmed.aaa4442,PI3K inhibition results in enhanced estrogen receptor function and dependence in hormone receptor-positive breast cancer.,pmc_xml,33560,24979,0.744,7,6,7911,39,,pass,Abstract; Introduction; PI3K inhibition promotes ER activity; PI3K inhibition increases ER expression; PI3K inhibition-induced ER activity is enhanced by the presence of ligand; PI3K inhibition in combination with ER-inhibitor fulvestrant has profound antitumor activity in ER/PIK3CAmut models; Discussion,Study Design [methods_heading]; Plasmids [inside_methods_block]; Establishment of tumor xenografts and in vivo treatments [methods_heading]; mRNA nCounter-gene expression procedure [inside_methods_block]; Analyses of microarray and mRNA nCounter-gene expression data [inside_methods_block]; Statistical analysis [methods_heading]
pmid-34020697,34020697,PMC8139055,10.1186/s13058-021-01433-8,Analysis of genomic and non-genomic signaling of estrogen receptor in PDX models of breast cancer treated with a combination of the PI3K inhibitor alpelisib (BYL719) and fulvestrant.,pmc_xml,39983,29745,0.744,14,7,11691,52,,pass,Abstract; Introduction; Human breast cancer sample collection; Patient-derived xenografts; Antibodies; High levels of ER/PI3K interaction are associated with poorer breast cancer patient outcome; Targeting estrogen genomic and non-genomic signaling in ER-positive PDX models; The hormone-sensitive ER+ PIK3CA WT HBCx-34 PDX model; The hormone-sensitive ER+ PIK3CA WT HBCx-3 and PIK3CA mut HBCx-86 PDX models; The fulvestrant-resistant ER+ PIK3CA WT TamR HBCx-22 and PIK3CA mut BC1111 models; The fulvestrant-resistant ER+ PIK3CA mut HBCx-91 model; Targeting estrogen non-genomic signaling in ER-negative PDX models; Discussion; Discussion,Proximity ligation assay in tissues [protocol_or_procedural_section]; Image acquisition and analysis [inside_methods_block]; Statistical analysis [methods_heading]; RT-QPCR analysis [inside_methods_block]; IHC experiments [inside_methods_block]; Clinicopathological characteristics of the patient cohort [inside_methods_block]; Untitled [after_discussion_end_matter_guard]
pmid-37761256,37761256,PMC10528120,10.3390/diagnostics13182887,Next-Generation Sequencing-Based Analysis of Clinical and Pathological Features of PIK3CA-Mutated Breast Cancer.,pmc_xml,21384,15960,0.746,5,5,6423,25,,pass,Abstract; Introduction; Results; Discussion; Discussion,Materials and Methods [methods_heading]; Library Preparation [inside_methods_block]; Template Preparation and Sequencing [inside_methods_block]; Bioinformatic Analysis [inside_methods_block]; Statistical Analysis [methods_heading]
pmid-32782489,32782489,PMC7388095,10.1177/1758835920940939,Targeting the PI3K/Akt/mTOR pathway in estrogen-receptor positive HER2 negative advanced breast cancer.,pmc_xml,26958,20115,0.746,9,0,0,34,,pass,Abstract; Introduction; The PI3K/Akt/mTOR pathway in estrogen-receptor positive breast cancer; Pivotal clinical trials targeting the PI3K/Akt/mTOR pathway in estrogen-receptor positive breast cancer; mTOR inhibition; PI3K inhibition; AKT inhibition; Profile of tolerance and management of side effects; Discussion,
pmid-42351448,42351448,PMC13298351,10.3390/diagnostics16121790,"Post-CDK4/6 Inhibitor Therapeutic Approaches in Hormone Receptor-Positive, HER2-Negative Metastatic Breast Cancer: Current Evidence and Emerging Strategies-A Narrative Review.",pmc_xml,50723,37824,0.746,13,8,13903,62,,pass,Abstract; Introduction; Generational Evolution of CDK4/6 and PI3K Inhibitors; Genomic Resistance Architecture and Clinical Decision Frameworks; Decision Framework for Co-Altered Populations; Therapeutic Strategies for Patients Lacking Actionable Genomic Alterations in Post-CDK4/6i HR+/HER2− mBC; Emerging Molecularly Targeted Therapies; Circulating Tumor DNA-Guided Proactive Switching for ESR1 Mutations: Evidence and Implementation; SERENA-6 Trial; PADA-1 Trial; Implementation Considerations; Limitations; Conclusions and Future Directions,Methods [methods_heading]; Genomic Profiling in Diagnostic Workup [inside_methods_block]; Real-World Evidence and Pathway-Directed Therapeutic Strategies [inside_methods_block]; Alpelisib [inside_methods_block]; Elacestrant [inside_methods_block]; Inavolisib [inside_methods_block]; Capivasertib [inside_methods_block]; Everolimus [inside_methods_block]
pmid-39070139,39070139,PMC11272611,10.3389/fonc.2024.1390452,"Phase Ib and pharmacokinetics study of alpelisib, a PIK3CA inhibitor, and capecitabine in patients with advanced solid tumors.",pmc_xml,27663,21496,0.777,13,6,3588,36,,pass,Abstract; Introduction; Patients; Efficacy; Safety; Pharmacokinetics; PIK3CA mutational analysis; Ethics approval and consent to participate; Patient characteristics; Efficacy; Safety; Pharmacokinetics; Discussion,Study design [methods_heading]; Study treatment [methods_heading]; Dose escalation and dose-limiting toxicities [protocol_or_procedural_section]; Data availability statement [end_matter_or_non_narrative_heading]; Ethics statement [after_discussion_end_matter_guard]; Author contributions [end_matter_or_non_narrative_heading]
pmid-38473737,38473737,PMC10931361,10.3390/ijms25052490,Real-World Data and Clinical Implications of Next-Generation Sequencing (NGS)-Based Analysis in Metastatic Breast Cancer Patients.,pmc_xml,22824,17798,0.780,9,6,7365,31,,pass,Abstract; Introduction; Population Characteristics; Population Molecular Profile; Prognostic Impact of NGS-Based Analysis; Role of the NGS Test in the Population Treated with CDK4/6 Inhibitors; Actionable Mutations; Discussion; Discussion,Methods [methods_heading]; Ethical Committee [inside_methods_block]; Patients [after_discussion_end_matter_guard]; NGS Test [inside_methods_block]; Bioinformatics Analysis [inside_methods_block]; Statistical Analysis [methods_heading]
pmid-27048245,27048245,PMC4820873,10.1186/s13058-016-0697-1,Activation of IGF1R/p110β/AKT/mTOR confers resistance to α-specific PI3K inhibition.,pmc_xml,33991,26535,0.781,10,9,8447,47,,pass,"Abstract; Introduction; Sustained mTOR activity leads to BYL719 resistance in breast cancer cells harboring PIK3CA mutation; Phosphoproteomics revealed increases in IGF1R, IRS, and p85 PI3K tyrosine phosphorylation in resistant cell lines; IGF1R mediates resistance to BYL719; Activation of IGF1R/p110β/AKT/mTOR produces resistance to BYL719; Phosphorylated IRS and p85 recruit p110β in BYL719-resistant lines; p110β promotes resistance to BYL719 in an IGF1R/IRS-dependent manner; Discussion; Discussion",Cell lines [methods_heading]; Antibodies and reagents [inside_methods_block]; Sample preparation and phosphotyrosine immunoprecipitation for liquid chromatography–mass spectrometry [inside_methods_block]; Analysis by liquid chromatography/tandem mass spectrometry [inside_methods_block]; Immunoprecipitation and western blotting [inside_methods_block]; Cell number count [inside_methods_block]; Apoptosis assay [inside_methods_block]; Xenograft mouse experiment [inside_methods_block]; Statistical analysis [methods_heading]
pmid-36913051,36913051,PMC10147754,10.1007/s10549-023-06895-2,"Antitumor activity of the PI3K δ-sparing inhibitor MEN1611 in PIK3CA mutated, trastuzumab-resistant HER2 + breast cancer.",pmc_xml,27758,21771,0.784,7,7,7519,40,,pass,"Abstract; Introduction; Drugs; MEN1611 induces a clinically relevant cytotoxic effect in breast cancer cell lines with PTEN-loss; MEN1611 reduces p110α protein levels in PIK3CA mutated breast cancer cell lines; MEN1611 restores trastuzumab sensitivity in HER2 amplified, PIK3CA mutated xenografts and PDX models of breast cancer; Discussion",Cell viability assay [protocol_or_procedural_section]; Capillary electrophoresis immunodetection [inside_methods_block]; Immunohistochemistry [methods_heading]; Statistical analysis [methods_heading]; Supplementary material [end_matter_or_non_narrative_heading]; MEN1611 has a lower cytotoxic activity toward B-cells as compared to breast cancer cells [inside_methods_block]; Untitled [after_discussion_end_matter_guard]
pmid-41079023,41079023,PMC12514518,10.1016/j.eclinm.2025.103535,Efficacy and safety of systemic therapies following progression on CDK4/6 inhibitors in patients with HR+/HER2- metastatic breast cancer: a systematic review and network meta-analysis.,pmc_xml,52335,41357,0.790,14,6,14143,68,,pass,Abstract; Introduction; Evidence before this study; Added value of this study; Implications of all the available evidence; Introduction; Search strategy; Inclusion and exclusion criteria; Data extraction; Risk of bias; Efficacy analysis; Safety; Risk of bias; Discussion,Statistical analysis [methods_heading]; Role of the funding source [end_matter_or_non_narrative_heading]; Study selection [inside_methods_block]; Contributors [after_discussion_end_matter_guard]; Data sharing statement [after_discussion_end_matter_guard]; Declaration of interests [after_discussion_end_matter_guard]
pmid-33059733,33059733,PMC7559997,10.1186/s13046-020-01713-9,TAM family receptors in conjunction with MAPK signalling are involved in acquired resistance to PI3Kα inhibition in head and neck squamous cell carcinoma.,pmc_xml,44003,35001,0.795,15,11,10759,56,,pass,Abstract; Introduction; Dose response curves; Alpelisib inhibits growth and PI3K signalling in HNSCC cells; Genomically-distinct HNSCC cell lines develop resistance to alpelisib; Expression of AXL and TYRO3 is elevated in alpelisib-resistant cells; HNSCC PDX models develop resistance to alpelisib; TYRO3 and AXL overexpression mediates resistance to alpelisib; MAPK signalling is activated in alpelisib-resistant models; Inhibition of MAPK signalling improves response to alpelisib; Knockdown of TYRO3 and AXL reduces MAPK pathway activation; Baseline expression of AXL and TYRO3 is not associated with sensitivity to PI3K inhibition; Activation of MAPK signalling and elevated TAM RTK expression in a PDX-derived cell line; Discussion; Discussion,Cell lines and chemical compounds [methods_heading]; Establishment of patient derived xenografts [methods_heading]; Clonogenic survival assay [protocol_or_procedural_section]; Reverse phase protein arrays [inside_methods_block]; Immunoblotting and densitometric analysis [inside_methods_block]; Tissue microarray (TMA) and immunohistochemistry [inside_methods_block]; Flow cytometry for cell surface expression of RTKs [inside_methods_block]; RNA interference [methods_heading]; Generation of PDX-derived cell line [inside_methods_block]; Statistical analysis [methods_heading]; Untitled [after_discussion_end_matter_guard]
pmid-39596311,39596311,PMC11594956,10.3390/ijms252212246,Molecular Analysis of PIK3CA in Metastatic Hormone Receptor-Positive Breast Cancer in Chile: Clinical and Pathological Insights.,pmc_xml,15750,12558,0.797,4,7,4479,19,,pass,Abstract; Introduction; Results; Discussion,"Patients [after_discussion_end_matter_guard]; Tissue Selection and Nucleic Acid Extraction [after_discussion_end_matter_guard]; Sequencing Panel, Library Preparation, and Template Preparation [after_discussion_end_matter_guard]; Data Analysis [after_discussion_end_matter_guard]; Statistical Analysis [methods_heading]; Lollipop Plot [inside_methods_block]; Access to Publicly Available Genomic Data [inside_methods_block]"
pmid-29401002,29401002,PMC5920739,10.1200/JCO.2017.72.7107,Phosphatidylinositol 3-Kinase α-Selective Inhibition With Alpelisib (BYL719) in PIK3CA-Altered Solid Tumors: Results From the First-in-Human Study.,pdf,30913,24680,0.798,11,2,3286,40,,pass,Abstract; Introduction; Patient Population; Safety and Efficacy Assessments; Biomarker and Pharmacodynamic Assessments; Patient Characteristics and Disposition; Safety and Tolerability; Pharmacokinetic and Pharmacodynamics Analyses; Clinical Activity and Biomarker Analysis; jco.org; Discussion,Study Design [methods_heading]; Dose Escalation and Dose-Limiting Toxicities [protocol_or_procedural_section]
pmid-39469631,39469631,PMC11514072,10.3389/fphar.2024.1443422,Effects of BYL-719 (alpelisib) on human breast cancer stem cells to overcome drug resistance in human breast cancer.,pmc_xml,38475,30802,0.801,11,10,5773,51,,pass,Abstract; Introduction; BYL-719 inhibits cell viability of breast cancer cells and mammospheres; BYL-719 inhibits stem cell marker expression and self-renewal in breast cancer stem cells; BYL-719 inhibits various important signaling pathways; Roles of BCSC-like cells in eribulin resistance and effects of BYL-719 in overcoming eribulin resistance in breast cancer cells; The 3D-cell culture method is a novel and highly effective method to enrich BCSCs in vitro; The stemness are inhibited by BYL-719 in both cell lines; BYL-719 inhibited the stemness by acting on various signaling pathways which play essential roles in the TME of BCSCs; BYL-719 could help overcome the drug resistance of breast cancer cells by acting on BCSCs; Discussion,"Cell culture [methods_heading]; Three-dimensional (3D) mammosphere culture method [inside_methods_block]; Cells viability via 3-(4,5-dimethylthiazol-2-yl)-2,5-diphenyltetrazolium bromide (MTT) assay [inside_methods_block]; Clongenic assay (2D) [inside_methods_block]; Mammospheres forming assay [inside_methods_block]; Sphere-formation assay (3D condition) [inside_methods_block]; Flow cytometry analysis to detect biomarkers of BCSCs [inside_methods_block]; Cell apoptosis via annexin V/PI assay [inside_methods_block]; Western blotting [inside_methods_block]; Statistics [methods_heading]"
pmid-34552006,34552006,,10.1158/1535-7163.MCT-20-0981,Phosphoproteomics Identifies PI3K Inhibitor-selective Adaptive Responses in Pancreatic Cancer Cell Therapy and Resistance.,pdf,51745,41891,0.810,9,4,3036,64,,pass,Abstract; Introduction; PI3K inhibitors induce different adaptive phospho-proteome responses; Global pathway analysis of phosphoproteome upon PI3K inhibition shows selective changes associated with different isoform-specificity; Pancreatic cancer cells present increased levels of p110γ expression in patients; Pancreatic cancer cells are sensitive to PI3Kγ inhibition in vitro and in vivo; Long-term inhibition of PI3Kγ allows compensation between PI3K isoforms in pancreatic cancer; The combination of PI3Kα and PI3Kγ selective inhibitors is synergistic in PDAC patients; Discussion,Reagents [methods_heading]; Cell lines and tissue samples [methods_heading]; SILAC phosphoproteome and Bioinformatics analysis [inside_methods_block]; Statistics [methods_heading]
pmid-27126994,27126994,PMC5085926,10.1158/1078-0432.CCR-16-0134,"A Phase Ib Study of Alpelisib (BYL719), a PI3Kα-Specific Inhibitor, with Letrozole in ER+/HER2- Metastatic Breast Cancer.",pmc_xml,25731,21147,0.822,11,8,6034,32,,pass,Abstract; Introduction; Patient Population; Safety and Radiographic Assessments; Mutation Analyses; FGFR1 fluorescence in situ hybridization (FISH); Safety Findings; Radiographic Assessments; Mutation Analyses; FGFR1 overexpression blocks the effect of alpelisib of ER+/PIK3CA mutant cells; Discussion,Study Design [methods_heading]; Cell lines [methods_heading]; Lentivirus transduction [inside_methods_block]; Immunodetection [inside_methods_block]; Clonogenic Assays [inside_methods_block]; Cell Viability [inside_methods_block]; Study Population [methods_heading]; Dose Escalation and MTD [inside_methods_block]
pmid-33036331,33036331,PMC7601167,10.3390/jcm9103214,CDK 4/6 Inhibition Overcomes Acquired and Inherent Resistance to PI3Kα Inhibition in Pre-Clinical Models of Head and Neck Squamous Cell Carcinoma.,pmc_xml,19419,16001,0.824,10,7,4504,25,,pass,Abstract; Introduction; Experimental Design and Setting; Cell Cultures; Determination of PIK3CA Mutation and Copy Number Status; Sustained Rb Phosphorylation Is Associated with Resistance to PI3K Inhibition; Blocking mTORC1 or CDK 4/6 Overcomes Resistance to PI3Ki; Combination Treatment with PI3K and CDK 4/6 Inhibitors Display a Synergistic Effect in PIK3CA-WT Tumors; Combination of PI3K and CDK 4/6 Inhibitors Display Synergistic Effect in a PDX Ex Vivo Model; Discussion,Western Blot [methods_heading]; XTT Cell Proliferation Assay [inside_methods_block]; Establishment of Tumor Xenografts [methods_heading]; In Vivo Studies [inside_methods_block]; In Vitro Synergistic Anti-Tumor Effect [inside_methods_block]; Tumor Ex Vivo Analysis (TEVA) [inside_methods_block]; Statistical Analysis [methods_heading]
pmid-28382169,28382169,PMC5381259,10.7150/thno.17830,Integration of Receptor Tyrosine Kinases Determines Sensitivity to PI3Kα-selective Inhibitors in Breast Cancer.,pmc_xml,32644,27113,0.831,10,9,7039,43,,pass,Abstract; Introduction; PI3K inhibitors concurrently down-regulate phosphorylated AKT and ERK in T47D and MCF-7 cells; Hyper-activation of RAF/MEK overrides inhibition of ERK phosphorylation by PI3K blockade; Hyper-activation of RAS or EGFR abrogates PI3K-regulated ERK phosphorylation in T47D and MCF-7 cells; The growth factors distinctly determine PI3K-dependent ERK phosphorylation in breast cancer cells; The disparity of RTKs expression profile determines PI3K-mediated signaling in breast cancer cells; Down-regulation of ERK phosphorylation by PI3K blockade indicates sensitivity to PI3K inhibitor in breast cancer cells; Discussion; Discussion,Regents [after_discussion_end_matter_guard]; Cell lines and proliferation assay [methods_heading]; Western blotting [inside_methods_block]; RNA interference [methods_heading]; Plasmids and transfection [inside_methods_block]; RAS-GTP Assay [inside_methods_block]; Animal studies [methods_heading]; Immunohistochemistry [methods_heading]; Statistical analysis [methods_heading]
pmid-25873175,25873175,PMC4398915,10.1016/j.ccell.2015.03.010,AXL mediates resistance to PI3Kα inhibition by activating the EGFR/PKC/mTOR axis in head and neck and esophageal squamous cell carcinomas.,pmc_xml,31338,26489,0.845,9,6,5233,42,,pass,Abstract; Introduction; Persistent mTOR activation defines SCC with acquired resistance to BYL719; EGFR activation is sufficient to limit the sensitivity to BYL719 in SCC cells; Anti-EGR treatment reverses acquired and intrinsic resistance to PI3Kα inhibition in SCC; Up-regulation of AXL and its interaction with EGFR are associated with resistance to BYL719; The AXL/EGFR interaction activates mTOR and limits the sensitivity to BYL719; AXL/EGFR binding activates the PLCγ-PKC signaling cascade; Discussion,Cell lines and chemical compounds [methods_heading]; Western blotting and Immunoprecipitation [inside_methods_block]; Establishment of tumor xenografts and studies in nude mice [methods_heading]; Patients [after_discussion_end_matter_guard]; Secreted protein screen [inside_methods_block]; Statistical analysis [methods_heading]
pmid-35075945,35075945,PMC8793384,10.1177/15347354211073163,Management of Phosphatidylinositol-3-Kinase Inhibitor-Associated Hyperglycemia.,pmc_xml,40417,34413,0.851,16,0,0,60,,pass,Abstract; Introduction; Physiologic Control of Blood Glucose Levels: Insulin and the PI3K Pathway; Mechanism of PI3Ki-Associated Hyperglycemia and Incidence in Preclinical and Clinical Studies; Baseline Assessment and On-treatment Monitoring; Hyperglycemia Prevention and Mitigation Strategies: Lifestyle and Dietary Interventions; Pharmacologic Management of PI3Ki-Associated Hyperglycemia; Metformin as First-Line Agent; Sodium-glucose co-transporter 2 inhibitors (SGLT2is); Thiazolidinediones; α-Glucosidase inhibitors; Glucagon-like peptide 1 receptor agonists (GLP-1 RA) and dipeptidyl peptidase-4 (DPP-4) inhibitors; Meglitinides and sulfonylureas; Insulin as Last Line of Therapy; Management Recommendations; Concluding Remarks,
pmid-24249715,24249715,PMC3902650,10.1158/1535-7163.MCT-13-0518,Enhanced PI3K p110α signaling confers acquired lapatinib resistance that can be effectively reversed by a p110α-selective PI3K inhibitor.,pmc_xml,30077,25690,0.854,9,10,5756,42,,pass,Abstract; Introduction; PI3K p110α activation is enhanced in lapatinib resistance models; Knockdown of p110α sensitizes lapatinib-resistant cells to lapatinib treatment; Overexpression of mutant p110α is sufficient to confer lapatinib resistance; PI3K protein level is increased in lapatinib-resistant cells through diverse mechanisms; The p110α-selective PI3K inhibitor BYL719 overcomes lapatinib resistance in vitro; BYL719 combined with lapatinib overcomes lapatinib resistance in vivo; Discussion,"Parental, lapatinib-resistant, and stable cell lines [end_matter_or_non_narrative_heading]; Proliferation assays and siRNA transfection [protocol_or_procedural_section]; Whole-exome sequencing [inside_methods_block]; Reverse phase protein array (RPPA) [inside_methods_block]; Western blot analysis [methods_heading]; qPCR [inside_methods_block]; Cell cycle analysis [inside_methods_block]; Xenograft studies [inside_methods_block]; Immunohistochemistry [methods_heading]; Statistics [methods_heading]"
pmid-27604488,27604488,PMC5050154,10.1158/2159-8290.CD-16-0305,Systematic Functional Characterization of Resistance to PI3K Inhibition in Breast Cancer.,pmc_xml,49707,43486,0.875,9,6,6833,67,,pass,Abstract; Introduction; A large-scale gain-of-function screen for resistance to PI3K inhibition; PIM kinases confer resistance to PI3K inhibition in breast cancer cells; PIM1 activates PI3K downstream effectors in an AKT-independent manner; PIM inhibition enhances sensitivity to BYL719 in PIK3CA-mutant cancer cells with elevated PIM1 expression; PI3K resistance genes are uprequlated in breast tumor biopsies after BYL719 treatment; PIM family genes are amplified or overexpressed in treatment-naïve human breast tumors; Discussion,Cell lines and chemical reagents [methods_heading]; Open-reading frame (ORF) lentiviral expression screen [inside_methods_block]; Western immunoblottinq [inside_methods_block]; RNA-sequencing in tumor samples [inside_methods_block]; TCGA dataset analysis [inside_methods_block]; Statistical analysis [methods_heading]
pmid-33947692,33947692,PMC8282678,10.1158/1078-0432.CCR-21-0047,A Phase I Study of Alpelisib in Combination with Trastuzumab and LJM716 in Patients with PIK3CA-Mutated HER2-Positive Metastatic Breast Cancer.,pmc_xml,24700,21759,0.881,9,3,4423,34,,pass,Abstract; Introduction; Patient Selection; Toxicity and Treatment Response Assessment; Correlative and Exploratory Analyses; Safety and Dose-finding; Efficacy; Exploratory and Correlative Analyses; Discussion,Study Design and Treatment Plan [methods_heading]; Statistical Analyses [protocol_or_procedural_section]; Patient Characteristics and Demographics [inside_methods_block]
pmid-41681940,41681940,PMC12896634,10.3390/cancers18030468,Comparison Between Alpelisib Plus Endocrine Therapy and Everolimus Plus Endocrine Therapy After CDK4/6 Inhibitors Progression in Patients with PIK3CA-Mutant Metastatic Breast Cancer: A Single-Center Retrospective Study.,pmc_xml,29344,25978,0.885,7,5,5642,39,,pass,Abstract; Introduction; Survival for Patients with <2 Metastatic Sites Versus ≥2 Metastatic Sites (Alpelisib Group); Response Rates for Alpelisib Plus ET and Everolimus Plus ET; Toxicity Profile; Discussion; Discussion,Materials and Methods [methods_heading]; Statistical Analysis [methods_heading]; Survival Analysis [inside_methods_block]; Comparison of Everolimus Plus ET in the PIK3CA-Mutant Population Versus Everolimus Plus ET in the PIK3CA-Wild Type Population [inside_methods_block]; Biopsy from the Primary Versus Metastatic Site (Alpelisib Group) [inside_methods_block]
pmid-36611120,36611120,,10.1038/s41388-022-02585-3,Alpelisib and fulvestrant in PIK3CA-mutated hormone receptor-positive HER2-negative advanced breast cancer included in the French early access program.,pdf,15835,14096,0.890,8,1,1661,23,,pass,Abstract; Introduction; Patients and treatment; Data collection; Patients' and tumor characteristics; Treatment e cacy; Safety; Discussion,Endpoints and statistics [methods_heading]
pmid-39217059,39217059,PMC11840667,10.1016/j.clbc.2024.08.001,A Phase I Trial of Alpelisib Combined With Capecitabine in Patients With HER2-Negative Metastatic Breast Cancer.,pmc_xml,17309,15862,0.916,9,3,3236,29,,pass,Abstract; Introduction; Treatment Plan; Assessments; Treatment-Related Adverse Events; DLT and Determination of MTD; Tumor Response; Discussion; Discussion,Patient Eligibility [protocol_or_procedural_section]; Statistical Methods [protocol_or_procedural_section]; Patient Characteristics [inside_methods_block]
pmid-33190190,33190190,PMC7854469,10.1007/s12325-020-01552-2,"Clinical Challenges in the Management of Hormone Receptor-Positive, Human Epidermal Growth Factor Receptor 2-Negative Metastatic Breast Cancer: A Literature Review.",pmc_xml,61200,57488,0.939,22,0,0,97,,pass,"Abstract; Introduction; Digital Features; Introduction; ET in the Treatment of HR+, HER2− MBC, Monotherapy Versus Combination Therapy—What do the Data Tell Us?; Fulvestrant as Monotherapy and in Combination with AIs; ET Combined with CDK4/6 Inhibitors; AIs in Combination with CDK4/6 Inhibitors; Fulvestrant in Combination with CDK4/6 Inhibitors; Tolerability of CDK4/6 Inhibitors in Combination with ET; ET in Combination with Inhibitors of the PI3K-AKT-mTOR Pathway; ET Combined with mTOR Inhibitors; ET Combined with PI3K Inhibitors; ET Combined with AKT Inhibitors; Treatment Options After Progression on ET Combined with a CDK4/6 Inhibitor; What are the Biomarkers with Clinical Utility, Other than Hormone Receptors, in ER+, HER2− MBC?; ESR1 Mutation; PIK3CA Mutation; HER2 Mutations; Germline BRCA1 and BRCA2 Mutations; What are the Evolving Paradigms in the Management of HR+, HER2− MBC?; Discussion",
pmid-40991650,40991650,PMC12618074,10.1172/JCI180927,USP10/GSK3β-mediated inhibition of PTEN drives resistance to PI3K inhibitors in breast cancer.,pmc_xml,44782,42240,0.943,14,5,2824,64,,pass,Abstract; Introduction; PTEN expression does not correlate with PI3K downregulation following PI3K inhibition; USP10 is a positive regulator of PI3K signaling; USP10 is linked to PI3Ki resistance in breast cancers with high PTEN expression; USP10 stabilizes PTEN protein levels by inhibiting protein dimerization; Phosphorylation of residue Thr366 regulates PTEN dimerization; Treatment with a PI3Ki affects phosphorylation of PTEN residue Thr366; USP10 regulates GSK3β stability and phosphorylation of PTEN residue Thr366; USP10 mediates PTEN K27-linked polyubiquitination; USP10 is upregulated in breast cancer and contributes to PI3Ki resistance; Spautin-1 resensitizes PI3Ki-resistant cells; GSK3β inhibition resensitized PI3Ki-resistant cells to PI3K inhibition; Discussion,Sex as a biological variant [after_discussion_end_matter_guard]; Statistics [methods_heading]; Study approval [inside_methods_block]; Data availability [end_matter_or_non_narrative_heading]; Author contributions [end_matter_or_non_narrative_heading]
pmid-33575071,33575071,PMC7646628,10.6004/jadpro.2020.11.7.9,Alpelisib: A Novel Therapy for Patients With PIK3CA-Mutated Metastatic Breast Cancer.,pmc_xml,26576,25404,0.956,9,0,0,39,,pass,Abstract; Introduction; PHARMACOLOGY AND MECHANISM OF ACTION; CLINICAL TRIALS; DOSING AND ADMINISTRATION; ADVERSE EVENTS; PLACE IN THERAPY; IMPLICATIONS FOR THE ADVANCED PRACTITIONER; SUMMARY,
pmid-42202490,42202490,PMC13235453,10.1016/j.esmoop.2026.107735,"Safety analyses of the INAVO120 randomised phase III trial of inavolisib or placebo with palbociclib-fulvestrant in patients with PIK3CA-mutated, hormone receptor-positive, HER2-negative, endocrine-resistant advanced breast cancer.",pmc_xml,36921,35341,0.957,18,3,4100,58,,pass,Abstract; Introduction; Safety assessments; Adverse event management; Overall safety profile; Subgroups; Key selected adverse events; Hyperglycaemia; Subgroups; Rash; Subgroups; Stomatitis/mucosal inflammation; Subgroups; Diarrhoea; Subgroups; Other selected adverse events; Long-term safety; Discussion,Study design and procedures [methods_heading]; Statistical analysis [methods_heading]; Patient characteristics [inside_methods_block]
pmid-34012367,34012367,PMC8114069,10.1159/000514794,First Experiences with Alpelisib in Clinical Routine: Case Reports from a German Breast Center.,pdf,21415,20510,0.958,8,1,349,32,,pass,"Abstract; Introduction; Requirements for Clinical Implementation; Comparison of SOLAR-1 Trial, BYLieve Trial, and Real-World Adverse Events; Implementation of Alpelisib in Clinical Treatment at the CCC Munich and Treatment Duration; AEs under Alpelisib Therapy at the LMU Breast Center; Recommendations for Therapy Management Based on Real-World Experience with Alpelisib; Discussion",Statement of Ethics [after_discussion_end_matter_guard]
pmid-33024087,33024087,PMC7538592,10.1038/s41419-020-03037-0,CD44/HA signaling mediates acquired resistance to a PI3Kα inhibitor.,pmc_xml,36005,34681,0.963,12,5,2067,65,,pass,"Abstract; Introduction; A CD44high state is acquired due to the adaptive resistance to PI3Kα inhibition in luminal breast carcinomas (BrCas); CD44 is positively correlated with ER in PIK3CA-mutated breast cancers; CD44 mediates ER-dependent transcription upon PI3Kα inhibition; CD44 aberrant splicing is sufficient to limit the sensitivity of luminal BrCa cells to BYL719; Adaptive CD44high expression in response to PI3K inhibition is regulated by HA/HAS2 in a positive feedback loop; The enhanced CD44-HA interaction activates AKT/mTOR and attenuates sensitivity to BYL719; CD44/HA binding activates the Src-ERK-Ezrin signaling cascade; Interconnected feedback loops among PIK3CA, HA/HAS2, ESRP1, and ER regulate CD44 alternative splicing and adaptive resistance; Discussion; Discussion",Antibodies and reagents [after_discussion_end_matter_guard]; Generation of resistant cells [after_discussion_end_matter_guard]; ER phosphomutants [after_discussion_end_matter_guard]; TCGA data analysis [after_discussion_end_matter_guard]; Statistical analyses [after_discussion_end_matter_guard]
pmid-39539943,39539943,PMC11558728,10.1177/17588359241297101,Elacestrant plus alpelisib in an ESR1 and PIK3CA co-mutated and heavily pretreated metastatic breast cancer: the first case report for combination efficacy and safety.,pmc_xml,25526,24870,0.974,6,0,0,40,,pass,Abstract; Introduction; Case presentation; CGP tests; Discussion; Discussion,
pmid-40454641,40454641,PMC13496148,10.1056/NEJMoa2501796,Overall Survival with Inavolisib in PIK3CA-Mutated Advanced Breast Cancer.,pmc_xml,21514,21065,0.979,9,2,2820,37,,pass,Abstract; Introduction; TRIAL OVERSIGHT; PATIENTS; TRIAL DESIGN AND TREATMENT; PATIENTS AND TRIAL REGIMENS; EFFICACY; SAFETY; Discussion,END POINTS [methods_heading]; STATISTICAL ANALYSIS [methods_heading]
pmid-42445743,42445743,PMC13361340,10.2147/DDDT.S611371,Precision Endocrine-Based Combinations After CDK4/6 Inhibitor Progression in HR-Positive Metastatic Breast Cancer.,pmc_xml,34835,34172,0.981,24,5,2285,62,,pass,Abstract; Introduction; Biology of Endocrine Resistance After Endocrine Therapy; ESR1 Mutations; PI3K–AKT–mTOR Pathway Activation; Cell-Cycle Deregulation; Targeted Endocrine Combinations After Progression on Endocrine Therapy; Targeting ESR1 Mutations: Oral SERDs; Elacestrant (EMERALD Trial); Imlunestrant (EMBER-3 Trial); Amcenestrant (AMEERA-3 Trial); Targeting the PI3K Pathway; Targeting AKT Signaling; Capivasertib + Fulvestrant (CAPItello-291); Comparative Efficacy of Chemotherapy and Endocrine-Based Therapy; Quality of Life and Toxicity Considerations; Clinical Implications; Emerging Therapies; Next-Generation Oral SERDs; Camizestrant; Giredestrant; Estrogen Receptor Degraders Beyond SERDs: PROTACs and CERANs; ctDNA-Guided Adaptive Endocrine Therapy; Conclusions and Future Directions,Therapeutic Sequencing After Progression on Endocrine Therapy [protocol_or_procedural_section]; First Progression After CDK4/6 Inhibitor-Based Therapy [inside_methods_block]; Integration of PI3K and AKT Pathway Inhibitors [inside_methods_block]; Later-Line Endocrine Strategies [inside_methods_block]; Transition to Chemotherapy [inside_methods_block]
pmid-35178031,35178031,PMC8843667,10.3389/fendo.2022.802612,"Alpelisib-Induced Diabetes Mellitus: Case Report, Pharmacodynamics and Management Considerations.",pmc_xml,16154,15934,0.986,5,5,1093,31,,pass,Abstract; Introduction; Case Description; Discussion; Discussion,Data Availability Statement [end_matter_or_non_narrative_heading]; Ethics Statement [after_discussion_end_matter_guard]; Author Contributions [end_matter_or_non_narrative_heading]; Conflict of Interest [end_matter_or_non_narrative_heading]; Publisher’s Note [after_discussion_end_matter_guard]
pmid-36367572,36367572,PMC10067656,10.1007/s00428-022-03445-x,Proficiency testing of PIK3CA mutations in HR+/HER2-breast cancer on liquid biopsy and tissue.,pmc_xml,28026,27623,0.986,13,2,1897,47,,pass,Abstract; Introduction; Tissue; Liquid biopsy; Selection and internal proficiency testing of tissue samples; External proficiency testing; Results; Internal proficiency test—tissue; Internal proficiency test—liquid biopsy; External proficiency testing; External proficiency testing—tissue; External proficiency testing—liquid biopsy; Discussion,Design and internal proficiency testing of liquid biopsy reference material [end_matter_or_non_narrative_heading]; Untitled [after_discussion_end_matter_guard]
pmid-28129991,28129991,PMC5319926,10.1016/j.bmc.2017.01.012,Identification of allosteric binding sites for PI3Kα oncogenic mutant specific inhibitor design.,pmc_xml,21374,21338,0.998,8,1,579,36,,pass,Abstract; Introduction; Protein Preparation; Binding site prediction; Protein expression; Crystallization and data collection; Structure determination and analysis; Results and Discussion,Fluorescence Polarization Assay [protocol_or_procedural_section]
pmid-41620612,41620612,PMC12964663,10.1186/s13058-025-02152-0,Sequential use of PI3K/AKT/mTOR pathway inhibitors alpelisib and everolimus in patients with hormone receptor-positive metastatic breast cancer.,pmc_xml,23452,23664,1.009,5,1,1209,36,,pass,Abstract; Introduction; Study cohort; Results; Discussion,Statistical analyses [protocol_or_procedural_section]
pmid-36579519,36579519,PMC9694420,10.3390/jpm12111793,PIK3CAMutations in Breast Cancer Subtypes Other Than HR-Positive/HER2-Negative.,pmc_xml,38811,39623,1.021,8,0,0,72,,pass,Abstract; Introduction; The PIK3CA/AKT/mTOR Pathway; PIK3CA Mutations and Their Detection; Targeting PI3K; Biological and Clinical Evidence of PIK3CA Mutations in HER2-Positive Breast Cancer; Biological and Clinical Evidence of PIK3CA Mutations in Triple-Negative Breast Cancer; Discussion,
pmid-32252811,32252811,PMC7137211,10.1186/s13058-020-01271-0,Everolimus versus alpelisib in advanced hormone receptor-positive HER2-negative breast cancer: targeting different nodes of the PI3K/AKT/mTORC1 pathway with different clinical implications.,pmc_xml,37473,38454,1.026,7,0,0,65,,pass,Abstract; Introduction; The biology of the PI3K/AKT/mTORC1 axis; BOLERO-2 and SOLAR-1 trials: a comparison of efficacy and safety data; Other prospective studies investigating Eve or Alp; Discussion; Discussion,
pmid-33976551,33976551,PMC8104980,10.2147/OTT.S298720,"Advances in Therapy for Hormone Receptor (HR)-Positive, Human Epidermal Growth Factor Receptor 2 (HER2)-Negative Advanced Breast Cancer Patients Who Have Experienced Progression After Treatment with CDK4/6 Inhibitors.",pmc_xml,21130,21958,1.039,10,0,0,32,,pass,Abstract; Introduction; CDK4/6 Inhibitors Plus Mammalian Target of Rapamycin (mTOR) Inhibitor (Everolimus) and Steroidal AI (Exemestane); CDK4/6 Inhibitors Plus Immunotherapy; Phosphoinositide-3-Kinase (PI3K) Inhibitor (Alpelisib) Plus Fulvestrant; mTOR Inhibitor (Everolimus) Plus Steroidal AI (Exemestane); Poly (ADP-Ribose) Polymerase (PARP) Inhibitors; Other Targets; Chemotherapy; Discussion,
pmid-29231907,29231907,PMC5742817,10.3390/cancers9120169,Activated HGF-c-Met Axis in Head and Neck Cancer.,pmc_xml,35813,37203,1.039,22,0,0,57,,pass,"Abstract; Introduction; Brief HGF/c-Met History; Role of HGF/c-Met Signaling in Homeostasis; Ligand Expression, Secretion, and Activation; Receptor Structure and Activation; Intracellular Signaling; Regulation of c-Met Signaling; c-MET Drives Tumorigenesis in HNSCC; c-MET Drives Metastasis in HNSCC; Wnt/β-Catenin; c-SRC; TGF-β; EGFR; c-MET Contribution to Therapeutic Resistance in HNSCC; Co-Therapies in HNSCC Targeting c-Met; Crizotinib (PF2341066); Capmatinib (INC-280); Golvatinib (E7050); Foretinib; Ficlatuzimab; Discussion",
pmid-37743730,37743730,PMC10863751,10.1002/cncr.34928,"Incidence, risk factors, and management of alpelisib-associated hyperglycemia in metastatic breast cancer.",pmc_xml,24943,26221,1.051,7,1,1091,44,,pass,Abstract; Introduction; Study cohort; Patient characteristics; Clinical endpoints; Results; Discussion,Statistical analyses [protocol_or_procedural_section]
pmid-33168657,33168657,PMC8535764,10.1158/1078-0432.CCR-20-3652,"FDA Approval Summary: Alpelisib Plus Fulvestrant for Patients with HR-positive, HER2-negative, PIK3CA-mutated, Advanced or Metastatic Breast Cancer.",pmc_xml,22962,24721,1.077,12,0,0,39,,pass,"Abstract; Introduction; Chemistry, Manufacturing, and Control; Nonclinical Pharmacology and Toxicology; Clinical Pharmacology; Clinical Trial Design; Efficacy; Safety; Companion Diagnostic (CDx) Development; Patient-Reported Outcomes (PRO); Regulatory Insights; Discussion",
pmid-33520003,33520003,PMC7829038,10.1007/s12254-021-00674-9,ASCO 2020: highlights in breast cancer.,pmc_xml,12215,13742,1.125,9,0,0,23,,pass,Abstract; Introduction; KEYNOTE-355; TBCRC 048; HER2-positive early breast cancer; HER2CLIMB; BYLieve; ECOG-ACRIN 2108; Take-home message,
pmid-38496864,38496864,PMC10944239,10.1016/j.heliyon.2024.e27529,A real-world disproportionality analysis of FDA adverse event reporting system (FAERS) events for alpelisib.,pmc_xml,44775,13401,0.299,4,12,30455,22,low_retention_ratio;large_excluded_fraction,watch,Abstract; Introduction; Discussion; Discussion,Methods [methods_heading]; Data sources and procedures [inside_methods_block]; Statistical analysis [methods_heading]; Characteristics of AE reports [inside_methods_block]; Disproportionality analysis [inside_methods_block]; Characteristics of AE reports for different indications [inside_methods_block]; Adverse reaction frequency analysis [inside_methods_block]; Limitations of the study [after_discussion_end_matter_guard]; Ethics approval and consent to participate [after_discussion_end_matter_guard]; Data availability statement [end_matter_or_non_narrative_heading]; CRediT authorship contribution statement [after_discussion_end_matter_guard]; Declaration of competing interest [after_discussion_end_matter_guard]
pmid-39177931,39177931,PMC11452482,10.1007/s10549-024-07405-8,SGLT2 inhibition improves PI3Kα inhibitor-induced hyperglycemia: findings from preclinical animal models and from patients in the BYLieve and SOLAR-1 trials.,pmc_xml,28873,10241,0.355,4,17,19705,15,large_excluded_fraction,watch,Abstract; Introduction; Discussion; Discussion,"Methods [methods_heading]; Animal studies [methods_heading]; Study designs [inside_methods_block]; Inclusion criteria for SOLAR-1 and BYLieve based on baseline plasma glucose levels [inside_methods_block]; Propensity score matching [inside_methods_block]; SGLT2i/placebo start dates [inside_methods_block]; Hyperglycemia AEs: incidence rates and risk analysis [inside_methods_block]; BN rats [inside_methods_block]; ZDF rats [inside_methods_block]; Tumor-bearing rats [inside_methods_block]; Demographics and baseline characteristics in the SGLT2i and control cohorts [inside_methods_block]; Patient disposition [inside_methods_block]; Antihyperglycemic medications received during the trial [inside_methods_block]; Duration of exposure to alpelisib and SGLT2i [inside_methods_block]; Grade ≥ 3 hyperglycemia AEs [inside_methods_block]; Hyperglycemia AEs that led to alpelisib adjustment, interruption, or withdrawal [inside_methods_block]; Supplementary Information [end_matter_or_non_narrative_heading]"
pmid-24263233,24263233,PMC3849569,10.1038/emm.2013.115,Phosphoproteomic analysis identifies activated MET-axis PI3K/AKT and MAPK/ERK in lapatinib-resistant cancer cell line.,pmc_xml,27243,10318,0.379,3,13,17918,18,large_excluded_fraction,watch,Abstract; Introduction; Discussion,Cell lines and reagents [methods_heading]; Generation of LR clones from SNU216 cells in vitro [inside_methods_block]; Cell growth inhibition assay [inside_methods_block]; Immunoblot analysis [inside_methods_block]; Cell cycle analysis [inside_methods_block]; One-dimensional SDS-PAGE fractionation and in-gel digestion [inside_methods_block]; Phosphopeptide enrichment by TiO2 affinity column chromatography [inside_methods_block]; Mass spectrometric analysis [inside_methods_block]; Database search and identification of the phosphoproteome [inside_methods_block]; Quantification and bioinformatic analysis of phosphoproteins [inside_methods_block]; Identification of phosphoproteins in SNU216 and SNU216-LR cells [inside_methods_block]; Network analysis and quantification of differentially phosphorylated proteins [inside_methods_block]; Effects of targeted anticancer agents on SNU216-LR cells [inside_methods_block]
pmid-37163178,37163178,PMC10164376,10.2147/BTT.S395817,Treating Alpelisib-Induced Hyperinsulinemia in Patients with Advanced Breast Cancer - A Real-Life Experience.,pmc_xml,15594,9404,0.603,4,5,7547,16,low_narrative_chars,watch,Abstract; Introduction; Discussion; Discussion,Patients and Methods [methods_heading]; Patient 1 [inside_methods_block]; Patient 2 [inside_methods_block]; Patient 3 [inside_methods_block]; Patient 4 [inside_methods_block]
pmid-35712858,35712858,PMC9210085,10.1177/23247096221105249,S.U.G.A.R: A Case to Outline Tactics for the Prevention of Alpelisib-Induced Hyperglycemia.,pmc_xml,15064,9525,0.632,5,5,6677,15,low_narrative_chars,watch,Abstract; Introduction; Case Presentation; Discussion; Discussion,S—Strict Criteria: Do Not Use Alpelisib in Patients With Fasting Blood Glucose >140 mg/dL or A1c >6.4% [after_discussion_end_matter_guard]; U—Understand: Ensure That Patient Understands the Steps Needed to Prevent Hyperglycemia [after_discussion_end_matter_guard]; G—Get Help: Primary Care Provider and Endocrinology Assistance Is Essential [after_discussion_end_matter_guard]; A—Act Immediately: Initiate Treatment in Those With Hyperglycemia Early [after_discussion_end_matter_guard]; R—Record: Initiate Blood Glucose Logs in Those With Prediabetes or T2DM [after_discussion_end_matter_guard]
pmid-36292649,36292649,PMC9601363,10.3390/genes13101763,Alpelisib Efficacy in Hormone Receptor-Positive HER2-Negative PIK3CA-Mutant Advanced Breast Cancer Post-Everolimus Treatment.,pmc_xml,10299,8101,0.787,4,4,2820,13,low_narrative_chars;few_chunks,watch,Abstract; Introduction; Discussion; Discussion,Methods [methods_heading]; Statistical Analysis [methods_heading]; Response to Everolimus and Alpelisib [empty_after_caption_or_tail_filter]; Clinical Benefit of Alpelisib by Biomarkers [inside_methods_block]
pmid-34173298,34173298,PMC8262312,10.1002/onco.13873,Potential for Long-Term Disease Control with Alpelisib Plus Fulvestrant Spans Patient Subgroups in HR+ PIK3CA-Mutated Advanced Breast Cancer.,pdf,4589,3670,0.800,3,0,0,7,low_narrative_chars;few_chunks,watch,Introduction; KEY FINDINGS: SOLAR-1; KEY FINDINGS: X2101,
pmid-35348782,35348782,PMC8963159,10.1093/oncolo/oyac011,Alpelisib Plus Fulvestrant or Letrozole Demonstrates Sustained Benefits Across Subgroups of Patients with PIK3CA-Mutated HR+/HER2- Advanced Breast Cancer.,pmc_xml,6466,5777,0.893,7,0,0,8,low_narrative_chars;few_chunks,watch,Abstract; Introduction; Cohort A Update: Alpelisib Plus Fulvestrant After Prior Therapy with a CDK4/6 Inhibitor and an AI; Cohort C Update: Alpelisib Plus Fulvestrant After Prior Chemotherapy or Endocrine Therapy; Clinical Biomarker: Duration of Prior CDK4/6 Inhibitor Therapy; Genetic Biomarker: ctDNA Fraction; Genetic Biomarker: ESR1 Mutation,
pmid-34084688,34084688,PMC8166359,10.7759/cureus.14796,Alpelisib-Induced Diabetic Ketoacidosis.,pmc_xml,6749,7913,1.172,5,0,0,12,low_narrative_chars;few_chunks,watch,Abstract; Introduction; Case presentation; Discussion; Discussion,
