subsection_id,paper_id,PMID,PMCID,DOI,title,journal,publication_year,article_type,abstract_review_decision,evidence_role,draft_access_status,verified_access_status,venue_trust_label,source_query_ids,reason
SUB001,pmid-19671852,19671852,unknown,10.1158/1078-0432.CCR-09-0632,PIK3CA mutation associates with improved outcome in breast cancer.,Clinical cancer research : an official journal of the American Association for Cancer Research,2009,"Journal Article;Research Support, Non-U.S. Gov't",include_context,clinical_or_translational,unknown,abstract_available,unknown,SUB001-Q002;SUB001-Q003,Breast cancer PIK3CA outcome association helps frame biomarker relevance but is not claim-direct evidence for PI3K-alpha inhibition or resistance.
SUB001,pmid-22520259,22520259,unknown,10.1016/j.bmcl.2012.03.090,"Identification of ETP-46321, a potent and orally bioavailable PI3K α, δ inhibitor.",Bioorganic & medicinal chemistry letters,2012,"Journal Article;Research Support, Non-U.S. Gov't",include_context,review_or_background,unknown,abstract_available,unknown,SUB001-Q001,"Useful PI3K/PIK3CA therapeutic-rationale context, but not direct resistance evidence."
SUB001,pmid-22994502,22994502,unknown,10.1517/13543784.2012.726218,Everolimus in the treatment of hormone receptor-positive breast cancer.,Expert opinion on investigational drugs,2012,"Journal Article;Research Support, Non-U.S. Gov't;Review",include_context,review_or_background,unknown,abstract_available,unknown,SUB001-Q002;SUB001-Q003,"Useful PI3K/PIK3CA therapeutic-rationale context, but not direct resistance evidence."
SUB001,pmid-23674897,23674897,PMC3652562,10.2147/OTT.S41643,PIK3CA gene mutation associated with poor prognosis of lung adenocarcinoma.,OncoTargets and therapy,2013,Journal Article,include_context,clinical_or_translational,unknown,pmc_available,unknown,SUB001-Q002;SUB001-Q003,"PIK3CA mutation prognostic association is useful rationale context, but the abstract does not connect alterations to PI3K-alpha treatment response."
SUB001,pmid-23785428,23785428,PMC3681782,10.1371/journal.pone.0065479,PIK3CA activating mutation in colorectal carcinoma: associations with molecular features and survival.,PloS one,2013,"Journal Article;Research Support, Non-U.S. Gov't",include_context,clinical_or_translational,unknown,pmc_available,unknown,SUB001-Q002;SUB001-Q003,"PIK3CA mutation/prognosis data support target-rationale background but do not directly test PI3K-alpha inhibitor selection, response, or resistance."
SUB001,pmid-24013662,24013662,PMC3789203,10.1038/bcj.2013.37,A novel selective small-molecule PI3K inhibitor is effective against human multiple myeloma in vitro and in vivo.,Blood cancer journal,2013,Journal Article,include_context,review_or_background,unknown,pmc_available,unknown,SUB001-Q001,"Useful PI3K/PIK3CA therapeutic-rationale context, but not direct resistance evidence."
SUB001,pmid-25192370,25192370,PMC4054885,10.1186/bcr3605,PIK3CA mutations in breast cancer: reconciling findings from preclinical and clinical data.,Breast cancer research : BCR,2014,"Journal Article;Research Support, Non-U.S. Gov't;Review",include_context,review_or_background,unknown,pmc_available,unknown,SUB001-Q002;SUB001-Q003,"Useful background on PIK3CA alteration selection, PI3K pathway biology, or alpelisib treatment landscape."
SUB001,pmid-25199759,25199759,unknown,10.1200/JCO.2014.55.7876,PIK3CA mutations are associated with lower rates of pathologic complete response to anti-human epidermal growth factor receptor 2 (her2) therapy in primary HER2-overexpressing breast cancer.,Journal of clinical oncology : official journal of the American Society of Clinical Oncology,2014,"Journal Article;Research Support, Non-U.S. Gov't",include_context,clinical_or_translational,unknown,abstract_available,unknown,SUB001-Q002;SUB001-Q003,Breast cancer PIK3CA association may contextualize biomarker selection but is not resistance evidence.
SUB001,pmid-26067136,26067136,unknown,10.1097/PAI.0000000000000195,PIK3CA Mutations are Common in Many Tumor Types and are Often Associated With Other Driver Mutations.,Applied immunohistochemistry & molecular morphology : AIMM,2016,Journal Article,include_context,clinical_or_translational,unknown,abstract_available,unknown,SUB001-Q002,"Large genotyping series supports PIK3CA alteration prevalence and co-mutation context, not PI3K-alpha treatment response."
SUB001,pmid-26540293,26540293,PMC4634768,10.1371/journal.pone.0141763,Analysis of PIK3CA Mutations and Activation Pathways in Triple Negative Breast Cancer.,PloS one,2015,"Journal Article;Research Support, Non-U.S. Gov't",include_context,clinical_or_translational,unknown,pmc_available,unknown,SUB001-Q002;SUB001-Q003,Breast cancer PIK3CA association may contextualize biomarker selection but is not resistance evidence.
SUB001,pmid-26830312,26830312,unknown,10.1016/j.drup.2015.11.001,Treatment strategies for advanced hormone receptor-positive and human epidermal growth factor 2-negative breast cancer: the role of treatment order.,Drug resistance updates : reviews and commentaries in antimicrobial and anticancer chemotherapy,2015,"Journal Article;Research Support, Non-U.S. Gov't;Review",include_context,review_or_background,unknown,abstract_available,unknown,SUB001-Q002;SUB001-Q003,"Useful background on PIK3CA alteration selection, PI3K pathway biology, or alpelisib treatment landscape."
SUB001,pmid-27174596,27174596,PMC4869259,10.1038/ncomms11579,Heterogeneity and clinical significance of ESR1 mutations in ER-positive metastatic breast cancer patients receiving fulvestrant.,Nature communications,2016,"Clinical Trial, Phase II;Journal Article;Multicenter Study;Randomized Controlled Trial;Research Support, N.I.H., Extramural",include_context,clinical_or_translational,unknown,pmc_available,unknown,SUB001-Q002;SUB001-Q003,Breast cancer PIK3CA association may contextualize biomarker selection but is not resistance evidence.
SUB001,pmid-27604488,27604488,PMC5050154,10.1158/2159-8290.CD-16-0305,Systematic Functional Characterization of Resistance to PI3K Inhibition in Breast Cancer.,Cancer discovery,2016,Journal Article,include_context,primary_mechanism,unknown,pmc_available,unknown,SUB001-Q001,"BYL719 resistance screen is important later resistance context, but for this subsection it exceeds the target-entry claim."
SUB001,pmid-27646965,27646965,unknown,10.1080/14656566.2016.1236914,New and developing chemical pharmacotherapy for treating hormone receptor-positive/HER2-negative breast cancer.,Expert opinion on pharmacotherapy,2016,Journal Article;Review,include_context,review_or_background,unknown,abstract_available,unknown,SUB001-Q002;SUB001-Q003,"Useful background on PIK3CA alteration selection, PI3K pathway biology, or alpelisib treatment landscape."
SUB001,pmid-27806348,27806348,PMC5363515,10.18632/oncotarget.12987,Clinical outcomes based on multigene profiling in metastatic breast cancer patients.,Oncotarget,2016,Journal Article,include_context,clinical_or_translational,unknown,pmc_available,unknown,SUB001-Q002,Breast cancer PIK3CA association may contextualize biomarker selection but is not resistance evidence.
SUB001,pmid-28228706,28228706,PMC5290430,10.1159/000453133,The PI3K Pathway: Background and Treatment Approaches.,"Breast care (Basel, Switzerland)",2016,Journal Article;Review,include_context,review_or_background,unknown,pmc_available,unknown,SUB001-Q002;SUB001-Q003,"Useful background on PIK3CA alteration selection, PI3K pathway biology, or alpelisib treatment landscape."
SUB001,pmid-28427202,28427202,PMC5438625,10.18632/oncotarget.15881,"Clinical implications of genomic profiles in metastatic breast cancer with a focus on TP53 and PIK3CA, the most frequently mutated genes.",Oncotarget,2017,Journal Article,include_context,clinical_or_translational,unknown,pmc_available,unknown,SUB001-Q003,Breast cancer PIK3CA association may contextualize biomarker selection but is not resistance evidence.
SUB001,pmid-28843257,28843257,PMC5697482,10.22034/APJCP.2017.18.8.2209,"BRAF, KRAS and PIK3CA Mutation and Sensitivity to Trastuzumab in Breast Cancer Cell Line Model.",Asian Pacific journal of cancer prevention : APJCP,2017,Journal Article,include_context,clinical_or_translational,unknown,pmc_available,unknown,SUB001-Q002;SUB001-Q003,Breast cancer PIK3CA association may contextualize biomarker selection but is not resistance evidence.
SUB001,pmid-29910644,29910644,PMC6001756,10.3747/co.25.3752,Overcoming endocrine resistance in hormone receptor-positive breast cancer.,"Current oncology (Toronto, Ont.)",2018,Journal Article;Review,include_context,review_or_background,unknown,pmc_available,unknown,SUB001-Q002;SUB001-Q003,"Useful background on PIK3CA alteration selection, PI3K pathway biology, or alpelisib treatment landscape."
SUB001,pmid-30130984,30130984,unknown,10.1080/17425255.2018.1514720,Pharmacokinetic drug evaluation of palbociclib for the treatment of breast cancer.,Expert opinion on drug metabolism & toxicology,2018,Journal Article;Review,include_context,review_or_background,unknown,abstract_available,unknown,SUB001-Q002;SUB001-Q003,"Useful background on PIK3CA alteration selection, PI3K pathway biology, or alpelisib treatment landscape."
SUB001,pmid-30148117,30148117,PMC6095972,10.3389/fonc.2018.00308,"Current Landscape of Targeted Therapies for Hormone-Receptor Positive, HER2 Negative Metastatic Breast Cancer.",Frontiers in oncology,2018,Journal Article;Review,include_context,review_or_background,unknown,pmc_available,unknown,SUB001-Q002;SUB001-Q003,"Useful background on PIK3CA alteration selection, PI3K pathway biology, or alpelisib treatment landscape."
SUB001,pmid-30288002,30288002,PMC6154351,10.1007/s13193-018-0749-3,Clinico-pathological Features of PIK3CA Mutation in HER2-Positive Breast Cancer of Indian Population.,Indian journal of surgical oncology,2018,Journal Article,include_context,clinical_or_translational,unknown,pmc_available,unknown,SUB001-Q002,Breast cancer PIK3CA association may contextualize biomarker selection but is not resistance evidence.
SUB001,pmid-30651399,30651399,PMC6519770,10.1634/theoncologist.2018-0314,"Exploring Biomarkers of Phosphoinositide 3-Kinase Pathway Activation in the Treatment of Hormone Receptor Positive, Human Epidermal Growth Receptor 2 Negative Advanced Breast Cancer.",The oncologist,2019,"Journal Article;Research Support, Non-U.S. Gov't;Review",include_context,review_or_background,unknown,pmc_available,unknown,SUB001-Q002;SUB001-Q003,"Useful background on PIK3CA alteration selection, PI3K pathway biology, or alpelisib treatment landscape."
SUB001,pmid-31256368,31256368,unknown,10.1007/s40265-019-01161-6,Alpelisib: First Global Approval.,Drugs,2019,Journal Article;Review,include_context,review_or_background,unknown,abstract_available,unknown,SUB001-Q001;SUB001-Q002;SUB001-Q003,"Useful background on PIK3CA alteration selection, PI3K pathway biology, or alpelisib treatment landscape."
SUB001,pmid-31357602,31357602,PMC6721358,10.3390/cancers11081062,APOBEC3B Gene Expression in Ductal Carcinoma In Situ and Synchronous Invasive Breast Cancer.,Cancers,2019,Journal Article,include_context,clinical_or_translational,unknown,pmc_available,unknown,SUB001-Q002;SUB001-Q003,Breast cancer PIK3CA association may contextualize biomarker selection but is not resistance evidence.
SUB001,pmid-31394751,31394751,PMC6721501,10.3390/cancers11081126,The Hedgehog Signaling Pathway: A Viable Target in Breast Cancer?,Cancers,2019,Journal Article;Review,include_context,review_or_background,unknown,pmc_available,unknown,SUB001-Q002;SUB001-Q003,"Useful background on PIK3CA alteration selection, PI3K pathway biology, or alpelisib treatment landscape."
SUB001,pmid-31632573,31632573,PMC6789267,unknown,PIK3CA mutations contribute to fulvestrant resistance in ER-positive breast cancer.,American journal of translational research,2019,Journal Article,include_context,clinical_or_translational,unknown,pmc_available,unknown,SUB001-Q002;SUB001-Q003,Breast cancer PIK3CA association may contextualize biomarker selection but is not resistance evidence.
SUB001,pmid-31859348,31859348,PMC6923788,10.1093/annonc/mdz281,Overview of the relevance of PI3K pathway in HR-positive breast cancer.,Annals of oncology : official journal of the European Society for Medical Oncology,2019,"Journal Article;Research Support, N.I.H., Extramural;Research Support, Non-U.S. Gov't;Review",include_context,review_or_background,unknown,pmc_available,unknown,SUB001-Q002;SUB001-Q003,"Useful background on PIK3CA alteration selection, PI3K pathway biology, or alpelisib treatment landscape."
SUB001,pmid-31859349,31859349,PMC6923787,10.1093/annonc/mdz381,Efficacy of PI3K inhibitors in advanced breast cancer.,Annals of oncology : official journal of the European Society for Medical Oncology,2019,"Journal Article;Research Support, Non-U.S. Gov't;Review",include_context,review_or_background,unknown,pmc_available,unknown,SUB001-Q002;SUB001-Q003,"Useful background on PIK3CA alteration selection, PI3K pathway biology, or alpelisib treatment landscape."
SUB001,pmid-31859350,31859350,PMC6923785,10.1093/annonc/mdz280,Biomarkers of response and resistance to PI3K inhibitors in estrogen receptor-positive breast cancer patients and combination therapies involving PI3K inhibitors.,Annals of oncology : official journal of the European Society for Medical Oncology,2019,"Journal Article;Research Support, Non-U.S. Gov't;Review",include_context,review_or_background,unknown,pmc_available,unknown,SUB001-Q001;SUB001-Q002,"Useful background on PIK3CA alteration selection, PI3K pathway biology, or alpelisib treatment landscape."
SUB001,pmid-31905165,31905165,unknown,10.1530/ERC-19-0414,Heterogeneity of genomic profile in patients with HER2-positive breast cancer.,Endocrine-related cancer,2020,"Journal Article;Research Support, Non-U.S. Gov't",include_context,clinical_or_translational,unknown,abstract_available,unknown,SUB001-Q002;SUB001-Q003,Breast cancer PIK3CA association may contextualize biomarker selection but is not resistance evidence.
SUB001,pmid-31928690,31928690,unknown,10.1093/annonc/mdz381,Efficacy of PI3K inhibitors in advanced breast cancer.,Annals of oncology : official journal of the European Society for Medical Oncology,2019,"Journal Article;Research Support, Non-U.S. Gov't;Review",include_context,review_or_background,unknown,abstract_available,unknown,SUB001-Q002;SUB001-Q003,"Useful background on PIK3CA alteration selection, PI3K pathway biology, or alpelisib treatment landscape."
SUB001,pmid-32042115,32042115,PMC7118022,10.1038/s41388-020-1202-y,"Preclinical evaluation of a novel triple-acting PIM/PI3K/mTOR inhibitor, IBL-302, in breast cancer.",Oncogene,2020,"Journal Article;Research Support, Non-U.S. Gov't",include_context,clinical_or_translational,unknown,pmc_available,unknown,SUB001-Q002;SUB001-Q003,Breast cancer PIK3CA association may contextualize biomarker selection but is not resistance evidence.
SUB001,pmid-32067679,32067679,unknown,10.1016/j.annonc.2019.11.006,Outcome and molecular landscape of patients with PIK3CA-mutated metastatic breast cancer.,Annals of oncology : official journal of the European Society for Medical Oncology,2020,"Journal Article;Research Support, Non-U.S. Gov't",include_context,clinical_or_translational,unknown,abstract_available,unknown,SUB001-Q002;SUB001-Q003,Metastatic breast cancer molecular landscape is useful selection context but lacks direct alpelisib exposure or resistance endpoint in the abstract.
SUB001,pmid-32087759,32087759,PMC7036180,10.1186/s13045-020-0846-y,Combination of PI3K and MEK inhibitors yields durable remission in PDX models of PIK3CA-mutated metaplastic breast cancers.,Journal of hematology & oncology,2020,"Journal Article;Research Support, Non-U.S. Gov't",include_context,clinical_or_translational,unknown,pmc_available,unknown,SUB001-Q002;SUB001-Q003,Breast cancer PIK3CA association may contextualize biomarker selection but is not resistance evidence.
SUB001,pmid-32252811,32252811,PMC7137211,10.1186/s13058-020-01271-0,Everolimus versus alpelisib in advanced hormone receptor-positive HER2-negative breast cancer: targeting different nodes of the PI3K/AKT/mTORC1 pathway with different clinical implications.,Breast cancer research : BCR,2020,"Comparative Study;Journal Article;Research Support, Non-U.S. Gov't;Review",include_context,review_or_background,unknown,pmc_available,unknown,SUB001-Q001;SUB001-Q002;SUB001-Q003,"Useful background on PIK3CA alteration selection, PI3K pathway biology, or alpelisib treatment landscape."
SUB001,pmid-32404150,32404150,PMC7222307,10.1186/s13058-020-01284-9,Frequency and spectrum of PIK3CA somatic mutations in breast cancer.,Breast cancer research : BCR,2020,"Journal Article;Research Support, Non-U.S. Gov't",include_context,methods_or_assay,unknown,pmc_available,unknown,SUB001-Q002;SUB001-Q003,Mutation-spectrum and assay-coverage data support biomarker-testing context but do not by themselves prove therapeutic response or resistance.
SUB001,pmid-32426848,32426848,unknown,10.1002/cncr.32931,Therapy after cyclin-dependent kinase inhibition in metastatic hormone receptor-positive breast cancer: Resistance mechanisms and novel treatment strategies.,Cancer,2020,Journal Article;Review,include_context,review_or_background,unknown,abstract_available,unknown,SUB001-Q002;SUB001-Q003,"Useful background on PIK3CA alteration selection, PI3K pathway biology, or alpelisib treatment landscape."
SUB001,pmid-32461963,32461963,PMC7238354,10.1155/2020/1598037,The Predictive Role of PIK3CA Mutation Status on PI3K Inhibitors in HR+ Breast Cancer Therapy: A Systematic Review and Meta-Analysis.,BioMed research international,2020,Journal Article;Meta-Analysis;Systematic Review,include_context,review_or_background,unknown,pmc_available,unknown,SUB001-Q002;SUB001-Q003,"Useful background on PIK3CA alteration selection, PI3K pathway biology, or alpelisib treatment landscape."
SUB001,pmid-32525134,32525134,unknown,10.1358/dot.2020.56.6.3137526,Alpelisib to treat breast cancer.,"Drugs of today (Barcelona, Spain : 1998)",2020,Journal Article;Review,include_context,review_or_background,unknown,abstract_available,unknown,SUB001-Q002;SUB001-Q003,"Useful background on PIK3CA alteration selection, PI3K pathway biology, or alpelisib treatment landscape."
SUB001,pmid-32545895,32545895,PMC7352740,10.3390/cancers12061573,New Therapeutics in HER2-Positive Advanced Breast Cancer: Towards a Change in Clinical Practices?pi.,Cancers,2020,Journal Article;Review,include_context,review_or_background,unknown,pmc_available,unknown,SUB001-Q002;SUB001-Q003,"Useful background on PIK3CA alteration selection, PI3K pathway biology, or alpelisib treatment landscape."
SUB001,pmid-32748297,32748297,unknown,10.1007/s10549-020-05833-w,Induction of PIK3CA alterations during neoadjuvant letrozole may improve outcome in postmenopausal breast cancer patients.,Breast cancer research and treatment,2020,"Clinical Trial, Phase II;Journal Article",include_context,clinical_or_translational,unknown,abstract_available,unknown,SUB001-Q003,Breast cancer PIK3CA association may contextualize biomarker selection but is not resistance evidence.
SUB001,pmid-32782489,32782489,PMC7388095,10.1177/1758835920940939,Targeting the PI3K/Akt/mTOR pathway in estrogen-receptor positive HER2 negative advanced breast cancer.,Therapeutic advances in medical oncology,2020,Journal Article;Review,include_context,review_or_background,unknown,pmc_available,unknown,SUB001-Q001;SUB001-Q002;SUB001-Q003,"Useful background on PIK3CA alteration selection, PI3K pathway biology, or alpelisib treatment landscape."
SUB001,pmid-32843527,32843527,unknown,10.1158/1078-0432.CCR-20-1731,PIK3CA Mutation in the ShortHER Randomized Adjuvant Trial for Patients with Early HER2+ Breast Cancer: Association with Prognosis and Integration with PAM50 Subtype.,Clinical cancer research : an official journal of the American Association for Cancer Research,2020,"Journal Article;Randomized Controlled Trial;Research Support, Non-U.S. Gov't",include_context,clinical_or_translational,unknown,abstract_available,unknown,SUB001-Q002;SUB001-Q003,Breast cancer PIK3CA association may contextualize biomarker selection but is not resistance evidence.
SUB001,pmid-32964734,32964734,unknown,10.2217/fon-2020-0464,Alpelisib in the treatment of metastatic HR+ breast cancer with PIK3CA mutations.,"Future oncology (London, England)",2020,Journal Article;Review,include_context,review_or_background,unknown,abstract_available,unknown,SUB001-Q001;SUB001-Q002,"Useful background on PIK3CA alteration selection, PI3K pathway biology, or alpelisib treatment landscape."
SUB001,pmid-32976773,32976773,PMC7562820,10.1016/j.ccell.2020.08.016,Metabolic Imaging Detects Resistance to PI3Kα Inhibition Mediated by Persistent FOXM1 Expression in ER+ Breast Cancer.,Cancer cell,2020,"Journal Article;Research Support, N.I.H., Extramural;Research Support, Non-U.S. Gov't;Research Support, U.S. Gov't, Non-P.H.S.",include_context,clinical_or_translational,unknown,pmc_available,unknown,SUB001-Q001,Breast cancer PIK3CA association may contextualize biomarker selection but is not resistance evidence.
SUB001,pmid-33024087,33024087,PMC7538592,10.1038/s41419-020-03037-0,CD44/HA signaling mediates acquired resistance to a PI3Kα inhibitor.,Cell death & disease,2020,"Journal Article;Research Support, Non-U.S. Gov't",include_context,clinical_or_translational,unknown,pmc_available,unknown,SUB001-Q001,Breast cancer PIK3CA association may contextualize biomarker selection but is not resistance evidence.
SUB001,pmid-33190190,33190190,PMC7854469,10.1007/s12325-020-01552-2,"Clinical Challenges in the Management of Hormone Receptor-Positive, Human Epidermal Growth Factor Receptor 2-Negative Metastatic Breast Cancer: A Literature Review.",Advances in therapy,2020,"Journal Article;Research Support, Non-U.S. Gov't;Review",include_context,review_or_background,unknown,pmc_available,unknown,SUB001-Q001;SUB001-Q002;SUB001-Q003,"Useful background on PIK3CA alteration selection, PI3K pathway biology, or alpelisib treatment landscape."
SUB001,pmid-33213227,33213227,unknown,10.1080/17425255.2021.1844662,"A pharmacokinetic evaluation of alpelisib for the treatment of HR+, HER2-negative, PIK3CA-mutated advanced or metastatic breast cancer.",Expert opinion on drug metabolism & toxicology,2020,Journal Article;Review,include_context,review_or_background,unknown,abstract_available,unknown,SUB001-Q001;SUB001-Q002;SUB001-Q003,"Useful background on PIK3CA alteration selection, PI3K pathway biology, or alpelisib treatment landscape."
SUB001,pmid-33262138,33262138,unknown,10.1158/1078-0432.CCR-20-0232,FGFR Inhibition Overcomes Resistance to EGFR-targeted Therapy in Epithelial-like Cutaneous Carcinoma.,Clinical cancer research : an official journal of the American Association for Cancer Research,2020,"Journal Article;Research Support, Non-U.S. Gov't",include_context,review_or_background,unknown,abstract_available,unknown,SUB001-Q002;SUB001-Q003,"PIK3CA alteration prevalence, testing, or clinicogenomic association supports therapeutic-entry background."
SUB001,pmid-33376736,33376736,PMC7739049,10.1155/2020/7451576,Which Is the Most Appropriate PI3K Inhibitor for Breast Cancer Patients with or without PIK3CA Status Mutant? A Systematic Review and Network Meta-Analysis.,BioMed research international,2020,Journal Article;Systematic Review;Network Meta-Analysis,include_context,review_or_background,unknown,pmc_available,unknown,SUB001-Q002;SUB001-Q003,"PI3K/PIK3CA pathway or inhibitor review/guidance is useful target-rationale context, not resistance proof."
SUB001,pmid-33435133,33435133,PMC7827547,10.3390/jcm10020220,PI3KCA Mutations in Uterine Cervix Carcinoma.,Journal of clinical medicine,2021,Journal Article,include_context,review_or_background,unknown,pmc_available,unknown,SUB001-Q002;SUB001-Q003,"PIK3CA alteration prevalence, testing, or clinicogenomic association supports therapeutic-entry background."
SUB001,pmid-33622114,33622114,unknown,10.1080/14656566.2021.1873952,"Alpelisib for the treatment of PIK3CA-mutated, hormone receptor-positive, HER2-negative metastatic breast cancer.",Expert opinion on pharmacotherapy,2021,"Clinical Trial, Phase III;Journal Article;Randomized Controlled Trial",include_context,review_or_background,unknown,abstract_available,unknown,SUB001-Q001;SUB001-Q002;SUB001-Q003,"This is a pharmacotherapy review of alpelisib and should inform background, not serve as primary evidence."
SUB001,pmid-33685991,33685991,PMC8137641,10.1158/0008-5472.CAN-20-3232,Genomic Alterations in PIK3CA-Mutated Breast Cancer Result in mTORC1 Activation and Limit the Sensitivity to PI3Kα Inhibitors.,Cancer research,2021,"Journal Article;Research Support, N.I.H., Extramural;Research Support, Non-U.S. Gov't;Research Support, U.S. Gov't, Non-P.H.S.",include_context,primary_mechanism,unknown,pmc_available,unknown,SUB001-Q002;SUB001-Q003,"mTORC1-regulator loss directly informs resistance biology, but only contextualizes the therapeutic-entry claim."
SUB001,pmid-33707948,33707948,PMC7943556,10.2147/TCRM.S251668,Role of Alpelisib in the Treatment of PIK3CA-Mutated Breast Cancer: Patient Selection and Clinical Perspectives.,Therapeutics and clinical risk management,2021,Journal Article;Review,include_context,review_or_background,unknown,pmc_available,unknown,SUB001-Q001;SUB001-Q002;SUB001-Q003,"PI3K/PIK3CA pathway or inhibitor review/guidance is useful target-rationale context, not resistance proof."
SUB001,pmid-33744168,33744168,unknown,10.1016/j.clcc.2021.02.003,The Landscape of PIK3CA Mutations in Colorectal Cancer.,Clinical colorectal cancer,2021,Journal Article,include_context,review_or_background,unknown,abstract_available,unknown,SUB001-Q002;SUB001-Q003,"PIK3CA alteration prevalence, testing, or clinicogenomic association supports therapeutic-entry background."
SUB001,pmid-33842311,33842311,PMC8032977,10.3389/fonc.2021.595675,"The Spectrum, Tendency and Predictive Value of PIK3CA Mutation in Chinese Colorectal Cancer Patients.",Frontiers in oncology,2021,Journal Article,include_context,review_or_background,unknown,pmc_available,unknown,SUB001-Q002;SUB001-Q003,"PIK3CA alteration prevalence, testing, or clinicogenomic association supports therapeutic-entry background."
SUB001,pmid-33865994,33865994,unknown,10.1016/j.critrevonc.2021.103334,PI3K inhibition in breast cancer: Identifying and overcoming different flavors of resistance.,Critical reviews in oncology/hematology,2021,Journal Article;Review,include_context,review_or_background,unknown,abstract_available,unknown,SUB001-Q001;SUB001-Q002;SUB001-Q003,"PI3K/PIK3CA pathway or inhibitor review/guidance is useful target-rationale context, not resistance proof."
SUB001,pmid-33976551,33976551,PMC8104980,10.2147/OTT.S298720,"Advances in Therapy for Hormone Receptor (HR)-Positive, Human Epidermal Growth Factor Receptor 2 (HER2)-Negative Advanced Breast Cancer Patients Who Have Experienced Progression After Treatment with CDK4/6 Inhibitors.",OncoTargets and therapy,2021,Journal Article;Review,include_context,review_or_background,unknown,pmc_available,unknown,SUB001-Q002;SUB001-Q003,"PI3K/PIK3CA pathway or inhibitor review/guidance is useful target-rationale context, not resistance proof."
SUB001,pmid-34084688,34084688,PMC8166359,10.7759/cureus.14796,Alpelisib-Induced Diabetic Ketoacidosis.,Cureus,2021,Case Reports;Journal Article,include_context,review_or_background,unknown,pmc_available,unknown,SUB001-Q002;SUB001-Q003,"PI3K/PIK3CA treatment, assay, safety, or review context supports target rationale but is not primary resistance evidence."
SUB001,pmid-34193285,34193285,PMC8244211,10.1186/s40478-021-01222-6,Molecular diagnostics helps to identify distinct subgroups of spinal astrocytomas.,Acta neuropathologica communications,2021,Journal Article,include_context,review_or_background,unknown,pmc_available,unknown,SUB001-Q002;SUB001-Q003,"PIK3CA alteration prevalence, testing, or clinicogenomic association supports therapeutic-entry background."
SUB001,pmid-34213856,34213856,unknown,10.5802/crbiol.50,PIK3CA-related overgrowth spectrum: animal model and drug discovery.,Comptes rendus biologies,2021,Journal Article;Review,include_context,review_or_background,unknown,abstract_available,unknown,SUB001-Q001,"PI3K/PIK3CA pathway or inhibitor review/guidance is useful target-rationale context, not resistance proof."
SUB001,pmid-34324367,34324367,PMC8659999,10.1200/JCO.21.01392,"Endocrine Treatment and Targeted Therapy for Hormone Receptor-Positive, Human Epidermal Growth Factor Receptor 2-Negative Metastatic Breast Cancer: ASCO Guideline Update.",Journal of clinical oncology : official journal of the American Society of Clinical Oncology,2021,Journal Article;Systematic Review,include_context,review_or_background,unknown,pmc_available,unknown,SUB001-Q002;SUB001-Q003,"PI3K/PIK3CA pathway or inhibitor review/guidance is useful target-rationale context, not resistance proof."
SUB001,pmid-34359206,34359206,PMC8300234,10.3390/ani11072079,Dysregulation of PI3K/Akt/PTEN Pathway in Canine Mammary Tumor.,Animals : an open access journal from MDPI,2021,Journal Article,include_context,review_or_background,unknown,pmc_available,unknown,SUB001-Q002;SUB001-Q003,"PIK3CA alteration prevalence, testing, or clinicogenomic association supports therapeutic-entry background."
SUB001,pmid-34364700,34364700,PMC8578298,10.1053/j.seminoncol.2021.06.003,Landmark trials in the medical oncology management of metastatic breast cancer.,Seminars in oncology,2021,"Journal Article;Research Support, N.I.H., Extramural;Review",include_context,review_or_background,unknown,pmc_available,unknown,SUB001-Q002;SUB001-Q003,"PI3K/PIK3CA pathway or inhibitor review/guidance is useful target-rationale context, not resistance proof."
SUB001,pmid-34377593,34377593,PMC8331006,10.1080/2162402X.2021.1956173,Association of PIK3CA mutation and PTEN loss with expression of CD274 (PD-L1) in colorectal carcinoma.,Oncoimmunology,2021,"Journal Article;Research Support, N.I.H., Extramural;Research Support, Non-U.S. Gov't",include_context,review_or_background,unknown,pmc_available,unknown,SUB001-Q002;SUB001-Q003,"PIK3CA alteration prevalence, testing, or clinicogenomic association supports therapeutic-entry background."
SUB001,pmid-34479035,34479035,PMC8414046,10.1016/j.esmoop.2021.100230,PIK3CA mutations in plasma circulating tumor DNA predict survival and treatment outcomes in patients with advanced cancers.,ESMO open,2021,"Journal Article;Research Support, N.I.H., Extramural;Research Support, Non-U.S. Gov't;Research Support, U.S. Gov't, Non-P.H.S.",include_context,review_or_background,unknown,pmc_available,unknown,SUB001-Q002;SUB001-Q003,"PIK3CA alteration prevalence, testing, or clinicogenomic association supports therapeutic-entry background."
SUB001,pmid-34751411,34751411,unknown,10.3892/or.2021.8222,PIK3CA mutation affects the proliferation of colorectal cancer cells through the PI3K-MEK/PDK1-GPT2 pathway.,Oncology reports,2021,Journal Article,include_context,review_or_background,unknown,abstract_available,unknown,SUB001-Q002;SUB001-Q003,"PIK3CA alteration prevalence, testing, or clinicogenomic association supports therapeutic-entry background."
SUB001,pmid-34911971,34911971,PMC8674263,10.1038/s41598-021-02643-y,Circulating PIK3CA mutation detection at diagnosis in non-metastatic inflammatory breast cancer patients.,Scientific reports,2021,"Journal Article;Research Support, Non-U.S. Gov't",include_context,review_or_background,unknown,pmc_available,unknown,SUB001-Q002;SUB001-Q003,PIK3CA testing or prevalence data support biomarker-selection background rather than direct therapeutic evidence.
SUB001,pmid-34948307,34948307,PMC8706716,10.3390/ijms222413512,Targeting AKT in ER-Positive HER2-Negative Metastatic Breast Cancer: From Molecular Promises to Real Life Pitfalls?,International journal of molecular sciences,2021,Journal Article;Review,include_context,review_or_background,unknown,pmc_available,unknown,SUB001-Q002;SUB001-Q003,"PI3K/PIK3CA pathway or inhibitor review/guidance is useful target-rationale context, not resistance proof."
SUB001,pmid-34986950,34986950,unknown,10.1691/ph.2021.1820,Recent clinical advances in PI3K inhibitors on colorectal cancer.,Die Pharmazie,2021,Journal Article;Review,include_context,review_or_background,unknown,abstract_available,unknown,SUB001-Q002;SUB001-Q003,"PI3K/PIK3CA pathway or inhibitor review/guidance is useful target-rationale context, not resistance proof."
SUB001,pmid-35075945,35075945,PMC8793384,10.1177/15347354211073163,Management of Phosphatidylinositol-3-Kinase Inhibitor-Associated Hyperglycemia.,Integrative cancer therapies,2022,"Journal Article;Research Support, Non-U.S. Gov't",include_context,review_or_background,unknown,pmc_available,unknown,SUB001-Q002;SUB001-Q003,"PI3K/PIK3CA treatment, assay, safety, or review context supports target rationale but is not primary resistance evidence."
SUB001,pmid-35114920,35114920,unknown,10.2174/1389450123666220202154757,Recent Advances in PI3 Kinase Inhibitors: Anticancer Activities and Structure-Activity Relationships.,Mini reviews in medicinal chemistry,2022,Journal Article;Review,include_context,review_or_background,unknown,abstract_available,unknown,SUB001-Q001,"PI3K/PIK3CA pathway or inhibitor review/guidance is useful target-rationale context, not resistance proof."
SUB001,pmid-35115114,35115114,unknown,10.1016/j.bulcan.2021.12.009,"[Updates in hormone-receptor-positive, human epidermal growth factor receptor 2 (HER2)-negative advanced breast cancer in 2021].",Bulletin du cancer,2022,Journal Article;Review,include_context,review_or_background,unknown,abstract_available,unknown,SUB001-Q002;SUB001-Q003,"PI3K/PIK3CA pathway or inhibitor review/guidance is useful target-rationale context, not resistance proof."
SUB001,pmid-35158773,35158773,PMC8833811,10.3390/cancers14030506,NSAIDs Overcome PIK3CA Mutation-Mediated Resistance to EGFR Inhibition in Head and Neck Cancer Preclinical Models.,Cancers,2022,Journal Article,include_context,review_or_background,unknown,pmc_available,unknown,SUB001-Q002;SUB001-Q003,"PIK3CA alteration prevalence, testing, or clinicogenomic association supports therapeutic-entry background."
SUB001,pmid-35178031,35178031,PMC8843667,10.3389/fendo.2022.802612,"Alpelisib-Induced Diabetes Mellitus: Case Report, Pharmacodynamics and Management Considerations.",Frontiers in endocrinology,2022,Case Reports;Journal Article,include_context,review_or_background,unknown,pmc_available,unknown,SUB001-Q001,"PI3K/PIK3CA treatment, assay, safety, or review context supports target rationale but is not primary resistance evidence."
SUB001,pmid-35234262,35234262,PMC8908334,10.3892/or.2022.8295,In vitro anticancer effects of alpelisib against PIK3CA‑mutated canine hemangiosarcoma cell lines.,Oncology reports,2022,Journal Article,include_context,review_or_background,unknown,pmc_available,unknown,SUB001-Q002;SUB001-Q003,"PIK3CA alteration prevalence, testing, or clinicogenomic association supports therapeutic-entry background."
SUB001,pmid-35331184,35331184,PMC8953069,10.1186/s12885-022-09357-y,Context dependent isoform specific PI3K inhibition confers drug resistance in hepatocellular carcinoma cells.,BMC cancer,2022,Journal Article,include_context,review_or_background,unknown,pmc_available,unknown,SUB001-Q001,General PI3K/PIK3CA therapeutic context is relevant but indirect.
SUB001,pmid-35357905,35357905,PMC8984255,10.1200/PO.21.00370,PIK3CA Mutations Drive Therapeutic Resistance in Human Epidermal Growth Factor Receptor 2-Positive Breast Cancer.,JCO precision oncology,2022,Journal Article;Review,include_context,review_or_background,unknown,pmc_available,unknown,SUB001-Q001,"PI3K/PIK3CA pathway or inhibitor review/guidance is useful target-rationale context, not resistance proof."
SUB001,pmid-35568775,35568775,unknown,10.1007/s12032-022-01695-y,Cell line models for drug discovery in PIK3CA-mutated colorectal cancers.,"Medical oncology (Northwood, London, England)",2022,Journal Article,include_context,review_or_background,unknown,abstract_available,unknown,SUB001-Q002;SUB001-Q003,"PIK3CA alteration prevalence, testing, or clinicogenomic association supports therapeutic-entry background."
SUB001,pmid-35621626,35621626,PMC9140087,10.3390/curroncol29050236,PIK3CA Mutation as Potential Poor Prognostic Marker in Asian Female Breast Cancer Patients Who Received Adjuvant Chemotherapy.,"Current oncology (Toronto, Ont.)",2022,"Journal Article;Research Support, Non-U.S. Gov't",include_context,review_or_background,unknown,pmc_available,unknown,SUB001-Q002;SUB001-Q003,"PIK3CA alteration prevalence, testing, or clinicogenomic association supports therapeutic-entry background."
SUB001,pmid-35663259,35663259,PMC9165573,10.36401/JIPO-20-5,"Case Report: Sustained Complete Response to PI3K Inhibition in a Patient with Metastatic Breast Cancer Harboring PIK3CA, NF1, and CDH1 Mutations.",Journal of immunotherapy and precision oncology,2020,Case Reports;Journal Article,include_context,clinical_or_translational,unknown,pmc_available,unknown,SUB001-Q002;SUB001-Q003,Single-patient durable response supports plausibility of PI3K inhibition but is too anecdotal for primary entry-point evidence.
SUB001,pmid-35778737,35778737,PMC9248192,10.1186/s12920-022-01297-7,Mutational landscape of pan-cancer patients with PIK3CA alterations in Chinese population.,BMC medical genomics,2022,Journal Article,include_context,review_or_background,unknown,pmc_available,unknown,SUB001-Q002;SUB001-Q003,PIK3CA testing or prevalence data support biomarker-selection background rather than direct therapeutic evidence.
SUB001,pmid-35780223,35780223,PMC9250486,10.1007/s00018-022-04430-y,Aspirin sensitivity of PIK3CA-mutated Colorectal Cancer: potential mechanisms revisited.,Cellular and molecular life sciences : CMLS,2022,Journal Article;Review,include_context,review_or_background,unknown,pmc_available,unknown,SUB001-Q002;SUB001-Q003,"PI3K/PIK3CA pathway or inhibitor review/guidance is useful target-rationale context, not resistance proof."
SUB001,pmid-35880333,35880333,unknown,10.3760/cma.j.cn112152-20220412-00251,[Expert consensus on the clinical application of PI3K/AKT/mTOR inhibitors in the treatment of advanced breast cancer].,Zhonghua zhong liu za zhi [Chinese journal of oncology],2022,Journal Article;Consensus Statement,include_context,review_or_background,unknown,abstract_available,unknown,SUB001-Q003,"PI3K/PIK3CA treatment, assay, safety, or review context supports target rationale but is not primary resistance evidence."
SUB001,pmid-35905195,35905195,PMC9341367,10.1080/15384047.2022.2104561,Colorectal cancer chemoprevention: is aspirin still in the game?,Cancer biology & therapy,2022,Journal Article;Review,include_context,review_or_background,unknown,pmc_available,unknown,SUB001-Q002;SUB001-Q003,"PI3K/PIK3CA pathway or inhibitor review/guidance is useful target-rationale context, not resistance proof."
SUB001,pmid-36131248,36131248,PMC9490901,10.1186/s12885-022-10078-5,"PIK3CA mutation status, progression and survival in advanced HR + /HER2- breast cancer: a meta-analysis of published clinical trials.",BMC cancer,2022,Journal Article;Meta-Analysis;Systematic Review,include_context,review_or_background,unknown,pmc_available,unknown,SUB001-Q002;SUB001-Q003,"PI3K/PIK3CA pathway or inhibitor review/guidance is useful target-rationale context, not resistance proof."
SUB001,pmid-36471584,36471584,unknown,10.2174/1389450123666220202154757,Recent Advances of PI3 Kinase Inhibitors: Structure Anticancer Activity Relationship Studies.,Mini reviews in medicinal chemistry,2022,Journal Article,include_context,review_or_background,unknown,abstract_available,unknown,SUB001-Q001,"PIK3CA alteration prevalence, testing, or clinicogenomic association supports therapeutic-entry background."
SUB001,pmid-36595552,36595552,PMC9839248,10.1371/journal.pgen.1010563,"ESR1 gene amplification and MAP3K mutations are selected during adjuvant endocrine therapies in relapsing Hormone Receptor-positive, HER2-negative breast cancer (HR+ HER2- BC).",PLoS genetics,2023,"Journal Article;Research Support, Non-U.S. Gov't",include_context,review_or_background,unknown,pmc_available,unknown,SUB001-Q002;SUB001-Q003,"PIK3CA alteration prevalence, testing, or clinicogenomic association supports therapeutic-entry background."
SUB001,pmid-36633813,36633813,unknown,10.1007/s40262-022-01195-2,Pharmacokinetics and Pharmacodynamic of Alpelisib.,Clinical pharmacokinetics,2023,Journal Article;Review,include_context,review_or_background,unknown,abstract_available,unknown,SUB001-Q002;SUB001-Q003,"PI3K/PIK3CA pathway or inhibitor review/guidance is useful target-rationale context, not resistance proof."
SUB001,pmid-36641927,36641927,unknown,10.1016/j.biopha.2022.114183,Synergistic therapeutic potential of alpelisib in cancers (excluding breast cancer): Preclinical and clinical evidences.,Biomedicine & pharmacotherapy = Biomedecine & pharmacotherapie,2023,Journal Article;Review,include_context,review_or_background,unknown,abstract_available,unknown,SUB001-Q002;SUB001-Q003,"PI3K/PIK3CA pathway or inhibitor review/guidance is useful target-rationale context, not resistance proof."
SUB001,pmid-36898331,36898331,unknown,10.1016/j.lungcan.2023.02.023,"Driver mutation characteristics of phosphatidylinositol-4,5-bisphosphate 3-kinase catalytic subunit alpha (PIK3CA) in advanced non-small cell lung cancer.","Lung cancer (Amsterdam, Netherlands)",2023,"Journal Article;Research Support, Non-U.S. Gov't",include_context,review_or_background,unknown,abstract_available,unknown,SUB001-Q002;SUB001-Q003,PIK3CA testing or prevalence data support biomarker-selection background rather than direct therapeutic evidence.
SUB001,pmid-36913051,36913051,PMC10147754,10.1007/s10549-023-06895-2,"Antitumor activity of the PI3K δ-sparing inhibitor MEN1611 in PIK3CA mutated, trastuzumab-resistant HER2 + breast cancer.",Breast cancer research and treatment,2023,Journal Article,include_context,review_or_background,unknown,pmc_available,unknown,SUB001-Q002;SUB001-Q003,"PIK3CA alteration prevalence, testing, or clinicogenomic association supports therapeutic-entry background."
SUB001,pmid-36934165,36934165,PMC10024711,10.1038/s41598-023-31593-w,PIK3CA and PIK3R1 tumor mutational landscape in a pan-cancer patient cohort and its association with pathway activation and treatment efficacy.,Scientific reports,2023,Journal Article,include_context,review_or_background,unknown,pmc_available,unknown,SUB001-Q002;SUB001-Q003,PIK3CA testing or prevalence data support biomarker-selection background rather than direct therapeutic evidence.
SUB001,pmid-36998707,36998707,PMC10043427,10.17179/excli2022-5064,Anti-tumor effects of low-dose metronomic vinorelbine in combination with alpelisib in breast cancer cells.,EXCLI journal,2023,Journal Article,include_context,review_or_background,unknown,pmc_available,unknown,SUB001-Q002;SUB001-Q003,"PIK3CA alteration prevalence, testing, or clinicogenomic association supports therapeutic-entry background."
SUB001,pmid-37044095,37044095,PMC10140479,10.1016/j.xcrm.2023.101002,N-acetylcysteine overcomes NF1 loss-driven resistance to PI3Kα inhibition in breast cancer.,Cell reports. Medicine,2023,"Journal Article;Research Support, Non-U.S. Gov't",include_context,primary_mechanism,unknown,pmc_available,unknown,SUB001-Q001,NF1-loss alpelisib resistance is valuable downstream resistance context but not direct target-rationale evidence for this subsection.
SUB001,pmid-37326340,37326340,PMC10281467,10.1080/15384047.2023.2223388,Preclinical evaluation of the CDK4/6 inhibitor palbociclib in combination with a PI3K or MEK inhibitor in colorectal cancer.,Cancer biology & therapy,2023,"Journal Article;Research Support, Non-U.S. Gov't",include_context,review_or_background,unknown,pmc_available,unknown,SUB001-Q002;SUB001-Q003,"PIK3CA alteration prevalence, testing, or clinicogenomic association supports therapeutic-entry background."
SUB001,pmid-37336650,37336650,unknown,10.1016/j.clbc.2023.05.012,"Molecularly Targeted Therapies for Triple Negative Breast Cancer: History, Advances, and Future Directions.",Clinical breast cancer,2023,Journal Article;Review,include_context,review_or_background,unknown,abstract_available,unknown,SUB001-Q002;SUB001-Q003,"PI3K/PIK3CA pathway or inhibitor review/guidance is useful target-rationale context, not resistance proof."
SUB001,pmid-37348428,37348428,PMC10314290,10.1016/j.neo.2023.100913,P110α inhibitor alpelisib exhibits a synergistic effect with pyrotinib and reverses pyrotinib resistant in HER2+ breast cancer.,"Neoplasia (New York, N.Y.)",2023,"Journal Article;Research Support, Non-U.S. Gov't",include_context,analogous_context,unknown,pmc_available,unknown,SUB001-Q002;SUB001-Q003,"Alpelisib-pyrotinib synergy in HER2-positive models is combination context, not primary evidence for PIK3CA alteration as entry biomarker."
SUB001,pmid-37392328,37392328,PMC10361863,10.1007/s10549-023-07010-1,Discordance of PIK3CA mutational status between primary and metastatic breast cancer: a systematic review and meta-analysis.,Breast cancer research and treatment,2023,Meta-Analysis;Systematic Review;Journal Article,include_context,review_or_background,unknown,pmc_available,unknown,SUB001-Q003,"PI3K/PIK3CA pathway or inhibitor review/guidance is useful target-rationale context, not resistance proof."
SUB001,pmid-37404765,37404765,PMC10315669,10.3389/fonc.2023.1169586,Genomic landscape of clinically advanced KRAS wild-type pancreatic ductal adenocarcinoma.,Frontiers in oncology,2023,Journal Article,include_context,review_or_background,unknown,pmc_available,unknown,SUB001-Q002;SUB001-Q003,"PIK3CA alteration prevalence, testing, or clinicogenomic association supports therapeutic-entry background."
SUB001,pmid-37466805,37466805,unknown,10.1007/s11030-023-10695-7,Structure-based pharmacophore modeling and DFT studies of Indian Ocean-derived red algal compounds as PI3Kα inhibitors.,Molecular diversity,2023,Journal Article,include_context,review_or_background,unknown,abstract_available,unknown,SUB001-Q001,"PI3K/PIK3CA treatment, assay, safety, or review context supports target rationale but is not primary resistance evidence."
SUB001,pmid-37493631,37493631,PMC10811747,10.1158/1541-7786.MCR-23-0034,CBF-Beta Mitigates PI3K-Alpha-Specific Inhibitor Killing through PIM1 in PIK3CA-Mutant Gastric Cancer.,Molecular cancer research : MCR,2023,"Journal Article;Research Support, Non-U.S. Gov't;Research Support, N.I.H., Extramural",include_context,review_or_background,unknown,pmc_available,unknown,SUB001-Q001,"PIK3CA alteration prevalence, testing, or clinicogenomic association supports therapeutic-entry background."
SUB001,pmid-37501598,37501598,PMC10480495,10.1002/cnr2.1864,Inetetamab in combination with rapamycin and chemotherapy for trastuzumab-treated metastatic human epidermal growth factor receptor 2-positive breast cancer with abnormal activation of PI3K/Akt/mTOR pathway.,"Cancer reports (Hoboken, N.J.)",2023,Case Reports;Journal Article,include_context,review_or_background,unknown,pmc_available,unknown,SUB001-Q002;SUB001-Q003,"PIK3CA alteration prevalence, testing, or clinicogenomic association supports therapeutic-entry background."
SUB001,pmid-37553597,37553597,PMC10408073,10.1186/s12885-023-11243-0,BYL719 reverses gefitinib-resistance induced by PI3K/AKT activation in non-small cell lung cancer cells.,BMC cancer,2023,Journal Article,include_context,analogous_context,unknown,pmc_available,unknown,SUB001-Q002;SUB001-Q003,BYL719 reversal of EGFR-TKI resistance is adjacent pathway evidence rather than direct PIK3CA-selected treatment rationale.
SUB001,pmid-37597296,37597296,PMC10458974,10.1016/j.tranon.2023.101738,Association of PIK3CA mutation with outcomes in HER2-positive breast cancer treated with anti-HER2 therapy: A meta-analysis and bioinformatic analysis of TCGA‑BRCA data.,Translational oncology,2023,Journal Article,include_context,clinical_or_translational,unknown,pmc_available,unknown,SUB001-Q003,"PIK3CA outcome associations in anti-HER2 therapy are relevant biomarker context, not PI3K-alpha inhibitor entry-point evidence."
SUB001,pmid-37597578,37597578,PMC11335023,10.1016/j.annonc.2023.08.003,"Neratinib + fulvestrant + trastuzumab for HR-positive, HER2-negative, HER2-mutant metastatic breast cancer: outcomes and biomarker analysis from the SUMMIT trial.",Annals of oncology : official journal of the European Society for Medical Oncology,2023,"Journal Article;Randomized Controlled Trial;Research Support, N.I.H., Extramural;Research Support, Non-U.S. Gov't",include_context,review_or_background,unknown,pmc_available,unknown,SUB001-Q002;SUB001-Q003,"PIK3CA alteration prevalence, testing, or clinicogenomic association supports therapeutic-entry background."
SUB001,pmid-37662840,37662840,PMC10469863,10.3389/fgene.2023.1213283,Case report: PIK3CA somatic mutation leading to Klippel Trenaunay Syndrome and multiple tumors.,Frontiers in genetics,2023,Case Reports;Journal Article,include_context,review_or_background,unknown,pmc_available,unknown,SUB001-Q002;SUB001-Q003,"PIK3CA alteration prevalence, testing, or clinicogenomic association supports therapeutic-entry background."
SUB001,pmid-37675539,37675539,unknown,10.3760/cma.j.cn112137-20230517-00815,[Treatment strategies for patients with resistant advanced breast cancer to CDK4/6 inhibitors].,Zhonghua yi xue za zhi,2023,English Abstract;Journal Article,include_context,review_or_background,unknown,abstract_available,unknown,SUB001-Q003,General PI3K/PIK3CA therapeutic context is relevant but indirect.
SUB001,pmid-37684290,37684290,PMC10491615,10.1038/s41523-023-00578-3,Emerging systemic therapy options beyond CDK4/6 inhibitors for hormone receptor-positive HER2-negative advanced breast cancer.,NPJ breast cancer,2023,Journal Article;Review,include_context,review_or_background,unknown,pmc_available,unknown,SUB001-Q002;SUB001-Q003,"PI3K/PIK3CA pathway or inhibitor review/guidance is useful target-rationale context, not resistance proof."
SUB001,pmid-37761256,37761256,PMC10528120,10.3390/diagnostics13182887,Next-Generation Sequencing-Based Analysis of Clinical and Pathological Features of PIK3CA-Mutated Breast Cancer.,"Diagnostics (Basel, Switzerland)",2023,Journal Article,include_context,clinical_or_translational,unknown,pmc_available,unknown,SUB001-Q002;SUB001-Q003,PIK3CA-mutated breast cancer features and testing context support target rationale but do not directly test PI3K-alpha inhibitor benefit or resistance.
SUB001,pmid-37835582,37835582,PMC10571568,10.3390/cancers15194887,"Combined PI3K Inhibitor and Eribulin Enhances Anti-Tumor Activity in Preclinical Models of Paclitaxel-Resistant, PIK3CA-Mutated Endometrial Cancer.",Cancers,2023,Journal Article,include_context,review_or_background,unknown,pmc_available,unknown,SUB001-Q002;SUB001-Q003,"PIK3CA alteration prevalence, testing, or clinicogenomic association supports therapeutic-entry background."
SUB001,pmid-37866466,37866466,unknown,10.1016/j.jep.2023.117322,Mechanisms of Traditional Chinese medicine/natural medicine in HR-positive Breast Cancer: A comprehensive Literature Review.,Journal of ethnopharmacology,2023,Journal Article;Review,include_context,review_or_background,unknown,abstract_available,unknown,SUB001-Q002;SUB001-Q003,"PI3K/PIK3CA pathway or inhibitor review/guidance is useful target-rationale context, not resistance proof."
SUB001,pmid-37875670,37875670,unknown,10.1007/s10549-023-07144-2,Changes in cell-free DNA after short-term palbociclib and fulvestrant treatment for advanced or metastatic hormone receptor-positive and human epidermal growth factor 2-negative breast cancer.,Breast cancer research and treatment,2023,Journal Article,include_context,review_or_background,unknown,abstract_available,unknown,SUB001-Q002;SUB001-Q003,"PIK3CA alteration prevalence, testing, or clinicogenomic association supports therapeutic-entry background."
SUB001,pmid-37916958,37916958,PMC10850944,10.1158/2159-8290.CD-23-0704,Allosteric PI3Kα Inhibition Overcomes On-target Resistance to Orthosteric Inhibitors Mediated by Secondary PIK3CA Mutations.,Cancer discovery,2024,"Journal Article;Research Support, U.S. Gov't, Non-P.H.S.;Research Support, N.I.H., Extramural",include_context,clinical_or_translational,unknown,pmc_available,unknown,SUB001-Q001;SUB001-Q002;SUB001-Q003,"Useful PIK3CA/PI3K-alpha rationale or treatment context, but the abstract does not directly establish the subsection claim as primary evidence."
SUB001,pmid-37943630,37943630,unknown,10.1530/ERC-23-0041,Impact of the PI3K-alpha inhibitor alpelisib on everolimus resistance and somatostatin receptor expression in an orthotopic pancreatic NEC xenograft mouse model.,Endocrine-related cancer,2023,"Journal Article;Research Support, Non-U.S. Gov't",include_context,analogous_context,unknown,abstract_available,unknown,SUB001-Q001,"Alpelisib is tested in an everolimus-resistant NET model, useful context but not direct PIK3CA therapeutic-entry evidence for the subsection."
SUB001,pmid-37972068,37972068,PMC10666034,10.1073/pnas.2313137120,SOS1 and KSR1 modulate MEK inhibitor responsiveness to target resistant cell populations based on PI3K and KRAS mutation status.,Proceedings of the National Academy of Sciences of the United States of America,2023,"Journal Article;Research Support, N.I.H., Extramural;Research Support, Non-U.S. Gov't",include_context,review_or_background,unknown,pmc_available,unknown,SUB001-Q002;SUB001-Q003,"PIK3CA alteration prevalence, testing, or clinicogenomic association supports therapeutic-entry background."
SUB001,pmid-37975961,37975961,unknown,10.1007/s40261-023-01325-z,"Is Alpelisib Plus Fulvestrant Cost-Effective for Treating PIK3CA-Mutation, HR+/HER2- Advanced Breast Cancer in the USA?",Clinical drug investigation,2023,Journal Article,include_context,review_or_background,unknown,abstract_available,unknown,SUB001-Q001;SUB001-Q003,"PI3K/PIK3CA treatment, assay, safety, or review context supports target rationale but is not primary resistance evidence."
SUB001,pmid-38025526,38025526,PMC10655685,10.1515/med-2023-0725,"The role of ultrasonographic findings for PIK3CA-mutated, hormone receptor-positive, human epidermal growth factor receptor-2-negative breast cancer.","Open medicine (Warsaw, Poland)",2023,Journal Article,include_context,review_or_background,unknown,pmc_available,unknown,SUB001-Q002;SUB001-Q003,"PIK3CA alteration prevalence, testing, or clinicogenomic association supports therapeutic-entry background."
SUB001,pmid-38089455,38089455,PMC10686175,10.1002/cai2.10,Expert consensus on the clinical application of PI3K/AKT/mTOR inhibitors in the treatment of advanced breast cancer.,Cancer innovation,2022,Journal Article,include_context,review_or_background,unknown,pmc_available,unknown,SUB001-Q002,"PI3K/PIK3CA treatment, assay, safety, or review context supports target rationale but is not primary resistance evidence."
SUB001,pmid-38117494,38117494,PMC10733807,10.1001/jamanetworkopen.2023.48814,Association of PIK3CA Mutation With Pathologic Complete Response and Outcome by Hormone Receptor Status and Intrinsic Subtype in Early-Stage ERBB2/HER2-Positive Breast Cancer.,JAMA network open,2023,"Journal Article;Research Support, Non-U.S. Gov't;Research Support, N.I.H., Extramural",include_context,review_or_background,unknown,pmc_available,unknown,SUB001-Q002;SUB001-Q003,"PIK3CA alteration prevalence, testing, or clinicogenomic association supports therapeutic-entry background."
SUB001,pmid-38148576,38148576,PMC10849999,10.1002/cnr2.1966,Prevalence and prognosis of PIK3CA mutations in Bulgarian patients with metastatic breast cancer receiving endocrine therapy in first-line setting.,"Cancer reports (Hoboken, N.J.)",2023,Journal Article,include_context,clinical_or_translational,unknown,pmc_available,unknown,SUB001-Q002;SUB001-Q003,"Useful PIK3CA/PI3K-alpha rationale or treatment context, but the abstract does not directly establish the subsection claim as primary evidence."
SUB001,pmid-38286037,38286037,PMC11627550,10.1016/j.biopha.2024.116217,β1 integrin mediates unresponsiveness to PI3Kα inhibition for radiochemosensitization of 3D HNSCC models.,Biomedicine & pharmacotherapy = Biomedecine & pharmacotherapie,2024,Journal Article,include_context,clinical_or_translational,unknown,pmc_available,unknown,SUB001-Q001,"Useful PIK3CA/PI3K-alpha rationale or treatment context, but the abstract does not directly establish the subsection claim as primary evidence."
SUB001,pmid-38518529,38518529,unknown,10.1016/j.ygyno.2024.02.029,Alpelisib for PIK3CA-mutated advanced gynecological cancers: First clues of clinical activity.,Gynecologic oncology,2024,Journal Article,include_context,clinical_or_translational,unknown,abstract_available,unknown,SUB001-Q002;SUB001-Q003,"Useful PIK3CA/PI3K-alpha rationale or treatment context, but the abstract does not directly establish the subsection claim as primary evidence."
SUB001,pmid-38547898,38547898,unknown,10.1016/S1470-2045(23)00676-9,Optimal targeting of PI3K-AKT and mTOR in advanced oestrogen receptor-positive breast cancer.,The Lancet. Oncology,2024,Journal Article;Review,include_context,review_or_background,unknown,abstract_available,unknown,SUB001-Q002;SUB001-Q003,PIK3CA alteration or testing evidence frames the therapeutic entry point without proving resistance.
SUB001,pmid-38815877,38815877,unknown,10.1016/j.critrevonc.2024.104404,Navigating the complexity of PI3K/AKT pathway in HER-2 negative breast cancer: biomarkers and beyond.,Critical reviews in oncology/hematology,2024,Journal Article;Review,include_context,review_or_background,unknown,abstract_available,unknown,SUB001-Q001;SUB001-Q002;SUB001-Q003,PIK3CA alteration or testing evidence frames the therapeutic entry point without proving resistance.
SUB001,pmid-38954770,38954770,PMC11320025,10.1158/2767-9764.CRC-24-0113,mTORC1-Driven Protein Translation Correlates with Clinical Benefit of Capivasertib within a Genetically Preselected Cohort of PIK3CA-Altered Tumors.,Cancer research communications,2024,"Clinical Trial, Phase I;Journal Article;Research Support, Non-U.S. Gov't",include_context,clinical_or_translational,unknown,pmc_available,unknown,SUB001-Q002;SUB001-Q003,"Useful PIK3CA/PI3K-alpha rationale or treatment context, but the abstract does not directly establish the subsection claim as primary evidence."
SUB001,pmid-39217059,39217059,PMC11840667,10.1016/j.clbc.2024.08.001,A Phase I Trial of Alpelisib Combined With Capecitabine in Patients With HER2-Negative Metastatic Breast Cancer.,Clinical breast cancer,2024,"Journal Article;Clinical Trial, Phase I",include_context,clinical_or_translational,unknown,pmc_available,unknown,SUB001-Q003,"Useful PIK3CA/PI3K-alpha rationale or treatment context, but the abstract does not directly establish the subsection claim as primary evidence."
SUB001,pmid-39409880,39409880,PMC11476299,10.3390/cancers16193259,PLK1 Inhibitor Onvansertib Enhances the Efficacy of Alpelisib in PIK3CA-Mutated HR-Positive Breast Cancer Resistant to Palbociclib and Endocrine Therapy: Preclinical Insights.,Cancers,2024,Journal Article,include_context,clinical_or_translational,unknown,pmc_available,unknown,SUB001-Q002;SUB001-Q003,"Useful PIK3CA/PI3K-alpha rationale or treatment context, but the abstract does not directly establish the subsection claim as primary evidence."
SUB001,pmid-39913886,39913886,PMC12002398,10.1200/PO-24-00451,Phase II Study of Copanlisib in Patients With PTEN Loss: Results From NCI-MATCH ECOG-ACRIN Trial (EAY131) Subprotocols Z1G and Z1H.,JCO precision oncology,2025,"Journal Article;Clinical Trial, Phase II",include_context,clinical_or_translational,unknown,pmc_available,unknown,SUB001-Q001,"Useful PIK3CA/PI3K-alpha rationale or treatment context, but the abstract does not directly establish the subsection claim as primary evidence."
SUB001,pmid-39979449,39979449,PMC11842864,10.1038/s41598-025-90714-9,PI3Kα-specific inhibitor BYL-719 synergizes with cisplatin in vitro in PIK3CA-mutated ovarian cancer cells.,Scientific reports,2025,Journal Article,include_context,clinical_or_translational,unknown,pmc_available,unknown,SUB001-Q002;SUB001-Q003,"Useful PIK3CA/PI3K-alpha rationale or treatment context, but the abstract does not directly establish the subsection claim as primary evidence."
SUB001,pmid-40113784,40113784,PMC11926384,10.1038/s41392-025-02180-4,Targeting PI3K inhibitor resistance in breast cancer with metabolic drugs.,Signal transduction and targeted therapy,2025,"Journal Article;Research Support, Non-U.S. Gov't",include_context,clinical_or_translational,unknown,pmc_available,unknown,SUB001-Q002;SUB001-Q003,"Useful PIK3CA/PI3K-alpha rationale or treatment context, but the abstract does not directly establish the subsection claim as primary evidence."
SUB001,pmid-40154000,40154000,PMC12036330,10.1016/j.bbrc.2025.151703,Neddylation as a target in PIK3CA-mutated head and neck cancer.,Biochemical and biophysical research communications,2025,"Journal Article;Research Support, N.I.H., Extramural",include_context,clinical_or_translational,unknown,pmc_available,unknown,SUB001-Q002;SUB001-Q003,"Useful PIK3CA/PI3K-alpha rationale or treatment context, but the abstract does not directly establish the subsection claim as primary evidence."
SUB001,pmid-40163189,40163189,unknown,10.1007/s11864-025-01310-y,Novel Estrogen Receptor - Targeted Therapies in Hormone-Receptor Positive Breast Cancer.,Current treatment options in oncology,2025,Journal Article;Review,include_context,review_or_background,unknown,abstract_available,unknown,SUB001-Q002;SUB001-Q003,PIK3CA alteration or testing evidence frames the therapeutic entry point without proving resistance.
SUB001,pmid-40192953,40192953,PMC12062054,10.1007/s40291-025-00777-7,Clinical Actionability of Molecular Targets in Multi-Ethnic Breast Cancer Patients: A Retrospective Single-Institutional Study.,Molecular diagnosis & therapy,2025,"Journal Article;Research Support, N.I.H., Extramural",include_context,clinical_or_translational,unknown,pmc_available,unknown,SUB001-Q002;SUB001-Q003,"Useful PIK3CA/PI3K-alpha rationale or treatment context, but the abstract does not directly establish the subsection claim as primary evidence."
SUB001,pmid-40390333,40390333,unknown,10.1080/07391102.2025.2502137,Exploring a kinase inhibitor targeting PI3KCA mutant cancer cells.,Journal of biomolecular structure & dynamics,2025,"Journal Article;Research Support, Non-U.S. Gov't",include_context,clinical_or_translational,unknown,abstract_available,unknown,SUB001-Q001,"Useful PIK3CA/PI3K-alpha rationale or treatment context, but the abstract does not directly establish the subsection claim as primary evidence."
SUB001,pmid-40392516,40392516,PMC12209388,10.1007/s11060-025-05082-1,The hormonal nexus in PIK3CA-mutated meningiomas: implications for targeted therapy and clinical trial design.,Journal of neuro-oncology,2025,Journal Article;Review,include_context,review_or_background,unknown,pmc_available,unknown,SUB001-Q002;SUB001-Q003,PIK3CA alteration or testing evidence frames the therapeutic entry point without proving resistance.
SUB001,pmid-40507317,40507317,PMC12153798,10.3390/cancers17111833,Clinical and Morphological Features of ER-Positive HER2-Negative Breast Tumors with PIK3CA Mutations in Russian Patients.,Cancers,2025,Journal Article,include_context,clinical_or_translational,unknown,pmc_available,unknown,SUB001-Q002;SUB001-Q003,"Useful PIK3CA/PI3K-alpha rationale or treatment context, but the abstract does not directly establish the subsection claim as primary evidence."
SUB001,pmid-40638603,40638603,PMC12244556,10.1371/journal.pone.0326491,Development of a novel PIK3CA-mutated pancreatic tumor mouse model and evaluation of the therapeutic effects of a PI3K inhibitor.,PloS one,2025,Journal Article,include_context,clinical_or_translational,unknown,pmc_available,unknown,SUB001-Q002;SUB001-Q003,"Useful PIK3CA/PI3K-alpha rationale or treatment context, but the abstract does not directly establish the subsection claim as primary evidence."
SUB001,pmid-40642892,40642892,unknown,10.1097/COC.0000000000001209,"Inavolisib for HR-Positive, HER2-Negative Advanced Breast Cancer: Clinical Trials and Patient Access Implication.",American journal of clinical oncology,2025,Journal Article;Review,include_context,review_or_background,unknown,abstract_available,unknown,SUB001-Q002;SUB001-Q003,PIK3CA alteration or testing evidence frames the therapeutic entry point without proving resistance.
SUB001,pmid-40656600,40656600,PMC12254669,10.1177/17588359251353623,Understanding and overcoming CDK4/6 inhibitor resistance in HR+/HER2- metastatic breast cancer: clinical and molecular perspectives.,Therapeutic advances in medical oncology,2025,Journal Article;Review,include_context,review_or_background,unknown,pmc_available,unknown,SUB001-Q002;SUB001-Q003,PIK3CA/PI3K oncology review may provide broad target-rationale context only.
SUB001,pmid-40682921,40682921,unknown,10.1016/j.cancergen.2025.07.006,Prevalence and clinical implications of PIK3CA aberrations across cancer types: A real-world next-generation sequencing approach.,Cancer genetics,2025,Journal Article,include_context,clinical_or_translational,unknown,abstract_available,unknown,SUB001-Q002;SUB001-Q003,"Useful PIK3CA/PI3K-alpha rationale or treatment context, but the abstract does not directly establish the subsection claim as primary evidence."
SUB001,pmid-40714513,40714513,PMC12314381,10.1016/j.esmoop.2025.105506,Circulating tumor DNA mutational landscape and dynamics after progression on a CDK4/6 inhibitor in the PACE phase II trial for metastatic HR-positive/HER2-negative breast cancer.,ESMO open,2025,"Journal Article;Clinical Trial, Phase II;Randomized Controlled Trial",include_context,clinical_or_translational,unknown,pmc_available,unknown,SUB001-Q002;SUB001-Q003,"Useful PIK3CA/PI3K-alpha rationale or treatment context, but the abstract does not directly establish the subsection claim as primary evidence."
SUB001,pmid-40965803,40965803,PMC12847147,10.1007/s40291-025-00815-4,From PIK3CA Mutations to Rational PI3K Inhibition for the Treatment of Colorectal Cancer.,Molecular diagnosis & therapy,2025,Journal Article;Review,include_context,review_or_background,unknown,pmc_available,unknown,SUB001-Q002;SUB001-Q003,PIK3CA alteration or testing evidence frames the therapeutic entry point without proving resistance.
SUB001,pmid-41020523,41020523,PMC12477610,10.1093/bib/bbaf510,AdaSemb: an adaptive knowledge-driven deep learning framework integrating cancer protein assemblies for predicting PI3Kα inhibitor response and resistance.,Briefings in bioinformatics,2025,Journal Article,include_context,clinical_or_translational,unknown,pmc_available,unknown,SUB001-Q001,"Useful PIK3CA/PI3K-alpha rationale or treatment context, but the abstract does not directly establish the subsection claim as primary evidence."
SUB001,pmid-41037898,41037898,PMC12523064,10.1016/j.esmoop.2025.105808,"Cyclin-dependent kinase 4/6 inhibitors beyond progression in hormone receptor-positive, HER2-negative advanced breast cancer: a systematic review and meta-analysis (REIGNITE study).",ESMO open,2025,Journal Article;Meta-Analysis;Systematic Review,include_context,review_or_background,unknown,pmc_available,unknown,SUB001-Q002;SUB001-Q003,PIK3CA/PI3K oncology review may provide broad target-rationale context only.
SUB001,pmid-41080357,41080357,PMC12510797,10.7759/cureus.91888,From Haemorrhagic Shock to Years of Survival: A Case Report of PIK3CA-Mutated Estrogen Receptor-Positive and Human Epidermal Growth Factor Receptor 2-Negative (ER+/HER2-) Metastatic Breast Cancer With Satellite Lesions.,Cureus,2025,Case Reports;Journal Article,include_context,clinical_or_translational,unknown,pmc_available,unknown,SUB001-Q002;SUB001-Q003,"Useful PIK3CA/PI3K-alpha rationale or treatment context, but the abstract does not directly establish the subsection claim as primary evidence."
SUB001,pmid-41143603,41143603,PMC12770939,10.1158/1078-0432.CCR-25-1459,PI3Kα Inhibitor and Degrader Inavolisib Can Co-opt FGFR2 to Enhance Responses in Patients with PIK3CA-Mutated Solid Tumors and in Preclinical Models.,Clinical cancer research : an official journal of the American Association for Cancer Research,2026,"Clinical Trial, Phase I;Journal Article;Multicenter Study",include_context,clinical_or_translational,unknown,pmc_available,unknown,SUB001-Q002;SUB001-Q003,"Useful PIK3CA/PI3K-alpha rationale or treatment context, but the abstract does not directly establish the subsection claim as primary evidence."
SUB001,pmid-41280894,41280894,PMC12631382,10.3389/fimmu.2025.1693927,Mechanistic optimization of inavolisib combined with CDK4/6 inhibitors in the treatment of PIK3CA-mutated breast tumors.,Frontiers in immunology,2025,Journal Article;Review,include_context,review_or_background,unknown,pmc_available,unknown,SUB001-Q002;SUB001-Q003,PIK3CA alteration or testing evidence frames the therapeutic entry point without proving resistance.
SUB001,pmid-41281644,41281644,PMC12637072,10.1016/j.mtbio.2025.102492,Targeted inhibition of MDSC-derived exosomal miR-155-5p restrains epithelial-mesenchymal transition in hormone receptor-positive breast cancer by regulating SIRT1.,Materials today. Bio,2025,Journal Article,include_context,clinical_or_translational,unknown,pmc_available,unknown,SUB001-Q002;SUB001-Q003,"Useful PIK3CA/PI3K-alpha rationale or treatment context, but the abstract does not directly establish the subsection claim as primary evidence."
SUB001,pmid-41435752,41435752,unknown,10.1016/j.ejca.2025.116194,PIK3CA mutations and first-line outcomes in endocrine-resistant HR+/HER2- metastatic breast cancer: A multicentric real-world study.,"European journal of cancer (Oxford, England : 1990)",2025,Journal Article;Multicenter Study,include_context,clinical_or_translational,unknown,abstract_available,unknown,SUB001-Q002;SUB001-Q003,"Useful PIK3CA/PI3K-alpha rationale or treatment context, but the abstract does not directly establish the subsection claim as primary evidence."
SUB001,pmid-41729430,41729430,unknown,10.1007/s12282-026-01837-4,PIK3CA mutation in ER-negative and HER2-positive breast cancer with apocrine differentiation.,"Breast cancer (Tokyo, Japan)",2026,Journal Article,include_context,clinical_or_translational,unknown,abstract_available,unknown,SUB001-Q002;SUB001-Q003,"Useful PIK3CA/PI3K-alpha rationale or treatment context, but the abstract does not directly establish the subsection claim as primary evidence."
SUB001,pmid-41764610,41764610,unknown,10.2174/0113895575418114251210151424,Inavolisib-based Combination Therapy for the Treatment of PIK3CAMutated HR+/HER2- Breast Cancer: An Overview.,Mini reviews in medicinal chemistry,2026,Journal Article;Review,include_context,review_or_background,unknown,abstract_available,unknown,SUB001-Q002;SUB001-Q003,PI3K-alpha inhibitor/PIK3CA-mutated cancer paper helps frame target rationale and treatment context.
SUB001,pmid-41794592,41794592,unknown,10.1016/j.bulcan.2026.01.016,"[Inavolisib plus fulvestrant-palbociclib - advanced or metastatic breast cancers hormone receptor-positive, HER2-negative, PIK3CA-mutated, endocrine-resistant, in the first-line setting].",Bulletin du cancer,2026,Letter,include_context,clinical_or_translational,unknown,abstract_available,unknown,SUB001-Q002;SUB001-Q003,"Useful PIK3CA/PI3K-alpha rationale or treatment context, but the abstract does not directly establish the subsection claim as primary evidence."
SUB001,pmid-41999684,41999684,PMC13101763,10.1016/j.breast.2026.104786,Integrating PIK3CA Testing into Clinical Practice for Advanced HR+/HER2- Breast Cancer: An Expert Consensus.,"Breast (Edinburgh, Scotland)",2026,Consensus Statement;Journal Article,include_context,review_or_background,unknown,pmc_available,unknown,SUB001-Q004,PIK3CA alteration or testing evidence frames the therapeutic entry point without proving resistance.
SUB001,pmid-42127863,42127863,unknown,10.1016/j.oraloncology.2026.108004,Efficacy of buparlisib according to PIK3CA mutation status in recurrent or metastatic head and neck squamous cell carcinoma: A multicenter phase II trial.,Oral oncology,2026,"Journal Article;Clinical Trial, Phase II;Multicenter Study",include_context,clinical_or_translational,unknown,abstract_available,unknown,SUB001-Q002;SUB001-Q003,"Useful PIK3CA/PI3K-alpha rationale or treatment context, but the abstract does not directly establish the subsection claim as primary evidence."
SUB001,pmid-42263466,42263466,unknown,10.1016/j.clbc.2026.05.004,"Pharmacologic Features, Clinical Applications, and Drug Safety Evaluation of Inavolisib in the Treatment of Metastatic Breast Cancer.",Clinical breast cancer,2026,Journal Article;Review,include_context,review_or_background,unknown,abstract_available,unknown,SUB001-Q002;SUB001-Q003,PI3K-alpha inhibitor/PIK3CA-mutated cancer paper helps frame target rationale and treatment context.
SUB001,pmid-42307901,42307901,unknown,10.1097/CAD.0000000000001831,Inavolisib and lenvatinib for PIK3CA-mutated refractory splenic angiosarcoma: a case report.,Anti-cancer drugs,2026,Journal Article,include_context,clinical_or_translational,unknown,abstract_available,unknown,SUB001-Q002;SUB001-Q003,"Useful PIK3CA/PI3K-alpha rationale or treatment context, but the abstract does not directly establish the subsection claim as primary evidence."
SUB001,pmid-42351448,42351448,PMC13298351,10.3390/diagnostics16121790,"Post-CDK4/6 Inhibitor Therapeutic Approaches in Hormone Receptor-Positive, HER2-Negative Metastatic Breast Cancer: Current Evidence and Emerging Strategies-A Narrative Review.","Diagnostics (Basel, Switzerland)",2026,Journal Article;Review,include_context,review_or_background,unknown,pmc_available,unknown,SUB001-Q002;SUB001-Q003,PIK3CA alteration or testing evidence frames the therapeutic entry point without proving resistance.
SUB001,pmid-42437171,42437171,PMC13355476,10.1016/j.jlb.2026.100475,ESR1 and PIK3CA circulating tumor DNA (ctDNA) mutation status as predictive biomarkers beyond variant allele fraction (VAF) in metastatic breast cancer.,The journal of liquid biopsy,2026,Journal Article;Review,include_context,review_or_background,unknown,pmc_available,unknown,SUB001-Q001;SUB001-Q002;SUB001-Q003,PIK3CA alteration or testing evidence frames the therapeutic entry point without proving resistance.
SUB001,pmid-42445743,42445743,PMC13361340,10.2147/DDDT.S611371,Precision Endocrine-Based Combinations After CDK4/6 Inhibitor Progression in HR-Positive Metastatic Breast Cancer.,"Drug design, development and therapy",2026,Journal Article;Review,include_context,review_or_background,unknown,pmc_available,unknown,SUB001-Q002;SUB001-Q003,PIK3CA alteration or testing evidence frames the therapeutic entry point without proving resistance.
SUB001,pmid-42496151,42496151,unknown,10.1080/17425255.2026.2710110,Inavolisib: a second-generation PI3Kα inhibitor in HR+/HER2-negative breast cancer.,Expert opinion on drug metabolism & toxicology,2026,Journal Article;Review,include_context,review_or_background,unknown,abstract_available,unknown,SUB001-Q002;SUB001-Q003,PIK3CA alteration or testing evidence frames the therapeutic entry point without proving resistance.
SUB001,pmid-42518131,42518131,PMC13529841,10.1007/s40265-026-02347-5,Emerging Strategies Targeting the PI3K/AKT/mTOR Pathway in HR+/HER2- Advanced Breast Cancer.,Drugs,2026,Journal Article;Review,include_context,review_or_background,unknown,pmc_available,unknown,SUB001-Q002;SUB001-Q003,PIK3CA alteration or testing evidence frames the therapeutic entry point without proving resistance.
SUB001,pmid-31091374,31091374,unknown,10.1056/NEJMoa1813904,"Alpelisib for PIK3CA-Mutated, Hormone Receptor-Positive Advanced Breast Cancer.",The New England journal of medicine,2019,"Clinical Trial, Phase III;Comparative Study;Journal Article;Multicenter Study;Randomized Controlled Trial;Research Support, Non-U.S. Gov't",include_primary,clinical_or_translational,unknown,abstract_available,unknown,SUB001-Q001;SUB001-Q002;SUB001-Q003;SUB001-Q004,Randomized SOLAR-1 trial directly establishes alpelisib clinical benefit in PIK3CA-mutated HR+/HER2-negative advanced breast cancer.
SUB001,pmid-32929011,32929011,PMC7533832,10.1073/pnas.2000060117,PIK3CA C-terminal frameshift mutations are novel oncogenic events that sensitize tumors to PI3K-α inhibition.,Proceedings of the National Academy of Sciences of the United States of America,2020,"Journal Article;Research Support, N.I.H., Extramural;Research Support, Non-U.S. Gov't",include_primary,primary_mechanism,unknown,pmc_available,unknown,SUB001-Q001,Functional study directly shows rare oncogenic PIK3CA frameshift mutations can sensitize tumors to PI3K-alpha inhibition.
SUB001,pmid-33168657,33168657,PMC8535764,10.1158/1078-0432.CCR-20-3652,"FDA Approval Summary: Alpelisib Plus Fulvestrant for Patients with HR-positive, HER2-negative, PIK3CA-mutated, Advanced or Metastatic Breast Cancer.",Clinical cancer research : an official journal of the American Association for Cancer Research,2020,Journal Article;Randomized Controlled Trial,include_primary,clinical_or_translational,unknown,pmc_available,unknown,SUB001-Q001;SUB001-Q002;SUB001-Q003,FDA approval summary directly anchors alpelisib plus fulvestrant benefit in PIK3CA-mutated HR+/HER2-negative advanced breast cancer.
SUB001,pmid-33246021,33246021,unknown,10.1016/j.annonc.2020.11.011,"Alpelisib plus fulvestrant for PIK3CA-mutated, hormone receptor-positive, human epidermal growth factor receptor-2-negative advanced breast cancer: final overall survival results from SOLAR-1.",Annals of oncology : official journal of the European Society for Medical Oncology,2020,"Journal Article;Randomized Controlled Trial;Research Support, Non-U.S. Gov't",include_primary,clinical_or_translational,unknown,abstract_available,unknown,SUB001-Q001;SUB001-Q002;SUB001-Q003,Clinical evidence links PIK3CA alteration status to PI3K-alpha-directed treatment context.
SUB001,pmid-33602685,33602685,PMC8282704,10.1158/1078-0432.CCR-20-4879,Clinical and Biomarker Results from Phase I/II Study of PI3K Inhibitor Alpelisib plus Nab-paclitaxel in HER2-Negative Metastatic Breast Cancer.,Clinical cancer research : an official journal of the American Association for Cancer Research,2021,"Clinical Trial, Phase I;Clinical Trial, Phase II;Journal Article;Research Support, N.I.H., Extramural;Research Support, Non-U.S. Gov't",include_primary,clinical_or_translational,unknown,pmc_available,unknown,SUB001-Q002;SUB001-Q003,Clinical evidence links PIK3CA alteration status to PI3K-alpha-directed treatment context.
SUB001,pmid-33794206,33794206,unknown,10.1016/S1470-2045(21)00034-6,"Alpelisib plus fulvestrant in PIK3CA-mutated, hormone receptor-positive advanced breast cancer after a CDK4/6 inhibitor (BYLieve): one cohort of a phase 2, multicentre, open-label, non-comparative study.",The Lancet. Oncology,2021,"Clinical Trial, Phase II;Journal Article;Multicenter Study;Research Support, Non-U.S. Gov't",include_primary,clinical_or_translational,unknown,abstract_available,unknown,SUB001-Q001;SUB001-Q002;SUB001-Q003,Clinical evidence links PIK3CA alteration status to PI3K-alpha-directed treatment context.
SUB001,pmid-33909934,33909934,PMC8265362,10.1002/onco.13804,"Effectiveness of Alpelisib + Fulvestrant Compared with Real-World Standard Treatment Among Patients with HR+, HER2-, PIK3CA-Mutated Breast Cancer.",The oncologist,2021,"Clinical Trial, Phase II;Journal Article;Multicenter Study;Research Support, Non-U.S. Gov't",include_primary,clinical_or_translational,unknown,pmc_available,unknown,SUB001-Q001,Clinical evidence links PIK3CA alteration status to PI3K-alpha-directed treatment context.
SUB001,pmid-35138919,35138919,PMC8865530,10.1200/PO.21.00424,Phase II Study of Taselisib in PIK3CA-Mutated Solid Tumors Other Than Breast and Squamous Lung Cancer: Results From the NCI-MATCH ECOG-ACRIN Trial (EAY131) Subprotocol I.,JCO precision oncology,2022,"Clinical Trial, Phase II;Journal Article;Research Support, N.I.H., Extramural",include_primary,clinical_or_translational,unknown,pmc_available,unknown,SUB001-Q002;SUB001-Q003,Clinical evidence links PIK3CA alteration status to PI3K-alpha-directed treatment context.
SUB001,pmid-35311394,35311394,unknown,10.1177/03008916211073621,"BYL719 (alpelisib) for the treatment of PIK3CA-mutated, recurrent/advanced cervical cancer.",Tumori,2022,Journal Article,include_primary,clinical_or_translational,unknown,abstract_available,unknown,SUB001-Q002;SUB001-Q003,Clinical evidence links PIK3CA alteration status to PI3K-alpha-directed treatment context.
SUB001,pmid-36611120,36611120,unknown,10.1038/s41388-022-02585-3,Alpelisib and fulvestrant in PIK3CA-mutated hormone receptor-positive HER2-negative advanced breast cancer included in the French early access program.,Oncogene,2023,"Journal Article;Research Support, Non-U.S. Gov't",include_primary,clinical_or_translational,unknown,abstract_available,unknown,SUB001-Q001;SUB001-Q002;SUB001-Q003,Clinical evidence links PIK3CA alteration status to PI3K-alpha-directed treatment context.
SUB001,pmid-37101291,37101291,PMC10131374,10.1186/s13073-023-01181-8,"Multiple PIK3CA mutation clonality correlates with outcomes in taselisib + fulvestrant-treated ER+/HER2-, PIK3CA-mutated breast cancers.",Genome medicine,2023,"Journal Article;Research Support, Non-U.S. Gov't",include_primary,clinical_or_translational,unknown,pmc_available,unknown,SUB001-Q002;SUB001-Q003,Clinical evidence links PIK3CA alteration status to PI3K-alpha-directed treatment context.
SUB001,pmid-39637900,39637900,unknown,10.1016/S1470-2045(24)00673-9,"Alpelisib plus fulvestrant in PIK3CA-mutated, hormone receptor-positive advanced breast cancer after a CDK4/6 inhibitor (BYLieve): one cohort of a phase 2, multicentre, open-label, non-comparative study.",The Lancet. Oncology,2024,"Journal Article;Multicenter Study;Clinical Trial, Phase II;Research Support, Non-U.S. Gov't",include_primary,clinical_or_translational,unknown,abstract_available,unknown,SUB001-Q001;SUB001-Q002;SUB001-Q003,Direct BYLieve alpelisib trial evidence supports biomarker-selected PI3K-alpha treatment benefit after CDK4/6 inhibitor exposure.
SUB001,pmid-41967638,41967638,unknown,10.1016/j.annonc.2026.04.003,Genomic determinants of response to alpelisib plus fulvestrant in the SOLAR-1 trial.,Annals of oncology : official journal of the European Society for Medical Oncology,2026,Journal Article,include_primary,clinical_or_translational,unknown,abstract_available,unknown,SUB001-Q001;SUB001-Q002;SUB001-Q003,Direct SOLAR-1 biomarker analysis supports PIK3CA alteration as the clinical entry point for alpelisib benefit.
SUB002,pmid-26976426,26976426,PMC6075966,10.1200/JCO.2015.63.9179,Phase II Randomized Preoperative Window-of-Opportunity Study of the PI3K Inhibitor Pictilisib Plus Anastrozole Compared With Anastrozole Alone in Patients With Estrogen Receptor-Positive Breast Cancer.,Journal of clinical oncology : official journal of the American Society of Clinical Oncology,2016,"Clinical Trial, Phase II;Journal Article;Randomized Controlled Trial",include_context,clinical_or_translational,unknown,pmc_available,unknown,SUB002-Q003,Preoperative pictilisib plus anastrozole study informs PI3K/endocrine clinical rationale but is not approved alpelisib benefit evidence.
SUB002,pmid-27155741,27155741,PMC5524539,10.1016/S1470-2045(16)00106-6,"Pictilisib for oestrogen receptor-positive, aromatase inhibitor-resistant, advanced or metastatic breast cancer (FERGI): a randomised, double-blind, placebo-controlled, phase 2 trial.",The Lancet. Oncology,2016,"Clinical Trial, Phase II;Journal Article;Multicenter Study;Randomized Controlled Trial",include_context,negative_or_limiting,unknown,pmc_available,unknown,SUB002-Q003,"FERGI is a PI3K-inhibitor endocrine-combination trial, but pictilisib is not the approved PI3K-alpha anchor for this subsection."
SUB002,pmid-27174596,27174596,PMC4869259,10.1038/ncomms11579,Heterogeneity and clinical significance of ESR1 mutations in ER-positive metastatic breast cancer patients receiving fulvestrant.,Nature communications,2016,"Clinical Trial, Phase II;Journal Article;Multicenter Study;Randomized Controlled Trial;Research Support, N.I.H., Extramural",include_context,clinical_or_translational,unknown,pmc_available,unknown,SUB002-Q003,ESR1/PIK3CA ctDNA analysis informs endocrine-treatment context but does not test alpelisib or approved PI3K-alpha benefit.
SUB002,pmid-27604488,27604488,PMC5050154,10.1158/2159-8290.CD-16-0305,Systematic Functional Characterization of Resistance to PI3K Inhibition in Breast Cancer.,Cancer discovery,2016,Journal Article,include_context,primary_mechanism,unknown,pmc_available,unknown,SUB002-Q001,Functional resistance screen is important resistance context but not direct evidence for approved clinical benefit.
SUB002,pmid-28382169,28382169,PMC5381259,10.7150/thno.17830,Integration of Receptor Tyrosine Kinases Determines Sensitivity to PI3Kα-selective Inhibitors in Breast Cancer.,Theranostics,2017,Journal Article,include_context,primary_mechanism,unknown,pmc_available,unknown,SUB002-Q003,"RTK determinants of BYL719 sensitivity are predictive-biomarker context, not direct clinical benefit evidence for the subsection."
SUB002,pmid-28874413,28874413,PMC6392430,10.1158/1078-0432.CCR-17-1260,"A Phase II Trial of Neoadjuvant MK-2206, an AKT Inhibitor, with Anastrozole in Clinical Stage II or III PIK3CA-Mutant ER-Positive and HER2-Negative Breast Cancer.",Clinical cancer research : an official journal of the American Association for Cancer Research,2017,"Clinical Trial, Phase II;Journal Article",include_context,review_or_background,unknown,pmc_available,unknown,SUB002-Q003,AKT inhibitor neoadjuvant PIK3CA-mutant ER-positive trial is pathway-comparator context.
SUB002,pmid-28923573,28923573,PMC5640494,10.1016/j.ejca.2017.08.020,"Neoadjuvant buparlisib plus trastuzumab and paclitaxel for women with HER2+ primary breast cancer: A randomised, double-blind, placebo-controlled phase II trial (NeoPHOEBE).","European journal of cancer (Oxford, England : 1990)",2017,"Clinical Trial, Phase II;Journal Article;Multicenter Study;Randomized Controlled Trial;Research Support, Non-U.S. Gov't",include_context,clinical_or_translational,unknown,pmc_available,unknown,SUB002-Q003,"Buparlisib HER2-positive neoadjuvant trial is adjacent combination context, not approved PI3K-alpha benefit evidence."
SUB002,pmid-29223745,29223745,unknown,10.1016/S1470-2045(17)30688-5,"Buparlisib plus fulvestrant in postmenopausal women with hormone-receptor-positive, HER2-negative, advanced breast cancer progressing on or after mTOR inhibition (BELLE-3): a randomised, double-blind, placebo-controlled, phase 3 trial.",The Lancet. Oncology,2017,"Clinical Trial, Phase III;Journal Article;Multicenter Study;Randomized Controlled Trial;Research Support, Non-U.S. Gov't",include_context,negative_or_limiting,unknown,abstract_available,unknown,SUB002-Q003,Buparlisib phase III results define PI3K-pathway clinical limits but do not directly establish selective PI3K-alpha benefit.
SUB002,pmid-29252036,29252036,unknown,10.1080/13543784.2018.1417384,PI3K inhibition to overcome endocrine resistance in breast cancer.,Expert opinion on investigational drugs,2018,Journal Article;Review,include_context,review_or_background,unknown,abstract_available,unknown,SUB002-Q002,Review of PI3K inhibition for endocrine resistance frames clinical rationale.
SUB002,pmid-30003928,30003928,unknown,10.1016/j.canlet.2018.07.011,Decrease in phosphorylated ERK indicates the therapeutic efficacy of a clinical PI3Kα-selective inhibitor CYH33 in breast cancer.,Cancer letters,2018,"Journal Article;Research Support, Non-U.S. Gov't",include_context,methods_or_assay,unknown,abstract_available,unknown,SUB002-Q003,Pharmacodynamic ERK response to PI3K-alpha inhibition is mechanistic context rather than clinical benefit evidence.
SUB002,pmid-30651399,30651399,PMC6519770,10.1634/theoncologist.2018-0314,"Exploring Biomarkers of Phosphoinositide 3-Kinase Pathway Activation in the Treatment of Hormone Receptor Positive, Human Epidermal Growth Receptor 2 Negative Advanced Breast Cancer.",The oncologist,2019,"Journal Article;Research Support, Non-U.S. Gov't;Review",include_context,review_or_background,unknown,pmc_available,unknown,SUB002-Q002,Biomarker exploration for PI3K pathway activation informs patient-selection baseline.
SUB002,pmid-31147675,31147675,unknown,10.1093/annonc/mdz177,"FAIRLANE, a double-blind placebo-controlled randomized phase II trial of neoadjuvant ipatasertib plus paclitaxel for early triple-negative breast cancer.",Annals of oncology : official journal of the European Society for Medical Oncology,2019,"Clinical Trial, Phase II;Journal Article;Multicenter Study;Randomized Controlled Trial;Research Support, Non-U.S. Gov't",include_context,review_or_background,unknown,abstract_available,unknown,SUB002-Q003,"AKT inhibitor breast trial supplies pathway-targeting comparator context, not PI3Kalpha proof."
SUB002,pmid-31402321,31402321,unknown,10.1016/S1470-2045(19)30334-1,"Neoadjuvant letrozole plus taselisib versus letrozole plus placebo in postmenopausal women with oestrogen receptor-positive, HER2-negative, early-stage breast cancer (LORELEI): a multicentre, randomised, double-blind, placebo-controlled, phase 2 trial.",The Lancet. Oncology,2019,"Clinical Trial, Phase II;Journal Article;Multicenter Study;Randomized Controlled Trial;Research Support, Non-U.S. Gov't",include_context,clinical_or_translational,unknown,abstract_available,unknown,SUB002-Q003,"Neoadjuvant taselisib-letrozole trial is useful PI3K clinical context, not direct approved PI3K-alpha benefit evidence."
SUB002,pmid-31439579,31439579,unknown,10.1158/1078-0432.CCR-19-0508,"POSEIDON Trial Phase 1b Results: Safety, Efficacy and Circulating Tumor DNA Response of the Beta Isoform-Sparing PI3K Inhibitor Taselisib (GDC-0032) Combined with Tamoxifen in Hormone Receptor Positive Metastatic Breast Cancer Patients.",Clinical cancer research : an official journal of the American Association for Cancer Research,2019,"Clinical Trial, Phase I;Journal Article;Multicenter Study;Research Support, Non-U.S. Gov't",include_context,clinical_or_translational,unknown,abstract_available,unknown,SUB002-Q003,Taselisib POSEIDON trial informs PI3K inhibitor development but is not direct approved alpelisib clinical-benefit evidence.
SUB002,pmid-31552290,31552290,PMC6757060,10.1038/s41523-019-0126-6,PIK3CA and MAP3K1 alterations imply luminal A status and are associated with clinical benefit from pan-PI3K inhibitor buparlisib and letrozole in ER+ metastatic breast cancer.,NPJ breast cancer,2019,Journal Article,include_context,clinical_or_translational,unknown,pmc_available,unknown,SUB002-Q002,PIK3CA/MAP3K1 associations with pictilisib benefit are adjacent PI3K biomarker context rather than approved PI3K-alpha evidence.
SUB002,pmid-31859349,31859349,PMC6923787,10.1093/annonc/mdz381,Efficacy of PI3K inhibitors in advanced breast cancer.,Annals of oncology : official journal of the European Society for Medical Oncology,2019,"Journal Article;Research Support, Non-U.S. Gov't;Review",include_context,review_or_background,unknown,pmc_available,unknown,SUB002-Q002;SUB002-Q003,Review summarizes PI3K inhibitor efficacy in advanced breast cancer.
SUB002,pmid-31859350,31859350,PMC6923785,10.1093/annonc/mdz280,Biomarkers of response and resistance to PI3K inhibitors in estrogen receptor-positive breast cancer patients and combination therapies involving PI3K inhibitors.,Annals of oncology : official journal of the European Society for Medical Oncology,2019,"Journal Article;Research Support, Non-U.S. Gov't;Review",include_context,review_or_background,unknown,pmc_available,unknown,SUB002-Q002;SUB002-Q003,Review focuses biomarkers of response and resistance to PI3K inhibitors in ER-positive breast cancer.
SUB002,pmid-31928690,31928690,unknown,10.1093/annonc/mdz381,Efficacy of PI3K inhibitors in advanced breast cancer.,Annals of oncology : official journal of the European Society for Medical Oncology,2019,"Journal Article;Research Support, Non-U.S. Gov't;Review",include_context,review_or_background,unknown,abstract_available,unknown,SUB002-Q002;SUB002-Q003,Review summarizes efficacy evidence for PI3K inhibitors in advanced breast cancer.
SUB002,pmid-32067679,32067679,unknown,10.1016/j.annonc.2019.11.006,Outcome and molecular landscape of patients with PIK3CA-mutated metastatic breast cancer.,Annals of oncology : official journal of the European Society for Medical Oncology,2020,"Journal Article;Research Support, Non-U.S. Gov't",include_context,clinical_or_translational,unknown,abstract_available,unknown,SUB002-Q003,Molecular landscape and outcomes in PIK3CA-mutated metastatic breast cancer contextualize benefit limits without testing alpelisib directly.
SUB002,pmid-32252811,32252811,PMC7137211,10.1186/s13058-020-01271-0,Everolimus versus alpelisib in advanced hormone receptor-positive HER2-negative breast cancer: targeting different nodes of the PI3K/AKT/mTORC1 pathway with different clinical implications.,Breast cancer research : BCR,2020,"Comparative Study;Journal Article;Research Support, Non-U.S. Gov't;Review",include_context,review_or_background,unknown,pmc_available,unknown,SUB002-Q002;SUB002-Q003,Contextual comparison of everolimus and alpelisib in HR-positive HER2-negative advanced breast cancer.
SUB002,pmid-32274666,32274666,unknown,10.1007/s10549-020-05618-1,Mechanistic basis for PI3K inhibitor antitumor activity and adverse reactions in advanced breast cancer.,Breast cancer research and treatment,2020,Journal Article;Review,include_context,review_or_background,unknown,abstract_available,unknown,SUB002-Q003,Review explains PI3K inhibitor activity and adverse-reaction limits in advanced breast cancer.
SUB002,pmid-32352244,32352244,PMC7333856,10.1002/cam4.3092,"Buparlisib in combination with tamoxifen in pretreated patients with hormone receptor-positive, HER2-negative advanced breast cancer molecularly stratified for PIK3CA mutations and loss of PTEN expression.",Cancer medicine,2020,"Clinical Trial, Phase II;Journal Article;Multicenter Study;Research Support, Non-U.S. Gov't",include_context,clinical_or_translational,unknown,pmc_available,unknown,SUB002-Q003,"Buparlisib plus tamoxifen is PI3K-pathway clinical context, not selective approved PI3K-alpha inhibition."
SUB002,pmid-32782489,32782489,PMC7388095,10.1177/1758835920940939,Targeting the PI3K/Akt/mTOR pathway in estrogen-receptor positive HER2 negative advanced breast cancer.,Therapeutic advances in medical oncology,2020,Journal Article;Review,include_context,review_or_background,unknown,pmc_available,unknown,SUB002-Q002,Review summarizes PI3K/Akt/mTOR targeting in ER-positive HER2-negative advanced breast cancer.
SUB002,pmid-32817061,32817061,PMC7437706,10.1136/esmoopen-2020-000890,PIK3CA mutation inhibition in hormone receptor-positive breast cancer: time has come.,ESMO open,2020,"Editorial;Research Support, Non-U.S. Gov't",include_context,review_or_background,unknown,pmc_available,unknown,SUB002-Q002,Focused commentary/review frames PIK3CA inhibition in HR-positive breast cancer.
SUB002,pmid-32929011,32929011,PMC7533832,10.1073/pnas.2000060117,PIK3CA C-terminal frameshift mutations are novel oncogenic events that sensitize tumors to PI3K-α inhibition.,Proceedings of the National Academy of Sciences of the United States of America,2020,"Journal Article;Research Support, N.I.H., Extramural;Research Support, Non-U.S. Gov't",include_context,primary_mechanism,unknown,pmc_available,unknown,SUB002-Q001;SUB002-Q002,Functional PIK3CA variant sensitivity is useful target-biology context but not direct clinical evidence for approved alpelisib benefit.
SUB002,pmid-32953006,32953006,PMC7472334,10.1039/d0sc01676d,PI3K inhibitors: review and new strategies.,Chemical science,2020,Journal Article;Review,include_context,review_or_background,unknown,pmc_available,unknown,SUB002-Q002,"Alpelisib-focused safety, PK, management, or resistance context helps frame benefit limits without serving as the main approval trial evidence."
SUB002,pmid-32964734,32964734,unknown,10.2217/fon-2020-0464,Alpelisib in the treatment of metastatic HR+ breast cancer with PIK3CA mutations.,"Future oncology (London, England)",2020,Journal Article;Review,include_context,review_or_background,unknown,abstract_available,unknown,SUB002-Q002;SUB002-Q003,"Alpelisib-focused safety, PK, management, or resistance context helps frame benefit limits without serving as the main approval trial evidence."
SUB002,pmid-32976773,32976773,PMC7562820,10.1016/j.ccell.2020.08.016,Metabolic Imaging Detects Resistance to PI3Kα Inhibition Mediated by Persistent FOXM1 Expression in ER+ Breast Cancer.,Cancer cell,2020,"Journal Article;Research Support, N.I.H., Extramural;Research Support, Non-U.S. Gov't;Research Support, U.S. Gov't, Non-P.H.S.",include_context,review_or_background,unknown,pmc_available,unknown,SUB002-Q001,"Alpelisib-focused safety, PK, management, or resistance context helps frame benefit limits without serving as the main approval trial evidence."
SUB002,pmid-33024087,33024087,PMC7538592,10.1038/s41419-020-03037-0,CD44/HA signaling mediates acquired resistance to a PI3Kα inhibitor.,Cell death & disease,2020,"Journal Article;Research Support, Non-U.S. Gov't",include_context,review_or_background,unknown,pmc_available,unknown,SUB002-Q001,"Alpelisib-focused safety, PK, management, or resistance context helps frame benefit limits without serving as the main approval trial evidence."
SUB002,pmid-33190190,33190190,PMC7854469,10.1007/s12325-020-01552-2,"Clinical Challenges in the Management of Hormone Receptor-Positive, Human Epidermal Growth Factor Receptor 2-Negative Metastatic Breast Cancer: A Literature Review.",Advances in therapy,2020,"Journal Article;Research Support, Non-U.S. Gov't;Review",include_context,review_or_background,unknown,pmc_available,unknown,SUB002-Q002,"Alpelisib-focused safety, PK, management, or resistance context helps frame benefit limits without serving as the main approval trial evidence."
SUB002,pmid-33213227,33213227,unknown,10.1080/17425255.2021.1844662,"A pharmacokinetic evaluation of alpelisib for the treatment of HR+, HER2-negative, PIK3CA-mutated advanced or metastatic breast cancer.",Expert opinion on drug metabolism & toxicology,2020,Journal Article;Review,include_context,clinical_or_translational,unknown,abstract_available,unknown,SUB002-Q002;SUB002-Q003,"Alpelisib-focused safety, PK, management, or resistance context helps frame benefit limits without serving as the main approval trial evidence."
SUB002,pmid-33575071,33575071,PMC7646628,10.6004/jadpro.2020.11.7.9,Alpelisib: A Novel Therapy for Patients With PIK3CA-Mutated Metastatic Breast Cancer.,Journal of the advanced practitioner in oncology,2020,Journal Article,include_context,review_or_background,unknown,pmc_available,unknown,SUB002-Q002,"Alpelisib-focused safety, PK, management, or resistance context helps frame benefit limits without serving as the main approval trial evidence."
SUB002,pmid-33622114,33622114,unknown,10.1080/14656566.2021.1873952,"Alpelisib for the treatment of PIK3CA-mutated, hormone receptor-positive, HER2-negative metastatic breast cancer.",Expert opinion on pharmacotherapy,2021,"Clinical Trial, Phase III;Journal Article;Randomized Controlled Trial",include_context,review_or_background,unknown,abstract_available,unknown,SUB002-Q002;SUB002-Q003,"Alpelisib-focused safety, PK, management, or resistance context helps frame benefit limits without serving as the main approval trial evidence."
SUB002,pmid-33707948,33707948,PMC7943556,10.2147/TCRM.S251668,Role of Alpelisib in the Treatment of PIK3CA-Mutated Breast Cancer: Patient Selection and Clinical Perspectives.,Therapeutics and clinical risk management,2021,Journal Article;Review,include_context,review_or_background,unknown,pmc_available,unknown,SUB002-Q001;SUB002-Q002,"Alpelisib-focused safety, PK, management, or resistance context helps frame benefit limits without serving as the main approval trial evidence."
SUB002,pmid-33842357,33842357,PMC8027489,10.3389/fonc.2021.644737,"PIK3CA Mutations as a Molecular Target for Hormone Receptor-Positive, HER2-Negative Metastatic Breast Cancer.",Frontiers in oncology,2021,Journal Article;Review,include_context,review_or_background,unknown,pmc_available,unknown,SUB002-Q002,"Alpelisib-focused safety, PK, management, or resistance context helps frame benefit limits without serving as the main approval trial evidence."
SUB002,pmid-33865994,33865994,unknown,10.1016/j.critrevonc.2021.103334,PI3K inhibition in breast cancer: Identifying and overcoming different flavors of resistance.,Critical reviews in oncology/hematology,2021,Journal Article;Review,include_context,review_or_background,unknown,abstract_available,unknown,SUB002-Q001;SUB002-Q002,"Alpelisib-focused safety, PK, management, or resistance context helps frame benefit limits without serving as the main approval trial evidence."
SUB002,pmid-33976551,33976551,PMC8104980,10.2147/OTT.S298720,"Advances in Therapy for Hormone Receptor (HR)-Positive, Human Epidermal Growth Factor Receptor 2 (HER2)-Negative Advanced Breast Cancer Patients Who Have Experienced Progression After Treatment with CDK4/6 Inhibitors.",OncoTargets and therapy,2021,Journal Article;Review,include_context,review_or_background,unknown,pmc_available,unknown,SUB002-Q002,"Alpelisib-focused safety, PK, management, or resistance context helps frame benefit limits without serving as the main approval trial evidence."
SUB002,pmid-34084688,34084688,PMC8166359,10.7759/cureus.14796,Alpelisib-Induced Diabetic Ketoacidosis.,Cureus,2021,Case Reports;Journal Article,include_context,clinical_or_translational,unknown,pmc_available,unknown,SUB002-Q002;SUB002-Q003,"Alpelisib-focused safety, PK, management, or resistance context helps frame benefit limits without serving as the main approval trial evidence."
SUB002,pmid-35016012,35016012,PMC8749445,10.1016/j.breast.2021.12.016,A multidisciplinary approach to optimizing care of patients treated with alpelisib.,"Breast (Edinburgh, Scotland)",2021,Journal Article;Review,include_context,clinical_or_translational,unknown,pmc_available,unknown,SUB002-Q001;SUB002-Q002;SUB002-Q003,"Alpelisib-focused safety, PK, management, or resistance context helps frame benefit limits without serving as the main approval trial evidence."
SUB002,pmid-35075945,35075945,PMC8793384,10.1177/15347354211073163,Management of Phosphatidylinositol-3-Kinase Inhibitor-Associated Hyperglycemia.,Integrative cancer therapies,2022,"Journal Article;Research Support, Non-U.S. Gov't",include_context,clinical_or_translational,unknown,pmc_available,unknown,SUB002-Q002,"Alpelisib-focused safety, PK, management, or resistance context helps frame benefit limits without serving as the main approval trial evidence."
SUB002,pmid-35080595,35080595,PMC8932545,10.1084/jem.20212148,Treatment of two infants with PIK3CA-related overgrowth spectrum by alpelisib.,The Journal of experimental medicine,2022,"Case Reports;Journal Article;Research Support, Non-U.S. Gov't",include_context,review_or_background,unknown,pmc_available,unknown,SUB002-Q002,"Alpelisib-focused safety, PK, management, or resistance context helps frame benefit limits without serving as the main approval trial evidence."
SUB002,pmid-35178031,35178031,PMC8843667,10.3389/fendo.2022.802612,"Alpelisib-Induced Diabetes Mellitus: Case Report, Pharmacodynamics and Management Considerations.",Frontiers in endocrinology,2022,Case Reports;Journal Article,include_context,clinical_or_translational,unknown,pmc_available,unknown,SUB002-Q002,"Alpelisib-focused safety, PK, management, or resistance context helps frame benefit limits without serving as the main approval trial evidence."
SUB002,pmid-35880333,35880333,unknown,10.3760/cma.j.cn112152-20220412-00251,[Expert consensus on the clinical application of PI3K/AKT/mTOR inhibitors in the treatment of advanced breast cancer].,Zhonghua zhong liu za zhi [Chinese journal of oncology],2022,Journal Article;Consensus Statement,include_context,review_or_background,unknown,abstract_available,unknown,SUB002-Q002,"Alpelisib-focused safety, PK, management, or resistance context helps frame benefit limits without serving as the main approval trial evidence."
SUB002,pmid-36633813,36633813,unknown,10.1007/s40262-022-01195-2,Pharmacokinetics and Pharmacodynamic of Alpelisib.,Clinical pharmacokinetics,2023,Journal Article;Review,include_context,review_or_background,unknown,abstract_available,unknown,SUB002-Q002,"Alpelisib-focused safety, PK, management, or resistance context helps frame benefit limits without serving as the main approval trial evidence."
SUB002,pmid-36641927,36641927,unknown,10.1016/j.biopha.2022.114183,Synergistic therapeutic potential of alpelisib in cancers (excluding breast cancer): Preclinical and clinical evidences.,Biomedicine & pharmacotherapy = Biomedecine & pharmacotherapie,2023,Journal Article;Review,include_context,review_or_background,unknown,abstract_available,unknown,SUB002-Q002,"Despite unknown venue label, this provides useful background for approved PI3K-alpha inhibitor clinical benefit, tolerability, or durability limits but is not direct proof."
SUB002,pmid-36892268,36892268,PMC10552898,10.1002/1878-0261.13416,"ER+, HER2- advanced breast cancer treated with taselisib and fulvestrant: genomic landscape and associated clinical outcomes.",Molecular oncology,2023,"Journal Article;Research Support, Non-U.S. Gov't",include_context,clinical_or_translational,unknown,pmc_available,unknown,SUB002-Q003,"SANDPIPER genomic outcome analysis provides PI3K inhibitor clinical context, not direct approved alpelisib benefit."
SUB002,pmid-36901954,36901954,PMC10003259,10.3390/ijms24054522,Drugging the PI3K/AKT/mTOR Pathway in ER+ Breast Cancer.,International journal of molecular sciences,2023,Journal Article;Review,include_context,review_or_background,unknown,pmc_available,unknown,SUB002-Q002,"Despite unknown venue label, this provides useful background for approved PI3K-alpha inhibitor clinical benefit, tolerability, or durability limits but is not direct proof."
SUB002,pmid-36914722,36914722,PMC10241926,10.1038/s41416-023-02221-1,The emerging role of PI3K inhibitors for solid tumour treatment and beyond.,British journal of cancer,2023,Journal Article;Review,include_context,review_or_background,unknown,pmc_available,unknown,SUB002-Q002,"Despite unknown venue label, this provides useful background for approved PI3K-alpha inhibitor clinical benefit, tolerability, or durability limits but is not direct proof."
SUB002,pmid-37044095,37044095,PMC10140479,10.1016/j.xcrm.2023.101002,N-acetylcysteine overcomes NF1 loss-driven resistance to PI3Kα inhibition in breast cancer.,Cell reports. Medicine,2023,"Journal Article;Research Support, Non-U.S. Gov't",include_context,primary_mechanism,unknown,pmc_available,unknown,SUB002-Q001;SUB002-Q002,NF1-loss alpelisib resistance is important mechanism context but not direct evidence of approved clinical benefit.
SUB002,pmid-37101291,37101291,PMC10131374,10.1186/s13073-023-01181-8,"Multiple PIK3CA mutation clonality correlates with outcomes in taselisib + fulvestrant-treated ER+/HER2-, PIK3CA-mutated breast cancers.",Genome medicine,2023,"Journal Article;Research Support, Non-U.S. Gov't",include_context,clinical_or_translational,unknown,pmc_available,unknown,SUB002-Q003,Taselisib ctDNA clonality study informs PI3K-alpha response determinants but is not the approved alpelisib anchor.
SUB002,pmid-37256976,37256976,PMC11335038,10.1056/NEJMoa2214131,Capivasertib in Hormone Receptor-Positive Advanced Breast Cancer.,The New England journal of medicine,2023,"Clinical Trial, Phase III;Journal Article;Randomized Controlled Trial;Research Support, U.S. Gov't, P.H.S.",include_context,review_or_background,unknown,pmc_available,unknown,SUB002-Q003,"Despite unknown venue label, this provides useful background for approved PI3K-alpha inhibitor clinical benefit, tolerability, or durability limits but is not direct proof."
SUB002,pmid-37348428,37348428,PMC10314290,10.1016/j.neo.2023.100913,P110α inhibitor alpelisib exhibits a synergistic effect with pyrotinib and reverses pyrotinib resistant in HER2+ breast cancer.,"Neoplasia (New York, N.Y.)",2023,"Journal Article;Research Support, Non-U.S. Gov't",include_context,primary_mechanism,unknown,pmc_available,unknown,SUB002-Q002,Pyrotinib-resistant HER2+ models support PI3K-alpha combination plausibility but not approved alpelisib clinical benefit.
SUB002,pmid-37427101,37427101,PMC10325704,10.3389/fonc.2023.1107134,"Targeted treatment in a case series of AR+, HRAS/PIK3CA co-mutated salivary duct carcinoma.",Frontiers in oncology,2023,Journal Article,include_context,review_or_background,unknown,pmc_available,unknown,SUB002-Q002,"Despite unknown venue label, this provides useful background for approved PI3K-alpha inhibitor clinical benefit, tolerability, or durability limits but is not direct proof."
SUB002,pmid-37469415,37469415,PMC10353540,10.3389/fonc.2023.1108242,The effect of the alpha-specific PI3K inhibitor alpelisib combined with anti-HER2 therapy in HER2+/PIK3CA mutant breast cancer.,Frontiers in oncology,2023,Journal Article,include_context,primary_mechanism,unknown,pmc_available,unknown,SUB002-Q002,HER2+ alpelisib combination/resistance models are useful translational context but outside the approved HR+/HER2- clinical anchor.
SUB002,pmid-37511178,37511178,PMC10379453,10.3390/ijms241411419,Real-World Use of Highly Sensitive Liquid Biopsy Monitoring in Metastatic Breast Cancer Patients Treated with Endocrine Agents after Exposure to Aromatase Inhibitors.,International journal of molecular sciences,2023,Journal Article,include_context,review_or_background,unknown,pmc_available,unknown,SUB002-Q002,"Despite unknown venue label, this provides useful background for approved PI3K-alpha inhibitor clinical benefit, tolerability, or durability limits but is not direct proof."
SUB002,pmid-37623743,37623743,PMC10618743,10.1158/2159-8290.CD-23-0396,"STX-478, a Mutant-Selective, Allosteric PI3Kα Inhibitor Spares Metabolic Dysfunction and Improves Therapeutic Response in PI3Kα-Mutant Xenografts.",Cancer discovery,2023,"Journal Article;Research Support, Non-U.S. Gov't",include_context,methods_or_assay,unknown,pmc_available,unknown,SUB002-Q002,"STX-478 frames alpelisib therapeutic-window limits and next-generation rationale, not direct approved alpelisib clinical benefit."
SUB002,pmid-37943630,37943630,unknown,10.1530/ERC-23-0041,Impact of the PI3K-alpha inhibitor alpelisib on everolimus resistance and somatostatin receptor expression in an orthotopic pancreatic NEC xenograft mouse model.,Endocrine-related cancer,2023,"Journal Article;Research Support, Non-U.S. Gov't",include_context,primary_mechanism,unknown,abstract_available,unknown,SUB002-Q002;SUB002-Q003,Alpelisib in an everolimus-resistant xenograft is useful PI3K-alpha context but not approved clinical-benefit evidence.
SUB002,pmid-38089455,38089455,PMC10686175,10.1002/cai2.10,Expert consensus on the clinical application of PI3K/AKT/mTOR inhibitors in the treatment of advanced breast cancer.,Cancer innovation,2022,Journal Article,include_context,review_or_background,unknown,pmc_available,unknown,SUB002-Q002,"Alpelisib-focused safety, PK, management, or resistance context helps frame benefit limits without serving as the main approval trial evidence."
SUB002,pmid-38796763,38796763,PMC11145577,10.14341/probl13337,[Toxic manifestations of alpelisib in endocrinology. Description of the clinical case].,Problemy endokrinologii,2023,Journal Article;Case Reports;English Abstract,include_context,review_or_background,unknown,pmc_available,unknown,SUB002-Q002,"Despite unknown venue label, this provides useful background for approved PI3K-alpha inhibitor clinical benefit, tolerability, or durability limits but is not direct proof."
SUB002,pmid-38815877,38815877,unknown,10.1016/j.critrevonc.2024.104404,Navigating the complexity of PI3K/AKT pathway in HER-2 negative breast cancer: biomarkers and beyond.,Critical reviews in oncology/hematology,2024,Journal Article;Review,include_context,review_or_background,unknown,abstract_available,unknown,SUB002-Q002,"Despite unknown venue label, this provides useful background for approved PI3K-alpha inhibitor clinical benefit, tolerability, or durability limits but is not direct proof."
SUB002,pmid-38833970,38833970,PMC11179085,10.1016/j.esmoop.2024.103465,Phase Ib dose-escalation trial of taselisib (GDC-0032) in combination with HER2-directed therapies in patients with advanced HER2+ breast cancer.,ESMO open,2024,"Journal Article;Clinical Trial, Phase I;Multicenter Study",include_context,clinical_or_translational,unknown,pmc_available,unknown,SUB002-Q002;SUB002-Q003,"Taselisib plus HER2 therapy phase Ib data inform PI3K-inhibitor tolerability and limits, but not approved alpelisib benefit."
SUB002,pmid-38927964,38927964,PMC11201395,10.3390/cancers16122259,Resistance to Targeted Inhibitors of the PI3K/AKT/mTOR Pathway in Advanced Oestrogen-Receptor-Positive Breast Cancer.,Cancers,2024,Journal Article;Review,include_context,review_or_background,unknown,pmc_available,unknown,SUB002-Q002,"Despite unknown venue label, this provides useful background for approved PI3K-alpha inhibitor clinical benefit, tolerability, or durability limits but is not direct proof."
SUB002,pmid-38936103,38936103,PMC12393138,10.1016/j.ejca.2024.114145,"Paediatric strategy forum for medicinal product development of PI3-K, mTOR, AKT and GSK3β inhibitors in children and adolescents with cancer.","European journal of cancer (Oxford, England : 1990)",2024,Journal Article;Review,include_context,review_or_background,unknown,pmc_available,unknown,SUB002-Q003,"Despite unknown venue label, this provides useful background for approved PI3K-alpha inhibitor clinical benefit, tolerability, or durability limits but is not direct proof."
SUB002,pmid-38937298,38937298,unknown,10.1007/s00280-024-04690-4,"Quantitative characterization of the effects of fulvestrant alone or in combination with taselisib (PI3Kinase inhibitor) on longitudinal tumor growth in patients with estrogen receptor-positive, HER2-negative, PIK3CA-mutant, advanced or metastatic breast cancer.",Cancer chemotherapy and pharmacology,2024,"Journal Article;Research Support, Non-U.S. Gov't",include_context,clinical_or_translational,unknown,abstract_available,unknown,SUB002-Q003,Taselisib tumor-growth modeling informs PI3K inhibitor clinical activity but is not direct approved alpelisib evidence.
SUB002,pmid-39409880,39409880,PMC11476299,10.3390/cancers16193259,PLK1 Inhibitor Onvansertib Enhances the Efficacy of Alpelisib in PIK3CA-Mutated HR-Positive Breast Cancer Resistant to Palbociclib and Endocrine Therapy: Preclinical Insights.,Cancers,2024,Journal Article,include_context,primary_mechanism,unknown,pmc_available,unknown,SUB002-Q002,Preclinical alpelisib-onvansertib combination is useful for durability limits but does not itself establish approved clinical benefit.
SUB002,pmid-39462728,39462728,unknown,10.1016/j.clbc.2024.09.017,Effective Strategies for the Prevention and Mitigation of Phosphatidylinositol-3-Kinase Inhibitor-Associated Hyperglycemia: Optimizing Patient Care.,Clinical breast cancer,2024,Journal Article;Review,include_context,review_or_background,unknown,abstract_available,unknown,SUB002-Q002,"Despite unknown venue label, this provides useful background for approved PI3K-alpha inhibitor clinical benefit, tolerability, or durability limits but is not direct proof."
SUB002,pmid-39614985,39614985,PMC11638444,10.1007/s11864-024-01259-4,Unveiling the Potential of Cyclin-Dependent Kinases 4 and 6 Inhibitors Beyond Progression in Hormone Receptor Positive/Human Epidermal Growth Factor Negative Advanced Breast Cancer - A Clinical Review.,Current treatment options in oncology,2024,Journal Article;Review,include_context,review_or_background,unknown,pmc_available,unknown,SUB002-Q003,"Despite unknown venue label, this provides useful background for approved PI3K-alpha inhibitor clinical benefit, tolerability, or durability limits but is not direct proof."
SUB002,pmid-39709507,39709507,PMC11839470,10.1038/s41417-024-00867-4,PIK3CA mutation fortifies molecular determinants for immune signaling in vascular cancers.,Cancer gene therapy,2024,Journal Article,include_context,review_or_background,unknown,pmc_available,unknown,SUB002-Q001;SUB002-Q002,"Despite unknown venue label, this provides useful background for approved PI3K-alpha inhibitor clinical benefit, tolerability, or durability limits but is not direct proof."
SUB002,pmid-39717717,39717717,PMC11665392,10.1016/j.gendis.2024.101430,Oncogenic activation of PI K3 CA in cancers: Emerging targeted therapies in precision oncology.,Genes & diseases,2024,Journal Article;Review,include_context,review_or_background,unknown,pmc_available,unknown,SUB002-Q002,Precision-oncology review frames PIK3CA activation and emerging targeted PI3K therapies.
SUB002,pmid-39883146,39883146,unknown,10.14423/SMJ.0000000000001791,Alpelisib-Induced Hyperglycemia in PIK3CA+ Breast Cancer Patients.,Southern medical journal,2025,Journal Article;Review,include_context,negative_or_limiting,unknown,abstract_available,unknown,SUB002-Q002,Alpelisib hyperglycemia review informs tolerability limits but is not primary trial or resistance evidence.
SUB002,pmid-39920872,39920872,PMC11806886,10.1186/s40170-025-00375-5,CD36 inhibition enhances the anti-proliferative effects of PI3K inhibitors in PTEN-loss anti-HER2 resistant breast cancer cells.,Cancer & metabolism,2025,Journal Article,include_context,analogous_context,unknown,pmc_available,unknown,SUB002-Q002,CD36/PI3K inhibitor combination in PTEN-loss anti-HER2-resistant cells is adjacent mechanism context for benefit limits.
SUB002,pmid-40020984,40020984,unknown,10.1016/j.ejphar.2025.177432,Targeting PI3K in cancer treatment: A comprehensive review with insights from clinical outcomes.,European journal of pharmacology,2025,Journal Article;Review,include_context,review_or_background,unknown,abstract_available,unknown,SUB002-Q002,Comprehensive PI3K clinical outcomes review can contextualize benefit limits across agents.
SUB002,pmid-40113784,40113784,PMC11926384,10.1038/s41392-025-02180-4,Targeting PI3K inhibitor resistance in breast cancer with metabolic drugs.,Signal transduction and targeted therapy,2025,"Journal Article;Research Support, Non-U.S. Gov't",include_context,primary_mechanism,unknown,pmc_available,unknown,SUB002-Q002,Metabolic targeting of PI3K inhibitor-resistant breast models helps explain benefit limits but is not clinical benefit evidence.
SUB002,pmid-40295072,40295072,unknown,10.21873/anticanres.17567,Development of Acquired Resistance in Alpelisib-treated Gastric Cancer Cells With PIK3CA Mutations and Overcoming Strategies.,Anticancer research,2025,Journal Article,include_context,analogous_context,unknown,abstract_available,unknown,SUB002-Q002,Gastric alpelisib acquired-resistance models are analogous resistance context rather than direct approved-setting evidence.
SUB002,pmid-40303291,40303291,PMC12035905,10.7150/ijbs.104850,The SGK3/GSK3β/β-catenin signaling promotes breast cancer stemness and confers resistance to alpelisib therapy.,International journal of biological sciences,2025,"Journal Article;Research Support, Non-U.S. Gov't",include_context,primary_mechanism,unknown,pmc_available,unknown,SUB002-Q002,Breast cancer alpelisib-resistance mechanism contextualizes durability limits but does not directly establish approved clinical benefit.
SUB002,pmid-40350259,40350259,unknown,10.62958/j.cjap.2025.005,Unlocking the Potential of Alpelisib in Breast Cancer: A Comprehensive Review.,Zhongguo ying yong sheng li xue za zhi = Zhongguo yingyong shenglixue zazhi = Chinese journal of applied physiology,2025,Journal Article;Review,include_context,review_or_background,unknown,abstract_available,unknown,SUB002-Q002,"Alpelisib-focused review provides background on efficacy, resistance, and safety for the approved setting."
SUB002,pmid-40382983,40382983,unknown,10.1016/j.drup.2025.101251,MicroRNA-mediated PTEN downregulation as a novel non-genetic mechanism of acquired resistance to PI3Kα inhibitors of head & neck squamous cell carcinoma.,Drug resistance updates : reviews and commentaries in antimicrobial and anticancer chemotherapy,2025,Journal Article,include_context,primary_mechanism,unknown,abstract_available,unknown,SUB002-Q002,HNSCC acquired alpelisib resistance is useful resistance context but outside the approved-benefit clinical setting.
SUB002,pmid-40642892,40642892,unknown,10.1097/COC.0000000000001209,"Inavolisib for HR-Positive, HER2-Negative Advanced Breast Cancer: Clinical Trials and Patient Access Implication.",American journal of clinical oncology,2025,Journal Article;Review,include_context,review_or_background,unknown,abstract_available,unknown,SUB002-Q003,Clinical-trials and access review for inavolisib provides context for selective PI3K-alpha benefit after alpelisib.
SUB002,pmid-40989687,40989687,PMC12450692,10.3389/fonc.2025.1596634,Pharmacologic management of HR+/HER2- mBC: a clinically oriented review.,Frontiers in oncology,2025,Journal Article;Review,include_context,review_or_background,unknown,pmc_available,unknown,SUB002-Q002,Clinically oriented review is useful background for HR+/HER2- metastatic breast cancer PI3K-pathway management.
SUB002,pmid-40991650,40991650,PMC12618074,10.1172/JCI180927,USP10/GSK3β-mediated inhibition of PTEN drives resistance to PI3K inhibitors in breast cancer.,The Journal of clinical investigation,2025,"Journal Article;Research Support, Non-U.S. Gov't",include_context,primary_mechanism,unknown,pmc_available,unknown,SUB002-Q002,PTEN-mediated PI3K inhibitor resistance helps explain benefit limits but is not primary evidence for approved clinical benefit.
SUB002,pmid-41347072,41347072,PMC12672257,10.3389/fonc.2025.1631415,Metformin enhances alpelisib sensitivity in HER2+ breast cancer by suppressing cancer stemness and oncogenic signaling.,Frontiers in oncology,2025,Journal Article,include_context,analogous_context,unknown,pmc_available,unknown,SUB002-Q002,HER2-positive alpelisib/metformin models are adjacent to approved HR+/HER2-negative clinical benefit.
SUB002,pmid-41406241,41406241,unknown,10.1126/scitranslmed.adp5088,Dual PI3K/mTOR inhibition is required to combat resistance to CDK4/6 inhibitor and endocrine therapy in PIK3CA-mutant breast cancer.,Science translational medicine,2025,"Journal Article;Research Support, Non-U.S. Gov't",include_context,primary_mechanism,unknown,abstract_available,unknown,SUB002-Q002,Triple-therapy resistant breast models contextualize alpelisib benefit limits but primarily address post-CDK4/6/endocrine resistance strategy.
SUB002,pmid-41980433,41980433,PMC13092703,10.1016/j.neo.2026.101305,PIK3CA mutant cervical cancer is selectively suppressed by PI3Kα inhibition (Alpelisib/BYL-719 and Inavolisib/GDC-0077) and cooperates with HPV directed T cell therapy.,"Neoplasia (New York, N.Y.)",2026,Journal Article,include_context,analogous_context,unknown,pmc_available,unknown,SUB002-Q002,PIK3CA-mutant cervical models show PI3K-alpha sensitivity outside the approved breast-cancer benefit setting.
SUB002,pmid-41999684,41999684,PMC13101763,10.1016/j.breast.2026.104786,Integrating PIK3CA Testing into Clinical Practice for Advanced HR+/HER2- Breast Cancer: An Expert Consensus.,"Breast (Edinburgh, Scotland)",2026,Consensus Statement;Journal Article,include_context,review_or_background,unknown,pmc_available,unknown,SUB002-Q002,Testing consensus frames the biomarker-selected population needed for alpelisib/inavolisib use.
SUB002,pmid-42052484,42052484,PMC13111025,10.3389/fonc.2026.1807951,Application of PI3K inhibitors in breast cancer treatment: a clinical trial landscape analysis based on clinical trial databases and registries.,Frontiers in oncology,2026,Journal Article;Systematic Review,include_context,review_or_background,unknown,pmc_available,unknown,SUB002-Q003,"Trial-landscape context directly summarizes PI3K-alpha inhibitor efficacy, toxicity, publication bias, and resistance barriers."
SUB002,pmid-42074235,42074235,PMC13116710,10.3390/ijms27083597,SGLT2 Inhibitor Dapagliflozin Attenuates Cardiomyocyte Injury and Inflammation Induced by PI3Kα-Selective Inhibitor Alpelisib and Fulvestrant Under Hyperglycemia.,International journal of molecular sciences,2026,Journal Article,include_context,negative_or_limiting,unknown,pmc_available,unknown,SUB002-Q001;SUB002-Q002;SUB002-Q003,"Preclinical cardiotoxicity mitigation informs alpelisib tolerability limits, not direct clinical benefit or resistance evidence."
SUB002,pmid-42194689,42194689,PMC13207896,10.3390/jcm15103715,"Molecular Profiling and Targeted Therapeutic Strategies in Breast Cancer: Clinical Integration of HER2, CDK4/6, and PI3K Inhibition with Trastuzumab, Abemaciclib and Alpelisib.",Journal of clinical medicine,2026,Journal Article;Review,include_context,review_or_background,unknown,pmc_available,unknown,SUB002-Q002,Broad breast precision-therapy review includes alpelisib as a representative PI3K inhibitor clinical anchor.
SUB002,pmid-42263466,42263466,unknown,10.1016/j.clbc.2026.05.004,"Pharmacologic Features, Clinical Applications, and Drug Safety Evaluation of Inavolisib in the Treatment of Metastatic Breast Cancer.",Clinical breast cancer,2026,Journal Article;Review,include_context,review_or_background,unknown,abstract_available,unknown,SUB002-Q002;SUB002-Q003,"Useful clinical context on inavolisib, alpelisib, resistance, and tolerability limits in HR+/HER2- disease."
SUB002,pmid-42341421,42341421,unknown,10.1016/j.bbrc.2026.154189,Functional characterization of PIK3CA E545A mutation in MCF-7 breast cancer cells reveals enhanced proliferation and resistance to Alpelisib.,Biochemical and biophysical research communications,2026,Journal Article,include_context,primary_mechanism,unknown,abstract_available,unknown,SUB002-Q002,Alpelisib-resistance model is useful for benefit-limit context but does not directly support the approved clinical-benefit claim.
SUB002,pmid-42496151,42496151,unknown,10.1080/17425255.2026.2710110,Inavolisib: a second-generation PI3Kα inhibitor in HR+/HER2-negative breast cancer.,Expert opinion on drug metabolism & toxicology,2026,Journal Article;Review,include_context,review_or_background,unknown,abstract_available,unknown,SUB002-Q003,Useful context on next-generation PI3K-alpha clinical benefit and tolerability after alpelisib.
SUB002,pmid-29401002,29401002,PMC5920739,10.1200/JCO.2017.72.7107,Phosphatidylinositol 3-Kinase α-Selective Inhibition With Alpelisib (BYL719) in PIK3CA-Altered Solid Tumors: Results From the First-in-Human Study.,Journal of clinical oncology : official journal of the American Society of Clinical Oncology,2018,"Clinical Trial, Phase I;Journal Article;Multicenter Study;Research Support, Non-U.S. Gov't",include_primary,clinical_or_translational,unknown,pmc_available,unknown,SUB002-Q002,First-in-human alpelisib study in PIK3CA-altered tumors anchors selective PI3Kalpha activity.
SUB002,pmid-29850984,29850984,unknown,10.1007/s10549-018-4792-0,Phase I study of alpelisib (BYL-719) and trastuzumab emtansine (T-DM1) in HER2-positive metastatic breast cancer (MBC) after trastuzumab and taxane therapy.,Breast cancer research and treatment,2018,"Clinical Trial, Phase I;Journal Article",include_primary,clinical_or_translational,unknown,abstract_available,unknown,SUB002-Q002,Alpelisib plus T-DM1 phase I in HER2-positive metastatic breast cancer informs combination benefit limits.
SUB002,pmid-30167089,30167089,PMC6114962,10.18632/oncotarget.25854,"A Phase Ib, open-label, dose-finding study of alpelisib in combination with paclitaxel in patients with advanced solid tumors.",Oncotarget,2018,Journal Article,include_primary,clinical_or_translational,unknown,pmc_available,unknown,SUB002-Q002;SUB002-Q003,Alpelisib plus paclitaxel phase Ib gives clinical dosing and tolerability context.
SUB002,pmid-31091374,31091374,unknown,10.1056/NEJMoa1813904,"Alpelisib for PIK3CA-Mutated, Hormone Receptor-Positive Advanced Breast Cancer.",The New England journal of medicine,2019,"Clinical Trial, Phase III;Comparative Study;Journal Article;Multicenter Study;Randomized Controlled Trial;Research Support, Non-U.S. Gov't",include_primary,clinical_or_translational,unknown,abstract_available,unknown,SUB002-Q004,SOLAR-1 is the primary alpelisib efficacy and safety anchor for this subsection.
SUB002,pmid-32864625,32864625,PMC7450824,10.1038/s43018-020-0047-1,Alterations in PTEN and ESR1 promote clinical resistance to alpelisib plus aromatase inhibitors.,Nature cancer,2020,"Journal Article;Research Support, N.I.H., Extramural;Research Support, Non-U.S. Gov't;Research Support, U.S. Gov't, Non-P.H.S.",include_primary,clinical_or_translational,unknown,pmc_available,unknown,SUB002-Q002;SUB002-Q003,Longitudinal alpelisib trial analysis reports PTEN/ESR1-associated clinical resistance.
SUB002,pmid-33246021,33246021,unknown,10.1016/j.annonc.2020.11.011,"Alpelisib plus fulvestrant for PIK3CA-mutated, hormone receptor-positive, human epidermal growth factor receptor-2-negative advanced breast cancer: final overall survival results from SOLAR-1.",Annals of oncology : official journal of the European Society for Medical Oncology,2020,"Journal Article;Randomized Controlled Trial;Research Support, Non-U.S. Gov't",include_primary,clinical_or_translational,unknown,abstract_available,unknown,SUB002-Q004,"Alpelisib clinical or real-world treatment evidence directly informs benefit, safety, and durability limits."
SUB002,pmid-33602685,33602685,PMC8282704,10.1158/1078-0432.CCR-20-4879,Clinical and Biomarker Results from Phase I/II Study of PI3K Inhibitor Alpelisib plus Nab-paclitaxel in HER2-Negative Metastatic Breast Cancer.,Clinical cancer research : an official journal of the American Association for Cancer Research,2021,"Clinical Trial, Phase I;Clinical Trial, Phase II;Journal Article;Research Support, N.I.H., Extramural;Research Support, Non-U.S. Gov't",include_primary,clinical_or_translational,unknown,pmc_available,unknown,SUB002-Q002;SUB002-Q003,"Alpelisib clinical or real-world treatment evidence directly informs benefit, safety, and durability limits."
SUB002,pmid-33909934,33909934,PMC8265362,10.1002/onco.13804,"Effectiveness of Alpelisib + Fulvestrant Compared with Real-World Standard Treatment Among Patients with HR+, HER2-, PIK3CA-Mutated Breast Cancer.",The oncologist,2021,"Clinical Trial, Phase II;Journal Article;Multicenter Study;Research Support, Non-U.S. Gov't",include_primary,clinical_or_translational,unknown,pmc_available,unknown,SUB002-Q003,"Alpelisib clinical or real-world treatment evidence directly informs benefit, safety, and durability limits."
SUB002,pmid-33947692,33947692,PMC8282678,10.1158/1078-0432.CCR-21-0047,A Phase I Study of Alpelisib in Combination with Trastuzumab and LJM716 in Patients with PIK3CA-Mutated HER2-Positive Metastatic Breast Cancer.,Clinical cancer research : an official journal of the American Association for Cancer Research,2021,"Clinical Trial, Phase I;Journal Article;Research Support, N.I.H., Extramural;Research Support, Non-U.S. Gov't",include_primary,clinical_or_translational,unknown,pmc_available,unknown,SUB002-Q002,"Alpelisib clinical or real-world treatment evidence directly informs benefit, safety, and durability limits."
SUB002,pmid-35100734,35100734,unknown,10.1200/PO.19.00221,"Combined PIK3CA and FGFR Inhibition With Alpelisib and Infigratinib in Patients With PIK3CA-Mutant Solid Tumors, With or Without FGFR Alterations.",JCO precision oncology,2019,Journal Article,include_primary,clinical_or_translational,unknown,abstract_available,unknown,SUB002-Q002;SUB002-Q003,Alpelisib combination trial in PIK3CA-mutant solid tumors informs benefit limits and combinations.
SUB002,pmid-36923283,36923283,PMC10010328,10.1158/2767-9764.CRC-22-0028,A Phase IB Trial of the PI3K Inhibitor Alpelisib and Weekly Cisplatin in Patients with Solid Tumor Malignancies.,Cancer research communications,2022,"Clinical Trial, Phase I;Journal Article;Research Support, Non-U.S. Gov't",include_primary,clinical_or_translational,unknown,pmc_available,unknown,SUB002-Q002;SUB002-Q003,"Alpelisib clinical or real-world treatment evidence directly informs benefit, safety, and durability limits."
SUB002,pmid-37163178,37163178,PMC10164376,10.2147/BTT.S395817,Treating Alpelisib-Induced Hyperinsulinemia in Patients with Advanced Breast Cancer - A Real-Life Experience.,Biologics : targets & therapy,2023,Case Reports;Journal Article,include_primary,clinical_or_translational,unknown,pmc_available,unknown,SUB002-Q002,"Real-world patient series directly addresses alpelisib metabolic toxicity, dose intensity, and response duration."
SUB002,pmid-37916958,37916958,PMC10850944,10.1158/2159-8290.CD-23-0704,Allosteric PI3Kα Inhibition Overcomes On-target Resistance to Orthosteric Inhibitors Mediated by Secondary PIK3CA Mutations.,Cancer discovery,2024,"Journal Article;Research Support, U.S. Gov't, Non-P.H.S.;Research Support, N.I.H., Extramural",include_primary,clinical_or_translational,unknown,pmc_available,unknown,SUB002-Q001;SUB002-Q002,Serial liquid biopsy/autopsy data directly show acquired resistance after PI3K-alpha inhibitor therapy.
SUB002,pmid-39177931,39177931,PMC11452482,10.1007/s10549-024-07405-8,SGLT2 inhibition improves PI3Kα inhibitor-induced hyperglycemia: findings from preclinical animal models and from patients in the BYLieve and SOLAR-1 trials.,Breast cancer research and treatment,2024,"Clinical Trial, Phase II;Clinical Trial, Phase III;Journal Article;Multicenter Study;Randomized Controlled Trial",include_primary,clinical_or_translational,unknown,pmc_available,unknown,SUB002-Q001;SUB002-Q002,"Clinical-trial and animal data directly address alpelisib-induced hyperglycemia, dose modification, and maintained efficacy."
SUB002,pmid-39637900,39637900,unknown,10.1016/S1470-2045(24)00673-9,"Alpelisib plus fulvestrant in PIK3CA-mutated, hormone receptor-positive advanced breast cancer after a CDK4/6 inhibitor (BYLieve): one cohort of a phase 2, multicentre, open-label, non-comparative study.",The Lancet. Oncology,2024,"Journal Article;Multicenter Study;Clinical Trial, Phase II;Research Support, Non-U.S. Gov't",include_primary,clinical_or_translational,unknown,abstract_available,unknown,SUB002-Q004,"BYLieve directly reports alpelisib plus fulvestrant activity, progression endpoint, and toxicity after CDK4/6 therapy."
SUB002,pmid-40536266,40536266,PMC12204390,10.1093/oncolo/oyaf126,Prolonged response to PIK3CA inhibition in an advanced hormone-positive breast cancer patient with 3 mutations in the alpha subunit of PI-3 kinase.,The oncologist,2025,Journal Article;Case Reports,include_primary,clinical_or_translational,unknown,pmc_available,unknown,SUB002-Q002,Case report directly documents prolonged alpelisib-fulvestrant response in advanced HR-positive HER2-negative PIK3CA-mutant breast cancer.
SUB002,pmid-41967638,41967638,unknown,10.1016/j.annonc.2026.04.003,Genomic determinants of response to alpelisib plus fulvestrant in the SOLAR-1 trial.,Annals of oncology : official journal of the European Society for Medical Oncology,2026,Journal Article,include_primary,clinical_or_translational,unknown,abstract_available,unknown,SUB002-Q002;SUB002-Q003,SOLAR-1 genomic analysis directly links alpelisib plus fulvestrant outcomes to response heterogeneity in the approved setting.
SUB003,pmid-32252811,32252811,PMC7137211,10.1186/s13058-020-01271-0,Everolimus versus alpelisib in advanced hormone receptor-positive HER2-negative breast cancer: targeting different nodes of the PI3K/AKT/mTORC1 pathway with different clinical implications.,Breast cancer research : BCR,2020,"Comparative Study;Journal Article;Research Support, Non-U.S. Gov't;Review",include_context,review_or_background,unknown,pmc_available,unknown,SUB003-Q002;SUB003-Q003,Comparative clinical review of alpelisib safety and efficacy helps frame tolerability limits motivating later PI3K-alpha agents.
SUB003,pmid-33622114,33622114,unknown,10.1080/14656566.2021.1873952,"Alpelisib for the treatment of PIK3CA-mutated, hormone receptor-positive, HER2-negative metastatic breast cancer.",Expert opinion on pharmacotherapy,2021,"Clinical Trial, Phase III;Journal Article;Randomized Controlled Trial",include_context,review_or_background,unknown,abstract_available,unknown,SUB003-Q002,Alpelisib clinical efficacy and glycemic safety challenges are useful predecessor context for the therapeutic-index hypothesis.
SUB003,pmid-33865994,33865994,unknown,10.1016/j.critrevonc.2021.103334,PI3K inhibition in breast cancer: Identifying and overcoming different flavors of resistance.,Critical reviews in oncology/hematology,2021,Journal Article;Review,include_context,review_or_background,unknown,abstract_available,unknown,SUB003-Q002;SUB003-Q003,"Breast cancer review provides background on PI3K inhibitor resistance mechanisms and combination strategies, useful context but not agent-specific primary evidence."
SUB003,pmid-37044095,37044095,PMC10140479,10.1016/j.xcrm.2023.101002,N-acetylcysteine overcomes NF1 loss-driven resistance to PI3Kα inhibition in breast cancer.,Cell reports. Medicine,2023,"Journal Article;Research Support, Non-U.S. Gov't",include_context,analogous_context,unknown,pmc_available,unknown,SUB003-Q003,"Alpelisib resistance screen in PIK3CA-mutant breast models supports pathway/genetic escape context, without testing investigational inhibitors."
SUB003,pmid-37493631,37493631,PMC10811747,10.1158/1541-7786.MCR-23-0034,CBF-Beta Mitigates PI3K-Alpha-Specific Inhibitor Killing through PIM1 in PIK3CA-Mutant Gastric Cancer.,Molecular cancer research : MCR,2023,"Journal Article;Research Support, Non-U.S. Gov't;Research Support, N.I.H., Extramural",include_context,analogous_context,unknown,pmc_available,unknown,SUB003-Q002,Preclinical BYL719 resistance mechanism contextualizes genetic/pathway escape from PI3K-alpha inhibition but is not a next-generation agent study.
SUB003,pmid-40723456,40723456,PMC12292759,10.3390/biology14070896,In Silico Discovery of a Novel Potential Allosteric PI3Kα Inhibitor Incorporating 3-(2-Chloro-5-fluorophenyl)isoindolin-1-one to Target Head and Neck Squamous Cell Carcinoma.,Biology,2025,Journal Article,include_context,analogous_context,unknown,pmc_available,unknown,SUB003-Q003,Computational scaffold-hopping study around RLY-2608 supports the allosteric mutant-selectivity concept but does not provide clinical or resistance-after-exposure evidence.
SUB003,pmid-40829787,40829787,unknown,10.1146/annurev-pharmtox-082924-022724,Structural Insights into the Development of Inhibitors Against Cancer-Specific Mutations of PI3Kα.,Annual review of pharmacology and toxicology,2025,Journal Article;Review,include_context,review_or_background,unknown,abstract_available,unknown,SUB003-Q002,"Review directly frames mutant-selective/allosteric PI3K-alpha development and separates toxicity, resistance, and specificity claims."
SUB003,pmid-37623743,37623743,PMC10618743,10.1158/2159-8290.CD-23-0396,"STX-478, a Mutant-Selective, Allosteric PI3Kα Inhibitor Spares Metabolic Dysfunction and Improves Therapeutic Response in PI3Kα-Mutant Xenografts.",Cancer discovery,2023,"Journal Article;Research Support, Non-U.S. Gov't",include_primary,primary_mechanism,unknown,pmc_available,unknown,SUB003-Q004,"Direct preclinical STX-478 paper tests mutant-selective allosteric PI3K-alpha inhibition, metabolic sparing, and xenograft response."
SUB003,pmid-37916958,37916958,PMC10850944,10.1158/2159-8290.CD-23-0704,Allosteric PI3Kα Inhibition Overcomes On-target Resistance to Orthosteric Inhibitors Mediated by Secondary PIK3CA Mutations.,Cancer discovery,2024,"Journal Article;Research Support, U.S. Gov't, Non-P.H.S.;Research Support, N.I.H., Extramural",include_primary,primary_mechanism,unknown,pmc_available,unknown,SUB003-Q001;SUB003-Q002;SUB003-Q003,Directly reports acquired secondary PIK3CA resistance after PI3K-alpha inhibitor exposure and tests allosteric RLY-2608 activity against those alterations.
SUB003,pmid-40454641,40454641,PMC13496148,10.1056/NEJMoa2501796,Overall Survival with Inavolisib in PIK3CA-Mutated Advanced Breast Cancer.,The New England journal of medicine,2025,"Journal Article;Randomized Controlled Trial;Clinical Trial, Phase III;Multicenter Study",include_primary,clinical_or_translational,unknown,pmc_available,unknown,SUB003-Q004,Direct phase 3 inavolisib survival and safety evidence for separating clinical efficacy from tolerability and resistance claims.
SUB003,pmid-40845250,40845250,unknown,10.1200/JCO-25-00663,"US Food and Drug Administration Approval Summary: Inavolisib With Palbociclib and Fulvestrant for Endocrine-Resistant, PIK3CA-Mutated, Hormone Receptor-Positive, Human Epidermal Growth Factor Receptor 2-Negative, Locally Advanced or Metastatic Breast Cancer.",Journal of clinical oncology : official journal of the American Society of Clinical Oncology,2025,"Journal Article;Randomized Controlled Trial;Research Support, Non-U.S. Gov't",include_primary,clinical_or_translational,unknown,abstract_available,unknown,SUB003-Q004,"Direct approval-summary evidence for inavolisib combination efficacy and toxicity, supporting the therapeutic-index framing without making a resistance-mechanism claim."
SUB004,pmid-11309338,11309338,unknown,unknown,Correlation between loss of PTEN expression and Akt phosphorylation in endometrial carcinoma.,Clinical cancer research : an official journal of the American Association for Cancer Research,2001,Journal Article,include_context,analogous_context,unknown,abstract_available,unknown,SUB004-Q001;SUB004-Q002,"PTEN loss or PTEN/AKT pathway evidence provides useful context, but the abstract lacks acquired PI3K-alpha inhibitor resistance timing."
SUB004,pmid-15254063,15254063,unknown,10.1200/JCO.2004.02.141,The biology and clinical relevance of the PTEN tumor suppressor pathway.,Journal of clinical oncology : official journal of the American Society of Clinical Oncology,2004,"Journal Article;Research Support, Non-U.S. Gov't;Research Support, U.S. Gov't, Non-P.H.S.;Research Support, U.S. Gov't, P.H.S.;Review",include_context,analogous_context,unknown,abstract_available,unknown,SUB004-Q001,"PTEN loss or PTEN/AKT pathway evidence provides useful context, but the abstract lacks acquired PI3K-alpha inhibitor resistance timing."
SUB004,pmid-15870831,15870831,PMC2362053,10.1038/sj.bjc.6602559,Reduction of PTEN protein and loss of epidermal growth factor receptor gene mutation in lung cancer with natural resistance to gefitinib (IRESSA).,British journal of cancer,2005,"Journal Article;Research Support, Non-U.S. Gov't",include_context,analogous_context,unknown,pmc_available,unknown,SUB004-Q002;SUB004-Q003,"PTEN loss or PTEN/AKT pathway evidence provides useful context, but the abstract lacks acquired PI3K-alpha inhibitor resistance timing."
SUB004,pmid-18166498,18166498,PMC2442829,10.1016/j.drup.2007.11.003,Targeting the PI3K/Akt/mTOR pathway: effective combinations and clinical considerations.,Drug resistance updates : reviews and commentaries in antimicrobial and anticancer chemotherapy,2007,Journal Article;Review,include_context,review_or_background,unknown,pmc_available,unknown,SUB004-Q003,"Despite unknown venue label, this provides useful background for PTEN loss as a PI3K-alpha inhibitor resistance mechanism but is not direct proof."
SUB004,pmid-18676830,18676830,PMC2680495,10.1158/0008-5472.CAN-07-6854,"An integrative genomic and proteomic analysis of PIK3CA, PTEN, and AKT mutations in breast cancer.",Cancer research,2008,"Journal Article;Research Support, N.I.H., Extramural;Research Support, Non-U.S. Gov't",include_context,review_or_background,unknown,pmc_available,unknown,SUB004-Q001;SUB004-Q002,"Despite unknown venue label, this provides useful background for PTEN loss as a PI3K-alpha inhibitor resistance mechanism but is not direct proof."
SUB004,pmid-18755892,18755892,PMC2529105,10.1073/pnas.0802655105,PTEN-deficient cancers depend on PIK3CB.,Proceedings of the National Academy of Sciences of the United States of America,2008,Journal Article,include_context,review_or_background,unknown,pmc_available,unknown,SUB004-Q001;SUB004-Q002,"Despite unknown venue label, this provides useful background for PTEN loss as a PI3K-alpha inhibitor resistance mechanism but is not direct proof."
SUB004,pmid-19595306,19595306,PMC2933405,10.1016/S0065-230X(09)02002-8,PI3K/PTEN signaling in angiogenesis and tumorigenesis.,Advances in cancer research,2009,"Journal Article;Research Support, N.I.H., Extramural;Research Support, Non-U.S. Gov't;Review",include_context,review_or_background,unknown,pmc_available,unknown,SUB004-Q001;SUB004-Q002,"Despite unknown venue label, this provides useful background for PTEN loss as a PI3K-alpha inhibitor resistance mechanism but is not direct proof."
SUB004,pmid-20622047,20622047,unknown,10.1158/1078-0432.CCR-09-2990,PI(3)king apart PTEN's role in cancer.,Clinical cancer research : an official journal of the American Association for Cancer Research,2010,"Journal Article;Research Support, Non-U.S. Gov't;Review",include_context,review_or_background,unknown,abstract_available,unknown,SUB004-Q001;SUB004-Q002,"Despite unknown venue label, this provides useful background for PTEN loss as a PI3K-alpha inhibitor resistance mechanism but is not direct proof."
SUB004,pmid-20813970,20813970,PMC2947262,10.2353/ajpath.2010.090885,"PTEN, PIK3CA, p-AKT, and p-p70S6K status: association with trastuzumab response and survival in patients with HER2-positive metastatic breast cancer.",The American journal of pathology,2010,"Journal Article;Research Support, N.I.H., Extramural;Research Support, Non-U.S. Gov't;Research Support, U.S. Gov't, Non-P.H.S.",include_context,review_or_background,unknown,pmc_available,unknown,SUB004-Q003,"Despite unknown venue label, this provides useful background for PTEN loss as a PI3K-alpha inhibitor resistance mechanism but is not direct proof."
SUB004,pmid-21490305,21490305,PMC3112276,10.1158/1535-7163.MCT-10-1089,PI3K pathway mutations and PTEN levels in primary and metastatic breast cancer.,Molecular cancer therapeutics,2011,"Journal Article;Research Support, N.I.H., Extramural;Research Support, Non-U.S. Gov't",include_context,review_or_background,unknown,pmc_available,unknown,SUB004-Q001;SUB004-Q003,"Despite unknown venue label, this provides useful background for PTEN loss as a PI3K-alpha inhibitor resistance mechanism but is not direct proof."
SUB004,pmid-22200790,22200790,unknown,10.3892/ijo.2011.1312,Gene alterations in the PI3K/PTEN/AKT pathway as a mechanism of drug-resistance (review).,International journal of oncology,2011,"Journal Article;Research Support, Non-U.S. Gov't;Review",include_context,review_or_background,unknown,abstract_available,unknown,SUB004-Q001;SUB004-Q002,"Despite unknown venue label, this provides useful background for PTEN loss as a PI3K-alpha inhibitor resistance mechanism but is not direct proof."
SUB004,pmid-23574264,23574264,unknown,10.1185/03007995.2013.794775,"The predictive role of phosphatase and tensin homolog (PTEN) loss, phosphoinositol-3 (PI3) kinase (PIK3CA) mutation, and PI3K pathway activation in sensitivity to trastuzumab in HER2-positive breast cancer: a meta-analysis.",Current medical research and opinion,2013,Comparative Study;Journal Article;Meta-Analysis,include_context,review_or_background,unknown,abstract_available,unknown,SUB004-Q001;SUB004-Q002,"Despite unknown venue label, this provides useful background for PTEN loss as a PI3K-alpha inhibitor resistance mechanism but is not direct proof."
SUB004,pmid-25051360,25051360,PMC4148087,10.18632/oncotarget.2209,Deregulation of the EGFR/PI3K/PTEN/Akt/mTORC1 pathway in breast cancer: possibilities for therapeutic intervention.,Oncotarget,2014,"Journal Article;Research Support, Non-U.S. Gov't;Review",include_context,review_or_background,unknown,pmc_available,unknown,SUB004-Q001;SUB004-Q002,"Despite unknown venue label, this provides useful background for PTEN loss as a PI3K-alpha inhibitor resistance mechanism but is not direct proof."
SUB004,pmid-25053989,25053989,PMC4091530,10.18632/genesandcancer.10,Amphiregulin and PTEN evoke a multimodal mechanism of acquired resistance to PI3K inhibition.,Genes & cancer,2014,Journal Article,include_context,primary_mechanism,unknown,pmc_available,unknown,SUB004-Q001;SUB004-Q002,"Acquired resistance to a clinical PI3K inhibitor includes PTEN depletion, but the abstract is not clearly PI3K-alpha-specific."
SUB004,pmid-25109950,25109950,unknown,10.1042/BST20140034,Anticipating mechanisms of resistance to PI3K inhibition in breast cancer: a challenge in the era of precision medicine.,Biochemical Society transactions,2014,"Journal Article;Research Support, Non-U.S. Gov't;Review",include_context,review_or_background,unknown,abstract_available,unknown,SUB004-Q001,"Despite unknown venue label, this provides useful background for PTEN loss as a PI3K-alpha inhibitor resistance mechanism but is not direct proof."
SUB004,pmid-25146530,25146530,PMC11823746,10.1007/s00432-014-1803-3,Current clinical regulation of PI3K/PTEN/Akt/mTOR signalling in treatment of human cancer.,Journal of cancer research and clinical oncology,2014,Journal Article;Review,include_context,review_or_background,unknown,pmc_available,unknown,SUB004-Q001;SUB004-Q003,"Despite unknown venue label, this provides useful background for PTEN loss as a PI3K-alpha inhibitor resistance mechanism but is not direct proof."
SUB004,pmid-26500061,26500061,PMC4846581,10.1038/onc.2015.406,"PI3K-p110α mediates resistance to HER2-targeted therapy in HER2+, PTEN-deficient breast cancers.",Oncogene,2015,Journal Article,include_context,analogous_context,unknown,pmc_available,unknown,SUB004-Q001;SUB004-Q002,PTEN-deficient HER2 model clarifies PI3K isoform dependence but addresses HER2-targeted therapy resistance rather than acquired PI3K-alpha resistance.
SUB004,pmid-26929372,26929372,PMC4801318,10.1073/pnas.1523693113,Pten loss promotes MAPK pathway dependency in HER2/neu breast carcinomas.,Proceedings of the National Academy of Sciences of the United States of America,2016,"Journal Article;Research Support, N.I.H., Extramural;Research Support, Non-U.S. Gov't",include_context,analogous_context,unknown,pmc_available,unknown,SUB004-Q002,PTEN loss and MAPK dependency in HER2 tumors supports pathway plausibility but not acquired PI3K-alpha inhibitor resistance timing.
SUB004,pmid-27048245,27048245,PMC4820873,10.1186/s13058-016-0697-1,Activation of IGF1R/p110β/AKT/mTOR confers resistance to α-specific PI3K inhibition.,Breast cancer research : BCR,2016,"Journal Article;Research Support, Non-U.S. Gov't",include_context,analogous_context,unknown,pmc_available,unknown,SUB004-Q002,"IGF1R/p110beta/AKT/mTOR resistance is a pathway-reactivation mechanism adjacent to PTEN loss, not PTEN-specific primary evidence."
SUB004,pmid-27604488,27604488,PMC5050154,10.1158/2159-8290.CD-16-0305,Systematic Functional Characterization of Resistance to PI3K Inhibition in Breast Cancer.,Cancer discovery,2016,Journal Article,include_context,primary_mechanism,unknown,pmc_available,unknown,SUB004-Q001;SUB004-Q002,"The resistance screen is useful PI3K inhibitor context, but the abstract is not specifically PTEN-loss acquired resistance."
SUB004,pmid-27639383,27639383,unknown,10.1007/s13277-016-5381-7,Addition of the p110α inhibitor BYL719 overcomes targeted therapy resistance in cells from Her2-positive-PTEN-loss breast cancer.,Tumour biology : the journal of the International Society for Oncodevelopmental Biology and Medicine,2016,Journal Article,include_context,analogous_context,unknown,abstract_available,unknown,SUB004-Q001;SUB004-Q002,BYL719 overcoming HER2-targeted resistance is relevant pathway context but not direct PTEN-loss acquired resistance evidence.
SUB004,pmid-28057891,28057891,unknown,10.1042/CS20160026,"Prostate cancer, PI3K, PTEN and prognosis.","Clinical science (London, England : 1979)",2017,"Journal Article;Review;Research Support, Non-U.S. Gov't",include_context,review_or_background,unknown,abstract_available,unknown,SUB004-Q001;SUB004-Q002,Prostate PI3K/PTEN/prognosis review provides PTEN-pathway background but not acquired alpelisib resistance.
SUB004,pmid-28723560,28723560,PMC5704918,10.1016/j.celrep.2017.06.054,CRKL Mediates p110β-Dependent PI3K Signaling in PTEN-Deficient Cancer Cells.,Cell reports,2017,"Journal Article;Research Support, N.I.H., Extramural;Research Support, Non-U.S. Gov't",include_context,review_or_background,unknown,pmc_available,unknown,SUB004-Q001;SUB004-Q002,PTEN-deficient tumor review gives context for therapeutic vulnerabilities but is not alpha-specific.
SUB004,pmid-29110152,29110152,PMC5821069,10.1007/s10549-017-4533-9,Low PTEN levels and PIK3CA mutations predict resistance to neoadjuvant lapatinib and trastuzumab without chemotherapy in patients with HER2 over-expressing breast cancer.,Breast cancer research and treatment,2017,"Clinical Trial, Phase II;Journal Article;Multicenter Study;Research Support, N.I.H., Extramural;Research Support, U.S. Gov't, Non-P.H.S.",include_context,clinical_or_translational,unknown,pmc_available,unknown,SUB004-Q003,"Low PTEN predicts anti-HER2 treatment resistance, but the abstract does not show acquired PTEN loss after PI3K-alpha inhibition."
SUB004,pmid-29455665,29455665,PMC5817727,10.1186/s12943-018-0803-3,"PTEN/PTENP1: 'Regulating the regulator of RTK-dependent PI3K/Akt signalling', new targets for cancer therapy.",Molecular cancer,2018,"Journal Article;Research Support, Non-U.S. Gov't;Review",include_context,review_or_background,unknown,pmc_available,unknown,SUB004-Q001;SUB004-Q002,PTEN/PTENP1 review frames RTK-dependent PI3K/Akt regulation relevant to PTEN-loss biology.
SUB004,pmid-30738865,30738865,unknown,10.1016/j.semcancer.2019.02.001,Mechanisms of PTEN loss in cancer: It's all about diversity.,Seminars in cancer biology,2019,"Journal Article;Research Support, Non-U.S. Gov't;Review",include_context,review_or_background,unknown,abstract_available,unknown,SUB004-Q001,PTEN-loss mechanisms review provides background for distinguishing acquired loss from baseline alteration.
SUB004,pmid-31501265,31501265,PMC6886455,10.1101/cshperspect.a036293,Precise Immunodetection of PTEN Protein in Human Neoplasia.,Cold Spring Harbor perspectives in medicine,2019,"Journal Article;Research Support, Non-U.S. Gov't;Review",include_context,review_or_background,unknown,pmc_available,unknown,SUB004-Q003,PTEN immunodetection methods can help interpret patient PTEN-loss evidence after full-text verification.
SUB004,pmid-31703360,31703360,PMC6921025,10.3390/biom9110713,The Mechanisms Underlying PTEN Loss in Human Tumors Suggest Potential Therapeutic Opportunities.,Biomolecules,2019,"Journal Article;Research Support, N.I.H., Extramural;Research Support, Non-U.S. Gov't;Review",include_context,review_or_background,unknown,pmc_available,unknown,SUB004-Q001;SUB004-Q002,Mechanistic PTEN-loss review is useful context but not direct PI3K-alpha resistance evidence.
SUB004,pmid-32169477,32169477,unknown,10.1016/j.jtho.2020.01.027,Alterations in the PI3K Pathway Drive Resistance to MET Inhibitors in NSCLC Harboring MET Exon 14 Skipping Mutations.,Journal of thoracic oncology : official publication of the International Association for the Study of Lung Cancer,2020,"Journal Article;Research Support, Non-U.S. Gov't;Review",include_context,review_or_background,unknown,abstract_available,unknown,SUB004-Q001;SUB004-Q002,Frames PTEN/PI3K resistance biology or clinical context without proving acquired PTEN-loss resistance to PI3K-alpha inhibition.
SUB004,pmid-32360668,32360668,unknown,10.1016/j.bbamcr.2020.118731,Deregulated PTEN/PI3K/AKT/mTOR signaling in prostate cancer: Still a potential druggable target?,Biochimica et biophysica acta. Molecular cell research,2020,Journal Article;Review,include_context,review_or_background,unknown,abstract_available,unknown,SUB004-Q001,Frames PTEN/PI3K resistance biology or clinical context without proving acquired PTEN-loss resistance to PI3K-alpha inhibition.
SUB004,pmid-32430488,32430488,PMC7357849,10.1158/1535-7163.MCT-19-1036,Pathway-Specific Genome Editing of PI3K/mTOR Tumor Suppressor Genes Reveals that PTEN Loss Contributes to Cetuximab Resistance in Head and Neck Cancer.,Molecular cancer therapeutics,2020,"Journal Article;Research Support, N.I.H., Extramural;Research Support, Non-U.S. Gov't",include_context,primary_mechanism,unknown,pmc_available,unknown,SUB004-Q001;SUB004-Q002,"Relevant PTEN or PI3K-pathway resistance context, but the abstract does not show acquired PTEN loss after PI3K-alpha inhibitor exposure."
SUB004,pmid-32672423,32672423,PMC7411640,10.15252/emmm.202011987,Combined targeting of G protein-coupled receptor and EGF receptor signaling overcomes resistance to PI3K pathway inhibitors in PTEN-null triple negative breast cancer.,EMBO molecular medicine,2020,"Journal Article;Research Support, Non-U.S. Gov't",include_context,primary_mechanism,unknown,pmc_available,unknown,SUB004-Q001;SUB004-Q002;SUB004-Q003,"Relevant PTEN or PI3K-pathway resistance context, but the abstract does not show acquired PTEN loss after PI3K-alpha inhibitor exposure."
SUB004,pmid-32997991,32997991,PMC7571617,10.1016/j.celrep.2020.108196,Divergent Roles of PI3K Isoforms in PTEN-Deficient Glioblastomas.,Cell reports,2020,"Journal Article;Research Support, N.I.H., Extramural;Research Support, Non-U.S. Gov't",include_context,analogous_context,unknown,pmc_available,unknown,SUB004-Q001;SUB004-Q002,"PTEN-deficient glioblastoma models inform PI3K isoform dependence, but not acquired PTEN loss after PI3K-alpha treatment."
SUB004,pmid-33105713,33105713,PMC7690430,10.3390/cells9112342,The PTEN Conundrum: How to Target PTEN-Deficient Prostate Cancer.,Cells,2020,"Journal Article;Research Support, Non-U.S. Gov't;Review",include_context,review_or_background,unknown,pmc_available,unknown,SUB004-Q001;SUB004-Q002;SUB004-Q003,Frames PTEN/PI3K resistance biology or clinical context without proving acquired PTEN-loss resistance to PI3K-alpha inhibition.
SUB004,pmid-33371187,33371187,PMC7765949,10.3390/cancers12123857,Proteomic Resistance Biomarkers for PI3K Inhibitor in Triple Negative Breast Cancer Patient-Derived Xenograft Models.,Cancers,2020,Journal Article,include_context,primary_mechanism,unknown,pmc_available,unknown,SUB004-Q003,"Relevant PTEN or PI3K-pathway resistance context, but the abstract does not show acquired PTEN loss after PI3K-alpha inhibitor exposure."
SUB004,pmid-33865994,33865994,unknown,10.1016/j.critrevonc.2021.103334,PI3K inhibition in breast cancer: Identifying and overcoming different flavors of resistance.,Critical reviews in oncology/hematology,2021,Journal Article;Review,include_context,review_or_background,unknown,abstract_available,unknown,SUB004-Q001;SUB004-Q002,Frames PTEN/PI3K resistance biology or clinical context without proving acquired PTEN-loss resistance to PI3K-alpha inhibition.
SUB004,pmid-33907203,33907203,PMC8079403,10.1038/s41598-021-88331-3,PTEN is a predictive biomarker of trastuzumab resistance and prognostic factor in HER2-overexpressing gastroesophageal adenocarcinoma.,Scientific reports,2021,"Journal Article;Multicenter Study;Research Support, Non-U.S. Gov't",include_context,primary_mechanism,unknown,pmc_available,unknown,SUB004-Q001;SUB004-Q002,"Relevant PTEN or PI3K-pathway resistance context, but the abstract does not show acquired PTEN loss after PI3K-alpha inhibitor exposure."
SUB004,pmid-34067117,34067117,PMC8125641,10.3390/cancers13092250,IGF2 Mediates Resistance to Isoform-Selective-Inhibitors of the PI3K in HPV Positive Head and Neck Cancer.,Cancers,2021,Journal Article,include_context,primary_mechanism,unknown,pmc_available,unknown,SUB004-Q003,"Relevant PTEN or PI3K-pathway resistance context, but the abstract does not show acquired PTEN loss after PI3K-alpha inhibitor exposure."
SUB004,pmid-35011901,35011901,PMC8745410,10.3390/jcm11010160,Overview of the Development and Use of Akt Inhibitors in Prostate Cancer.,Journal of clinical medicine,2021,Journal Article;Review,include_context,review_or_background,unknown,pmc_available,unknown,SUB004-Q001;SUB004-Q002,Frames PTEN/PI3K resistance biology or clinical context without proving acquired PTEN-loss resistance to PI3K-alpha inhibition.
SUB004,pmid-35318116,35318116,unknown,10.1016/j.canlet.2022.215660,PI3K inhibitor impairs tumor progression and enhances sensitivity to anlotinib in anlotinib-resistant osteosarcoma.,Cancer letters,2022,"Journal Article;Research Support, Non-U.S. Gov't",include_context,primary_mechanism,unknown,abstract_available,unknown,SUB004-Q001;SUB004-Q002;SUB004-Q003,"Relevant PTEN or PI3K-pathway resistance context, but the abstract does not show acquired PTEN loss after PI3K-alpha inhibitor exposure."
SUB004,pmid-35372075,35372075,PMC8971716,10.3389/fonc.2022.825484,Systemic Deficiency of PTEN Accelerates Breast Cancer Growth and Metastasis.,Frontiers in oncology,2022,Journal Article,include_context,analogous_context,unknown,pmc_available,unknown,SUB004-Q001;SUB004-Q002,PTEN/PI3K pathway or analogous therapy-resistance context; useful for plausibility but not direct acquired PI3K-alpha resistance.
SUB004,pmid-35719951,35719951,PMC9203999,10.3389/fonc.2022.862806,Fibroblast-Induced Paradoxical PI3K Pathway Activation in PTEN-Competent Colorectal Cancer: Implications for Therapeutic PI3K/mTOR Inhibition.,Frontiers in oncology,2022,Journal Article,include_context,analogous_context,unknown,pmc_available,unknown,SUB004-Q001;SUB004-Q002,PTEN/PI3K pathway or analogous therapy-resistance context; useful for plausibility but not direct acquired PI3K-alpha resistance.
SUB004,pmid-35946516,35946516,unknown,10.1097/CAD.0000000000001329,KDM5B regulates the PTEN/PI3K/Akt pathway to increase sorafenib-resistance in hepatocellular carcinoma.,Anti-cancer drugs,2022,Journal Article,include_context,analogous_context,unknown,abstract_available,unknown,SUB004-Q001;SUB004-Q002,PTEN/PI3K pathway or analogous therapy-resistance context; useful for plausibility but not direct acquired PI3K-alpha resistance.
SUB004,pmid-35968355,35968355,PMC9360227,unknown,PI3K inhibitors in trastuzumab-resistant HER2-positive breast cancer cells with PI3K pathway alterations.,American journal of cancer research,2022,Journal Article,include_context,analogous_context,unknown,pmc_available,unknown,SUB004-Q001;SUB004-Q002,PTEN/PI3K pathway or analogous therapy-resistance context; useful for plausibility but not direct acquired PI3K-alpha resistance.
SUB004,pmid-36192478,36192478,unknown,10.1038/s41388-022-02485-6,Linear ubiquitination of PTEN impairs its function to promote prostate cancer progression.,Oncogene,2022,"Journal Article;Research Support, Non-U.S. Gov't",include_context,analogous_context,unknown,abstract_available,unknown,SUB004-Q003,PTEN/PI3K pathway or analogous therapy-resistance context; useful for plausibility but not direct acquired PI3K-alpha resistance.
SUB004,pmid-36243841,36243841,unknown,10.1007/978-3-031-06566-8_4,PTEN in Immunity.,Current topics in microbiology and immunology,2022,Journal Article,include_context,analogous_context,unknown,abstract_available,unknown,SUB004-Q001;SUB004-Q002,PTEN/PI3K pathway or analogous therapy-resistance context; useful for plausibility but not direct acquired PI3K-alpha resistance.
SUB004,pmid-36916430,36916430,unknown,10.1016/j.biopha.2022.114204,Progress in targeting PTEN/PI3K/Akt axis in glioblastoma therapy: Revisiting molecular interactions.,Biomedicine & pharmacotherapy = Biomedecine & pharmacotherapie,2023,Journal Article;Review,include_context,analogous_context,unknown,abstract_available,unknown,SUB004-Q001;SUB004-Q002,PTEN/PI3K pathway or analogous therapy-resistance context; useful for plausibility but not direct acquired PI3K-alpha resistance.
SUB004,pmid-37070134,37070134,PMC10334275,10.1111/cpr.13404,YTHDC1 positively regulates PTEN expression and plays a critical role in cisplatin resistance of bladder cancer.,Cell proliferation,2023,Journal Article,include_context,analogous_context,unknown,pmc_available,unknown,SUB004-Q001;SUB004-Q002,PTEN/PI3K pathway or analogous therapy-resistance context; useful for plausibility but not direct acquired PI3K-alpha resistance.
SUB004,pmid-37205308,37205308,PMC10185445,10.37349/etat.2023.00128,Cancer resistance via the downregulation of the tumor suppressors RKIP and PTEN expressions: therapeutic implications.,Exploration of targeted anti-tumor therapy,2023,Journal Article;Review,include_context,analogous_context,unknown,pmc_available,unknown,SUB004-Q001;SUB004-Q002,PTEN/PI3K pathway or analogous therapy-resistance context; useful for plausibility but not direct acquired PI3K-alpha resistance.
SUB004,pmid-37292818,37292818,PMC10246239,10.21203/rs.3.rs-2924750/v1,PTEN regulated PI3K-p110 and AKT isoform plasticity controls metastatic prostate cancer progression.,Research square,2023,Preprint;Journal Article,include_context,analogous_context,unknown,pmc_available,unknown,SUB004-Q001;SUB004-Q002,PTEN/PI3K pathway or analogous therapy-resistance context; useful for plausibility but not direct acquired PI3K-alpha resistance.
SUB004,pmid-37311042,37311042,unknown,10.1158/0008-5472.CAN-22-3023,PTEN Loss Confers Resistance to Anti-PD-1 Therapy in Non-Small Cell Lung Cancer by Increasing Tumor Infiltration of Regulatory T Cells.,Cancer research,2023,"Journal Article;Research Support, Non-U.S. Gov't",include_context,analogous_context,unknown,abstract_available,unknown,SUB004-Q001;SUB004-Q002,PTEN/PI3K pathway or analogous therapy-resistance context; useful for plausibility but not direct acquired PI3K-alpha resistance.
SUB004,pmid-37490949,37490949,unknown,10.1016/j.ejphar.2023.175909,"PI3K/Akt signaling in urological cancers: Tumorigenesis function, therapeutic potential, and therapy response regulation.",European journal of pharmacology,2023,Journal Article;Review,include_context,analogous_context,unknown,abstract_available,unknown,SUB004-Q001;SUB004-Q002;SUB004-Q003,PTEN/PI3K pathway or analogous therapy-resistance context; useful for plausibility but not direct acquired PI3K-alpha resistance.
SUB004,pmid-37547448,37547448,PMC10399250,10.1177/17588359231189422,PTEN in triple-negative breast carcinoma: protein expression and genomic alteration in pretreatment and posttreatment specimens.,Therapeutic advances in medical oncology,2023,Journal Article,include_context,analogous_context,unknown,pmc_available,unknown,SUB004-Q003,PTEN/PI3K pathway or analogous therapy-resistance context; useful for plausibility but not direct acquired PI3K-alpha resistance.
SUB004,pmid-37706278,37706278,PMC10637061,10.1111/cas.15960,Cholesterol biogenesis is a PTEN-dependent actionable node for the treatment of endocrine therapy-refractory cancers.,Cancer science,2023,Journal Article,include_context,analogous_context,unknown,pmc_available,unknown,SUB004-Q002,PTEN/PI3K pathway or analogous therapy-resistance context; useful for plausibility but not direct acquired PI3K-alpha resistance.
SUB004,pmid-37875657,37875657,PMC10766561,10.1038/s41388-023-02875-4,PTEN-regulated PI3K-p110 and AKT isoform plasticity controls metastatic prostate cancer progression.,Oncogene,2023,"Journal Article;Research Support, N.I.H., Extramural;Research Support, Non-U.S. Gov't",include_context,analogous_context,unknown,pmc_available,unknown,SUB004-Q001;SUB004-Q002,PTEN/PI3K pathway or analogous therapy-resistance context; useful for plausibility but not direct acquired PI3K-alpha resistance.
SUB004,pmid-37922723,37922723,unknown,10.1016/j.prp.2023.154902,New emerging targets in osteosarcoma therapy: PTEN and PI3K/Akt crosstalk in carcinogenesis.,"Pathology, research and practice",2023,Journal Article;Review,include_context,analogous_context,unknown,abstract_available,unknown,SUB004-Q001;SUB004-Q002,PTEN/PI3K pathway or analogous therapy-resistance context; useful for plausibility but not direct acquired PI3K-alpha resistance.
SUB004,pmid-38524002,38524002,PMC10961105,10.7759/cureus.54765,Mutation of PTEN: Loss and Likelihood of Being a Non-responder to Trastuzumab in a Sample of Iraqi Her2+ Breast Cancer Patients.,Cureus,2024,Journal Article,include_context,analogous_context,unknown,pmc_available,unknown,SUB004-Q003,PTEN/PI3K pathway or analogous therapy-resistance context; useful for plausibility but not direct acquired PI3K-alpha resistance.
SUB004,pmid-38630555,38630555,unknown,10.1158/1078-0432.CCR-23-2540,Overcoming Osimertinib Resistance with AKT Inhibition in EGFRm-Driven Non-Small Cell Lung Cancer with PIK3CA/PTEN Alterations.,Clinical cancer research : an official journal of the American Association for Cancer Research,2024,Journal Article,include_context,analogous_context,unknown,abstract_available,unknown,SUB004-Q003,PTEN/PI3K pathway or analogous therapy-resistance context; useful for plausibility but not direct acquired PI3K-alpha resistance.
SUB004,pmid-38671436,38671436,PMC11046879,10.1186/s12964-024-01618-6,PTEN: an emerging target in rheumatoid arthritis?,Cell communication and signaling : CCS,2024,"Journal Article;Review;Research Support, Non-U.S. Gov't",include_context,review_or_background,unknown,pmc_available,unknown,SUB004-Q001;SUB004-Q002,PTEN/PI3K pathway biology is relevant background but abstract does not show acquired PI3K-alpha resistance.
SUB004,pmid-38815877,38815877,unknown,10.1016/j.critrevonc.2024.104404,Navigating the complexity of PI3K/AKT pathway in HER-2 negative breast cancer: biomarkers and beyond.,Critical reviews in oncology/hematology,2024,Journal Article;Review,include_context,review_or_background,unknown,abstract_available,unknown,SUB004-Q003,PTEN/PI3K pathway biology is relevant background but abstract does not show acquired PI3K-alpha resistance.
SUB004,pmid-38904018,38904018,PMC11186361,10.7150/ijbs.93375,HDAC Inhibition Sensitize Hepatocellular Carcinoma to Lenvatinib via Suppressing AKT Activation.,International journal of biological sciences,2024,"Journal Article;Research Support, Non-U.S. Gov't",include_context,review_or_background,unknown,pmc_available,unknown,SUB004-Q003,PTEN/PI3K pathway biology is relevant background but abstract does not show acquired PI3K-alpha resistance.
SUB004,pmid-38920692,38920692,PMC11201409,10.3390/cells13121064,Combination Therapy Approach to Overcome the Resistance to PI3K Pathway Inhibitors in Gynecological Cancers.,Cells,2024,"Journal Article;Review;Research Support, N.I.H., Intramural",include_context,review_or_background,unknown,pmc_available,unknown,SUB004-Q001;SUB004-Q002,PTEN/PI3K pathway biology is relevant background but abstract does not show acquired PI3K-alpha resistance.
SUB004,pmid-38936094,38936094,unknown,10.1016/j.prp.2024.155401,A comprehensive review of the PTEN/PI3K/Akt axis in multiple myeloma: From molecular interactions to potential therapeutic targets.,"Pathology, research and practice",2024,Journal Article;Review,include_context,review_or_background,unknown,abstract_available,unknown,SUB004-Q001;SUB004-Q002,PTEN/PI3K pathway biology is relevant background but abstract does not show acquired PI3K-alpha resistance.
SUB004,pmid-38967602,38967602,unknown,10.1089/adt.2024.007,MiR-22-3p Inhibits 5-Fluorouracil Resistance in Cholangiocarcinoma Cells Through PTEN/PI3K/AKT Axis.,Assay and drug development technologies,2024,Journal Article,include_context,review_or_background,unknown,abstract_available,unknown,SUB004-Q001;SUB004-Q002;SUB004-Q003,PTEN/PI3K pathway biology is relevant background but abstract does not show acquired PI3K-alpha resistance.
SUB004,pmid-38978604,38978604,PMC11230483,10.21203/rs.3.rs-4021885/v1,Diet induced insulin resistance is due to induction of PTEN expression.,Research square,2024,Journal Article;Preprint,include_context,review_or_background,unknown,pmc_available,unknown,SUB004-Q001;SUB004-Q002,PTEN/PI3K pathway biology is relevant background but abstract does not show acquired PI3K-alpha resistance.
SUB004,pmid-39061577,39061577,PMC11273977,10.3390/ani14142115,Immunohistochemical Expression of PTEN in Canine Gliomas.,Animals : an open access journal from MDPI,2024,Journal Article,include_context,review_or_background,unknown,pmc_available,unknown,SUB004-Q001;SUB004-Q002,PTEN/PI3K pathway biology is relevant background but abstract does not show acquired PI3K-alpha resistance.
SUB004,pmid-39080255,39080255,PMC11289284,10.1038/s41420-024-02094-0,Myeloid PTEN loss affects the therapeutic response by promoting stress granule assembly and impairing phagocytosis by macrophages in breast cancer.,Cell death discovery,2024,Journal Article,include_context,review_or_background,unknown,pmc_available,unknown,SUB004-Q001,PTEN/PI3K pathway biology is relevant background but abstract does not show acquired PI3K-alpha resistance.
SUB004,pmid-39092562,39092562,PMC11705819,10.1002/1878-0261.13703,"Assessments of prostate cancer cell functions highlight differences between a pan-PI3K/mTOR inhibitor, gedatolisib, and single-node inhibitors of the PI3K/AKT/mTOR pathway.",Molecular oncology,2024,Journal Article,include_context,analogous_context,unknown,pmc_available,unknown,SUB004-Q001;SUB004-Q002,PTEN/PIK3CA-stratified prostate models compare pathway inhibitors but do not show PTEN loss as acquired PI3K-alpha resistance.
SUB004,pmid-39107323,39107323,PMC11303729,10.1038/s41598-024-65508-0,Piperine enhances doxorubicin sensitivity in triple-negative breast cancer by targeting the PI3K/Akt/mTOR pathway and cancer stem cells.,Scientific reports,2024,Journal Article,include_context,review_or_background,unknown,pmc_available,unknown,SUB004-Q002,PTEN/PI3K pathway or adjacent resistance biology is useful background but not direct acquired PI3K-alpha resistance evidence.
SUB004,pmid-39113885,39113885,PMC11302559,10.7150/ijms.84320,Dual PI3K/mTOR Inhibitor BEZ235 combined with BMS-1166 Promoting Apoptosis in Colorectal Cancer.,International journal of medical sciences,2024,Journal Article,include_context,review_or_background,unknown,pmc_available,unknown,SUB004-Q002,PTEN/PI3K pathway or adjacent resistance biology is useful background but not direct acquired PI3K-alpha resistance evidence.
SUB004,pmid-39117092,39117092,unknown,10.1016/j.bbcan.2024.189165,Decoding PTEN regulation in clear cell renal cell carcinoma: Pathway for biomarker discovery and therapeutic insights.,Biochimica et biophysica acta. Reviews on cancer,2024,"Journal Article;Review;Research Support, Non-U.S. Gov't",include_context,review_or_background,unknown,abstract_available,unknown,SUB004-Q001;SUB004-Q002;SUB004-Q003,PTEN/PI3K pathway biology is relevant background but abstract does not show acquired PI3K-alpha resistance.
SUB004,pmid-39158100,39158100,PMC11497468,10.1182/bloodadvances.2024013205,Impact of PIK3CA gain and PTEN loss on mantle cell lymphoma biology and sensitivity to targeted therapies.,Blood advances,2024,"Journal Article;Research Support, Non-U.S. Gov't",include_context,analogous_context,unknown,pmc_available,unknown,SUB004-Q002,"Engineered PTEN loss affects PI3K inhibitor sensitivity in mantle cell lymphoma but is baseline/perturbation evidence, not acquired PI3K-alpha resistance."
SUB004,pmid-39197453,39197453,unknown,10.1016/j.devcel.2024.08.003,Secreted PTEN binds PLXDC2 on macrophages to drive antitumor immunity and tumor suppression.,Developmental cell,2024,"Journal Article;Research Support, Non-U.S. Gov't",include_context,review_or_background,unknown,abstract_available,unknown,SUB004-Q003,PTEN/PI3K pathway biology is relevant background but abstract does not show acquired PI3K-alpha resistance.
SUB004,pmid-39284903,39284903,PMC11405844,10.1038/s41598-024-69252-3,A retrospective analysis suggests PTEN expression is associated with favorable clinicopathological features of breast cancer.,Scientific reports,2024,Journal Article,include_context,review_or_background,unknown,pmc_available,unknown,SUB004-Q003,PTEN/PI3K pathway biology is relevant background but abstract does not show acquired PI3K-alpha resistance.
SUB004,pmid-39301544,39301544,PMC11410594,10.3389/fonc.2024.1328728,Mechanisms of resistance to KRASG12C inhibitors in KRASG12C-mutated non-small cell lung cancer.,Frontiers in oncology,2024,Journal Article;Review,include_context,review_or_background,unknown,pmc_available,unknown,SUB004-Q002,PTEN/PI3K pathway or adjacent resistance biology is useful background but not direct acquired PI3K-alpha resistance evidence.
SUB004,pmid-39627385,39627385,PMC11950241,10.1038/s41401-024-01427-0,"Ivacaftor, a CFTR potentiator, synergizes with osimertinib against acquired resistance to osimertinib in NSCLC by regulating CFTR-PTEN-AKT axis.",Acta pharmacologica Sinica,2024,Journal Article,include_context,review_or_background,unknown,pmc_available,unknown,SUB004-Q001;SUB004-Q002,PTEN/PI3K pathway or adjacent resistance biology is useful background but not direct acquired PI3K-alpha resistance evidence.
SUB004,pmid-39682746,39682746,PMC11639977,10.3390/cells13231999,Therapeutic Exploitation of Neuroendocrine Transdifferentiation Drivers in Prostate Cancer.,Cells,2024,"Journal Article;Review;Research Support, Non-U.S. Gov't",include_context,review_or_background,unknown,pmc_available,unknown,SUB004-Q003,PTEN/PI3K pathway biology is relevant background but abstract does not show acquired PI3K-alpha resistance.
SUB004,pmid-39732171,39732171,PMC11791317,10.1016/j.jbc.2024.108143,PTEN loss in glioma cell lines leads to increased extracellular vesicle biogenesis and PD-L1 cargo in a PI3K-dependent manner.,The Journal of biological chemistry,2024,"Journal Article;Research Support, N.I.H., Extramural",include_context,review_or_background,unknown,pmc_available,unknown,SUB004-Q002,PTEN/PI3K pathway biology is relevant background but abstract does not show acquired PI3K-alpha resistance.
SUB004,pmid-39738797,39738797,PMC11685982,10.1038/s41598-024-83938-8,MiR-363-3p induces tamoxifen resistance in breast cancer cells through PTEN modulation.,Scientific reports,2024,"Journal Article;Research Support, Non-U.S. Gov't",include_context,review_or_background,unknown,pmc_available,unknown,SUB004-Q001;SUB004-Q002,PTEN/PI3K pathway biology is relevant background but abstract does not show acquired PI3K-alpha resistance.
SUB004,pmid-39865080,39865080,PMC11770131,10.1038/s41419-025-07361-1,p53-loss induced prostatic epithelial cell plasticity and invasion is driven by a crosstalk with the tumor microenvironment.,Cell death & disease,2025,Journal Article,include_context,review_or_background,unknown,pmc_available,unknown,SUB004-Q003,PTEN/PI3K pathway biology is relevant background but abstract does not show acquired PI3K-alpha resistance.
SUB004,pmid-39919177,39919177,PMC11804928,10.1126/sciadv.adq3802,Uncoupling of Akt and mTOR signaling drives resistance to Akt inhibition in PTEN loss prostate cancers.,Science advances,2025,Journal Article,include_context,review_or_background,unknown,pmc_available,unknown,SUB004-Q001;SUB004-Q002,PTEN/PI3K pathway biology is relevant background but abstract does not show acquired PI3K-alpha resistance.
SUB004,pmid-39920872,39920872,PMC11806886,10.1186/s40170-025-00375-5,CD36 inhibition enhances the anti-proliferative effects of PI3K inhibitors in PTEN-loss anti-HER2 resistant breast cancer cells.,Cancer & metabolism,2025,Journal Article,include_context,analogous_context,unknown,pmc_available,unknown,SUB004-Q002,PTEN-loss anti-HER2-resistant cells inform PTEN/PI3K pathway context but do not show acquired PI3K-alpha inhibitor resistance.
SUB004,pmid-40020984,40020984,unknown,10.1016/j.ejphar.2025.177432,Targeting PI3K in cancer treatment: A comprehensive review with insights from clinical outcomes.,European journal of pharmacology,2025,Journal Article;Review,include_context,review_or_background,unknown,abstract_available,unknown,SUB004-Q001;SUB004-Q002;SUB004-Q003,PTEN/PI3K pathway biology is relevant background but abstract does not show acquired PI3K-alpha resistance.
SUB004,pmid-40027768,40027768,PMC11870551,10.1101/2025.02.17.638677,DAF-18/PTEN protects LIN-35/Rb from CLP-1/CAPN-mediated cleavage to promote starvation resistance.,bioRxiv : the preprint server for biology,2025,Journal Article;Preprint,include_context,review_or_background,unknown,pmc_available,unknown,SUB004-Q001;SUB004-Q002,PTEN/PI3K pathway biology is relevant background but abstract does not show acquired PI3K-alpha resistance.
SUB004,pmid-40044981,40044981,PMC11997055,10.1038/s41416-025-02942-5,EphB4-ephrin-B2 are targets in castration resistant prostate cancer.,British journal of cancer,2025,Journal Article,include_context,review_or_background,unknown,pmc_available,unknown,SUB004-Q003,PTEN/PI3K pathway biology is relevant background but abstract does not show acquired PI3K-alpha resistance.
SUB004,pmid-40049296,40049296,unknown,10.1016/j.bcp.2025.116850,Strategic advancements in targeting the PI3K/AKT/mTOR pathway for Breast cancer therapy.,Biochemical pharmacology,2025,"Journal Article;Review;Research Support, U.S. Gov't, Non-P.H.S.;Research Support, N.I.H., Extramural",include_context,review_or_background,unknown,abstract_available,unknown,SUB004-Q001;SUB004-Q002;SUB004-Q003,PTEN/PI3K pathway biology is relevant background but abstract does not show acquired PI3K-alpha resistance.
SUB004,pmid-40063317,40063317,unknown,10.1007/s10549-025-07660-3,PTEN inactivating mutations are associated with hormone receptor loss during breast cancer recurrence.,Breast cancer research and treatment,2025,Journal Article,include_context,review_or_background,unknown,abstract_available,unknown,SUB004-Q003,PTEN/PI3K pathway biology is relevant background but abstract does not show acquired PI3K-alpha resistance.
SUB004,pmid-40129883,40129883,PMC11930710,10.1016/j.toxrep.2025.101987,PTEN-mediated resistance in cancer: From foundation to future therapies.,Toxicology reports,2025,Journal Article;Review,include_context,review_or_background,unknown,pmc_available,unknown,SUB004-Q001,PTEN/PI3K pathway biology is relevant background but abstract does not show acquired PI3K-alpha resistance.
SUB004,pmid-40152704,40152704,PMC12226217,10.1158/2159-8290.CD-24-0807,Somatic Uniparental Disomy of PTEN in Endothelial Cells Causes Vascular Malformations in Patients with PTEN Hamartoma Tumor Syndrome.,Cancer discovery,2025,Journal Article,include_context,review_or_background,unknown,pmc_available,unknown,SUB004-Q003,PTEN/PI3K pathway biology is relevant background but abstract does not show acquired PI3K-alpha resistance.
SUB004,pmid-40196497,40196497,PMC11974787,10.1101/2025.03.25.645201,Diet induced insulin resistance is due to induction of PTEN expression.,bioRxiv : the preprint server for biology,2025,Journal Article;Preprint,include_context,review_or_background,unknown,pmc_available,unknown,SUB004-Q001,PTEN/PI3K pathway biology is relevant background but abstract does not show acquired PI3K-alpha resistance.
SUB004,pmid-40219757,40219757,PMC11995766,10.1080/07853890.2025.2490823,Corticotropin-releasing hormone inhibits autophagy by suppressing PTEN to promote apoptosis in dermal papilla cells.,Annals of medicine,2025,Journal Article,include_context,review_or_background,unknown,pmc_available,unknown,SUB004-Q001;SUB004-Q002,PTEN/PI3K pathway biology is relevant background but abstract does not show acquired PI3K-alpha resistance.
SUB004,pmid-40277461,40277461,unknown,10.1158/1078-0432.CCR-24-3848,p-AKT Protein Expression Predicts Response to AKT Inhibitor Combined with Docetaxel Therapy in Adenocarcinoma and Neuroendocrine Prostate Cancer.,Clinical cancer research : an official journal of the American Association for Cancer Research,2025,Journal Article,include_context,review_or_background,unknown,abstract_available,unknown,SUB004-Q003,PTEN/PI3K pathway biology is relevant background but abstract does not show acquired PI3K-alpha resistance.
SUB004,pmid-40336047,40336047,PMC12057143,10.1186/s13046-025-03386-8,"Targeted inhibition of PDGFRA with avapritinib, markedly enhances lenvatinib efficacy in hepatocellular carcinoma in vitro and in vivo: clinical implications.",Journal of experimental & clinical cancer research : CR,2025,Journal Article,include_context,review_or_background,unknown,pmc_available,unknown,SUB004-Q003,PTEN/PI3K pathway biology is relevant background but abstract does not show acquired PI3K-alpha resistance.
SUB004,pmid-40465692,40465692,PMC12662021,10.1126/scitranslmed.adk7786,Inhibition of NR2F2 restores hormone therapy response to endocrine refractory breast cancers.,Science translational medicine,2025,"Journal Article;Research Support, Non-U.S. Gov't;Research Support, N.I.H., Extramural",include_context,review_or_background,unknown,pmc_available,unknown,SUB004-Q003,PTEN/PI3K pathway biology is relevant background but abstract does not show acquired PI3K-alpha resistance.
SUB004,pmid-40533484,40533484,unknown,10.1038/s41388-025-03468-z,PTEN neddylation aggravates CDK4/6 inhibitor resistance in breast cancer.,Oncogene,2025,Journal Article,include_context,review_or_background,unknown,abstract_available,unknown,SUB004-Q001;SUB004-Q002,PTEN/PI3K pathway biology is relevant background but abstract does not show acquired PI3K-alpha resistance.
SUB004,pmid-40605508,40605508,unknown,10.1158/2159-8290.CD-25-0666,Lessons from the Oncology Clinic: Repurposing PI3K Pathway Inhibitors for the Treatment of PTEN Hamartoma Tumor Syndrome.,Cancer discovery,2025,Journal Article,include_context,review_or_background,unknown,abstract_available,unknown,SUB004-Q001;SUB004-Q002,PTEN/PI3K pathway biology is relevant background but abstract does not show acquired PI3K-alpha resistance.
SUB004,pmid-40647529,40647529,PMC12248877,10.3390/cancers17132232,The PI3K/Akt/mTOR Signaling Pathway in Triple-Negative Breast Cancer: A Resistance Pathway and a Prime Target for Targeted Therapies.,Cancers,2025,Journal Article;Review,include_context,review_or_background,unknown,pmc_available,unknown,SUB004-Q001,PTEN/PI3K pathway biology is relevant background but abstract does not show acquired PI3K-alpha resistance.
SUB004,pmid-40764107,40764107,PMC12336572,10.1136/jitc-2025-012288,"Genetic drivers of tumor microenvironment and immunotherapy resistance in non-small cell lung cancer: the role of KEAP1, SMARCA4, and PTEN mutations.",Journal for immunotherapy of cancer,2025,Journal Article;Review,include_context,review_or_background,unknown,pmc_available,unknown,SUB004-Q001;SUB004-Q002;SUB004-Q003,PTEN/PI3K pathway or adjacent resistance biology is useful background but not direct acquired PI3K-alpha resistance evidence.
SUB004,pmid-40790766,40790766,PMC12337439,10.1186/s13578-025-01455-1,AFF4 promotes tumor progression and cisplatin resistance by modulating the PTEN/PI3K/AKT/mTOR axis to accelerate glycolysis in lung adenocarcinoma.,Cell & bioscience,2025,Journal Article,include_context,review_or_background,unknown,pmc_available,unknown,SUB004-Q001;SUB004-Q002,PTEN/PI3K pathway biology is relevant background but abstract does not show acquired PI3K-alpha resistance.
SUB004,pmid-40850503,40850503,unknown,10.1016/j.jgg.2025.08.007,MitoQ alleviates m.3243A>G-induced mitochondrial dysfunction by stabilizing PINK1 and enhancing mitophagy.,Journal of genetics and genomics = Yi chuan xue bao,2025,Journal Article,include_context,review_or_background,unknown,abstract_available,unknown,SUB004-Q003,PTEN/PI3K pathway biology is relevant background but abstract does not show acquired PI3K-alpha resistance.
SUB004,pmid-40865526,40865526,unknown,10.1016/j.cell.2025.07.042,Tumor transcriptome-wide expression classifiers predict treatment sensitivity in advanced prostate cancers.,Cell,2025,Journal Article,include_context,review_or_background,unknown,abstract_available,unknown,SUB004-Q003,PTEN/PI3K pathway biology is relevant background but abstract does not show acquired PI3K-alpha resistance.
SUB004,pmid-40872623,40872623,PMC12388903,10.3390/ph18081235,Molecular Basis of BRAF Inhibitor Resistance in Melanoma: A Systematic Review.,"Pharmaceuticals (Basel, Switzerland)",2025,Journal Article;Review,include_context,review_or_background,unknown,pmc_available,unknown,SUB004-Q002,PTEN/PI3K pathway or adjacent resistance biology is useful background but not direct acquired PI3K-alpha resistance evidence.
SUB004,pmid-40874022,40874022,PMC12378237,10.3389/fcell.2025.1629844,The role of LKB1 in prostate cancer: implications for tumor progression and therapy.,Frontiers in cell and developmental biology,2025,Journal Article;Review,include_context,review_or_background,unknown,pmc_available,unknown,SUB004-Q003,PTEN/PI3K pathway biology is relevant background but abstract does not show acquired PI3K-alpha resistance.
SUB004,pmid-40939237,40939237,PMC12529303,10.1016/j.esmoop.2025.105569,A phase I study of AZD8186 in combination with docetaxel in patients with PTEN-mutated or PIK3CB-mutated advanced solid tumors.,ESMO open,2025,"Journal Article;Clinical Trial, Phase I",include_context,review_or_background,unknown,pmc_available,unknown,SUB004-Q003,PTEN/PI3K pathway biology is relevant background but abstract does not show acquired PI3K-alpha resistance.
SUB004,pmid-41000885,41000885,PMC12458365,10.1101/2025.09.17.676669,Loss of the tumor suppressor PTEN activates cell-intrinsic interferon signaling to drive immune resistance.,bioRxiv : the preprint server for biology,2025,Journal Article;Preprint,include_context,review_or_background,unknown,pmc_available,unknown,SUB004-Q001;SUB004-Q002,PTEN/PI3K pathway biology is relevant background but abstract does not show acquired PI3K-alpha resistance.
SUB004,pmid-41053018,41053018,PMC12501053,10.1038/s41419-025-08022-z,Endometrial cancer progression driven by PTEN-deficiency requires miR-424(322)~503.,Cell death & disease,2025,Journal Article,include_context,review_or_background,unknown,pmc_available,unknown,SUB004-Q001;SUB004-Q002,PTEN/PI3K pathway biology is relevant background but abstract does not show acquired PI3K-alpha resistance.
SUB004,pmid-41062500,41062500,PMC12508096,10.1038/s41467-025-64042-5,"Elucidating molecularly stratified single agent, and combination, therapeutic strategies targeting MCL1 for lethal prostate cancer.",Nature communications,2025,Journal Article,include_context,review_or_background,unknown,pmc_available,unknown,SUB004-Q001;SUB004-Q002;SUB004-Q003,PTEN/PI3K pathway or adjacent resistance biology is useful background but not direct acquired PI3K-alpha resistance evidence.
SUB004,pmid-41130297,41130297,PMC12686823,10.1016/j.mcpro.2025.101316,Proteomic Analysis of PTEN-Deficient Cells Reveals Src-Mediated Upregulation of EphA2 and Therapeutic Potential of Dual Inhibition.,Molecular & cellular proteomics : MCP,2025,Journal Article,include_context,review_or_background,unknown,pmc_available,unknown,SUB004-Q001;SUB004-Q002;SUB004-Q003,PTEN/PI3K pathway biology is relevant background but abstract does not show acquired PI3K-alpha resistance.
SUB004,pmid-41236673,41236673,PMC12618739,10.1007/s12672-025-03764-w,Decoding breast cancer: insights into molecular pathways & therapeutic approaches.,Discover oncology,2025,Journal Article;Review,include_context,review_or_background,unknown,pmc_available,unknown,SUB004-Q002,PTEN/PI3K pathway or adjacent resistance biology is useful background but not direct acquired PI3K-alpha resistance evidence.
SUB004,pmid-41237375,41237375,PMC13056290,10.1158/2159-8290.CD-25-1126,PTEN Loss Promotes PI3Kβ Phosphorylation and EPHA2/SRC/p-PI3KβY962 Complex Assembly to Drive Tumorigenesis.,Cancer discovery,2026,Journal Article,include_context,review_or_background,unknown,pmc_available,unknown,SUB004-Q001;SUB004-Q002,PTEN/PI3K pathway biology is relevant background but abstract does not show acquired PI3K-alpha resistance.
SUB004,pmid-41379983,41379983,PMC13022569,10.1158/1535-7163.MCT-25-0505,Targeting Tumor Microenvironment-Derived NRG1-HER2/3 Signaling with Zenocutuzumab Restores Sensitivity to AR Inhibition in PTEN Wild-type Prostate Cancer.,Molecular cancer therapeutics,2026,Journal Article,include_context,review_or_background,unknown,pmc_available,unknown,SUB004-Q001;SUB004-Q002,PTEN/PI3K pathway or adjacent resistance biology is useful background but not direct acquired PI3K-alpha resistance evidence.
SUB004,pmid-41406241,41406241,unknown,10.1126/scitranslmed.adp5088,Dual PI3K/mTOR inhibition is required to combat resistance to CDK4/6 inhibitor and endocrine therapy in PIK3CA-mutant breast cancer.,Science translational medicine,2025,"Journal Article;Research Support, Non-U.S. Gov't",include_context,review_or_background,unknown,abstract_available,unknown,SUB004-Q003,PTEN/PI3K pathway or adjacent resistance biology is useful background but not direct acquired PI3K-alpha resistance evidence.
SUB004,pmid-41408399,41408399,PMC12827249,10.1038/s42003-025-09364-2,Non-redundant roles of the phosphoinositide phosphatases PTEN and PIPP in PI3K/AKT signaling in breast cancer.,Communications biology,2025,Journal Article,include_context,review_or_background,unknown,pmc_available,unknown,SUB004-Q001;SUB004-Q002,PTEN/PI3K pathway biology is relevant background but abstract does not show acquired PI3K-alpha resistance.
SUB004,pmid-41690534,41690534,unknown,10.1016/j.critrevonc.2026.105207,Beyond EGFR inhibition in head and neck squamous cell carcinoma: Overcoming resistance mechanisms and novel therapeutic frontiers.,Critical reviews in oncology/hematology,2026,Journal Article;Review,include_context,review_or_background,unknown,abstract_available,unknown,SUB004-Q003,PTEN/PI3K pathway or adjacent resistance biology is useful background but not direct acquired PI3K-alpha resistance evidence.
SUB004,pmid-41708282,41708282,PMC13367035,10.1101/gad.353283.125,Loss of the tumor suppressor PTEN activates cell-intrinsic interferon signaling to drive immune resistance.,Genes & development,2026,"Journal Article;Research Support, N.I.H., Extramural;Research Support, Non-U.S. Gov't",include_context,review_or_background,unknown,pmc_available,unknown,SUB004-Q001;SUB004-Q002,PTEN/PI3K pathway biology is relevant background but abstract does not show acquired PI3K-alpha resistance.
SUB004,pmid-41882736,41882736,PMC13063721,10.1186/s13046-026-03699-2,BRAFV600E patient derived colon cancer organoids identify biomarkers of response to EGFR and BRAF inhibition and replicate clinical data.,Journal of experimental & clinical cancer research : CR,2026,Journal Article,include_context,review_or_background,unknown,pmc_available,unknown,SUB004-Q003,PTEN/PI3K pathway biology is relevant background but abstract does not show acquired PI3K-alpha resistance.
SUB004,pmid-41916299,41916299,PMC13106976,10.1016/j.crmeth.2026.101370,Biobank of genetically defined murine prostate cancer tumoroids uncovers oncogenic pathways and drug vulnerabilities driven by PTEN-loss.,Cell reports methods,2026,Journal Article,include_context,review_or_background,unknown,pmc_available,unknown,SUB004-Q003,PTEN/PI3K pathway biology is relevant background but abstract does not show acquired PI3K-alpha resistance.
SUB004,pmid-41934313,41934313,unknown,10.36721/PJPS.2026.39.6.167.1,Baicalein induces cervical cancer apoptosis via PTEN/PI3K/AKT pathway modulation.,Pakistan journal of pharmaceutical sciences,2026,Journal Article,include_context,review_or_background,unknown,abstract_available,unknown,SUB004-Q002,PTEN/PI3K pathway biology is relevant background but abstract does not show acquired PI3K-alpha resistance.
SUB004,pmid-42103903,42103903,unknown,10.1038/s41417-026-01039-2,Dual PI3K/AKT/mTOR and CDK4/6 inhibition suppresses survivin to overcome uterine dedifferentiated endometrial carcinoma.,Cancer gene therapy,2026,Journal Article,include_context,review_or_background,unknown,abstract_available,unknown,SUB004-Q003,PTEN/PI3K pathway biology is relevant background but abstract does not show acquired PI3K-alpha resistance.
SUB004,pmid-42287636,42287636,unknown,10.1016/j.celrep.2026.117522,MYCN drives pediatric glioma transformation from neural progenitors and creates distinct therapeutic vulnerabilities.,Cell reports,2026,Journal Article,include_context,review_or_background,unknown,abstract_available,unknown,SUB004-Q001;SUB004-Q002,PTEN/PI3K pathway biology is relevant background but abstract does not show acquired PI3K-alpha resistance.
SUB004,pmid-42500590,42500590,PMC13397341,10.32604/or.2026.085387,Research Advances in Drug Resistance Mechanisms to Anti-HER2 Therapy in HER2-Positive Breast Cancer.,Oncology research,2026,Journal Article;Review,include_context,review_or_background,unknown,pmc_available,unknown,SUB004-Q003,PTEN/PI3K pathway or adjacent resistance biology is useful background but not direct acquired PI3K-alpha resistance evidence.
SUB004,pmid-25409150,25409150,PMC4326538,10.1038/nature13948,Convergent loss of PTEN leads to clinical resistance to a PI(3)Kα inhibitor.,Nature,2014,"Journal Article;Research Support, N.I.H., Extramural;Research Support, Non-U.S. Gov't",include_primary,primary_mechanism,unknown,pmc_available,unknown,SUB004-Q004,Serial patient genomics directly links convergent PTEN loss to clinical resistance after PI3K-alpha inhibitor exposure.
SUB004,pmid-31594766,31594766,unknown,10.1158/2159-8290.CD-18-0830,PTEN Loss Mediates Clinical Cross-Resistance to CDK4/6 and PI3Kα Inhibitors in Breast Cancer.,Cancer discovery,2019,"Journal Article;Research Support, N.I.H., Extramural;Research Support, Non-U.S. Gov't",include_primary,primary_mechanism,unknown,abstract_available,unknown,SUB004-Q003,Direct breast cancer evidence that PTEN loss mediates cross-resistance to CDK4/6 and PI3K-alpha inhibitors.
SUB004,pmid-33606974,33606974,PMC8384339,10.1016/j.molcel.2021.01.033,Regulation of PTEN translation by PI3K signaling maintains pathway homeostasis.,Molecular cell,2021,"Journal Article;Research Support, N.I.H., Extramural;Research Support, Non-U.S. Gov't",include_primary,primary_mechanism,unknown,pmc_available,unknown,SUB004-Q001;SUB004-Q002,Abstract directly reports PI3K inhibition reducing PTEN and causing rebound pathway activity that limits inhibitor efficacy.
SUB004,pmid-37916958,37916958,PMC10850944,10.1158/2159-8290.CD-23-0704,Allosteric PI3Kα Inhibition Overcomes On-target Resistance to Orthosteric Inhibitors Mediated by Secondary PIK3CA Mutations.,Cancer discovery,2024,"Journal Article;Research Support, U.S. Gov't, Non-P.H.S.;Research Support, N.I.H., Extramural",include_primary,primary_mechanism,unknown,pmc_available,unknown,SUB004-Q001;SUB004-Q002;SUB004-Q003;SUB004-Q004,Serial PI3K-alpha inhibitor resistance cohort directly reports acquired PI3K-pathway alterations including PTEN loss.
SUB004,pmid-40295072,40295072,unknown,10.21873/anticanres.17567,Development of Acquired Resistance in Alpelisib-treated Gastric Cancer Cells With PIK3CA Mutations and Overcoming Strategies.,Anticancer research,2025,Journal Article,include_primary,primary_mechanism,unknown,abstract_available,unknown,SUB004-Q001;SUB004-Q002,Abstract directly reports acquired alpelisib-resistant PIK3CA-mutant gastric cells with PTEN functional loss and AKT pathway activation.
SUB004,pmid-40382983,40382983,unknown,10.1016/j.drup.2025.101251,MicroRNA-mediated PTEN downregulation as a novel non-genetic mechanism of acquired resistance to PI3Kα inhibitors of head & neck squamous cell carcinoma.,Drug resistance updates : reviews and commentaries in antimicrobial and anticancer chemotherapy,2025,Journal Article,include_primary,primary_mechanism,unknown,abstract_available,unknown,SUB004-Q001;SUB004-Q002,Abstract directly links alpelisib-treated resistant HNSCC PDX/cell models to microRNA-mediated PTEN downregulation.
SUB004,pmid-40991650,40991650,PMC12618074,10.1172/JCI180927,USP10/GSK3β-mediated inhibition of PTEN drives resistance to PI3K inhibitors in breast cancer.,The Journal of clinical investigation,2025,"Journal Article;Research Support, Non-U.S. Gov't",include_primary,primary_mechanism,unknown,pmc_available,unknown,SUB004-Q001;SUB004-Q002;SUB004-Q003,Abstract directly shows PI3K inhibition rapidly inactivates PTEN and USP10/GSK3beta targeting resensitizes resistant breast models.
SUB005,pmid-19196980,19196980,PMC2636736,10.1073/pnas.0813351106,Knockin of mutant PIK3CA activates multiple oncogenic pathways.,Proceedings of the National Academy of Sciences of the United States of America,2009,"Journal Article;Research Support, N.I.H., Extramural;Research Support, Non-U.S. Gov't;Research Support, U.S. Gov't, Non-P.H.S.",include_context,review_or_background,unknown,pmc_available,unknown,SUB005-Q003,"Background for PIK3CA mutation biology or recurrence, but not direct secondary acquired mutation evidence."
SUB005,pmid-20535651,20535651,PMC3164550,10.1007/82_2010_68,Oncogenic mutations of PIK3CA in human cancers.,Current topics in microbiology and immunology,2010,Journal Article;Review,include_context,review_or_background,unknown,pmc_available,unknown,SUB005-Q003,"Background for PIK3CA mutation biology or recurrence, but not direct secondary acquired mutation evidence."
SUB005,pmid-20699365,20699365,PMC3178450,10.1158/0008-5472.CAN-10-0409,PIK3CA mutation uncouples tumor growth and cyclin D1 regulation from MEK/ERK and mutant KRAS signaling.,Cancer research,2010,"Journal Article;Research Support, N.I.H., Extramural;Research Support, Non-U.S. Gov't",include_context,review_or_background,unknown,pmc_available,unknown,SUB005-Q002,"Background for PIK3CA mutation biology or recurrence, but not direct secondary acquired mutation evidence."
SUB005,pmid-21822287,21822287,PMC3169724,10.1038/nm.2402,Oncogenic PIK3CA-driven mammary tumors frequently recur via PI3K pathway-dependent and PI3K pathway-independent mechanisms.,Nature medicine,2011,"Journal Article;Research Support, N.I.H., Extramural;Research Support, Non-U.S. Gov't;Research Support, U.S. Gov't, Non-P.H.S.",include_context,review_or_background,unknown,pmc_available,unknown,SUB005-Q002;SUB005-Q003,"Background for PIK3CA mutation biology or recurrence, but not direct secondary acquired mutation evidence."
SUB005,pmid-25192370,25192370,PMC4054885,10.1186/bcr3605,PIK3CA mutations in breast cancer: reconciling findings from preclinical and clinical data.,Breast cancer research : BCR,2014,"Journal Article;Research Support, Non-U.S. Gov't;Review",include_context,review_or_background,unknown,pmc_available,unknown,SUB005-Q002;SUB005-Q003,"Background for PIK3CA mutation biology or recurrence, but not direct secondary acquired mutation evidence."
SUB005,pmid-26627007,26627007,PMC4681596,10.1158/0008-5472.CAN-15-1654,Identification of Variant-Specific Functions of PIK3CA by Rapid Phenotyping of Rare Mutations.,Cancer research,2015,"Journal Article;Research Support, N.I.H., Extramural;Research Support, Non-U.S. Gov't;Research Support, U.S. Gov't, Non-P.H.S.",include_context,methods_or_assay,unknown,pmc_available,unknown,SUB005-Q002;SUB005-Q003,Variant functional annotation helps interpret rare PIK3CA mutations but does not show secondary acquired resistance after inhibitor exposure.
SUB005,pmid-27890237,27890237,PMC5130114,10.1016/j.det.2016.07.001,Mosaic Disorders of the PI3K/PTEN/AKT/TSC/mTORC1 Signaling Pathway.,Dermatologic clinics,2017,Journal Article;Review,include_context,review_or_background,unknown,pmc_available,unknown,SUB005-Q001,Background on PIK3CA mutation classes may help frame secondary-mutation interpretation.
SUB005,pmid-30197175,30197175,PMC6185869,10.1016/j.molmed.2018.08.003,Cancer-Associated PIK3CA Mutations in Overgrowth Disorders.,Trends in molecular medicine,2018,"Journal Article;Research Support, Non-U.S. Gov't;Review",include_context,review_or_background,unknown,pmc_available,unknown,SUB005-Q003,Background on PIK3CA mutation classes may help frame secondary-mutation interpretation.
SUB005,pmid-31018529,31018529,PMC6523081,10.3390/biom9040158,Mouse Models for Exploring the Biological Consequences and Clinical Significance of PIK3CA Mutations.,Biomolecules,2019,"Journal Article;Research Support, Non-U.S. Gov't;Review",include_context,review_or_background,unknown,pmc_available,unknown,SUB005-Q003,Background on PIK3CA mutation classes may help frame secondary-mutation interpretation.
SUB005,pmid-31699932,31699932,PMC7173400,10.1126/science.aaw9032,Double PIK3CA mutations in cis increase oncogenicity and sensitivity to PI3Kα inhibitors.,"Science (New York, N.Y.)",2019,"Journal Article;Research Support, N.I.H., Extramural;Research Support, Non-U.S. Gov't",include_context,primary_mechanism,unknown,pmc_available,unknown,SUB005-Q003,"Double PIK3CA mutations affect oncogenicity and inhibitor sensitivity, but the abstract does not establish acquired secondary resistance."
SUB005,pmid-31911548,31911548,PMC7448565,10.1158/1078-0432.CCR-19-3563,Tumor Analyses Reveal Squamous Transformation and Off-Target Alterations As Early Resistance Mechanisms to First-line Osimertinib in EGFR-Mutant Lung Cancer.,Clinical cancer research : an official journal of the American Association for Cancer Research,2020,"Journal Article;Research Support, N.I.H., Extramural;Research Support, Non-U.S. Gov't;Comment",include_context,analogous_context,unknown,pmc_available,unknown,SUB005-Q001;SUB005-Q002,Acquired off-target alterations after PI3K-alpha inhibition are useful resistance context but not secondary PIK3CA mutation evidence.
SUB005,pmid-32034073,32034073,unknown,10.1158/1078-0432.CCR-19-3608,Molecular Mechanisms of Acquired Resistance to MET Tyrosine Kinase Inhibitors in Patients with MET Exon 14-Mutant NSCLC.,Clinical cancer research : an official journal of the American Association for Cancer Research,2020,"Journal Article;Research Support, N.I.H., Extramural;Research Support, Non-U.S. Gov't",include_context,analogous_context,unknown,abstract_available,unknown,SUB005-Q002,"On-target resistance mutation logic is analogous context, not direct PIK3CA evidence."
SUB005,pmid-32169477,32169477,unknown,10.1016/j.jtho.2020.01.027,Alterations in the PI3K Pathway Drive Resistance to MET Inhibitors in NSCLC Harboring MET Exon 14 Skipping Mutations.,Journal of thoracic oncology : official publication of the International Association for the Study of Lung Cancer,2020,"Journal Article;Research Support, Non-U.S. Gov't;Review",include_context,review_or_background,unknown,abstract_available,unknown,SUB005-Q001;SUB005-Q002;SUB005-Q003,PIK3CA mutation landscape or model information is useful background but not secondary-resistance evidence.
SUB005,pmid-32268332,32268332,unknown,10.1159/000506842,Response to Checkpoint Inhibition in Non-Small Cell Lung Cancer with Molecular Driver Alterations.,Oncology research and treatment,2020,Journal Article,include_context,review_or_background,unknown,abstract_available,unknown,SUB005-Q001,"PIK3CA mutation or genomic context is useful background, but the abstract does not show secondary PIK3CA inhibitor-resistance mutations."
SUB005,pmid-32278641,32278641,unknown,10.1016/j.clbc.2020.02.002,"Targeting PIK3CA Alterations in Hormone Receptor-Positive, Human Epidermal Growth Factor Receptor-2-Negative Advanced Breast Cancer: New Therapeutic Approaches and Practical Considerations.",Clinical breast cancer,2020,"Journal Article;Research Support, Non-U.S. Gov't;Review",include_context,review_or_background,unknown,abstract_available,unknown,SUB005-Q002;SUB005-Q003,PIK3CA mutation landscape or model information is useful background but not secondary-resistance evidence.
SUB005,pmid-32328187,32328187,PMC7171509,10.7150/jca.37437,Prevalence and characteristics of PIK3CA mutation in mismatch repair-deficient colorectal cancer.,Journal of Cancer,2020,Journal Article,include_context,review_or_background,unknown,pmc_available,unknown,SUB005-Q001;SUB005-Q002;SUB005-Q003,PIK3CA mutation landscape or model information is useful background but not secondary-resistance evidence.
SUB005,pmid-32365913,32365913,PMC7290687,10.3390/cells9051116,Mutation-Associated Phenotypic Heterogeneity in Novel and Canonical PIK3CA Helical and Kinase Domain Mutants.,Cells,2020,"Journal Article;Research Support, Non-U.S. Gov't",include_context,primary_mechanism,unknown,pmc_available,unknown,SUB005-Q002;SUB005-Q003,"Useful PIK3CA mutation biology context, but the abstract does not report a secondary PIK3CA resistance mutation affecting PI3K-alpha inhibitor potency."
SUB005,pmid-32367667,32367667,unknown,10.1002/jgm.3206,Survival prediction model for non-small cell lung cancer based on somatic mutations.,The journal of gene medicine,2020,"Journal Article;Research Support, Non-U.S. Gov't",include_context,review_or_background,unknown,abstract_available,unknown,SUB005-Q001;SUB005-Q002,PIK3CA mutation landscape or model information is useful background but not secondary-resistance evidence.
SUB005,pmid-32432477,32432477,unknown,10.1021/acs.jmedchem.0c00507,Medicinal Chemistry Strategies for the Development of Kinase Inhibitors Targeting Point Mutations.,Journal of medicinal chemistry,2020,"Journal Article;Research Support, Non-U.S. Gov't;Review",include_context,analogous_context,unknown,abstract_available,unknown,SUB005-Q003,"On-target resistance mutation logic is analogous context, not direct PIK3CA evidence."
SUB005,pmid-32653099,32653099,unknown,10.1016/j.ygyno.2020.06.506,PIK3CA mutation and CNV status and post-chemoradiotherapy survival in patients with cervical cancer.,Gynecologic oncology,2020,"Journal Article;Research Support, Non-U.S. Gov't",include_context,review_or_background,unknown,abstract_available,unknown,SUB005-Q001;SUB005-Q002,PIK3CA mutation landscape or model information is useful background but not secondary-resistance evidence.
SUB005,pmid-32695676,32695676,PMC7338574,10.3389/fonc.2020.01023,Characterizations of Cancer Gene Mutations in Chinese Metastatic Breast Cancer Patients.,Frontiers in oncology,2020,Journal Article,include_context,review_or_background,unknown,pmc_available,unknown,SUB005-Q001,PIK3CA mutation landscape or model information is useful background but not secondary-resistance evidence.
SUB005,pmid-32748297,32748297,unknown,10.1007/s10549-020-05833-w,Induction of PIK3CA alterations during neoadjuvant letrozole may improve outcome in postmenopausal breast cancer patients.,Breast cancer research and treatment,2020,"Clinical Trial, Phase II;Journal Article",include_context,review_or_background,unknown,abstract_available,unknown,SUB005-Q001;SUB005-Q002,PIK3CA mutation landscape or model information is useful background but not secondary-resistance evidence.
SUB005,pmid-32901329,32901329,unknown,10.1007/s10048-020-00628-z,Cerebellar dysplasia related to PIK3CA mutation: a three-case series.,Neurogenetics,2020,Journal Article,include_context,review_or_background,unknown,abstract_available,unknown,SUB005-Q002,PIK3CA mutation landscape or model information is useful background but not secondary-resistance evidence.
SUB005,pmid-32923951,32923951,PMC7439927,10.1530/VB-19-0016,Cellular and molecular mechanisms of PIK3CA-related vascular anomalies.,"Vascular biology (Bristol, England)",2019,Journal Article;Review,include_context,review_or_background,unknown,pmc_available,unknown,SUB005-Q003,Background on PIK3CA mutation classes may help frame secondary-mutation interpretation.
SUB005,pmid-32951893,32951893,unknown,10.1016/j.ygyno.2020.08.020,Mutation profiling of uterine cervical cancer patients treated with definitive radiotherapy.,Gynecologic oncology,2020,"Journal Article;Research Support, Non-U.S. Gov't",include_context,review_or_background,unknown,abstract_available,unknown,SUB005-Q001;SUB005-Q002,PIK3CA mutation landscape or model information is useful background but not secondary-resistance evidence.
SUB005,pmid-32952556,32952556,PMC7487098,10.1155/2020/3275315,Next-Generation Sequencing Characterizes the Landscape of Somatic Mutations and Pathways in Metastatic Bile Tract Carcinoma.,Journal of oncology,2020,Journal Article,include_context,review_or_background,unknown,pmc_available,unknown,SUB005-Q001,PIK3CA mutation landscape or model information is useful background but not secondary-resistance evidence.
SUB005,pmid-33060857,33060857,unknown,10.1038/s41388-020-01510-w,The next tier of EGFR resistance mutations in lung cancer.,Oncogene,2020,"Journal Article;Research Support, Non-U.S. Gov't;Review",include_context,analogous_context,unknown,abstract_available,unknown,SUB005-Q002;SUB005-Q003,"On-target resistance mutation logic is analogous context, not direct PIK3CA evidence."
SUB005,pmid-33178757,33178757,PMC7607131,10.21037/atm-20-4544,Genetic alterations in cfDNA of benign and malignant thyroid nodules based on amplicon-based next-generation sequencing.,Annals of translational medicine,2020,Journal Article,include_context,review_or_background,unknown,pmc_available,unknown,SUB005-Q001,PIK3CA mutation landscape or model information is useful background but not secondary-resistance evidence.
SUB005,pmid-33368487,33368487,unknown,10.1111/ced.14513,Genes and phenotypes in vascular malformations.,Clinical and experimental dermatology,2020,Journal Article;Review,include_context,review_or_background,unknown,abstract_available,unknown,SUB005-Q001,PIK3CA mutation landscape or model information is useful background but not secondary-resistance evidence.
SUB005,pmid-33599171,33599171,PMC8420950,10.1089/thy.2020.0296,Clinical Utility of Circulating Cell-Free DNA Mutations in Anaplastic Thyroid Carcinoma.,Thyroid : official journal of the American Thyroid Association,2021,"Journal Article;Research Support, N.I.H., Extramural;Research Support, Non-U.S. Gov't",include_context,review_or_background,unknown,pmc_available,unknown,SUB005-Q001,PIK3CA mutation landscape or model information is useful background but not secondary-resistance evidence.
SUB005,pmid-33804510,33804510,PMC7957667,10.3390/cancers13051029,Genomic Signature of Oral Squamous Cell Carcinomas from Non-Smoking Non-Drinking Patients.,Cancers,2021,Journal Article,include_context,review_or_background,unknown,pmc_available,unknown,SUB005-Q001,PIK3CA mutation landscape or model information is useful background but not secondary-resistance evidence.
SUB005,pmid-33822253,33822253,unknown,10.1007/s00292-021-00929-6,[Relevant mutations in predictive breast cancer pathology].,Der Pathologe,2021,Journal Article;Review,include_context,review_or_background,unknown,abstract_available,unknown,SUB005-Q002,PIK3CA mutation landscape or model information is useful background but not secondary-resistance evidence.
SUB005,pmid-33836681,33836681,PMC8034139,10.1186/s12885-021-08108-9,"Multi gene mutation signatures in colorectal cancer patients: predict for the diagnosis, pathological classification, staging and prognosis.",BMC cancer,2021,Journal Article,include_context,review_or_background,unknown,pmc_available,unknown,SUB005-Q001;SUB005-Q002,PIK3CA mutation landscape or model information is useful background but not secondary-resistance evidence.
SUB005,pmid-33842357,33842357,PMC8027489,10.3389/fonc.2021.644737,"PIK3CA Mutations as a Molecular Target for Hormone Receptor-Positive, HER2-Negative Metastatic Breast Cancer.",Frontiers in oncology,2021,Journal Article;Review,include_context,review_or_background,unknown,pmc_available,unknown,SUB005-Q001;SUB005-Q003,PIK3CA mutation landscape or model information is useful background but not secondary-resistance evidence.
SUB005,pmid-33854094,33854094,PMC8046812,10.1038/s41598-021-87486-3,Enhancing the landscape of colorectal cancer using targeted deep sequencing.,Scientific reports,2021,"Journal Article;Research Support, Non-U.S. Gov't",include_context,review_or_background,unknown,pmc_available,unknown,SUB005-Q001,PIK3CA mutation landscape or model information is useful background but not secondary-resistance evidence.
SUB005,pmid-33854378,33854378,PMC8041604,10.2147/CMAR.S292992,Cellular Mechanism of Gene Mutations and Potential Therapeutic Targets in Ovarian Cancer.,Cancer management and research,2021,Journal Article;Review,include_context,review_or_background,unknown,pmc_available,unknown,SUB005-Q001,PIK3CA mutation landscape or model information is useful background but not secondary-resistance evidence.
SUB005,pmid-33865994,33865994,unknown,10.1016/j.critrevonc.2021.103334,PI3K inhibition in breast cancer: Identifying and overcoming different flavors of resistance.,Critical reviews in oncology/hematology,2021,Journal Article;Review,include_context,review_or_background,unknown,abstract_available,unknown,SUB005-Q002;SUB005-Q003,PIK3CA mutation landscape or model information is useful background but not secondary-resistance evidence.
SUB005,pmid-33891857,33891857,PMC8206158,10.1016/j.ajhg.2021.04.005,Somatic MAP3K3 mutation defines a subclass of cerebral cavernous malformation.,American journal of human genetics,2021,"Journal Article;Research Support, Non-U.S. Gov't",include_context,review_or_background,unknown,pmc_available,unknown,SUB005-Q002,PIK3CA mutation landscape or model information is useful background but not secondary-resistance evidence.
SUB005,pmid-33893289,33893289,PMC8065112,10.1038/s41467-021-22605-2,Genomic profile of advanced breast cancer in circulating tumour DNA.,Nature communications,2021,"Journal Article;Research Support, N.I.H., Extramural;Research Support, Non-U.S. Gov't",include_context,review_or_background,unknown,pmc_available,unknown,SUB005-Q002,"PIK3CA mutation or genomic context is useful background, but the abstract does not show secondary PIK3CA inhibitor-resistance mutations."
SUB005,pmid-34007008,34007008,PMC8131604,10.1038/s41698-021-00180-5,Next-generation sequencing revealed recurrent ZFPM1 mutations in encapsulated papillary carcinoma of the breast.,NPJ precision oncology,2021,Journal Article,include_context,review_or_background,unknown,pmc_available,unknown,SUB005-Q001,PIK3CA mutation landscape or model information is useful background but not secondary-resistance evidence.
SUB005,pmid-34112235,34112235,PMC8194016,10.1186/s13023-021-01898-y,Non-hotspot PIK3CA mutations are more frequent in CLOVES than in common or combined lymphatic malformations.,Orphanet journal of rare diseases,2021,"Journal Article;Research Support, Non-U.S. Gov't",include_context,review_or_background,unknown,pmc_available,unknown,SUB005-Q001;SUB005-Q002,"PIK3CA mutation or genomic context is useful background, but the abstract does not show secondary PIK3CA inhibitor-resistance mutations."
SUB005,pmid-34238334,34238334,PMC8268514,10.1186/s13023-021-01929-8,A review of mechanisms of disease across PIK3CA-related disorders with vascular manifestations.,Orphanet journal of rare diseases,2021,"Journal Article;Research Support, Non-U.S. Gov't;Review",include_context,review_or_background,unknown,pmc_available,unknown,SUB005-Q003,PIK3CA mutation landscape or model information is useful background but not secondary-resistance evidence.
SUB005,pmid-34287479,34287479,PMC8266163,10.6061/clinics/2021/e2837,Germline and Somatic mutations in postmenopausal breast cancer patients.,"Clinics (Sao Paulo, Brazil)",2021,Journal Article,include_context,review_or_background,unknown,pmc_available,unknown,SUB005-Q001;SUB005-Q002;SUB005-Q003,PIK3CA mutation landscape or model information is useful background but not secondary-resistance evidence.
SUB005,pmid-34325996,34325996,unknown,10.1016/j.cllc.2021.06.011,Actionability of on-target ALK Resistance Mutations in Patients With Non-Small Cell Lung Cancer: Local Experience and Review of the Literature.,Clinical lung cancer,2021,Journal Article;Review,include_context,analogous_context,unknown,abstract_available,unknown,SUB005-Q002,"On-target resistance mutation logic is analogous context, not direct PIK3CA evidence."
SUB005,pmid-34439344,34439344,PMC8391973,10.3390/cancers13164190,Postoperative Circulating Tumor DNA Can Predict High Risk Patients with Colorectal Cancer Based on Next-Generation Sequencing.,Cancers,2021,Journal Article,include_context,review_or_background,unknown,pmc_available,unknown,SUB005-Q001,PIK3CA mutation landscape or model information is useful background but not secondary-resistance evidence.
SUB005,pmid-34624491,34624491,unknown,10.1016/j.bmcl.2021.128406,Discovery and optimization of covalent EGFR T790M/L858R mutant inhibitors.,Bioorganic & medicinal chemistry letters,2021,Journal Article,include_context,analogous_context,unknown,abstract_available,unknown,SUB005-Q002;SUB005-Q003,"On-target resistance mutation logic is analogous context, not direct PIK3CA evidence."
SUB005,pmid-34635506,34635506,PMC8738128,10.1158/1541-7786.MCR-21-0442,Genomic and Transcriptomic Correlates of Thyroid Carcinoma Evolution after BRAF Inhibitor Therapy.,Molecular cancer research : MCR,2021,"Journal Article;Research Support, N.I.H., Extramural;Research Support, Non-U.S. Gov't",include_context,review_or_background,unknown,pmc_available,unknown,SUB005-Q001,"PIK3CA mutation or genomic context is useful background, but the abstract does not show secondary PIK3CA inhibitor-resistance mutations."
SUB005,pmid-34686509,34686509,unknown,unknown,Multiple Mutation Detection for Risk Assessment in Patients with Breast Cancer by Using Next-Generation Sequencing.,Annals of clinical and laboratory science,2021,Journal Article,include_context,review_or_background,unknown,abstract_available,unknown,SUB005-Q001,PIK3CA mutation landscape or model information is useful background but not secondary-resistance evidence.
SUB005,pmid-34733958,34733958,PMC8506770,10.21037/atm-21-2315,Correlation of PIK3CA mutation with programmed death ligand-1 (PD-L1) expression and their clinicopathological significance in colorectal cancer.,Annals of translational medicine,2021,Journal Article,include_context,review_or_background,unknown,pmc_available,unknown,SUB005-Q001;SUB005-Q002,PIK3CA mutation landscape or model information is useful background but not secondary-resistance evidence.
SUB005,pmid-34816327,34816327,unknown,10.1007/s11033-021-06990-x,PIK3CA hotspot mutations p. H1047R and p. H1047L sensitize breast cancer cells to thymoquinone treatment by regulating the PI3K/Akt1 pathway.,Molecular biology reports,2021,Journal Article,include_context,review_or_background,unknown,abstract_available,unknown,SUB005-Q003,PIK3CA mutation landscape or model information is useful background but not secondary-resistance evidence.
SUB005,pmid-34876602,34876602,PMC8651781,10.1038/s41598-021-02903-x,Discordance of PIK3CA and TP53 mutations between breast cancer brain metastases and matched primary tumors.,Scientific reports,2021,"Journal Article;Research Support, Non-U.S. Gov't",include_context,review_or_background,unknown,pmc_available,unknown,SUB005-Q001,PIK3CA mutation landscape or model information is useful background but not secondary-resistance evidence.
SUB005,pmid-34997674,34997674,PMC8898722,10.1111/cas.15263,Utility of the Ba/F3 cell system for exploring on-target mechanisms of resistance to targeted therapies for lung cancer.,Cancer science,2022,Journal Article;Review,include_context,analogous_context,unknown,pmc_available,unknown,SUB005-Q003,"On-target resistance mutation logic is analogous context, not direct PIK3CA evidence."
SUB005,pmid-35094709,35094709,PMC8802443,10.1186/s13000-022-01199-3,PIK3CA mutation correlates with mTOR pathway expression but not clinical and pathological features in Fibfibroipose vascular anomaly (FAVA).,Diagnostic pathology,2022,Journal Article,include_context,review_or_background,unknown,pmc_available,unknown,SUB005-Q001;SUB005-Q002;SUB005-Q003,PIK3CA mutation landscape or model information is useful background but not secondary-resistance evidence.
SUB005,pmid-35101299,35101299,unknown,10.1016/j.ygyno.2022.01.020,Driver gene mutations in micro-invasive cervical squamous cancers have no prognostic significance.,Gynecologic oncology,2022,Journal Article,include_context,review_or_background,unknown,abstract_available,unknown,SUB005-Q001;SUB005-Q002,PIK3CA mutation landscape or model information is useful background but not secondary-resistance evidence.
SUB005,pmid-35145582,35145582,PMC8822209,unknown,Deleterious mutations in esophageal carcinoma cuniculatum detected by next generation sequencing.,International journal of clinical and experimental pathology,2022,Journal Article,include_context,review_or_background,unknown,pmc_available,unknown,SUB005-Q001;SUB005-Q002;SUB005-Q003,PIK3CA mutation landscape or model information is useful background but not secondary-resistance evidence.
SUB005,pmid-35180531,35180531,unknown,10.1016/j.currproblcancer.2022.100843,Comparison of mutational profiles between triple-negative and hormone receptor-positive/human epidermal growth factor receptor 2-negative breast cancers in T2N0-1M0 stage: Implications of TP53 and PIK3CA mutations in Korean early-stage breast cancers.,Current problems in cancer,2022,"Journal Article;Research Support, Non-U.S. Gov't",include_context,review_or_background,unknown,abstract_available,unknown,SUB005-Q001,PIK3CA mutation landscape or model information is useful background but not secondary-resistance evidence.
SUB005,pmid-35209701,35209701,PMC9119806,10.4132/jptm.2022.01.04,Frequency of PIK3CA mutations in different subsites of head and neck squamous cell carcinoma in southern Thailand.,Journal of pathology and translational medicine,2022,Journal Article,include_context,review_or_background,unknown,pmc_available,unknown,SUB005-Q003,PIK3CA mutation landscape or model information is useful background but not secondary-resistance evidence.
SUB005,pmid-35231860,35231860,unknown,10.1016/j.prp.2022.153806,Genomic profiling of gallbladder carcinoma: Targetable mutations and pathways involved.,"Pathology, research and practice",2022,Journal Article,include_context,review_or_background,unknown,abstract_available,unknown,SUB005-Q001,PIK3CA mutation landscape or model information is useful background but not secondary-resistance evidence.
SUB005,pmid-35234262,35234262,PMC8908334,10.3892/or.2022.8295,In vitro anticancer effects of alpelisib against PIK3CA‑mutated canine hemangiosarcoma cell lines.,Oncology reports,2022,Journal Article,include_context,review_or_background,unknown,pmc_available,unknown,SUB005-Q002;SUB005-Q003,PIK3CA mutation landscape or model information is useful background but not secondary-resistance evidence.
SUB005,pmid-35272946,35272946,unknown,10.1016/j.molmed.2022.02.009,PIK3CA-related overgrowth: silver bullets from the cancer arsenal?,Trends in molecular medicine,2022,"Journal Article;Research Support, Non-U.S. Gov't",include_context,review_or_background,unknown,abstract_available,unknown,SUB005-Q003,PIK3CA mutation landscape or model information is useful background but not secondary-resistance evidence.
SUB005,pmid-35357905,35357905,PMC8984255,10.1200/PO.21.00370,PIK3CA Mutations Drive Therapeutic Resistance in Human Epidermal Growth Factor Receptor 2-Positive Breast Cancer.,JCO precision oncology,2022,Journal Article;Review,include_context,review_or_background,unknown,pmc_available,unknown,SUB005-Q003,PIK3CA mutation landscape or model information is useful background but not secondary-resistance evidence.
SUB005,pmid-35418124,35418124,PMC9007954,10.1038/s41467-022-29585-x,Nuclear translocation of p85β promotes tumorigenesis of PIK3CA helical domain mutant cancer.,Nature communications,2022,"Journal Article;Research Support, N.I.H., Extramural;Research Support, Non-U.S. Gov't",include_context,review_or_background,unknown,pmc_available,unknown,SUB005-Q002;SUB005-Q003,"PIK3CA mutation or genomic context is useful background, but the abstract does not show secondary PIK3CA inhibitor-resistance mutations."
SUB005,pmid-35435290,35435290,PMC9169172,10.1002/jcla.24444,Mutation patterns and prognostic analysis of BRAF/KRAS/PIK3CA in colorectal cancer.,Journal of clinical laboratory analysis,2022,Journal Article,include_context,review_or_background,unknown,pmc_available,unknown,SUB005-Q002,PIK3CA mutation landscape or model information is useful background but not secondary-resistance evidence.
SUB005,pmid-35470535,35470535,unknown,10.1002/jgm.3420,Targeted gene next-generation sequencing reveals genomic profile in a cohort of 46 Chinese patients with breast cancer.,The journal of gene medicine,2022,"Journal Article;Research Support, Non-U.S. Gov't",include_context,review_or_background,unknown,abstract_available,unknown,SUB005-Q001,PIK3CA mutation landscape or model information is useful background but not secondary-resistance evidence.
SUB005,pmid-35477890,35477890,unknown,10.1136/jnnp-2022-328901,Cerebral cavernous malformations do not fall in the spectrum of PIK3CA-related overgrowth.,"Journal of neurology, neurosurgery, and psychiatry",2022,Journal Article;Review,include_context,review_or_background,unknown,abstract_available,unknown,SUB005-Q003,PIK3CA mutation landscape or model information is useful background but not secondary-resistance evidence.
SUB005,pmid-35568000,35568000,unknown,10.1016/j.cancergen.2022.05.002,High incidence of PI3K pathway gene mutations in South Indian cervical cancers.,Cancer genetics,2022,"Journal Article;Research Support, Non-U.S. Gov't",include_context,review_or_background,unknown,abstract_available,unknown,SUB005-Q001;SUB005-Q002;SUB005-Q003,PIK3CA mutation landscape or model information is useful background but not secondary-resistance evidence.
SUB005,pmid-35709138,35709138,PMC9202917,10.1371/journal.pone.0267090,"Genomic landscape of pathogenic mutation of APC, KRAS, TP53, PIK3CA, and MLH1 in Indonesian colorectal cancer.",PloS one,2022,"Journal Article;Research Support, Non-U.S. Gov't",include_context,review_or_background,unknown,pmc_available,unknown,SUB005-Q001;SUB005-Q002,PIK3CA mutation landscape or model information is useful background but not secondary-resistance evidence.
SUB005,pmid-35740480,35740480,PMC9220263,10.3390/biomedicines10061460,Clinical and Molecular Spectrum of Sporadic Vascular Malformations: A Single-Center Study.,Biomedicines,2022,Journal Article,include_context,review_or_background,unknown,pmc_available,unknown,SUB005-Q001,PIK3CA mutation landscape or model information is useful background but not secondary-resistance evidence.
SUB005,pmid-35838760,35838760,PMC9340769,10.1021/acs.jmedchem.2c00704,"Discovery of BLU-945, a Reversible, Potent, and Wild-Type-Sparing Next-Generation EGFR Mutant Inhibitor for Treatment-Resistant Non-Small-Cell Lung Cancer.",Journal of medicinal chemistry,2022,Journal Article,include_context,analogous_context,unknown,pmc_available,unknown,SUB005-Q002,"On-target resistance mutation logic is analogous context, not direct PIK3CA evidence."
SUB005,pmid-35967928,35967928,PMC9363927,10.1155/2022/9016497,Case Report of Fibro-Adipose Vascular Anomaly (FAVA) with Activating Somatic PIK3CA Mutation.,Case reports in genetics,2022,Case Reports;Journal Article,include_context,review_or_background,unknown,pmc_available,unknown,SUB005-Q002,PIK3CA mutation landscape or model information is useful background but not secondary-resistance evidence.
SUB005,pmid-35969265,35969265,PMC9402728,10.1007/s00292-022-01096-y,[Predictive molecular diagnostics in breast cancer : What are the requirements for pathology today and in the future?].,"Pathologie (Heidelberg, Germany)",2022,Journal Article,include_context,review_or_background,unknown,pmc_available,unknown,SUB005-Q003,"PIK3CA mutation or genomic context is useful background, but the abstract does not show secondary PIK3CA inhibitor-resistance mutations."
SUB005,pmid-36079062,36079062,PMC9456575,10.3390/jcm11175132,The Genomic Environment of BRAF Mutated and BRAF/PIK3CA Double Mutated Colorectal Cancers.,Journal of clinical medicine,2022,Journal Article,include_context,review_or_background,unknown,pmc_available,unknown,SUB005-Q003,"PIK3CA mutation or genomic context is useful background, but the abstract does not show secondary PIK3CA inhibitor-resistance mutations."
SUB005,pmid-36097803,36097803,PMC10101795,10.4143/crt.2022.221,PIK3CA Mutation is Associated with Poor Response to HER2-Targeted Therapy in Breast Cancer Patients.,Cancer research and treatment,2022,Journal Article,include_context,review_or_background,unknown,pmc_available,unknown,SUB005-Q001;SUB005-Q002;SUB005-Q003,"PIK3CA mutation or genomic context is useful background, but the abstract does not show secondary PIK3CA inhibitor-resistance mutations."
SUB005,pmid-36135089,36135089,PMC9497554,10.3390/curroncol29090520,Acquired G2032R Resistance Mutation in ROS1 to Lorlatinib Therapy Detected with Liquid Biopsy.,"Current oncology (Toronto, Ont.)",2022,Case Reports;Journal Article,include_context,analogous_context,unknown,pmc_available,unknown,SUB005-Q002,"On-target resistance mutation logic is analogous context, not direct PIK3CA evidence."
SUB005,pmid-36265889,36265889,PMC9629967,10.4048/jbc.2022.25.e41,Somatic Mutations of TP53 Identified by Targeted Next-Generation Sequencing Are Poor Prognostic Factors for Primary Operable Breast Cancer: A Single-Center Study.,Journal of breast cancer,2022,Journal Article,include_context,review_or_background,unknown,pmc_available,unknown,SUB005-Q001,PIK3CA mutation landscape or model information is useful background but not secondary-resistance evidence.
SUB005,pmid-36279023,36279023,PMC9633529,10.1007/s10549-022-06637-w,PIK3CA-mutations in breast cancer.,Breast cancer research and treatment,2022,Journal Article,include_context,review_or_background,unknown,pmc_available,unknown,SUB005-Q002;SUB005-Q003,"PIK3CA mutation or genomic context is useful background, but the abstract does not show secondary PIK3CA inhibitor-resistance mutations."
SUB005,pmid-36402737,36402737,PMC9992323,10.1016/j.jbior.2022.100934,The mutational profiles and corresponding therapeutic implications of PI3K mutations in cancer.,Advances in biological regulation,2022,"Review;Journal Article;Research Support, N.I.H., Extramural",include_context,review_or_background,unknown,pmc_available,unknown,SUB005-Q003,PIK3CA/PI3K oncology review provides broad background but not direct secondary-mutation evidence.
SUB005,pmid-36482269,36482269,PMC10108312,10.1111/his.14794,Next-generation sequencing in breast pathology: real impact on routine practice over a decade since its introduction.,Histopathology,2023,Journal Article;Review,include_context,review_or_background,unknown,pmc_available,unknown,SUB005-Q003,PIK3CA/PI3K oncology review provides broad background but not direct secondary-mutation evidence.
SUB005,pmid-36516931,36516931,unknown,10.1016/j.bbcan.2022.188847,Predictive and prognostic value of PIK3CA mutations in HER2-positive breast cancer treated with tyrosine kinase inhibitors: A systematic review and meta-analysis.,Biochimica et biophysica acta. Reviews on cancer,2022,"Meta-Analysis;Systematic Review;Journal Article;Research Support, Non-U.S. Gov't",include_context,analogous_context,unknown,abstract_available,unknown,SUB005-Q003,"HER2 TKI meta-analysis is analogous predictive-biomarker context, not PI3K-alpha secondary mutation resistance."
SUB005,pmid-36644157,36644157,PMC9827448,10.3892/ol.2022.13645,P40 and TTF-1 double-expressing non-small cell lung cancer with EML4-ALK and PIK3CA gene mutations: A case report and review of the literature.,Oncology letters,2022,Case Reports;Journal Article,include_context,review_or_background,unknown,pmc_available,unknown,SUB005-Q001;SUB005-Q002;SUB005-Q003,PIK3CA/PI3K oncology review provides broad background but not direct secondary-mutation evidence.
SUB005,pmid-36914722,36914722,PMC10241926,10.1038/s41416-023-02221-1,The emerging role of PI3K inhibitors for solid tumour treatment and beyond.,British journal of cancer,2023,Journal Article;Review,include_context,review_or_background,unknown,pmc_available,unknown,SUB005-Q001;SUB005-Q002;SUB005-Q003,PI3K inhibitor review discusses possible resistance to mutant-selective agents but provides background rather than primary proof.
SUB005,pmid-36948612,36948612,unknown,10.2302/kjm.2022-0026-OA,Multiple Mutations within Individual Oncogenes: Examples and Clinical Implications.,The Keio journal of medicine,2023,Review;Journal Article,include_context,review_or_background,unknown,abstract_available,unknown,SUB005-Q002,Review of multiple oncogene mutations frames cis/trans mutation concepts but is not primary secondary-PIK3CA evidence.
SUB005,pmid-37109059,37109059,PMC10143507,10.3390/jpm13040673,Familial CCM Genes Might Not Be Main Drivers for Pathogenesis of Sporadic CCMs-Genetic Similarity between Cancers and Vascular Malformations.,Journal of personalized medicine,2023,Journal Article;Review,include_context,review_or_background,unknown,pmc_available,unknown,SUB005-Q003,PIK3CA/PI3K oncology review provides broad background but not direct secondary-mutation evidence.
SUB005,pmid-37200937,37200937,PMC10191166,10.15212/amm-2022-0013,The 'New (Nu)-clear' evidence for the tumor-driving role of PI3K.,Acta materia medica,2022,Journal Article,include_context,review_or_background,unknown,pmc_available,unknown,SUB005-Q002;SUB005-Q003,PIK3CA helical-domain biology is useful structural context but not acquired secondary resistance mutation evidence.
SUB005,pmid-37272756,37272756,PMC10527017,10.1158/0008-5472.CAN-22-3558,Breast Cancer Mutations HER2V777L and PIK3CAH1047R Activate the p21-CDK4/6-Cyclin D1 Axis to Drive Tumorigenesis and Drug Resistance.,Cancer research,2023,"Journal Article;Research Support, U.S. Gov't, Non-P.H.S.;Research Support, N.I.H., Extramural;Research Support, Non-U.S. Gov't",include_context,analogous_context,unknown,pmc_available,unknown,SUB005-Q002;SUB005-Q003,HER2/PIK3CA comutation model informs pathway interaction but not secondary PI3K-alpha inhibitor resistance mutations.
SUB005,pmid-37344660,37344660,PMC10460702,10.1007/s10549-023-06967-3,"Plasma cell-free tumor DNA, PIK3CA and TP53 mutations predicted inferior endocrine-based treatment outcome in endocrine receptor-positive metastatic breast cancer.",Breast cancer research and treatment,2023,Journal Article,include_context,clinical_or_translational,unknown,pmc_available,unknown,SUB005-Q001;SUB005-Q002,"Liquid-biopsy PIK3CA prognosis in endocrine therapy is biomarker context, not secondary PI3K-alpha resistance."
SUB005,pmid-37377403,37377403,PMC10481128,10.1158/2159-8290.CD-22-1441,Resistance to Selective FGFR Inhibitors in FGFR-Driven Urothelial Cancer.,Cancer discovery,2023,"Journal Article;Research Support, Non-U.S. Gov't",include_context,analogous_context,unknown,pmc_available,unknown,SUB005-Q003,FGFR-inhibitor resistance with PI3K-mTOR bypass is useful analogy but not secondary PIK3CA mutation after PI3K-alpha therapy.
SUB005,pmid-37416479,37416479,PMC10320197,10.1016/j.isci.2023.107105,The potential therapeutic regimen for overcoming resistance to osimertinib due to rare mutations in NSCLC.,iScience,2023,Journal Article,include_context,analogous_context,unknown,pmc_available,unknown,SUB005-Q001;SUB005-Q002;SUB005-Q003,"PIK3CA-mediated osimertinib resistance is analogous acquired-resistance biology, not PI3K-alpha inhibitor on-target resistance."
SUB005,pmid-37493631,37493631,PMC10811747,10.1158/1541-7786.MCR-23-0034,CBF-Beta Mitigates PI3K-Alpha-Specific Inhibitor Killing through PIM1 in PIK3CA-Mutant Gastric Cancer.,Molecular cancer research : MCR,2023,"Journal Article;Research Support, Non-U.S. Gov't;Research Support, N.I.H., Extramural",include_context,primary_mechanism,unknown,pmc_available,unknown,SUB005-Q001;SUB005-Q002;SUB005-Q003,CBFB/PIM1 BYL719 resistance is direct PI3K-alpha resistance context but not secondary PIK3CA mutation evidence.
SUB005,pmid-37623743,37623743,PMC10618743,10.1158/2159-8290.CD-23-0396,"STX-478, a Mutant-Selective, Allosteric PI3Kα Inhibitor Spares Metabolic Dysfunction and Improves Therapeutic Response in PI3Kα-Mutant Xenografts.",Cancer discovery,2023,"Journal Article;Research Support, Non-U.S. Gov't",include_context,methods_or_assay,unknown,pmc_available,unknown,SUB005-Q002;SUB005-Q003,STX-478 mutant-selective inhibitor data help compare inhibitor classes but do not expose secondary resistance mutations.
SUB005,pmid-37761256,37761256,PMC10528120,10.3390/diagnostics13182887,Next-Generation Sequencing-Based Analysis of Clinical and Pathological Features of PIK3CA-Mutated Breast Cancer.,"Diagnostics (Basel, Switzerland)",2023,Journal Article,include_context,clinical_or_translational,unknown,pmc_available,unknown,SUB005-Q001;SUB005-Q002;SUB005-Q003,Clinical PIK3CA-mutated breast profiling is useful background but not secondary PI3K-alpha resistance evidence.
SUB005,pmid-37916956,37916956,PMC10850943,10.1158/2159-8290.CD-23-0944,"Discovery and Clinical Proof-of-Concept of RLY-2608, a First-in-Class Mutant-Selective Allosteric PI3Kα Inhibitor That Decouples Antitumor Activity from Hyperinsulinemia.",Cancer discovery,2024,"Journal Article;Research Support, Non-U.S. Gov't;Research Support, U.S. Gov't, Non-P.H.S.;Research Support, N.I.H., Extramural",include_context,methods_or_assay,unknown,pmc_available,unknown,SUB005-Q002;SUB005-Q003,RLY-2608 discovery explains mutant-selective PI3K-alpha inhibition but does not itself establish secondary resistance mutations.
SUB005,pmid-37980588,37980588,unknown,10.3233/TUB-230013,The p110α/ΔNp63α complex mutations in triple-negative breast cancer: Potential targets for transcriptional-based therapies.,Tumour biology : the journal of the International Society for Oncodevelopmental Biology and Medicine,2023,Journal Article,include_context,analogous_context,unknown,abstract_available,unknown,SUB005-Q003,PIK3CA hotspot-mutant TNBC biology is mechanistic context but not secondary/acquired PI3K-alpha resistance.
SUB005,pmid-38238740,38238740,PMC10797755,10.1186/s12931-023-02656-3,Unraveling EGFR-TKI resistance in lung cancer with high PD-L1 or TMB in EGFR-sensitive mutations.,Respiratory research,2024,Journal Article,include_context,analogous_context,unknown,pmc_available,unknown,SUB005-Q001,NSCLC EGFR-TKI resistance genomics is PI3K-pathway adjacent but not secondary PIK3CA resistance to PI3K-alpha inhibition.
SUB005,pmid-38432445,38432445,unknown,10.1016/j.phrs.2024.107123,PIK3CA mutation as an acquired resistance driver to EGFR-TKIs in non-small cell lung cancer: Clinical challenges and opportunities.,Pharmacological research,2024,"Journal Article;Review;Research Support, Non-U.S. Gov't",include_context,analogous_context,unknown,abstract_available,unknown,SUB005-Q003,"EGFR-TKI review is analogous acquired PIK3CA resistance context, not on-target PI3K-alpha inhibitor resistance."
SUB005,pmid-38822093,38822093,PMC11143214,10.1038/s41598-024-62664-1,PIK3CA mutations in endocrine-resistant breast cancer.,Scientific reports,2024,Journal Article,include_context,clinical_or_translational,unknown,pmc_available,unknown,SUB005-Q002;SUB005-Q003,Endocrine-resistant breast cohort tracks PIK3CA mutations but not secondary mutations after PI3K-alpha inhibitor exposure.
SUB005,pmid-38936103,38936103,PMC12393138,10.1016/j.ejca.2024.114145,"Paediatric strategy forum for medicinal product development of PI3-K, mTOR, AKT and GSK3β inhibitors in children and adolescents with cancer.","European journal of cancer (Oxford, England : 1990)",2024,Journal Article;Review,include_context,review_or_background,unknown,pmc_available,unknown,SUB005-Q001;SUB005-Q002;SUB005-Q003,Pediatric strategy review mentions mutation-specific PI3K inhibitors but does not report secondary PIK3CA resistance mutations.
SUB005,pmid-39054873,39054873,PMC11272953,10.1002/cam4.70052,Characterizing multi-PIK3CA mutations across cancer types: Toward precision oncology.,Cancer medicine,2024,"Journal Article;Research Support, Non-U.S. Gov't",include_context,clinical_or_translational,unknown,pmc_available,unknown,SUB005-Q002;SUB005-Q003,Pan-cancer multi-PIK3CA cis/trans patterns help interpret double mutants but do not establish secondary drug-resistance mutations.
SUB005,pmid-39229338,39229338,PMC11369385,10.1016/j.csbj.2024.07.010,Free energy landscape of the PI3Kα C-terminal activation.,Computational and structural biotechnology journal,2024,Journal Article,include_context,methods_or_assay,unknown,pmc_available,unknown,SUB005-Q002;SUB005-Q003,Molecular dynamics of C-terminal oncogenic mutations informs allosteric binding context but not acquired secondary inhibitor resistance.
SUB005,pmid-39674130,39674130,PMC11699375,10.1016/j.esmoop.2024.103997,Practical treatment strategies and novel therapies in the phosphoinositide 3-kinase (PI3K)/protein kinase B (AKT)/mammalian target of rapamycin (mTOR) pathway in hormone receptor-positive/human epidermal growth factor receptor 2 (HER2)-negative (HR+/HER2-) advanced breast cancer.,ESMO open,2024,Journal Article;Review,include_context,review_or_background,unknown,pmc_available,unknown,SUB005-Q002;SUB005-Q003,HR+/HER2- PI3K/AKT/mTOR treatment review provides broad clinical context for inhibitor classes.
SUB005,pmid-39717717,39717717,PMC11665392,10.1016/j.gendis.2024.101430,Oncogenic activation of PI K3 CA in cancers: Emerging targeted therapies in precision oncology.,Genes & diseases,2024,Journal Article;Review,include_context,review_or_background,unknown,pmc_available,unknown,SUB005-Q001;SUB005-Q002;SUB005-Q003,Review of oncogenic PI3Kalpha activation and therapies can frame targeted-inhibitor context.
SUB005,pmid-39792006,39792006,PMC12091942,10.1021/acs.jcim.4c02022,"mTOR Variants Activation Discovers PI3K-like Cryptic Pocket, Expanding Allosteric, Mutant-Selective Inhibitor Designs.",Journal of chemical information and modeling,2025,Journal Article,include_context,analogous_context,unknown,pmc_available,unknown,SUB005-Q002;SUB005-Q003,mTOR variant allosteric-pocket work is analogous structural context for mutant-selective allosteric design.
SUB005,pmid-39979081,39979081,unknown,10.1021/acs.jcim.4c02313,Predicting Resistance to Small Molecule Kinase Inhibitors.,Journal of chemical information and modeling,2025,Journal Article,include_context,analogous_context,unknown,abstract_available,unknown,SUB005-Q002;SUB005-Q003,Kinase-inhibitor resistance review gives analogous on-target resistance concepts.
SUB005,pmid-40829787,40829787,unknown,10.1146/annurev-pharmtox-082924-022724,Structural Insights into the Development of Inhibitors Against Cancer-Specific Mutations of PI3Kα.,Annual review of pharmacology and toxicology,2025,Journal Article;Review,include_context,review_or_background,unknown,abstract_available,unknown,SUB005-Q002;SUB005-Q003,"Structural review discusses mutation-specific PI3K-alpha inhibitor strategies but is background for secondary resistance, not primary evidence."
SUB005,pmid-40965803,40965803,PMC12847147,10.1007/s40291-025-00815-4,From PIK3CA Mutations to Rational PI3K Inhibition for the Treatment of Colorectal Cancer.,Molecular diagnosis & therapy,2025,Journal Article;Review,include_context,review_or_background,unknown,pmc_available,unknown,SUB005-Q002;SUB005-Q003,Colorectal PI3K inhibition review gives rational inhibitor context but not acquired secondary mutation evidence.
SUB005,pmid-41030973,41030973,PMC12478396,10.1101/2024.10.12.618044,"mTOR variants activation discovers PI3K-like cryptic pocket, expanding allosteric, mutant-selective inhibitor designs.",bioRxiv : the preprint server for biology,2024,Journal Article;Preprint,include_context,analogous_context,unknown,pmc_available,unknown,SUB005-Q002;SUB005-Q003,mTOR variant allosteric-pocket work is analogous structural context for mutant-selective allosteric design.
SUB005,pmid-42024964,42024964,unknown,10.1016/j.ejmech.2026.118879,"Benzothiophene-based, orally active PIK3CA H1047R mutant-selective inhibitors for the treatment of HR+/HER2- breast cancer.",European journal of medicinal chemistry,2026,Journal Article,include_context,methods_or_assay,unknown,abstract_available,unknown,SUB005-Q003,Mutant-selective H1047R inhibitor development informs next-generation PIK3CA targeting but not secondary acquired resistance mutations.
SUB005,pmid-42496151,42496151,unknown,10.1080/17425255.2026.2710110,Inavolisib: a second-generation PI3Kα inhibitor in HR+/HER2-negative breast cancer.,Expert opinion on drug metabolism & toxicology,2026,Journal Article;Review,include_context,review_or_background,unknown,abstract_available,unknown,SUB005-Q001,Inavolisib review supplies next-generation PI3Kalpha inhibitor context for comparing inhibitor classes.
SUB005,pmid-42508941,42508941,unknown,10.1080/13543776.2026.2704853,A patent review of mutant-selective PI3Kα inhibitors for the treatment of different cancers (2021-2025).,Expert opinion on therapeutic patents,2026,Journal Article;Review,include_context,review_or_background,unknown,abstract_available,unknown,SUB005-Q002;SUB005-Q003,Patent review frames mutant-selective PI3Kalpha inhibitor landscape relevant to secondary mutation discussion.
SUB005,pmid-42518131,42518131,PMC13529841,10.1007/s40265-026-02347-5,Emerging Strategies Targeting the PI3K/AKT/mTOR Pathway in HR+/HER2- Advanced Breast Cancer.,Drugs,2026,Journal Article;Review,include_context,review_or_background,unknown,pmc_available,unknown,SUB005-Q001;SUB005-Q002;SUB005-Q003,Recent HR+/HER2- PI3K pathway review may frame resistance mechanisms but not direct secondary mutations.
SUB005,pmid-37916958,37916958,PMC10850944,10.1158/2159-8290.CD-23-0704,Allosteric PI3Kα Inhibition Overcomes On-target Resistance to Orthosteric Inhibitors Mediated by Secondary PIK3CA Mutations.,Cancer discovery,2024,"Journal Article;Research Support, U.S. Gov't, Non-P.H.S.;Research Support, N.I.H., Extramural",include_primary,primary_mechanism,unknown,pmc_available,unknown,SUB005-Q001;SUB005-Q002;SUB005-Q003;SUB005-Q004,Serial patient sampling and functional data directly identify secondary PIK3CA resistance mutations after PI3K-alpha inhibitors.
SUB005,pmid-32067679,32067679,unknown,10.1016/j.annonc.2019.11.006,Outcome and molecular landscape of patients with PIK3CA-mutated metastatic breast cancer.,Annals of oncology : official journal of the European Society for Medical Oncology,2020,"Journal Article;Research Support, Non-U.S. Gov't",uncertain_full_text_needed,negative_or_limiting,unknown,abstract_available,unknown,SUB005-Q001;SUB005-Q002;SUB005-Q003,"PIK3CA is linked to therapy resistance, but secondary PIK3CA mutation status is unclear in the abstract."
SUB005,pmid-32451180,32451180,unknown,10.1016/j.eururo.2020.04.058,Activating AKT1 and PIK3CA Mutations in Metastatic Castration-Resistant Prostate Cancer.,European urology,2020,"Journal Article;Research Support, Non-U.S. Gov't",uncertain_full_text_needed,negative_or_limiting,unknown,abstract_available,unknown,SUB005-Q002;SUB005-Q003,"PIK3CA is linked to therapy resistance, but secondary PIK3CA mutation status is unclear in the abstract."
SUB005,pmid-33435133,33435133,PMC7827547,10.3390/jcm10020220,PI3KCA Mutations in Uterine Cervix Carcinoma.,Journal of clinical medicine,2021,Journal Article,uncertain_full_text_needed,negative_or_limiting,unknown,pmc_available,unknown,SUB005-Q002;SUB005-Q003,"PIK3CA is linked to therapy resistance, but secondary PIK3CA mutation status is unclear in the abstract."
SUB005,pmid-33479580,33479580,PMC7790916,10.1007/s13340-020-00455-5,Insulin resistance and exaggerated insulin sensitivity triggered by single-gene mutations in the insulin signaling pathway.,Diabetology international,2020,Editorial,uncertain_full_text_needed,negative_or_limiting,unknown,pmc_available,unknown,SUB005-Q002;SUB005-Q003,"PIK3CA is linked to therapy resistance, but secondary PIK3CA mutation status is unclear in the abstract."
SUB005,pmid-33744168,33744168,unknown,10.1016/j.clcc.2021.02.003,The Landscape of PIK3CA Mutations in Colorectal Cancer.,Clinical colorectal cancer,2021,Journal Article,uncertain_full_text_needed,negative_or_limiting,unknown,abstract_available,unknown,SUB005-Q002;SUB005-Q003,"PIK3CA is linked to therapy resistance, but secondary PIK3CA mutation status is unclear in the abstract."
SUB005,pmid-34130229,34130229,unknown,10.1016/j.cancergen.2021.05.010,EML4-ALK fusion variant.3 and co-occurrent PIK3CA E542K mutation exhibiting primary resistance to three generations of ALK inhibitors.,Cancer genetics,2021,"Case Reports;Journal Article;Research Support, Non-U.S. Gov't",uncertain_full_text_needed,negative_or_limiting,unknown,abstract_available,unknown,SUB005-Q001;SUB005-Q002;SUB005-Q003,"PIK3CA is linked to therapy resistance, but secondary PIK3CA mutation status is unclear in the abstract."
SUB005,pmid-34315006,34315006,unknown,10.1016/j.cancergen.2021.06.007,Longitudinal change of genetic variations in cetuximab-treated metastatic colorectal cancer.,Cancer genetics,2021,"Journal Article;Research Support, Non-U.S. Gov't",uncertain_full_text_needed,negative_or_limiting,unknown,abstract_available,unknown,SUB005-Q001,"PIK3CA is linked to therapy resistance, but secondary PIK3CA mutation status is unclear in the abstract."
SUB005,pmid-35205332,35205332,PMC8871541,10.3390/genes13020287,Characterization of the Genomic Landscape in Cervical Cancer by Next Generation Sequencing.,Genes,2022,"Journal Article;Research Support, Non-U.S. Gov't",uncertain_full_text_needed,negative_or_limiting,unknown,pmc_available,unknown,SUB005-Q001;SUB005-Q003,"PIK3CA is linked to therapy resistance, but secondary PIK3CA mutation status is unclear in the abstract."
SUB005,pmid-35280536,35280536,PMC8913378,10.1016/j.sjbs.2021.10.044,Implementation of Next-Generation Sequencing in Saudi Arabia for HER2-Positive Breast Cancer.,Saudi journal of biological sciences,2021,Journal Article,uncertain_full_text_needed,negative_or_limiting,unknown,pmc_available,unknown,SUB005-Q001;SUB005-Q003,"PIK3CA is linked to therapy resistance, but secondary PIK3CA mutation status is unclear in the abstract."
SUB005,pmid-35296442,35296442,unknown,10.1016/j.mcp.2022.101807,"The potential of PIK3CA, KRAS, BRAF, and APC hotspot mutations as a non-invasive detection method for colorectal cancer.",Molecular and cellular probes,2022,"Journal Article;Research Support, Non-U.S. Gov't",uncertain_full_text_needed,negative_or_limiting,unknown,abstract_available,unknown,SUB005-Q002,"PIK3CA is linked to therapy resistance, but secondary PIK3CA mutation status is unclear in the abstract."
SUB005,pmid-35335966,35335966,PMC8950976,10.3390/pharmaceutics14030590,The PIK3CA H1047R Mutation Confers Resistance to BRAF and MEK Inhibitors in A375 Melanoma Cells through the Cross-Activation of MAPK and PI3K-Akt Pathways.,Pharmaceutics,2022,Journal Article,uncertain_full_text_needed,negative_or_limiting,unknown,pmc_available,unknown,SUB005-Q002;SUB005-Q003,"PIK3CA is linked to therapy resistance, but secondary PIK3CA mutation status is unclear in the abstract."
SUB005,pmid-35568775,35568775,unknown,10.1007/s12032-022-01695-y,Cell line models for drug discovery in PIK3CA-mutated colorectal cancers.,"Medical oncology (Northwood, London, England)",2022,Journal Article,uncertain_full_text_needed,negative_or_limiting,unknown,abstract_available,unknown,SUB005-Q002;SUB005-Q003,"PIK3CA is linked to therapy resistance, but secondary PIK3CA mutation status is unclear in the abstract."
SUB005,pmid-36069292,36069292,unknown,10.1002/cncr.34451,Efficacy and potential resistance mechanisms of afatinib in advanced non-small cell lung cancer patients with EGFR G719X/L861Q/S768I.,Cancer,2022,"Journal Article;Research Support, Non-U.S. Gov't",uncertain_full_text_needed,negative_or_limiting,unknown,abstract_available,unknown,SUB005-Q001;SUB005-Q002,"PIK3CA is linked to therapy resistance, but secondary PIK3CA mutation status is unclear in the abstract."
SUB006,pmid-16096426,16096426,unknown,10.1097/01.cad.0000173476.67239.3b,PI3K/Akt/mTOR pathway as a target for cancer therapy.,Anti-cancer drugs,2005,"Journal Article;Research Support, N.I.H., Extramural;Research Support, U.S. Gov't, P.H.S.;Review",include_context,review_or_background,unknown,abstract_available,unknown,SUB006-Q002,PI3K/AKT/mTOR targeting context helps frame AKT/mTOR compensation but lacks direct resistance testing.
SUB006,pmid-16136169,16136169,unknown,10.1038/sj.leu.2403898,Compensatory PI3-kinase/Akt/mTor activation regulates imatinib resistance development.,Leukemia,2005,"Journal Article;Research Support, Non-U.S. Gov't",include_context,analogous_context,unknown,abstract_available,unknown,SUB006-Q001,Compensatory PI3K/AKT/mTOR activation during imatinib resistance is a useful analogy but not PI3K-alpha inhibitor resistance.
SUB006,pmid-19078992,19078992,unknown,10.1038/jid.2008.379,Inhibition of PI3K-AKT-mTOR signaling sensitizes melanoma cells to cisplatin and temozolomide.,The Journal of investigative dermatology,2008,"Journal Article;Research Support, Non-U.S. Gov't",include_context,analogous_context,unknown,abstract_available,unknown,SUB006-Q001;SUB006-Q002,"Melanoma chemosensitization by AKT/MAPK inhibitors is analogous downstream-pathway context, not PI3K-alpha resistance evidence."
SUB006,pmid-19678801,19678801,unknown,10.1517/14728220903136775,Targeting the PI3K/AKT/mTOR signaling network in acute myelogenous leukemia.,Expert opinion on investigational drugs,2009,"Journal Article;Research Support, N.I.H., Extramural;Research Support, Non-U.S. Gov't;Review",include_context,review_or_background,unknown,abstract_available,unknown,SUB006-Q003,PI3K/AKT/mTOR resistance or feedback review is useful downstream-compensation context.
SUB006,pmid-19751211,19751211,unknown,10.2174/157489210789702208,Inhibitors of the PI3K/Akt/mTOR pathway: new hope for breast cancer patients.,Recent patents on anti-cancer drug discovery,2010,"Journal Article;Research Support, Non-U.S. Gov't;Review",include_context,review_or_background,unknown,abstract_available,unknown,SUB006-Q003,PI3K/AKT/mTOR resistance or feedback review is useful downstream-compensation context.
SUB006,pmid-20533896,20533896,unknown,10.2174/157488710792007329,Development of inhibitors of the IGF-IR/PI3K/Akt/mTOR pathway.,Reviews on recent clinical trials,2010,"Journal Article;Research Support, Non-U.S. Gov't;Review",include_context,review_or_background,unknown,abstract_available,unknown,SUB006-Q003,PI3K/AKT/mTOR resistance or feedback review is useful downstream-compensation context.
SUB006,pmid-20671809,20671809,PMC2911128,10.18632/oncotarget.114,The phosphatidylinositol 3-kinase/Akt/mTOR signaling network as a therapeutic target in acute myelogenous leukemia patients.,Oncotarget,2010,"Journal Article;Research Support, N.I.H., Extramural;Research Support, Non-U.S. Gov't;Review",include_context,review_or_background,unknown,pmc_available,unknown,SUB006-Q003,PI3K/AKT/mTOR resistance or feedback review is useful downstream-compensation context.
SUB006,pmid-21755275,21755275,unknown,10.1007/s11912-011-0187-7,"Targeting the PI3K/AKT/mTOR pathway in non-Hodgkin's lymphoma: results, biology, and development strategies.",Current oncology reports,2011,Journal Article,include_context,review_or_background,unknown,abstract_available,unknown,SUB006-Q001;SUB006-Q003,NHL PI3K/AKT/mTOR therapeutic biology is useful pathway background but lacks PI3K-alpha inhibitor resistance timing or causality.
SUB006,pmid-22845486,22845486,PMC4214862,10.2165/11594740-000000000-00000,Targeting the PI3K/AKT/mTOR signaling axis in children with hematologic malignancies.,Paediatric drugs,2012,"Journal Article;Research Support, N.I.H., Extramural;Research Support, Non-U.S. Gov't;Review",include_context,review_or_background,unknown,pmc_available,unknown,SUB006-Q003,PI3K/AKT/mTOR resistance or feedback review is useful downstream-compensation context.
SUB006,pmid-22973960,22973960,unknown,unknown,Synergistic antiproliferative and antiangiogenic effects of EGFR and mTOR inhibitors.,Current pharmaceutical design,2013,Journal Article;Review,include_context,review_or_background,unknown,abstract_available,unknown,SUB006-Q003,PI3K/AKT/mTOR resistance or feedback review is useful downstream-compensation context.
SUB006,pmid-22978346,22978346,unknown,10.1517/13543784.2012.721353,The promise of mTOR inhibitors in the treatment of colorectal cancer.,Expert opinion on investigational drugs,2012,Journal Article;Review,include_context,review_or_background,unknown,abstract_available,unknown,SUB006-Q003,PI3K/AKT/mTOR resistance or feedback review is useful downstream-compensation context.
SUB006,pmid-23006971,23006971,PMC3660063,10.18632/oncotarget.652,Mutations and deregulation of Ras/Raf/MEK/ERK and PI3K/PTEN/Akt/mTOR cascades which alter therapy response.,Oncotarget,2012,"Journal Article;Research Support, Non-U.S. Gov't;Review",include_context,review_or_background,unknown,pmc_available,unknown,SUB006-Q001,PI3K/AKT/mTOR resistance or feedback review is useful downstream-compensation context.
SUB006,pmid-23082003,23082003,unknown,10.1158/1078-0432.CCR-12-0662,The PI3K/AKT/mTOR pathway as a therapeutic target in endometrial cancer.,Clinical cancer research : an official journal of the American Association for Cancer Research,2012,"Journal Article;Research Support, Non-U.S. Gov't;Review",include_context,review_or_background,unknown,abstract_available,unknown,SUB006-Q001;SUB006-Q002;SUB006-Q003,PI3K/AKT/mTOR resistance or feedback review is useful downstream-compensation context.
SUB006,pmid-23272913,23272913,PMC3729595,10.2174/18715206113139990119,Targeting the PI3K/Akt/mTOR axis by apigenin for cancer prevention.,Anti-cancer agents in medicinal chemistry,2013,"Journal Article;Research Support, N.I.H., Extramural;Research Support, Non-U.S. Gov't;Review",include_context,review_or_background,unknown,pmc_available,unknown,SUB006-Q002,PI3K/AKT/mTOR targeting context helps frame AKT/mTOR compensation but lacks direct resistance testing.
SUB006,pmid-23293890,23293890,unknown,10.2174/18715206113139990130,Natural products targeting autophagy via the PI3K/Akt/mTOR pathway as anticancer agents.,Anti-cancer agents in medicinal chemistry,2013,"Journal Article;Research Support, Non-U.S. Gov't;Review",include_context,review_or_background,unknown,abstract_available,unknown,SUB006-Q001,PI3K/AKT/mTOR resistance or feedback review is useful downstream-compensation context.
SUB006,pmid-23377372,23377372,unknown,10.1007/s00280-012-2043-3,Overcoming acquired resistance to anticancer therapy: focus on the PI3K/AKT/mTOR pathway.,Cancer chemotherapy and pharmacology,2013,"Journal Article;Research Support, Non-U.S. Gov't;Review",include_context,review_or_background,unknown,abstract_available,unknown,SUB006-Q001;SUB006-Q003,PI3K/AKT/mTOR resistance or feedback review is useful downstream-compensation context.
SUB006,pmid-23419523,23419523,unknown,10.1016/j.canlet.2013.02.016,PI3K/Akt/mTOR pathway inhibitors in the therapy of pancreatic neuroendocrine tumors.,Cancer letters,2013,"Journal Article;Research Support, Non-U.S. Gov't;Review",include_context,review_or_background,unknown,abstract_available,unknown,SUB006-Q001;SUB006-Q002,PI3K/AKT/mTOR targeting context helps frame AKT/mTOR compensation but lacks direct resistance testing.
SUB006,pmid-23443307,23443307,unknown,10.1007/s00280-013-2121-1,PI3K and MEK inhibitor combinations: examining the evidence in selected tumor types.,Cancer chemotherapy and pharmacology,2013,Journal Article;Review,include_context,review_or_background,unknown,abstract_available,unknown,SUB006-Q003,PI3K/AKT/mTOR resistance or feedback review is useful downstream-compensation context.
SUB006,pmid-23456430,23456430,unknown,10.1530/ERC-12-0394,Targeting the PI3K/Akt/mTOR pathway in castration-resistant prostate cancer.,Endocrine-related cancer,2013,"Journal Article;Research Support, Non-U.S. Gov't;Review",include_context,review_or_background,unknown,abstract_available,unknown,SUB006-Q003,PI3K/AKT/mTOR resistance biology is relevant background but PI3K-alpha-specific exposure is not clear.
SUB006,pmid-23605780,23605780,unknown,10.1007/s11912-013-0316-6,Exploring novel therapeutic targets in GIST: focus on the PI3K/Akt/mTOR pathway.,Current oncology reports,2013,"Journal Article;Research Support, Non-U.S. Gov't;Review",include_context,review_or_background,unknown,abstract_available,unknown,SUB006-Q001,GIST PI3K/AKT/mTOR review is disease-adjacent background rather than primary evidence.
SUB006,pmid-23642907,23642907,PMC3845556,10.5732/cjc.013.10057,Targeting the PI3K-AKT-mTOR signaling network in cancer.,Chinese journal of cancer,2013,"Journal Article;Research Support, Non-U.S. Gov't;Review",include_context,review_or_background,unknown,pmc_available,unknown,SUB006-Q003,PI3K/AKT/mTOR resistance biology is relevant background but PI3K-alpha-specific exposure is not clear.
SUB006,pmid-24022196,24022196,PMC3790180,10.1038/bjc.2013.529,Targeting EGFR and PI3K pathways in ovarian cancer.,British journal of cancer,2013,"Journal Article;Research Support, Non-U.S. Gov't",include_context,analogous_context,unknown,pmc_available,unknown,SUB006-Q003,EGFR and PI3K targeting in ovarian cancer is combination/pathway context without direct PI3K-alpha resistance causality.
SUB006,pmid-24055012,24055012,unknown,10.1016/j.ctrv.2013.08.006,Strategies for co-targeting the PI3K/AKT/mTOR pathway in NSCLC.,Cancer treatment reviews,2013,"Journal Article;Research Support, Non-U.S. Gov't;Review",include_context,review_or_background,unknown,abstract_available,unknown,SUB006-Q001;SUB006-Q002,PI3K/AKT/mTOR resistance biology is relevant background but PI3K-alpha-specific exposure is not clear.
SUB006,pmid-24245601,24245601,unknown,10.3109/13697137.2013.864268,Endocrine resistance in breast cancer.,Climacteric : the journal of the International Menopause Society,2013,Journal Article;Review,include_context,review_or_background,unknown,abstract_available,unknown,SUB006-Q001;SUB006-Q002,PI3K/AKT/mTOR resistance biology is relevant background but PI3K-alpha-specific exposure is not clear.
SUB006,pmid-24774538,24774538,unknown,10.1016/j.ctrv.2014.03.004,Targeting the PI3K/AKT/mTOR pathway in estrogen receptor-positive breast cancer.,Cancer treatment reviews,2014,"Journal Article;Research Support, Non-U.S. Gov't;Review",include_context,review_or_background,unknown,abstract_available,unknown,SUB006-Q001;SUB006-Q002,PI3K/AKT/mTOR resistance biology is relevant background but PI3K-alpha-specific exposure is not clear.
SUB006,pmid-24819383,24819383,unknown,10.1016/j.jbior.2014.04.004,Targeting signaling pathways in T-cell acute lymphoblastic leukemia initiating cells.,Advances in biological regulation,2014,"Journal Article;Research Support, Non-U.S. Gov't;Review",include_context,review_or_background,unknown,abstract_available,unknown,SUB006-Q003,PI3K/AKT/mTOR resistance biology is relevant background but PI3K-alpha-specific exposure is not clear.
SUB006,pmid-24863259,24863259,unknown,10.1016/j.bcp.2014.05.011,Targeting PI3K/AKT/mTOR pathway in non small cell lung cancer.,Biochemical pharmacology,2014,Journal Article;Review,include_context,review_or_background,unknown,abstract_available,unknown,SUB006-Q001;SUB006-Q002;SUB006-Q003,PI3K/AKT/mTOR resistance biology is relevant background but PI3K-alpha-specific exposure is not clear.
SUB006,pmid-25057302,25057302,PMC4107712,10.1177/1758834014530023,"The PI3K/AKT/mTOR pathway in breast cancer: targets, trials and biomarkers.",Therapeutic advances in medical oncology,2014,Journal Article;Review,include_context,review_or_background,unknown,pmc_available,unknown,SUB006-Q003,PI3K/AKT/mTOR resistance biology is relevant background but PI3K-alpha-specific exposure is not clear.
SUB006,pmid-25146530,25146530,PMC11823746,10.1007/s00432-014-1803-3,Current clinical regulation of PI3K/PTEN/Akt/mTOR signalling in treatment of human cancer.,Journal of cancer research and clinical oncology,2014,Journal Article;Review,include_context,review_or_background,unknown,pmc_available,unknown,SUB006-Q003,PI3K/AKT/mTOR resistance biology is relevant background but PI3K-alpha-specific exposure is not clear.
SUB006,pmid-25155268,25155268,PMC4462367,10.1111/cas.12521,Molecular mechanisms regulating the hormone sensitivity of breast cancer.,Cancer science,2014,"Journal Article;Research Support, Non-U.S. Gov't;Review",include_context,review_or_background,unknown,pmc_available,unknown,SUB006-Q001;SUB006-Q002,PI3K/AKT/mTOR resistance biology is relevant background but PI3K-alpha-specific exposure is not clear.
SUB006,pmid-25240910,25240910,unknown,10.1016/j.pharmthera.2014.09.006,Targeting PI3 kinase in cancer.,Pharmacology & therapeutics,2014,Journal Article;Review,include_context,review_or_background,unknown,abstract_available,unknown,SUB006-Q003,General PI3K-targeting review should be retained only as background context.
SUB006,pmid-25304988,25304988,unknown,10.1097/CAD.0000000000000172,New development of inhibitors targeting the PI3K/AKT/mTOR pathway in personalized treatment of non-small-cell lung cancer.,Anti-cancer drugs,2015,"Journal Article;Research Support, Non-U.S. Gov't;Review",include_context,review_or_background,unknown,abstract_available,unknown,SUB006-Q001;SUB006-Q002;SUB006-Q003,PI3K/AKT/mTOR resistance biology is relevant background but PI3K-alpha-specific exposure is not clear.
SUB006,pmid-25306975,25306975,unknown,10.1586/14737140.2015.961429,PI3K/AKT/mTOR pathway inhibitors: the ideal combination partners for breast cancer therapies?,Expert review of anticancer therapy,2014,"Journal Article;Research Support, Non-U.S. Gov't;Review",include_context,review_or_background,unknown,abstract_available,unknown,SUB006-Q001;SUB006-Q002;SUB006-Q003,PI3K/AKT/mTOR resistance biology is relevant background but PI3K-alpha-specific exposure is not clear.
SUB006,pmid-25532816,25532816,unknown,10.1016/j.oraloncology.2014.11.012,Targeting the PI3K/AKT/mTOR pathway in squamous cell carcinoma of the head and neck.,Oral oncology,2014,"Journal Article;Research Support, Non-U.S. Gov't;Review",include_context,review_or_background,unknown,abstract_available,unknown,SUB006-Q003,PI3K/AKT/mTOR resistance biology is relevant background but PI3K-alpha-specific exposure is not clear.
SUB006,pmid-25556614,25556614,PMC4302085,10.5732/cjc.014.10289,The PI3K/Akt/mTOR pathway in ovarian cancer: therapeutic opportunities and challenges.,Chinese journal of cancer,2015,Journal Article;Review,include_context,review_or_background,unknown,pmc_available,unknown,SUB006-Q001;SUB006-Q002;SUB006-Q003,"Ovarian PI3K/AKT/mTOR review is pathway background, not primary resistance evidence."
SUB006,pmid-25652792,25652792,unknown,10.1517/14728222.2015.1012157,Targeting EGFR-PI3K-AKT-mTOR signaling enhances radiosensitivity in head and neck squamous cell carcinoma.,Expert opinion on therapeutic targets,2015,Journal Article;Review,include_context,review_or_background,unknown,abstract_available,unknown,SUB006-Q003,PI3K/AKT/mTOR resistance biology is relevant background but PI3K-alpha-specific exposure is not clear.
SUB006,pmid-26056598,26056598,PMC4452069,10.1186/2052-8426-2-32,A critical evaluation of PI3K inhibition in Glioblastoma and Neuroblastoma therapy.,Molecular and cellular therapies,2014,Journal Article;Review,include_context,review_or_background,unknown,pmc_available,unknown,SUB006-Q003,PI3K/AKT/mTOR resistance biology is relevant background but PI3K-alpha-specific exposure is not clear.
SUB006,pmid-26187798,26187798,unknown,10.1016/j.breast.2015.06.002,Potential of overcoming resistance to HER2-targeted therapies through the PI3K/Akt/mTOR pathway.,"Breast (Edinburgh, Scotland)",2015,"Journal Article;Research Support, Non-U.S. Gov't;Review",include_context,review_or_background,unknown,abstract_available,unknown,SUB006-Q001;SUB006-Q002;SUB006-Q003,PI3K/AKT/mTOR resistance biology is relevant background but PI3K-alpha-specific exposure is not clear.
SUB006,pmid-26201609,26201609,unknown,10.2174/138920101609150715141545,The PI3K-AKt-mTOR Pathway and New Tools to Prevent Acquired Hormone Resistance in Breast Cancer.,Current pharmaceutical biotechnology,2015,Journal Article;Review,include_context,review_or_background,unknown,abstract_available,unknown,SUB006-Q001;SUB006-Q002;SUB006-Q003,PI3K/AKT/mTOR resistance biology is relevant background but PI3K-alpha-specific exposure is not clear.
SUB006,pmid-26253360,26253360,unknown,10.1016/j.critrevonc.2015.07.005,Targeting PI3K/Akt/mTOR signaling pathway in the treatment of prostate cancer radioresistance.,Critical reviews in oncology/hematology,2015,"Journal Article;Research Support, Non-U.S. Gov't;Review",include_context,review_or_background,unknown,abstract_available,unknown,SUB006-Q001;SUB006-Q002,PI3K/AKT/mTOR resistance biology is relevant background but PI3K-alpha-specific exposure is not clear.
SUB006,pmid-26334206,26334206,unknown,10.4155/fmc.15.88,Targeting autophagy to overcome drug resistance in cancer therapy.,Future medicinal chemistry,2015,Journal Article;Review,include_context,review_or_background,unknown,abstract_available,unknown,SUB006-Q001;SUB006-Q002,PI3K/AKT/mTOR resistance biology is relevant background but PI3K-alpha-specific exposure is not clear.
SUB006,pmid-26582734,26582734,unknown,10.1016/j.bulcan.2015.09.011,"[PI3K-AKT-mTOR pathway: Description, therapeutic development, resistance, predictive/prognostic biomarkers and therapeutic applications for cancer].",Bulletin du cancer,2015,Journal Article;Review,include_context,review_or_background,unknown,abstract_available,unknown,SUB006-Q001;SUB006-Q002,PI3K/AKT/mTOR resistance biology is relevant background but PI3K-alpha-specific exposure is not clear.
SUB006,pmid-27531814,27531814,unknown,10.7534/j.issn.1009-2137.2016.04.058,[PI3K/AKT/mTOR Pathway and Pediatric T Acute Lymphoblastic Leukemia-Review].,Zhongguo shi yan xue ye xue za zhi,2016,Journal Article;Review,include_context,review_or_background,unknown,abstract_available,unknown,SUB006-Q003,PI3K/AKT/mTOR resistance biology is relevant background but PI3K-alpha-specific exposure is not clear.
SUB006,pmid-27621407,27621407,PMC6366304,10.1200/JCO.2014.59.0018,Inhibition of the PI3K/AKT/mTOR Pathway in Solid Tumors.,Journal of clinical oncology : official journal of the American Society of Clinical Oncology,2016,Journal Article;Review,include_context,review_or_background,unknown,pmc_available,unknown,SUB006-Q003,PI3K/AKT/mTOR resistance biology is relevant background but PI3K-alpha-specific exposure is not clear.
SUB006,pmid-27844272,27844272,unknown,10.1007/s11523-016-0463-4,Resistance to Targeted Therapies in Renal Cancer: The Importance of Changing the Mechanism of Action.,Targeted oncology,2017,"Journal Article;Review;Research Support, Non-U.S. Gov't",include_context,review_or_background,unknown,abstract_available,unknown,SUB006-Q003,PI3K/AKT/mTOR resistance biology is relevant background but PI3K-alpha-specific exposure is not clear.
SUB006,pmid-27896521,27896521,unknown,10.1007/s10555-016-9637-x,"PI3K/AKT/mTOR: role in breast cancer progression, drug resistance, and treatment.",Cancer metastasis reviews,2016,Journal Article;Review,include_context,review_or_background,unknown,abstract_available,unknown,SUB006-Q001;SUB006-Q002;SUB006-Q003,PI3K/AKT/mTOR resistance biology is relevant background but PI3K-alpha-specific exposure is not clear.
SUB006,pmid-28230287,28230287,unknown,10.1002/jcb.25950,Therapeutic Potential of Targeting PI3K/AKT Pathway in Treatment of Colorectal Cancer: Rational and Progress.,Journal of cellular biochemistry,2017,"Journal Article;Research Support, Non-U.S. Gov't;Review",include_context,review_or_background,unknown,abstract_available,unknown,SUB006-Q002,Colorectal PI3K/AKT targeting review provides context but no direct PI3K-alpha resistance data.
SUB006,pmid-28708099,28708099,PMC5536016,10.3390/ijms18071527,Role Played by Signalling Pathways in Overcoming BRAF Inhibitor Resistance in Melanoma.,International journal of molecular sciences,2017,Journal Article;Review,include_context,review_or_background,unknown,pmc_available,unknown,SUB006-Q001;SUB006-Q002,PI3K/AKT/mTOR resistance biology is relevant background but PI3K-alpha-specific exposure is not clear.
SUB006,pmid-28889395,28889395,unknown,10.1007/978-1-4939-7234-0_23,Targeting the PI3K/AKT/mTOR Pathway in Bladder Cancer.,"Methods in molecular biology (Clifton, N.J.)",2018,Journal Article;Review,include_context,review_or_background,unknown,abstract_available,unknown,SUB006-Q001;SUB006-Q002,PI3K/AKT/mTOR resistance biology is relevant background but PI3K-alpha-specific exposure is not clear.
SUB006,pmid-28969535,28969535,unknown,10.2174/1568009617666170927114440,The PI3K Pathway at the Crossroads of Cancer and the Immune System: Strategies for Next Generation Immunotherapy Combinations.,Current cancer drug targets,2018,Journal Article;Review,include_context,review_or_background,unknown,abstract_available,unknown,SUB006-Q003,PI3K/AKT/mTOR resistance biology is relevant background but PI3K-alpha-specific exposure is not clear.
SUB006,pmid-29074462,29074462,unknown,10.1016/j.gene.2017.09.072,Correlation between telomerase and mTOR pathway in cancer stem cells.,Gene,2017,Journal Article;Review,include_context,review_or_background,unknown,abstract_available,unknown,SUB006-Q001;SUB006-Q002;SUB006-Q003,PI3K/AKT/mTOR resistance biology is relevant background but PI3K-alpha-specific exposure is not clear.
SUB006,pmid-29192520,29192520,unknown,10.1080/14737140.2018.1412259,Emerging data on improving response to hormone therapy: the role of novel targeted agents.,Expert review of anticancer therapy,2017,Journal Article;Review,include_context,review_or_background,unknown,abstract_available,unknown,SUB006-Q001,PI3K/AKT/mTOR resistance biology is relevant background but PI3K-alpha-specific exposure is not clear.
SUB006,pmid-29276026,29276026,unknown,10.1016/j.blre.2017.11.006,Dueling for dual inhibition: Means to enhance effectiveness of PI3K/Akt/mTOR inhibitors in AML.,Blood reviews,2017,"Journal Article;Research Support, Non-U.S. Gov't;Review",include_context,review_or_background,unknown,abstract_available,unknown,SUB006-Q001;SUB006-Q002,Review of PI3K/AKT/mTOR inhibition in AML is background only under the stricter primary threshold.
SUB006,pmid-29719270,29719270,PMC6454890,10.1016/j.coph.2018.04.009,Mechanisms of resistance in estrogen receptor positive breast cancer: overcoming resistance to tamoxifen/aromatase inhibitors.,Current opinion in pharmacology,2018,"Journal Article;Research Support, N.I.H., Extramural;Review",include_context,review_or_background,unknown,pmc_available,unknown,SUB006-Q003,PI3K/AKT/mTOR resistance biology is relevant background but PI3K-alpha-specific exposure is not clear.
SUB006,pmid-30109500,30109500,PMC11813288,10.1007/s00432-018-2737-y,MiRNAs and their interplay with PI3K/AKT/mTOR pathway in ovarian cancer cells: a potential role in platinum resistance.,Journal of cancer research and clinical oncology,2018,Journal Article;Review,include_context,review_or_background,unknown,pmc_available,unknown,SUB006-Q001,PI3K/AKT/mTOR resistance biology is relevant background but PI3K-alpha-specific exposure is not clear.
SUB006,pmid-31135266,31135266,PMC6592242,10.1080/15384101.2019.1624113,"HER2-L755S mutation induces hyperactive MAPK and PI3K-mTOR signaling, leading to resistance to HER2 tyrosine kinase inhibitor treatment.","Cell cycle (Georgetown, Tex.)",2019,"Journal Article;Research Support, Non-U.S. Gov't",include_context,analogous_context,unknown,pmc_available,unknown,SUB006-Q003,"HER2-L755S activates PI3K-mTOR signaling in HER2 therapy resistance, useful but not direct PI3K-alpha inhibitor resistance evidence."
SUB006,pmid-31215384,31215384,unknown,10.2174/1389450120666190618123846,PI3K/ Akt/ mTOR Pathway as a Therapeutic Target for Colorectal Cancer: A Review of Preclinical and Clinical Evidence.,Current drug targets,2019,"Journal Article;Research Support, Non-U.S. Gov't;Review",include_context,review_or_background,unknown,abstract_available,unknown,SUB006-Q003,PI3K/AKT/mTOR resistance biology is relevant background but PI3K-alpha-specific exposure is not clear.
SUB006,pmid-31226848,31226848,PMC6627878,10.3390/ijms20123021,Strategies to Overcome Resistance Mechanisms in T-Cell Acute Lymphoblastic Leukemia.,International journal of molecular sciences,2019,Journal Article;Review,include_context,review_or_background,unknown,pmc_available,unknown,SUB006-Q003,PI3K/AKT/mTOR resistance biology is relevant background but PI3K-alpha-specific exposure is not clear.
SUB006,pmid-31446019,31446019,unknown,10.1016/j.ejphar.2019.172621,Drug resistance of BRAF-mutant melanoma: Review of up-to-date mechanisms of action and promising targeted agents.,European journal of pharmacology,2019,Journal Article;Review,include_context,review_or_background,unknown,abstract_available,unknown,SUB006-Q003,PI3K/AKT/mTOR resistance biology is relevant background but PI3K-alpha-specific exposure is not clear.
SUB006,pmid-31832711,31832711,unknown,10.1007/s00253-019-10257-8,Targeting PI3K/AKT/mTOR-mediated autophagy for tumor therapy.,Applied microbiology and biotechnology,2019,Journal Article;Review,include_context,review_or_background,unknown,abstract_available,unknown,SUB006-Q001;SUB006-Q002,Autophagy review explains PI3K/AKT/mTOR-mediated survival context for resistance.
SUB006,pmid-32351542,32351542,PMC7174681,10.3389/fgene.2020.00349,Sequential or Concomitant Inhibition of Cyclin-Dependent Kinase 4/6 Before mTOR Pathway in Hormone-Positive HER2 Negative Breast Cancer: Biological Insights and Clinical Implications.,Frontiers in genetics,2020,Journal Article;Review,include_context,review_or_background,unknown,pmc_available,unknown,SUB006-Q001,CDK4/6 and mTOR sequencing review discusses mTOR escape and combination rationale.
SUB006,pmid-32782489,32782489,PMC7388095,10.1177/1758835920940939,Targeting the PI3K/Akt/mTOR pathway in estrogen-receptor positive HER2 negative advanced breast cancer.,Therapeutic advances in medical oncology,2020,Journal Article;Review,include_context,review_or_background,unknown,pmc_available,unknown,SUB006-Q002,ER-positive HER2-negative breast-cancer review frames PI3K/Akt/mTOR targeted treatment.
SUB006,pmid-33036754,33036754,unknown,10.1016/j.bbrc.2020.09.143,Inhibition of Akt/mTOR pathway overcomes intrinsic resistance to dasatinib in triple-negative breast cancer.,Biochemical and biophysical research communications,2020,"Journal Article;Research Support, Non-U.S. Gov't",include_context,primary_mechanism,unknown,abstract_available,unknown,SUB006-Q001;SUB006-Q003,"Useful AKT/mTOR pathway or combination context, but the abstract does not directly test AKT/mTOR compensation after PI3K-alpha inhibition."
SUB006,pmid-33229547,33229547,PMC7733797,10.1073/pnas.2017152117,Oncogenic activation of PI3K-AKT-mTOR signaling suppresses ferroptosis via SREBP-mediated lipogenesis.,Proceedings of the National Academy of Sciences of the United States of America,2020,"Journal Article;Research Support, N.I.H., Extramural;Research Support, Non-U.S. Gov't",include_context,review_or_background,unknown,pmc_available,unknown,SUB006-Q001;SUB006-Q002;SUB006-Q003,Primary study on PI3K-AKT-mTOR activation suppressing ferroptosis is pathway-adjacent context.
SUB006,pmid-33375317,33375317,PMC7796017,10.3390/ijms22010173,PI3K/AKT/mTOR Signaling Pathway in Breast Cancer: From Molecular Landscape to Clinical Aspects.,International journal of molecular sciences,2020,Journal Article;Review,include_context,review_or_background,unknown,pmc_available,unknown,SUB006-Q002,Breast-cancer PI3K/AKT/mTOR review provides pathway and clinical context.
SUB006,pmid-33498407,33498407,PMC7864210,10.3390/cancers13030369,Nexus between PI3K/AKT and Estrogen Receptor Signaling in Breast Cancer.,Cancers,2021,Journal Article;Review,include_context,review_or_background,unknown,pmc_available,unknown,SUB006-Q003,Review of PI3K/AKT and estrogen receptor signaling contextualizes endocrine/PI3K crosstalk.
SUB006,pmid-33790792,33790792,PMC8005514,10.3389/fphar.2021.628690,Activation of PI3K/AKT/mTOR Pathway Causes Drug Resistance in Breast Cancer.,Frontiers in pharmacology,2021,Journal Article;Review,include_context,review_or_background,unknown,pmc_available,unknown,SUB006-Q001;SUB006-Q002,Broad breast-cancer review links PI3K/AKT/mTOR activation to drug resistance.
SUB006,pmid-33865994,33865994,unknown,10.1016/j.critrevonc.2021.103334,PI3K inhibition in breast cancer: Identifying and overcoming different flavors of resistance.,Critical reviews in oncology/hematology,2021,Journal Article;Review,include_context,review_or_background,unknown,abstract_available,unknown,SUB006-Q001;SUB006-Q002;SUB006-Q003,PI3K inhibition resistance review directly frames AKT/mTOR-related escape concepts.
SUB006,pmid-33995085,33995085,PMC8118639,10.3389/fphar.2021.662232,AKT Inhibitors: New Weapons in the Fight Against Breast Cancer?,Frontiers in pharmacology,2021,Journal Article;Review,include_context,review_or_background,unknown,pmc_available,unknown,SUB006-Q001;SUB006-Q002;SUB006-Q003,AKT inhibitor review provides downstream cotargeting context for breast cancer.
SUB006,pmid-34765318,34765318,PMC8569340,unknown,Chemoresistance in breast cancer: PI3K/Akt pathway inhibitors vs the current chemotherapy.,American journal of cancer research,2021,Journal Article;Review,include_context,review_or_background,unknown,pmc_available,unknown,SUB006-Q003,Breast-cancer chemoresistance review compares PI3K/Akt pathway inhibitors with chemotherapy.
SUB006,pmid-35168143,35168143,PMC8850794,10.1016/j.tranon.2022.101364,"The PI3K/Akt/mTOR pathway in lung cancer; oncogenic alterations, therapeutic opportunities, challenges, and a glance at the application of nanoparticles.",Translational oncology,2022,Journal Article;Review,include_context,analogous_context,unknown,pmc_available,unknown,SUB006-Q001;SUB006-Q002,AKT/mTOR pathway resistance or cotargeting literature can frame downstream compensation but is not clearly PI3K-alpha-specific.
SUB006,pmid-35440108,35440108,PMC9019088,10.1038/s41467-022-29655-0,Distinct resistance mechanisms arise to allosteric vs. ATP-competitive AKT inhibitors.,Nature communications,2022,Journal Article,include_context,analogous_context,unknown,pmc_available,unknown,SUB006-Q003,AKT/mTOR pathway resistance or cotargeting literature can frame downstream compensation but is not clearly PI3K-alpha-specific.
SUB006,pmid-35525406,35525406,unknown,10.1016/j.cellsig.2022.110350,Crosstalk between PI3K/AKT/mTOR and WNT/β-Catenin signaling in GBM - Could combination therapy checkmate the collusion?,Cellular signalling,2022,Journal Article;Review,include_context,analogous_context,unknown,abstract_available,unknown,SUB006-Q003,AKT/mTOR pathway resistance or cotargeting literature can frame downstream compensation but is not clearly PI3K-alpha-specific.
SUB006,pmid-35582276,35582276,PMC9019208,10.20517/cdr.2019.60,"Network rewiring, adaptive resistance and combating strategies in breast cancer.","Cancer drug resistance (Alhambra, Calif.)",2019,Journal Article;Review,include_context,review_or_background,unknown,pmc_available,unknown,SUB006-Q003,Adaptive resistance review frames network rewiring and pathway feedback in breast cancer.
SUB006,pmid-35582310,35582310,PMC9019160,10.20517/cdr.2021.05,"Targeting the PI3K/AKT/mTOR pathway in epithelial ovarian cancer, therapeutic treatment options for platinum-resistant ovarian cancer.","Cancer drug resistance (Alhambra, Calif.)",2021,Journal Article;Review,include_context,review_or_background,unknown,pmc_available,unknown,SUB006-Q002,Ovarian cancer review frames PI3K/AKT/mTOR inhibition in platinum resistance.
SUB006,pmid-35614940,35614940,PMC9124774,10.3389/fphar.2022.875372,Recent Advances in Dual PI3K/mTOR Inhibitors for Tumour Treatment.,Frontiers in pharmacology,2022,Journal Article;Review,include_context,analogous_context,unknown,pmc_available,unknown,SUB006-Q001;SUB006-Q002,AKT/mTOR pathway resistance or cotargeting literature can frame downstream compensation but is not clearly PI3K-alpha-specific.
SUB006,pmid-35761360,35761360,PMC9235112,10.1186/s12967-022-03462-z,Inhibition of autophagy by chloroquine prevents resistance to PI3K/AKT inhibitors and potentiates their antitumor effect in combination with paclitaxel in triple negative breast cancer models.,Journal of translational medicine,2022,"Journal Article;Research Support, Non-U.S. Gov't",include_context,analogous_context,unknown,pmc_available,unknown,SUB006-Q001;SUB006-Q003,Autophagy after PI3K/AKT inhibition is useful downstream-resistance context but is not PI3K-alpha-specific compensation.
SUB006,pmid-35843034,35843034,unknown,10.1016/j.prp.2022.154010,PI3K/Akt/mTOR signaling pathway in cancer stem cells.,"Pathology, research and practice",2022,Journal Article;Review,include_context,analogous_context,unknown,abstract_available,unknown,SUB006-Q001;SUB006-Q002,AKT/mTOR pathway resistance or cotargeting literature can frame downstream compensation but is not clearly PI3K-alpha-specific.
SUB006,pmid-36030016,36030016,unknown,10.1016/j.bbamcr.2022.119346,Resistance to CDK4/6 inhibition: Mechanisms and strategies to overcome a therapeutic problem in the treatment of hormone receptor-positive metastatic breast cancer.,Biochimica et biophysica acta. Molecular cell research,2022,Journal Article;Review,include_context,analogous_context,unknown,abstract_available,unknown,SUB006-Q003,AKT/mTOR pathway resistance or cotargeting literature can frame downstream compensation but is not clearly PI3K-alpha-specific.
SUB006,pmid-36046843,36046843,PMC9400772,10.37349/etat.2022.00078,Role of PI3K/Akt/mTOR pathway in mediating endocrine resistance: concept to clinic.,Exploration of targeted anti-tumor therapy,2022,Journal Article;Review,include_context,analogous_context,unknown,pmc_available,unknown,SUB006-Q001;SUB006-Q002,AKT/mTOR pathway resistance or cotargeting literature can frame downstream compensation but is not clearly PI3K-alpha-specific.
SUB006,pmid-36539659,36539659,PMC9768098,10.1186/s43556-022-00110-2,Targeting the PI3K/AKT/mTOR and RAF/MEK/ERK pathways for cancer therapy.,Molecular biomedicine,2022,Journal Article;Review,include_context,analogous_context,unknown,pmc_available,unknown,SUB006-Q002,AKT/mTOR pathway resistance or cotargeting literature can frame downstream compensation but is not clearly PI3K-alpha-specific.
SUB006,pmid-36797347,36797347,PMC9935518,10.1038/s41698-023-00360-5,AKT/mTOR signaling modulates resistance to endocrine therapy and CDK4/6 inhibition in metastatic breast cancers.,NPJ precision oncology,2023,Journal Article,include_context,analogous_context,unknown,pmc_available,unknown,SUB006-Q001;SUB006-Q003,AKT/mTOR pathway resistance or cotargeting literature can frame downstream compensation but is not clearly PI3K-alpha-specific.
SUB006,pmid-36901954,36901954,PMC10003259,10.3390/ijms24054522,Drugging the PI3K/AKT/mTOR Pathway in ER+ Breast Cancer.,International journal of molecular sciences,2023,Journal Article;Review,include_context,analogous_context,unknown,pmc_available,unknown,SUB006-Q002;SUB006-Q003,AKT/mTOR pathway resistance or cotargeting literature can frame downstream compensation but is not clearly PI3K-alpha-specific.
SUB006,pmid-37596643,37596643,PMC10436543,10.1186/s12943-023-01827-6,PI3K/AKT/mTOR signaling transduction pathway and targeted therapies in cancer.,Molecular cancer,2023,"Journal Article;Review;Research Support, Non-U.S. Gov't",include_context,analogous_context,unknown,pmc_available,unknown,SUB006-Q001;SUB006-Q002,AKT/mTOR pathway resistance or cotargeting literature can frame downstream compensation but is not clearly PI3K-alpha-specific.
SUB006,pmid-37642941,37642941,PMC10465700,10.1084/jem.20211743,MYC is a clinically significant driver of mTOR inhibitor resistance in breast cancer.,The Journal of experimental medicine,2023,"Journal Article;Research Support, Non-U.S. Gov't",include_context,analogous_context,unknown,pmc_available,unknown,SUB006-Q003,AKT/mTOR pathway resistance or cotargeting literature can frame downstream compensation but is not clearly PI3K-alpha-specific.
SUB006,pmid-37943630,37943630,unknown,10.1530/ERC-23-0041,Impact of the PI3K-alpha inhibitor alpelisib on everolimus resistance and somatostatin receptor expression in an orthotopic pancreatic NEC xenograft mouse model.,Endocrine-related cancer,2023,"Journal Article;Research Support, Non-U.S. Gov't",include_context,analogous_context,unknown,abstract_available,unknown,SUB006-Q003,"Alpelisib is tested after everolimus resistance, so the direction is mTOR-inhibitor escape rather than AKT/mTOR compensation after PI3K-alpha blockade."
SUB006,pmid-38003387,38003387,PMC10671474,10.3390/ijms242216198,Metastatic ER+ Breast Cancer: Mechanisms of Resistance and Future Therapeutic Approaches.,International journal of molecular sciences,2023,Journal Article;Review,include_context,review_or_background,unknown,pmc_available,unknown,SUB006-Q002,"Despite unknown venue label, this provides useful background for AKT/mTOR persistence, rebound, or co-targeting after PI3K pathway inhibition but is not direct proof."
SUB006,pmid-38646899,38646899,unknown,10.1080/14728222.2024.2342522,Strategies and techniques for preclinical therapeutic targeting of PI3K in oncology: where do we stand in 2024?,Expert opinion on therapeutic targets,2024,Journal Article;Review,include_context,review_or_background,unknown,abstract_available,unknown,SUB006-Q003,"Despite unknown venue label, this provides useful background for AKT/mTOR persistence, rebound, or co-targeting after PI3K pathway inhibition but is not direct proof."
SUB006,pmid-38763348,38763348,unknown,10.1016/j.cbi.2024.111055,Targeting PI3K/AKT/mTOR signaling to overcome drug resistance in cancer.,Chemico-biological interactions,2024,Journal Article;Review,include_context,review_or_background,unknown,abstract_available,unknown,SUB006-Q001;SUB006-Q002;SUB006-Q003,"Despite unknown venue label, this provides useful background for AKT/mTOR persistence, rebound, or co-targeting after PI3K pathway inhibition but is not direct proof."
SUB006,pmid-38920692,38920692,PMC11201409,10.3390/cells13121064,Combination Therapy Approach to Overcome the Resistance to PI3K Pathway Inhibitors in Gynecological Cancers.,Cells,2024,"Journal Article;Review;Research Support, N.I.H., Intramural",include_context,review_or_background,unknown,pmc_available,unknown,SUB006-Q001;SUB006-Q003,"Despite unknown venue label, this provides useful background for AKT/mTOR persistence, rebound, or co-targeting after PI3K pathway inhibition but is not direct proof."
SUB006,pmid-38927964,38927964,PMC11201395,10.3390/cancers16122259,Resistance to Targeted Inhibitors of the PI3K/AKT/mTOR Pathway in Advanced Oestrogen-Receptor-Positive Breast Cancer.,Cancers,2024,Journal Article;Review,include_context,review_or_background,unknown,pmc_available,unknown,SUB006-Q001,"Despite unknown venue label, this provides useful background for AKT/mTOR persistence, rebound, or co-targeting after PI3K pathway inhibition but is not direct proof."
SUB006,pmid-39092562,39092562,PMC11705819,10.1002/1878-0261.13703,"Assessments of prostate cancer cell functions highlight differences between a pan-PI3K/mTOR inhibitor, gedatolisib, and single-node inhibitors of the PI3K/AKT/mTOR pathway.",Molecular oncology,2024,Journal Article,include_context,review_or_background,unknown,pmc_available,unknown,SUB006-Q001;SUB006-Q003,"Despite unknown venue label, this provides useful background for AKT/mTOR persistence, rebound, or co-targeting after PI3K pathway inhibition but is not direct proof."
SUB006,pmid-39662202,39662202,unknown,10.1016/j.ctrv.2024.102861,PI3K/AKT/mTOR inhibitors for hormone receptor-positive advanced breast cancer.,Cancer treatment reviews,2024,Journal Article;Review,include_context,review_or_background,unknown,abstract_available,unknown,SUB006-Q002,"Despite unknown venue label, this provides useful background for AKT/mTOR persistence, rebound, or co-targeting after PI3K pathway inhibition but is not direct proof."
SUB006,pmid-40049296,40049296,unknown,10.1016/j.bcp.2025.116850,Strategic advancements in targeting the PI3K/AKT/mTOR pathway for Breast cancer therapy.,Biochemical pharmacology,2025,"Journal Article;Review;Research Support, U.S. Gov't, Non-P.H.S.;Research Support, N.I.H., Extramural",include_context,review_or_background,unknown,abstract_available,unknown,SUB006-Q001;SUB006-Q002;SUB006-Q003,"Despite unknown venue label, this provides useful background for AKT/mTOR persistence, rebound, or co-targeting after PI3K pathway inhibition but is not direct proof."
SUB006,pmid-40647529,40647529,PMC12248877,10.3390/cancers17132232,The PI3K/Akt/mTOR Signaling Pathway in Triple-Negative Breast Cancer: A Resistance Pathway and a Prime Target for Targeted Therapies.,Cancers,2025,Journal Article;Review,include_context,review_or_background,unknown,pmc_available,unknown,SUB006-Q001;SUB006-Q002;SUB006-Q003,TNBC PI3K/Akt/mTOR review frames the pathway as resistance biology and target.
SUB006,pmid-40688508,40688508,PMC12272592,10.1016/j.bbrep.2025.102136,Activation of the AKT-mTOR pathway confers selpercatinib resistance in thyroid cancer cells harboring the CCDC6-RET fusion gene.,Biochemistry and biophysics reports,2025,Journal Article,include_context,analogous_context,unknown,pmc_available,unknown,SUB006-Q001,"Useful subsection context, but the abstract is adjacent or incomplete and does not directly support a specific primary claim under the stricter evidence threshold."
SUB006,pmid-40740483,40740483,PMC12308072,10.1002/mco2.70295,PI3K/AKT/mTOR Axis in Cancer: From Pathogenesis to Treatment.,MedComm,2025,Journal Article;Review,include_context,review_or_background,unknown,pmc_available,unknown,SUB006-Q001;SUB006-Q002,General PI3K/AKT/mTOR cancer review provides background only.
SUB006,pmid-40991144,40991144,PMC12698805,10.1007/s13402-025-01097-y,PTEN loss and ERBB2/ERBB3-mediated AKT reactivation drive resistance to MET inhibition in MET-amplified hepatocellular carcinoma.,"Cellular oncology (Dordrecht, Netherlands)",2025,Journal Article,include_context,analogous_context,unknown,pmc_available,unknown,SUB006-Q003,"Useful subsection context, but the abstract is adjacent or incomplete and does not directly support a specific primary claim under the stricter evidence threshold."
SUB006,pmid-41097083,41097083,PMC12525526,10.3390/ijms26199818,Reactivation of the PI3K/mTOR Signaling Pathway Confers Resistance to the FGFR4 Inhibitor FGF401.,International journal of molecular sciences,2025,Journal Article,include_context,analogous_context,unknown,pmc_available,unknown,SUB006-Q001;SUB006-Q002;SUB006-Q003,"Useful subsection context, but the abstract is adjacent or incomplete and does not directly support a specific primary claim under the stricter evidence threshold."
SUB006,pmid-41157256,41157256,PMC12565733,10.3390/life15101583,"Breast Cancer Treatments: Drugs Targeting the PI3K/AKT/mTOR Pathway, TNBC Therapy and Future Directions: A Review.","Life (Basel, Switzerland)",2025,Journal Article;Review,include_context,review_or_background,unknown,pmc_available,unknown,SUB006-Q003,Breast cancer treatment review frames PI3K/AKT/mTOR drugs and resistance pathway logic.
SUB006,pmid-41406241,41406241,unknown,10.1126/scitranslmed.adp5088,Dual PI3K/mTOR inhibition is required to combat resistance to CDK4/6 inhibitor and endocrine therapy in PIK3CA-mutant breast cancer.,Science translational medicine,2025,"Journal Article;Research Support, Non-U.S. Gov't",include_context,clinical_or_translational,unknown,abstract_available,unknown,SUB006-Q003,Dual PI3K/mTOR inhibition in CDK4/6/endocrine-resistant PIK3CA-mutant breast cancer is useful combination context but does not show AKT/mTOR rebound after PI3K-alpha exposure.
SUB006,pmid-41512355,41512355,unknown,10.1016/j.bioorg.2025.109430,Current landscape and recent developments of PI3K/AKT/mTOR targeted inhibitors for breast carcinoma.,Bioorganic chemistry,2025,Journal Article;Review,include_context,review_or_background,unknown,abstract_available,unknown,SUB006-Q001;SUB006-Q002,Breast cancer PI3K/AKT/mTOR inhibitor review is useful context for combination strategy.
SUB006,pmid-41604817,41604817,PMC12865632,10.1016/j.esmoop.2025.105936,Clinical management of common toxicities with inhibitors targeting the PI3K/AKT/mTOR pathway in breast cancer.,ESMO open,2026,Journal Article;Review,include_context,review_or_background,unknown,pmc_available,unknown,SUB006-Q002,Clinical toxicity management review informs therapeutic-index limits for pathway inhibitors.
SUB006,pmid-41832434,41832434,PMC13104295,10.1186/s11658-026-00889-w,Persistent PI3K-AKT signaling fortifies cellular defense against oxidative stress and ferroptosis through augmented mitochondrial fitness.,Cellular & molecular biology letters,2026,Journal Article,include_context,analogous_context,unknown,pmc_available,unknown,SUB006-Q001,"Useful subsection context, but the abstract is adjacent or incomplete and does not directly support a specific primary claim under the stricter evidence threshold."
SUB006,pmid-41912890,41912890,unknown,10.1038/s41573-026-01388-5,A renaissance in targeting the PI3K/AKT/mTOR pathway.,Nature reviews. Drug discovery,2026,Journal Article;Review,include_context,review_or_background,unknown,abstract_available,unknown,SUB006-Q001;SUB006-Q002,Broad PI3K/AKT/mTOR targeting review provides high-level context for downstream cotargeting.
SUB006,pmid-42260773,42260773,unknown,10.2174/0115680266429226260509044436,Deciphering the PI3K-AKT-mTOR Signalling Pathway in Cancer: A Mechanistic Insight.,Current topics in medicinal chemistry,2026,Journal Article,include_context,review_or_background,unknown,abstract_available,unknown,SUB006-Q001;SUB006-Q002;SUB006-Q003,"Mechanistic PI3K-AKT-mTOR review is useful pathway background, though not PI3K-alpha resistance specific."
SUB006,pmid-27048245,27048245,PMC4820873,10.1186/s13058-016-0697-1,Activation of IGF1R/p110β/AKT/mTOR confers resistance to α-specific PI3K inhibition.,Breast cancer research : BCR,2016,"Journal Article;Research Support, Non-U.S. Gov't",include_primary,primary_mechanism,unknown,pmc_available,unknown,SUB006-Q001,Direct evidence links PI3K-alpha inhibition resistance to downstream or parallel AKT/mTOR signaling.
SUB006,pmid-33024087,33024087,PMC7538592,10.1038/s41419-020-03037-0,CD44/HA signaling mediates acquired resistance to a PI3Kα inhibitor.,Cell death & disease,2020,"Journal Article;Research Support, Non-U.S. Gov't",include_primary,primary_mechanism,unknown,pmc_available,unknown,SUB006-Q001,Abstract directly shows acquired PI3K-alpha inhibitor resistance maintaining AKT and mTOR activity via CD44/HA signaling.
SUB006,pmid-34552006,34552006,unknown,10.1158/1535-7163.MCT-20-0981,Phosphoproteomics Identifies PI3K Inhibitor-selective Adaptive Responses in Pancreatic Cancer Cell Therapy and Resistance.,Molecular cancer therapeutics,2021,"Journal Article;Research Support, Non-U.S. Gov't",include_primary,primary_mechanism,unknown,abstract_available,unknown,SUB006-Q003,Phosphoproteomic time-course directly maps adaptive signaling responses to isoform-selective PI3K-alpha inhibition.
SUB006,pmid-37044095,37044095,PMC10140479,10.1016/j.xcrm.2023.101002,N-acetylcysteine overcomes NF1 loss-driven resistance to PI3Kα inhibition in breast cancer.,Cell reports. Medicine,2023,"Journal Article;Research Support, Non-U.S. Gov't",include_primary,primary_mechanism,unknown,pmc_available,unknown,SUB006-Q003,NF1 loss directly reduces alpelisib sensitivity and combination treatment enhances mTOR suppression.
SUB006,pmid-37493631,37493631,PMC10811747,10.1158/1541-7786.MCR-23-0034,CBF-Beta Mitigates PI3K-Alpha-Specific Inhibitor Killing through PIM1 in PIK3CA-Mutant Gastric Cancer.,Molecular cancer research : MCR,2023,"Journal Article;Research Support, Non-U.S. Gov't;Research Support, N.I.H., Extramural",include_primary,primary_mechanism,unknown,pmc_available,unknown,SUB006-Q001;SUB006-Q002,BYL719 resistance is directly tied to PIM1 maintaining AKT-overlapping downstream pathway activity despite PI3K-alpha inhibition.
SUB006,pmid-37916958,37916958,PMC10850944,10.1158/2159-8290.CD-23-0704,Allosteric PI3Kα Inhibition Overcomes On-target Resistance to Orthosteric Inhibitors Mediated by Secondary PIK3CA Mutations.,Cancer discovery,2024,"Journal Article;Research Support, U.S. Gov't, Non-P.H.S.;Research Support, N.I.H., Extramural",include_primary,clinical_or_translational,unknown,pmc_available,unknown,SUB006-Q004,Serial PI3K-alpha inhibitor resistance cohort directly reports acquired PI3K-pathway alterations including AKT1 mutations.
SUB006,pmid-40360883,40360883,PMC12304390,10.1038/s41416-025-03035-z,"Multi-node inhibition targeting mTORC1, mTORC2 and PI3Kα potently inhibits the PI3K/AKT/mTOR pathway in endometrial and breast cancer models.",British journal of cancer,2025,Journal Article,include_primary,primary_mechanism,unknown,pmc_available,unknown,SUB006-Q001;SUB006-Q002;SUB006-Q003,Abstract directly compares PI3K-alpha single-node inhibition with mTORC1/2 cotargeting and phospho-AKT/mTOR pathway suppression.
SUB006,pmid-24263233,24263233,PMC3849569,10.1038/emm.2013.115,Phosphoproteomic analysis identifies activated MET-axis PI3K/AKT and MAPK/ERK in lapatinib-resistant cancer cell line.,Experimental & molecular medicine,2013,"Journal Article;Research Support, Non-U.S. Gov't",uncertain_full_text_needed,analogous_context,unknown,pmc_available,unknown,SUB006-Q001;SUB006-Q003,PI3K/AKT/mTOR resistance biology is relevant background but PI3K-alpha-specific exposure is not clear.
SUB006,pmid-25003395,25003395,PMC4190549,10.3390/cancers6031441,The Role of PI3K/Akt/mTOR Signaling in Gastric Carcinoma.,Cancers,2014,Journal Article,uncertain_full_text_needed,analogous_context,unknown,pmc_available,unknown,SUB006-Q002,PI3K/AKT/mTOR resistance biology is relevant background but PI3K-alpha-specific exposure is not clear.
SUB006,pmid-25016932,25016932,unknown,10.1016/j.trsl.2014.06.005,Targeting RAS-MAPK-ERK and PI3K-AKT-mTOR signal transduction pathways to chemosensitize anaplastic thyroid carcinoma.,Translational research : the journal of laboratory and clinical medicine,2014,"Journal Article;Research Support, Non-U.S. Gov't",uncertain_full_text_needed,analogous_context,unknown,abstract_available,unknown,SUB006-Q001,PI3K/AKT/mTOR resistance biology is relevant background but PI3K-alpha-specific exposure is not clear.
SUB006,pmid-26657290,26657290,PMC4823126,10.18632/oncotarget.6516,Auranofin-mediated inhibition of PI3K/AKT/mTOR axis and anticancer activity in non-small cell lung cancer cells.,Oncotarget,2016,"Journal Article;Research Support, N.I.H., Extramural;Research Support, Non-U.S. Gov't",uncertain_full_text_needed,analogous_context,unknown,pmc_available,unknown,SUB006-Q001;SUB006-Q002,PI3K/AKT/mTOR resistance biology is relevant background but PI3K-alpha-specific exposure is not clear.
SUB006,pmid-27158364,27158364,PMC4846921,unknown,A dual PI3K/AKT/mTOR signaling inhibitor miR-99a suppresses endometrial carcinoma.,American journal of translational research,2016,Journal Article,uncertain_full_text_needed,analogous_context,unknown,pmc_available,unknown,SUB006-Q002,PI3K/AKT/mTOR resistance biology is relevant background but PI3K-alpha-specific exposure is not clear.
SUB006,pmid-27591861,27591861,PMC11819010,10.1007/s00432-016-2236-y,Epothilone B induces apoptosis and enhances apoptotic effects of ABT-737 on human cancer cells via PI3K/AKT/mTOR pathway.,Journal of cancer research and clinical oncology,2016,Journal Article,uncertain_full_text_needed,analogous_context,unknown,pmc_available,unknown,SUB006-Q003,PI3K/AKT/mTOR resistance biology is relevant background but PI3K-alpha-specific exposure is not clear.
SUB006,pmid-27713162,27713162,PMC5356691,10.18632/oncotarget.12423,MTOR inhibition reversed drug resistance after combination radiation with erlotinib in lung adenocarcinoma.,Oncotarget,2016,Journal Article,uncertain_full_text_needed,analogous_context,unknown,pmc_available,unknown,SUB006-Q001,PI3K/AKT/mTOR resistance biology is relevant background but PI3K-alpha-specific exposure is not clear.
SUB006,pmid-28423208,28423208,unknown,10.1111/exd.13372,Combined activity of temozolomide and the mTOR inhibitor temsirolimus in metastatic melanoma involves DKK1.,Experimental dermatology,2017,Journal Article,uncertain_full_text_needed,analogous_context,unknown,abstract_available,unknown,SUB006-Q003,PI3K/AKT/mTOR resistance biology is relevant background but PI3K-alpha-specific exposure is not clear.
SUB006,pmid-28622037,28622037,unknown,10.1089/cbr.2017.2187,Inhibition of the AKT/mTOR Pathway Augments the Anticancer Effects of Sorafenib in Thyroid Cancer.,Cancer biotherapy & radiopharmaceuticals,2017,Journal Article,uncertain_full_text_needed,analogous_context,unknown,abstract_available,unknown,SUB006-Q001;SUB006-Q003,PI3K/AKT/mTOR resistance biology is relevant background but PI3K-alpha-specific exposure is not clear.
SUB006,pmid-28652768,28652768,PMC5476755,10.2147/OTT.S95267,PI3K/AKT/mTOR pathway promotes progestin resistance in endometrial cancer cells by inhibition of autophagy.,OncoTargets and therapy,2017,Journal Article,uncertain_full_text_needed,analogous_context,unknown,pmc_available,unknown,SUB006-Q001;SUB006-Q002,PI3K/AKT/mTOR resistance biology is relevant background but PI3K-alpha-specific exposure is not clear.
SUB006,pmid-30237495,30237495,PMC6148266,10.1038/s41389-018-0081-3,Oncogenic PI3K/AKT promotes the step-wise evolution of combination BRAF/MEK inhibitor resistance in melanoma.,Oncogenesis,2018,Journal Article,uncertain_full_text_needed,analogous_context,unknown,pmc_available,unknown,SUB006-Q003,PI3K/AKT/mTOR resistance biology is relevant background but PI3K-alpha-specific exposure is not clear.
SUB006,pmid-30926641,30926641,PMC6497538,10.1158/1535-7163.MCT-18-1151,Targeting the IGF1R/PI3K/AKT Pathway Sensitizes Ewing Sarcoma to BET Bromodomain Inhibitors.,Molecular cancer therapeutics,2019,"Journal Article;Research Support, N.I.H., Extramural",uncertain_full_text_needed,analogous_context,unknown,pmc_available,unknown,SUB006-Q003,PI3K/AKT/mTOR resistance biology is relevant background but PI3K-alpha-specific exposure is not clear.
SUB006,pmid-31191795,31191795,PMC6525883,10.1155/2019/2531493,p53-Mediated PI3K/AKT/mTOR Pathway Played a Role in PtoxDpt-Induced EMT Inhibition in Liver Cancer Cell Lines.,Oxidative medicine and cellular longevity,2019,Journal Article,uncertain_full_text_needed,analogous_context,unknown,pmc_available,unknown,SUB006-Q003,PI3K/AKT/mTOR resistance biology is relevant background but PI3K-alpha-specific exposure is not clear.
SUB006,pmid-31405336,31405336,PMC6693020,10.1177/1533033819864311,Inhibition of CD133 Overcomes Cisplatin Resistance Through Inhibiting PI3K/AKT/mTOR Signaling Pathway and Autophagy in CD133-Positive Gastric Cancer Cells.,Technology in cancer research & treatment,2019,"Journal Article;Research Support, Non-U.S. Gov't",uncertain_full_text_needed,analogous_context,unknown,pmc_available,unknown,SUB006-Q001;SUB006-Q002,PI3K/AKT/mTOR resistance biology is relevant background but PI3K-alpha-specific exposure is not clear.
SUB007,pmid-19147570,19147570,PMC2737189,10.1158/0008-5472.CAN-08-3389,Basal subtype and MAPK/ERK kinase (MEK)-phosphoinositide 3-kinase feedback signaling determine susceptibility of breast cancer cells to MEK inhibition.,Cancer research,2009,"Journal Article;Research Support, N.I.H., Extramural;Research Support, U.S. Gov't, Non-P.H.S.",include_context,primary_mechanism,unknown,pmc_available,unknown,SUB007-Q003,"Useful MAPK/ERK and PI3K crosstalk context, but the abstract is broad, opposite-direction, or lacks PI3K-alpha resistance timing."
SUB007,pmid-22985491,22985491,unknown,10.1111/bjh.12039,Combined targeting of MEK/MAPK and PI3K/Akt signalling in multiple myeloma.,British journal of haematology,2012,"Journal Article;Research Support, Non-U.S. Gov't",include_context,primary_mechanism,unknown,abstract_available,unknown,SUB007-Q003,"Useful MAPK/ERK and PI3K crosstalk context, but the abstract is broad, opposite-direction, or lacks PI3K-alpha resistance timing."
SUB007,pmid-23065822,23065822,PMC5393155,10.1210/er.2011-1034,Insulin resistance and the polycystic ovary syndrome revisited: an update on mechanisms and implications.,Endocrine reviews,2012,Journal Article;Review,include_context,analogous_context,unknown,pmc_available,unknown,SUB007-Q002,"Despite unknown venue label, this provides useful background for MAPK/ERK bypass or PI3K-MAPK cotargeting relevant to PI3K-alpha resistance but is not direct proof."
SUB007,pmid-23629727,23629727,unknown,10.1002/ijc.28236,"Antitumor activity of pimasertib, a selective MEK 1/2 inhibitor, in combination with PI3K/mTOR inhibitors or with multi-targeted kinase inhibitors in pimasertib-resistant human lung and colorectal cancer cells.",International journal of cancer,2013,"Journal Article;Research Support, Non-U.S. Gov't",include_context,primary_mechanism,unknown,abstract_available,unknown,SUB007-Q003,"Useful MAPK/ERK and PI3K crosstalk context, but the abstract is broad, opposite-direction, or lacks PI3K-alpha resistance timing."
SUB007,pmid-23714450,23714450,unknown,10.14694/EdBook_AM.2013.33.e37,Endocrine resistance: what do we know?,American Society of Clinical Oncology educational book. American Society of Clinical Oncology. Annual Meeting,2013,"Journal Article;Research Support, Non-U.S. Gov't;Review",include_context,analogous_context,unknown,abstract_available,unknown,SUB007-Q002,"Despite unknown venue label, this provides useful background for MAPK/ERK bypass or PI3K-MAPK cotargeting relevant to PI3K-alpha resistance but is not direct proof."
SUB007,pmid-24263233,24263233,PMC3849569,10.1038/emm.2013.115,Phosphoproteomic analysis identifies activated MET-axis PI3K/AKT and MAPK/ERK in lapatinib-resistant cancer cell line.,Experimental & molecular medicine,2013,"Journal Article;Research Support, Non-U.S. Gov't",include_context,analogous_context,unknown,pmc_available,unknown,SUB007-Q002;SUB007-Q003,"Despite unknown venue label, this provides useful background for MAPK/ERK bypass or PI3K-MAPK cotargeting relevant to PI3K-alpha resistance but is not direct proof."
SUB007,pmid-24812410,24812410,unknown,10.1158/1078-0432.CCR-13-2181,Primary and acquired resistance of colorectal cancer cells to anti-EGFR antibodies converge on MEK/ERK pathway activation and can be overcome by combined MEK/EGFR inhibition.,Clinical cancer research : an official journal of the American Association for Cancer Research,2014,"Journal Article;Research Support, Non-U.S. Gov't",include_context,analogous_context,unknown,abstract_available,unknown,SUB007-Q003,"Despite unknown venue label, this provides useful background for MAPK/ERK bypass or PI3K-MAPK cotargeting relevant to PI3K-alpha resistance but is not direct proof."
SUB007,pmid-25109949,25109949,unknown,10.1042/BST20140020,MAPK pathway inhibition in melanoma: resistance three ways.,Biochemical Society transactions,2014,"Journal Article;Research Support, Non-U.S. Gov't;Review",include_context,analogous_context,unknown,abstract_available,unknown,SUB007-Q002,"Despite unknown venue label, this provides useful background for MAPK/ERK bypass or PI3K-MAPK cotargeting relevant to PI3K-alpha resistance but is not direct proof."
SUB007,pmid-25114842,25114842,PMC4127598,10.5306/wjco.v5.i3.248,Mechanisms and therapeutic advances in the management of endocrine-resistant breast cancer.,World journal of clinical oncology,2014,Journal Article;Review,include_context,analogous_context,unknown,pmc_available,unknown,SUB007-Q003,"Despite unknown venue label, this provides useful background for MAPK/ERK bypass or PI3K-MAPK cotargeting relevant to PI3K-alpha resistance but is not direct proof."
SUB007,pmid-25528022,25528022,unknown,10.1007/s10549-014-3239-5,A preclinical evaluation of the PI3K alpha/delta dominant inhibitor BAY 80-6946 in HER2-positive breast cancer models with acquired resistance to the HER2-targeted therapies trastuzumab and lapatinib.,Breast cancer research and treatment,2014,"Journal Article;Research Support, Non-U.S. Gov't",include_context,primary_mechanism,unknown,abstract_available,unknown,SUB007-Q003,"Useful MAPK/ERK and PI3K crosstalk context, but the abstract is broad, opposite-direction, or lacks PI3K-alpha resistance timing."
SUB007,pmid-27035903,27035903,PMC4818107,10.1371/journal.pcbi.1004827,"HER2+ Cancer Cell Dependence on PI3K vs. MAPK Signaling Axes Is Determined by Expression of EGFR, ERBB3 and CDKN1B.",PLoS computational biology,2016,Journal Article,include_context,primary_mechanism,unknown,pmc_available,unknown,SUB007-Q003,"Useful MAPK/ERK and PI3K crosstalk context, but the abstract is broad, opposite-direction, or lacks PI3K-alpha resistance timing."
SUB007,pmid-27396271,27396271,PMC5021603,10.1039/c5cs00911a,Drugging Ras GTPase: a comprehensive mechanistic and signaling structural view.,Chemical Society reviews,2016,"Journal Article;Research Support, N.I.H., Extramural;Research Support, N.I.H., Intramural;Research Support, U.S. Gov't, Non-P.H.S.;Review",include_context,analogous_context,unknown,pmc_available,unknown,SUB007-Q002,"Despite unknown venue label, this provides useful background for MAPK/ERK bypass or PI3K-MAPK cotargeting relevant to PI3K-alpha resistance but is not direct proof."
SUB007,pmid-27521656,27521656,unknown,10.1016/j.sbi.2016.07.019,MAPK kinase signalling dynamics regulate cell fate decisions and drug resistance.,Current opinion in structural biology,2016,"Journal Article;Review;Research Support, Non-U.S. Gov't",include_context,analogous_context,unknown,abstract_available,unknown,SUB007-Q002,"Despite unknown venue label, this provides useful background for MAPK/ERK bypass or PI3K-MAPK cotargeting relevant to PI3K-alpha resistance but is not direct proof."
SUB007,pmid-28073102,28073102,unknown,10.1016/j.ctrv.2016.12.001,Cancer resistance to therapies against the EGFR-RAS-RAF pathway: The role of MEK.,Cancer treatment reviews,2016,Journal Article;Review,include_context,analogous_context,unknown,abstract_available,unknown,SUB007-Q002;SUB007-Q003,"Despite unknown venue label, this provides useful background for MAPK/ERK bypass or PI3K-MAPK cotargeting relevant to PI3K-alpha resistance but is not direct proof."
SUB007,pmid-29156708,29156708,PMC5689598,10.18632/oncotarget.19461,A preclinical evaluation of the MEK inhibitor refametinib in HER2-positive breast cancer cell lines including those with acquired resistance to trastuzumab or lapatinib.,Oncotarget,2017,Journal Article,include_context,analogous_context,unknown,pmc_available,unknown,SUB007-Q003,HER2-resistant breast MEK study includes PI3K combination context but lacks PI3K-alpha inhibitor resistance causality.
SUB007,pmid-29930760,29930760,PMC6007481,10.18632/oncotarget.25513,Effect of combined inhibition of p110 alpha PI3K isoform and STAT3 pathway in ovarian cancer platinum-based resistance.,Oncotarget,2018,Journal Article,include_context,analogous_context,unknown,pmc_available,unknown,SUB007-Q002,Ovarian p110-alpha/STAT3 study is chemoresistance context and does not directly show MAPK/ERK bypass of PI3K-alpha inhibition.
SUB007,pmid-31136035,31136035,unknown,10.1002/cbin.11187,Extracellular-signal-regulated kinase/mitogen-activated protein kinase signaling as a target for cancer therapy: an updated review.,Cell biology international,2019,Journal Article;Review,include_context,review_or_background,unknown,abstract_available,unknown,SUB007-Q002;SUB007-Q003,Updated ERK/MAPK cancer-therapy review provides background for MAPK bypass plausibility.
SUB007,pmid-31164152,31164152,PMC6549349,10.1186/s13046-019-1230-z,Combined blockade of MEK and PI3KCA as an effective antitumor strategy in HER2 gene amplified human colorectal cancer models.,Journal of experimental & clinical cancer research : CR,2019,Journal Article,include_context,analogous_context,unknown,pmc_available,unknown,SUB007-Q003,MEK plus PI3KCA blockade in HER2-amplified CRC supports combination logic but not acquired PI3K-alpha MAPK bypass.
SUB007,pmid-32252811,32252811,PMC7137211,10.1186/s13058-020-01271-0,Everolimus versus alpelisib in advanced hormone receptor-positive HER2-negative breast cancer: targeting different nodes of the PI3K/AKT/mTORC1 pathway with different clinical implications.,Breast cancer research : BCR,2020,"Comparative Study;Journal Article;Research Support, Non-U.S. Gov't;Review",include_context,review_or_background,unknown,pmc_available,unknown,SUB007-Q003,Clinical comparison of everolimus versus alpelisib helps contextualize pathway-node choices but not MAPK causality.
SUB007,pmid-33684943,33684943,PMC8493976,10.1182/blood.2020006765,Activation of the MAPK pathway mediates resistance to PI3K inhibitors in chronic lymphocytic leukemia.,Blood,2021,"Journal Article;Research Support, N.I.H., Extramural;Research Support, Non-U.S. Gov't",include_context,analogous_context,unknown,pmc_available,unknown,SUB007-Q002;SUB007-Q003,"MAPK activation mediates resistance to PI3Kδ inhibitors in CLL, useful analogy but not PI3K-alpha exposure."
SUB007,pmid-33865994,33865994,unknown,10.1016/j.critrevonc.2021.103334,PI3K inhibition in breast cancer: Identifying and overcoming different flavors of resistance.,Critical reviews in oncology/hematology,2021,Journal Article;Review,include_context,review_or_background,unknown,abstract_available,unknown,SUB007-Q003,PI3K inhibition resistance review in breast cancer likely frames MAPK/ERK bypass mechanisms.
SUB007,pmid-34732116,34732116,unknown,10.2174/1568009621666211103113339,The Therapeutic Potential of MAPK/ERK Inhibitors in the Treatment of Colorectal Cancer.,Current cancer drug targets,2021,"Journal Article;Research Support, Non-U.S. Gov't;Review",include_context,review_or_background,unknown,abstract_available,unknown,SUB007-Q002,"MAPK/ERK inhibitor review is broad context for pathway biology, not PI3K-alpha-specific."
SUB007,pmid-35203351,35203351,PMC8869916,10.3390/cells11040702,"ACAGT-007a, an ERK MAPK Signaling Modulator, in Combination with AKT Signaling Inhibition Induces Apoptosis in KRAS Mutant Pancreatic Cancer T3M4 and MIA-Pa-Ca-2 Cells.",Cells,2022,"Journal Article;Research Support, Non-U.S. Gov't",include_context,analogous_context,unknown,pmc_available,unknown,SUB007-Q003,Context for MAPK/ERK bypass or PI3K-MAPK cotargeting; abstract does not prove PI3K-alpha acquired resistance.
SUB007,pmid-35513296,35513296,PMC9184568,10.1016/j.mcpro.2022.100240,eEF2K Activity Determines Synergy to Cotreatment of Cancer Cells With PI3K and MEK Inhibitors.,Molecular & cellular proteomics : MCP,2022,"Journal Article;Research Support, Non-U.S. Gov't",include_context,analogous_context,unknown,pmc_available,unknown,SUB007-Q001;SUB007-Q002;SUB007-Q003,PI3K plus MEK cotreatment synergy is useful crosstalk context but not specific to PI3K-alpha exposure causing MAPK bypass resistance.
SUB007,pmid-37326340,37326340,PMC10281467,10.1080/15384047.2023.2223388,Preclinical evaluation of the CDK4/6 inhibitor palbociclib in combination with a PI3K or MEK inhibitor in colorectal cancer.,Cancer biology & therapy,2023,"Journal Article;Research Support, Non-U.S. Gov't",include_context,analogous_context,unknown,pmc_available,unknown,SUB007-Q003,CRC combination study notes MAPK/ERK reactivation after PI3K/mTOR treatment but does not test PI3K-alpha inhibitor resistance reversal.
SUB007,pmid-38286037,38286037,PMC11627550,10.1016/j.biopha.2024.116217,β1 integrin mediates unresponsiveness to PI3Kα inhibition for radiochemosensitization of 3D HNSCC models.,Biomedicine & pharmacotherapy = Biomedecine & pharmacotherapie,2024,Journal Article,include_context,analogous_context,unknown,pmc_available,unknown,SUB007-Q002,Context for MAPK/ERK bypass or PI3K-MAPK cotargeting; abstract does not prove PI3K-alpha acquired resistance.
SUB007,pmid-39577552,39577552,unknown,10.1016/j.ejphar.2024.177142,A comprehensive review of targeting RAF kinase in cancer.,European journal of pharmacology,2024,Journal Article;Review,include_context,review_or_background,unknown,abstract_available,unknown,SUB007-Q002;SUB007-Q003,General MAPK/ERK resistance context without PI3K-alpha inhibitor exposure.
SUB007,pmid-39582535,39582535,PMC11582033,10.3389/fonc.2024.1504142,The evolution of BRAF-targeted therapies in melanoma: overcoming hurdles and unleashing novel strategies.,Frontiers in oncology,2024,Journal Article;Review,include_context,review_or_background,unknown,pmc_available,unknown,SUB007-Q002,General MAPK/ERK resistance context without PI3K-alpha inhibitor exposure.
SUB007,pmid-39935431,39935431,PMC11810460,10.20517/cdr.2024.125,Histone deacetylases in the regulation of cell death and survival mechanisms in resistant BRAF-mutant cancers.,"Cancer drug resistance (Alhambra, Calif.)",2025,Journal Article;Review,include_context,review_or_background,unknown,pmc_available,unknown,SUB007-Q001,General MAPK/ERK resistance context without PI3K-alpha inhibitor exposure.
SUB007,pmid-39941797,39941797,PMC11816235,10.3390/cancers17030428,"The Role of KRAS Mutations in Colorectal Cancer: Biological Insights, Clinical Implications, and Future Therapeutic Perspectives.",Cancers,2025,Journal Article;Review,include_context,review_or_background,unknown,pmc_available,unknown,SUB007-Q003,General MAPK/ERK resistance context without PI3K-alpha inhibitor exposure.
SUB007,pmid-40033361,40033361,PMC11877826,10.1186/s12967-025-06293-w,Repurposing the anti-parasitic agent pentamidine for cancer therapy; a novel approach with promising anti-tumor properties.,Journal of translational medicine,2025,Journal Article;Review,include_context,review_or_background,unknown,pmc_available,unknown,SUB007-Q003,General MAPK/ERK resistance context without PI3K-alpha inhibitor exposure.
SUB007,pmid-40129883,40129883,PMC11930710,10.1016/j.toxrep.2025.101987,PTEN-mediated resistance in cancer: From foundation to future therapies.,Toxicology reports,2025,Journal Article;Review,include_context,review_or_background,unknown,pmc_available,unknown,SUB007-Q002;SUB007-Q003,General MAPK/ERK resistance context without PI3K-alpha inhibitor exposure.
SUB007,pmid-40245163,40245163,unknown,10.1158/0008-5472.CAN-24-3841,AXL Tyrosine Kinases: A Growing Isoform Family That Promotes Cancer Pathogenesis.,Cancer research,2025,"Journal Article;Review;Research Support, Non-U.S. Gov't",include_context,review_or_background,unknown,abstract_available,unknown,SUB007-Q002,General MAPK/ERK resistance context without PI3K-alpha inhibitor exposure.
SUB007,pmid-40339668,40339668,unknown,10.1016/j.bbcan.2025.189349,Phytochemical intervention in BCRP-driven cancer drug resistance: A comprehensive review.,Biochimica et biophysica acta. Reviews on cancer,2025,"Journal Article;Review;Research Support, Non-U.S. Gov't",include_context,review_or_background,unknown,abstract_available,unknown,SUB007-Q002;SUB007-Q003,General MAPK/ERK resistance context without PI3K-alpha inhibitor exposure.
SUB007,pmid-40564074,40564074,PMC12189624,10.3390/biomedicines13061355,The Potential of Matrine in the Treatment of Breast Cancer: A Review.,Biomedicines,2025,Journal Article;Review,include_context,review_or_background,unknown,pmc_available,unknown,SUB007-Q002,General MAPK/ERK resistance context without PI3K-alpha inhibitor exposure.
SUB007,pmid-40609954,40609954,unknown,10.1016/j.mrrev.2025.108551,"Molecular insights and emerging therapeutic perspectives of the lncRNA GAS5/miR-21 axis in cancer, fibrosis, cardiovascular, and immune disorders.",Mutation research. Reviews in mutation research,2025,"Journal Article;Review;Research Support, Non-U.S. Gov't",include_context,review_or_background,unknown,abstract_available,unknown,SUB007-Q002,General MAPK/ERK resistance context without PI3K-alpha inhibitor exposure.
SUB007,pmid-40708864,40708864,PMC12288242,10.2147/IJN.S518174,Quercetin: A Natural Ally in Combating Breast Cancer.,International journal of nanomedicine,2025,Journal Article;Review,include_context,review_or_background,unknown,pmc_available,unknown,SUB007-Q002;SUB007-Q003,General MAPK/ERK resistance context without PI3K-alpha inhibitor exposure.
SUB007,pmid-41011010,41011010,PMC12471327,10.3390/medicina61091619,The Receptor Tyrosine Kinase Axl in (Advanced) Gastric Cancer-From Pathophysiology to Therapeutic Impact.,"Medicina (Kaunas, Lithuania)",2025,Journal Article;Review,include_context,review_or_background,unknown,pmc_available,unknown,SUB007-Q003,General MAPK/ERK resistance context without PI3K-alpha inhibitor exposure.
SUB007,pmid-41019530,41019530,PMC12461290,10.3389/fmicb.2025.1637272,Revisiting berberine for the prevention and treatment of Fusobacterium nucleatum-induced colorectal cancer from a dynamic perspective.,Frontiers in microbiology,2025,Journal Article;Review,include_context,review_or_background,unknown,pmc_available,unknown,SUB007-Q002,General MAPK/ERK resistance context without PI3K-alpha inhibitor exposure.
SUB007,pmid-41150770,41150770,PMC12564403,10.3390/cimb47100822,Molecular Mechanisms and Clinical Implications of Fibroblast Growth Factor Receptor 2 Signaling in Gastrointestinal Stromal Tumors.,Current issues in molecular biology,2025,Journal Article;Review,include_context,review_or_background,unknown,pmc_available,unknown,SUB007-Q003,General MAPK/ERK resistance context without PI3K-alpha inhibitor exposure.
SUB007,pmid-41232699,41232699,unknown,10.1016/j.bbcan.2025.189494,Dual faces of angiogenesis: Mechanisms and therapeutic applications.,Biochimica et biophysica acta. Reviews on cancer,2025,Journal Article;Review,include_context,review_or_background,unknown,abstract_available,unknown,SUB007-Q001;SUB007-Q002;SUB007-Q003,General MAPK/ERK resistance context without PI3K-alpha inhibitor exposure.
SUB007,pmid-41234914,41234914,PMC12605142,10.3389/fmed.2025.1617401,Mechanisms and potential therapeutic targets of SphK1 and SphK2 in hepatocellular carcinoma.,Frontiers in medicine,2025,Journal Article;Review,include_context,review_or_background,unknown,pmc_available,unknown,SUB007-Q002,General MAPK/ERK resistance context without PI3K-alpha inhibitor exposure.
SUB007,pmid-41316959,41316959,unknown,10.1002/ardp.70153,Mechanistic Insights into the Anticancer Potential of Echinacoside: Therapeutic Applications and Future Directions.,Archiv der Pharmazie,2025,Journal Article;Review,include_context,review_or_background,unknown,abstract_available,unknown,SUB007-Q003,General MAPK/ERK resistance context without PI3K-alpha inhibitor exposure.
SUB007,pmid-41344916,41344916,unknown,10.1021/acs.jnatprod.5c01271,Molecular Insights into the Potential Anticancer Activity of Pyrone Derivatives.,Journal of natural products,2025,Journal Article;Review,include_context,review_or_background,unknown,abstract_available,unknown,SUB007-Q002,General MAPK/ERK resistance context without PI3K-alpha inhibitor exposure.
SUB007,pmid-41400734,41400734,unknown,10.1007/s11912-025-01731-w,Pharmacological Treatment for Adamantinomatous Craniopharyngioma.,Current oncology reports,2025,Journal Article;Review,include_context,review_or_background,unknown,abstract_available,unknown,SUB007-Q002,General MAPK/ERK resistance context without PI3K-alpha inhibitor exposure.
SUB007,pmid-41566465,41566465,PMC12951977,10.1186/s12943-025-02557-7,Cancer stem cell-driven drug resistance in colorectal carcinoma: molecular aspects and therapeutic potentials.,Molecular cancer,2026,Journal Article;Review,include_context,review_or_background,unknown,pmc_available,unknown,SUB007-Q003,General MAPK/ERK resistance context without PI3K-alpha inhibitor exposure.
SUB007,pmid-41751968,41751968,PMC12941169,10.3390/ijms27041824,Curcumin as a Multi-Target Bioactive Molecule: Mechanistic Insights and Translational Perspectives.,International journal of molecular sciences,2026,Journal Article;Review,include_context,review_or_background,unknown,pmc_available,unknown,SUB007-Q003,General MAPK/ERK resistance context without PI3K-alpha inhibitor exposure.
SUB007,pmid-42002978,42002978,unknown,10.2174/0115680096451740260311114647,Phytochemicals as Promising Therapeutics in Cancer Prevention and Treatment: Mechanisms and Applications.,Current cancer drug targets,2026,Journal Article;Review,include_context,review_or_background,unknown,abstract_available,unknown,SUB007-Q003,General MAPK/ERK resistance context without PI3K-alpha inhibitor exposure.
SUB007,pmid-42138201,42138201,PMC13185119,10.3892/or.2026.9131,"Cancer signaling networks in tumor progression and drug resistance: Crosstalk, adaptive reprogramming and therapeutic targeting (Review).",Oncology reports,2026,Journal Article;Review,include_context,review_or_background,unknown,pmc_available,unknown,SUB007-Q003,General MAPK/ERK resistance context without PI3K-alpha inhibitor exposure.
SUB007,pmid-42276388,42276388,unknown,10.1016/j.jep.2026.122031,Molecular mechanisms and therapeutic targets of traditional Chinese Medicine compounds in renal cell carcinoma: A comprehensive narrative review.,Journal of ethnopharmacology,2026,Journal Article;Review,include_context,review_or_background,unknown,abstract_available,unknown,SUB007-Q003,General MAPK/ERK resistance context without PI3K-alpha inhibitor exposure.
SUB007,pmid-42357299,42357299,PMC13305696,10.3390/pharmaceutics18060683,Synergistic Inhibition of Colorectal Cancer Growth by Combined PI3K and COX-2 Blockade in Cell Lines and Patient-Derived Organoids.,Pharmaceutics,2026,Journal Article,include_context,analogous_context,unknown,pmc_available,unknown,SUB007-Q003,PI3K plus COX-2 blockade in colorectal models is combination context but does not directly show MAPK/ERK bypass after PI3K-alpha inhibition.
SUB007,pmid-24351425,24351425,PMC3974833,10.4161/cbt.27311,ERK2-dependent reactivation of Akt mediates the limited response of tumor cells with constitutive K-RAS activity to PI3K inhibition.,Cancer biology & therapy,2013,"Journal Article;Research Support, Non-U.S. Gov't",include_primary,primary_mechanism,unknown,pmc_available,unknown,SUB007-Q003,Abstract directly links ERK2-dependent Akt reactivation to limited response after PI3K inhibition in RAS-active tumor cells.
SUB008,pmid-11694782,11694782,unknown,10.1159/000055396,Biology of HER2 and its importance in breast cancer.,Oncology,2001,Journal Article;Review,include_context,review_or_background,unknown,abstract_available,unknown,SUB008-Q002,"General HER2 biology review can only provide background, not PI3K-alpha resistance evidence."
SUB008,pmid-19574203,19574203,unknown,10.1007/s12094-009-0384-0,mTOR inhibitors and the anti-diabetic biguanide metformin: new insights into the molecular management of breast cancer resistance to the HER2 tyrosine kinase inhibitor lapatinib (Tykerb).,Clinical & translational oncology : official publication of the Federation of Spanish Oncology Societies and of the National Cancer Institute of Mexico,2009,"Journal Article;Research Support, Non-U.S. Gov't;Review",include_context,review_or_background,unknown,abstract_available,unknown,SUB008-Q002,mTOR/metformin/lapatinib review is relevant to HER2 therapy resistance and PI3K-pathway cotargeting.
SUB008,pmid-19591801,19591801,unknown,10.1016/j.bbrc.2009.07.013,Ablation of phosphoinositide-3-kinase class II alpha suppresses hepatoma cell proliferation.,Biochemical and biophysical research communications,2009,"Journal Article;Research Support, Non-U.S. Gov't",include_context,review_or_background,unknown,abstract_available,unknown,SUB008-Q001,PI3K plus MEK biomarker review is useful context for ERBB/RTK crosstalk combinations.
SUB008,pmid-19850869,19850869,PMC2765921,10.1073/pnas.0905056106,Differential induction of apoptosis in HER2 and EGFR addicted cancers following PI3K inhibition.,Proceedings of the National Academy of Sciences of the United States of America,2009,"Journal Article;Research Support, N.I.H., Extramural;Research Support, Non-U.S. Gov't",include_context,analogous_context,unknown,pmc_available,unknown,SUB008-Q002;SUB008-Q003,HER2/EGFR-addicted cancer apoptosis after PI3K inhibition supports pathway dependency but lacks resistance or combination-detail directness.
SUB008,pmid-20813970,20813970,PMC2947262,10.2353/ajpath.2010.090885,"PTEN, PIK3CA, p-AKT, and p-p70S6K status: association with trastuzumab response and survival in patients with HER2-positive metastatic breast cancer.",The American journal of pathology,2010,"Journal Article;Research Support, N.I.H., Extramural;Research Support, Non-U.S. Gov't;Research Support, U.S. Gov't, Non-P.H.S.",include_context,clinical_or_translational,unknown,pmc_available,unknown,SUB008-Q002,PTEN/PIK3CA/p-AKT associations with trastuzumab outcomes are clinical biomarker context without PI3K-alpha inhibitor exposure.
SUB008,pmid-20826841,20826841,unknown,10.1126/scitranslmed.3000630,Nuclear phospho-Akt increase predicts synergy of PI3K inhibition and doxorubicin in breast and ovarian cancer.,Science translational medicine,2010,Journal Article,include_context,analogous_context,unknown,abstract_available,unknown,SUB008-Q003,"PI3K inhibition and doxorubicin synergy is adjacent PI3K/HER signaling context, not direct ERBB resistance evidence."
SUB008,pmid-21115425,21115425,unknown,10.3816/CBC.2010.s.015,Evolving strategies for overcoming resistance to HER2-directed therapy: targeting the PI3K/Akt/mTOR pathway.,Clinical breast cancer,2010,Journal Article;Review,include_context,review_or_background,unknown,abstract_available,unknown,SUB008-Q002,Review directly frames HER2 resistance strategies through PI3K/Akt/mTOR targeting.
SUB008,pmid-21342044,21342044,PMC3092522,10.1586/era.10.226,HER2-amplified breast cancer: mechanisms of trastuzumab resistance and novel targeted therapies.,Expert review of anticancer therapy,2011,"Journal Article;Research Support, N.I.H., Extramural;Research Support, Non-U.S. Gov't;Review",include_context,review_or_background,unknown,pmc_available,unknown,SUB008-Q002,"HER2/ERBB/RTK and PI3K crosstalk context, but abstract does not directly establish PI3K-alpha resistance."
SUB008,pmid-22454081,22454081,PMC3326683,10.1038/bjc.2012.85,"Increased signalling of EGFR and IGF1R, and deregulation of PTEN/PI3K/Akt pathway are related with trastuzumab resistance in HER2 breast carcinomas.",British journal of cancer,2012,"Journal Article;Research Support, Non-U.S. Gov't",include_context,clinical_or_translational,unknown,pmc_available,unknown,SUB008-Q002,Clinical trastuzumab-resistance biomarker study gives HER2/EGFR/PI3K context but does not test PI3K-alpha inhibitor response.
SUB008,pmid-23241641,23241641,unknown,10.1097/GCO.0b013e32835c5e90,Emerging strategies for the dual inhibition of HER2-positive breast cancer.,Current opinion in obstetrics & gynecology,2013,Journal Article;Review,include_context,review_or_background,unknown,abstract_available,unknown,SUB008-Q002,"HER2/ERBB/RTK and PI3K crosstalk context, but abstract does not directly establish PI3K-alpha resistance."
SUB008,pmid-23531110,23531110,unknown,10.2174/13894501113149990161,Novel targeted therapies to overcome trastuzumab resistance in HER2-overexpressing metastatic breast cancer.,Current drug targets,2013,"Journal Article;Research Support, N.I.H., Extramural;Research Support, Non-U.S. Gov't;Review",include_context,review_or_background,unknown,abstract_available,unknown,SUB008-Q002,"HER2/ERBB/RTK and PI3K crosstalk context, but abstract does not directly establish PI3K-alpha resistance."
SUB008,pmid-23794708,23794708,PMC3702635,10.1158/0008-5472.CAN-13-0687,Optimal targeting of HER2-PI3K signaling in breast cancer: mechanistic insights and clinical implications.,Cancer research,2013,"Journal Article;Research Support, N.I.H., Extramural;Review",include_context,review_or_background,unknown,pmc_available,unknown,SUB008-Q002;SUB008-Q003,Mechanistic review of HER2-PI3K targeting is useful background but is not primary abstract-level evidence.
SUB008,pmid-24169539,24169539,unknown,10.1016/j.drup.2013.10.001,"Targeting PI3K, HER2 and the IL-8/JAK2 axis in metastatic breast cancer: Which combination makes the whole greater than the sum of its parts?",Drug resistance updates : reviews and commentaries in antimicrobial and anticancer chemotherapy,2013,Comparative Study;Journal Article;Review,include_context,review_or_background,unknown,abstract_available,unknown,SUB008-Q002;SUB008-Q003,"HER2/ERBB/RTK and PI3K crosstalk context, but abstract does not directly establish PI3K-alpha resistance."
SUB008,pmid-24263233,24263233,PMC3849569,10.1038/emm.2013.115,Phosphoproteomic analysis identifies activated MET-axis PI3K/AKT and MAPK/ERK in lapatinib-resistant cancer cell line.,Experimental & molecular medicine,2013,"Journal Article;Research Support, Non-U.S. Gov't",include_context,review_or_background,unknown,pmc_available,unknown,SUB008-Q001;SUB008-Q002;SUB008-Q003,"HER2/ERBB/RTK and PI3K crosstalk context, but abstract does not directly establish PI3K-alpha resistance."
SUB008,pmid-25051360,25051360,PMC4148087,10.18632/oncotarget.2209,Deregulation of the EGFR/PI3K/PTEN/Akt/mTORC1 pathway in breast cancer: possibilities for therapeutic intervention.,Oncotarget,2014,"Journal Article;Research Support, Non-U.S. Gov't;Review",include_context,review_or_background,unknown,pmc_available,unknown,SUB008-Q002,"HER2/ERBB/RTK and PI3K crosstalk context, but abstract does not directly establish PI3K-alpha resistance."
SUB008,pmid-25542271,25542271,unknown,10.1007/s10549-014-3250-x,"HER2-family signalling mechanisms, clinical implications and targeting in breast cancer.",Breast cancer research and treatment,2014,"Journal Article;Research Support, Non-U.S. Gov't;Review",include_context,review_or_background,unknown,abstract_available,unknown,SUB008-Q002,"HER2/ERBB/RTK and PI3K crosstalk context, but abstract does not directly establish PI3K-alpha resistance."
SUB008,pmid-25544707,25544707,unknown,10.1007/s10911-014-9329-5,The HER2 Signaling Network in Breast Cancer--Like a Spider in its Web.,Journal of mammary gland biology and neoplasia,2014,Journal Article;Review,include_context,review_or_background,unknown,abstract_available,unknown,SUB008-Q002,"HER2/ERBB/RTK and PI3K crosstalk context, but abstract does not directly establish PI3K-alpha resistance."
SUB008,pmid-25628917,25628917,PMC4300701,unknown,MYC-xing it up with PIK3CA mutation and resistance to PI3K inhibitors: summit of two giants in breast cancers.,American journal of cancer research,2014,Journal Article;Review,include_context,review_or_background,unknown,pmc_available,unknown,SUB008-Q002,"HER2/ERBB/RTK and PI3K crosstalk context, but abstract does not directly establish PI3K-alpha resistance."
SUB008,pmid-26187798,26187798,unknown,10.1016/j.breast.2015.06.002,Potential of overcoming resistance to HER2-targeted therapies through the PI3K/Akt/mTOR pathway.,"Breast (Edinburgh, Scotland)",2015,"Journal Article;Research Support, Non-U.S. Gov't;Review",include_context,review_or_background,unknown,abstract_available,unknown,SUB008-Q002,"HER2/ERBB/RTK and PI3K crosstalk context, but abstract does not directly establish PI3K-alpha resistance."
SUB008,pmid-26615133,26615133,unknown,10.1053/j.seminoncol.2015.09.029,Better Together: Targeted Combination Therapies in Breast Cancer.,Seminars in oncology,2015,Journal Article;Review,include_context,review_or_background,unknown,abstract_available,unknown,SUB008-Q002,"HER2/ERBB/RTK and PI3K crosstalk context, but abstract does not directly establish PI3K-alpha resistance."
SUB008,pmid-26779371,26779371,PMC4706528,10.7497/j.issn.2095-3941.2015.0089,PI3K/Akt/mTOR inhibitors in breast cancer.,Cancer biology & medicine,2015,Journal Article;Review,include_context,review_or_background,unknown,pmc_available,unknown,SUB008-Q002,"HER2/ERBB/RTK or PI3K breast-cancer context relevant to crosstalk, but not direct PI3K-alpha inhibitor resistance evidence."
SUB008,pmid-26929372,26929372,PMC4801318,10.1073/pnas.1523693113,Pten loss promotes MAPK pathway dependency in HER2/neu breast carcinomas.,Proceedings of the National Academy of Sciences of the United States of America,2016,"Journal Article;Research Support, N.I.H., Extramural;Research Support, Non-U.S. Gov't",include_context,analogous_context,unknown,pmc_available,unknown,SUB008-Q002,PTEN loss in HER2 tumors establishes MAPK dependency but does not directly test PI3K-alpha inhibitor resistance.
SUB008,pmid-27050377,27050377,PMC5053674,10.18632/oncotarget.8504,ATG9A loss confers resistance to trastuzumab via c-Cbl mediated Her2 degradation.,Oncotarget,2016,Journal Article,include_context,review_or_background,unknown,pmc_available,unknown,SUB008-Q002,"HER2/ERBB/RTK or PI3K breast-cancer context relevant to crosstalk, but not direct PI3K-alpha inhibitor resistance evidence."
SUB008,pmid-27082923,27082923,unknown,10.1515/hsz-2016-0130,The role of Her2 and other oncogenes of the PI3K/AKT pathway in mitochondria.,Biological chemistry,2016,"Journal Article;Review;Research Support, Non-U.S. Gov't",include_context,review_or_background,unknown,abstract_available,unknown,SUB008-Q002,"HER2/ERBB/RTK or PI3K breast-cancer context relevant to crosstalk, but not direct PI3K-alpha inhibitor resistance evidence."
SUB008,pmid-27197158,27197158,PMC5758362,10.1158/0008-5472.CAN-15-3393,Rictor/mTORC2 Drives Progression and Therapeutic Resistance of HER2-Amplified Breast Cancers.,Cancer research,2016,Journal Article,include_context,review_or_background,unknown,pmc_available,unknown,SUB008-Q002,"HER2/ERBB/RTK or PI3K breast-cancer context relevant to crosstalk, but not direct PI3K-alpha inhibitor resistance evidence."
SUB008,pmid-27604488,27604488,PMC5050154,10.1158/2159-8290.CD-16-0305,Systematic Functional Characterization of Resistance to PI3K Inhibition in Breast Cancer.,Cancer discovery,2016,Journal Article,include_context,primary_mechanism,unknown,pmc_available,unknown,SUB008-Q001,BYL719 resistance screen is direct PI3K-alpha context but its validated mechanism is not HER2/ERBB or RTK crosstalk-specific.
SUB008,pmid-27876799,27876799,PMC5122961,10.1038/ncomms13567,IRS4 induces mammary tumorigenesis and confers resistance to HER2-targeted therapy through constitutive PI3K/AKT-pathway hyperactivation.,Nature communications,2016,"Journal Article;Research Support, Non-U.S. Gov't",include_context,analogous_context,unknown,pmc_available,unknown,SUB008-Q002,IRS4-HER2 resistance through PI3K/AKT is strong crosstalk context but does not test PI3K-alpha inhibitor response.
SUB008,pmid-27896521,27896521,unknown,10.1007/s10555-016-9637-x,"PI3K/AKT/mTOR: role in breast cancer progression, drug resistance, and treatment.",Cancer metastasis reviews,2016,Journal Article;Review,include_context,review_or_background,unknown,abstract_available,unknown,SUB008-Q002,"HER2/ERBB/RTK or PI3K breast-cancer context relevant to crosstalk, but not direct PI3K-alpha inhibitor resistance evidence."
SUB008,pmid-28216025,28216025,unknown,10.1016/j.pharmthera.2017.02.037,PI3K-AKT-mTOR inhibitors in breast cancers: From tumor cell signaling to clinical trials.,Pharmacology & therapeutics,2017,Journal Article;Review,include_context,review_or_background,unknown,abstract_available,unknown,SUB008-Q002,"HER2/ERBB/RTK or PI3K breast-cancer context relevant to crosstalk, but not direct PI3K-alpha inhibitor resistance evidence."
SUB008,pmid-28468774,28468774,PMC5517319,10.1158/1535-7163.MCT-17-0111,Synergy between Androgen Receptor Antagonism and Inhibition of mTOR and HER2 in Breast Cancer.,Molecular cancer therapeutics,2017,Journal Article,include_context,review_or_background,unknown,pmc_available,unknown,SUB008-Q002,"HER2/ERBB/RTK or PI3K breast-cancer context relevant to crosstalk, but not direct PI3K-alpha inhibitor resistance evidence."
SUB008,pmid-28687441,28687441,PMC6050048,10.1016/j.breast.2017.06.022,De-escalation of treatment in HER2-positive breast cancer: Determinants of response and mechanisms of resistance.,"Breast (Edinburgh, Scotland)",2017,Journal Article;Review,include_context,review_or_background,unknown,pmc_available,unknown,SUB008-Q002,"HER2/ERBB/RTK or PI3K breast-cancer context relevant to crosstalk, but not direct PI3K-alpha inhibitor resistance evidence."
SUB008,pmid-28969039,28969039,PMC5609971,10.18632/oncotarget.19194,EGFR or HER2 inhibition modulates the tumor microenvironment by suppression of PD-L1 and cytokines release.,Oncotarget,2017,Journal Article,include_context,methods_or_assay,unknown,pmc_available,unknown,SUB008-Q002,EGFR/HER2 blockade modulates downstream PI3K signaling and immune markers but does not address PI3K-alpha inhibitor response.
SUB008,pmid-29231907,29231907,PMC5742817,10.3390/cancers9120169,Activated HGF-c-Met Axis in Head and Neck Cancer.,Cancers,2017,Journal Article;Review,include_context,review_or_background,unknown,pmc_available,unknown,SUB008-Q001,"HER2/ERBB/RTK or PI3K breast-cancer context relevant to crosstalk, but not direct PI3K-alpha inhibitor resistance evidence."
SUB008,pmid-29430197,29430197,PMC5796458,10.2147/BCTT.S134641,Profile of buparlisib and its potential in the treatment of breast cancer: evidence to date.,Breast cancer (Dove Medical Press),2018,Journal Article;Review,include_context,review_or_background,unknown,pmc_available,unknown,SUB008-Q002,"HER2/ERBB/RTK or PI3K breast-cancer context relevant to crosstalk, but not direct PI3K-alpha inhibitor resistance evidence."
SUB008,pmid-29695635,29695635,unknown,10.1158/1535-7163.MCT-17-0296,Mechanisms of Acquired Resistance to Trastuzumab Emtansine in Breast Cancer Cells.,Molecular cancer therapeutics,2018,Journal Article,include_context,analogous_context,unknown,abstract_available,unknown,SUB008-Q002,T-DM1 resistance rescued by a PI3K inhibitor is HER2/PI3K context but not PI3K-alpha inhibitor resistance evidence.
SUB008,pmid-29751334,29751334,unknown,10.1016/j.ctrv.2018.04.016,Treatment of advanced HER2-positive breast cancer: 2018 and beyond.,Cancer treatment reviews,2018,Journal Article;Review,include_context,review_or_background,unknown,abstract_available,unknown,SUB008-Q002,"HER2/ERBB/RTK or PI3K breast-cancer context relevant to crosstalk, but not direct PI3K-alpha inhibitor resistance evidence."
SUB008,pmid-29792310,29792310,PMC6072571,10.1158/0008-5472.CAN-18-0459,BET Inhibition Overcomes Receptor Tyrosine Kinase-Mediated Cetuximab Resistance in HNSCC.,Cancer research,2018,"Journal Article;Research Support, N.I.H., Extramural;Research Support, Non-U.S. Gov't",include_context,analogous_context,unknown,pmc_available,unknown,SUB008-Q002,RTK-mediated cetuximab resistance cites PI3K/HER2 inhibition context but does not directly study PI3K-alpha response.
SUB008,pmid-30098066,30098066,PMC6172047,10.1111/cas.13763,Combined inhibition of MEK and PI3K pathways overcomes acquired resistance to EGFR-TKIs in non-small cell lung cancer.,Cancer science,2018,Journal Article,include_context,analogous_context,unknown,pmc_available,unknown,SUB008-Q003,EGFR-TKI resistant NSCLC supports EGFR/PI3K-MEK combination logic but not HER2/ERBB crosstalk causing PI3K-alpha inhibitor resistance.
SUB008,pmid-30504425,30504425,unknown,10.1158/1078-0432.CCR-18-2421,NRF2 through RPS6 Activation Is Related to Anti-HER2 Drug Resistance in HER2-Amplified Gastric Cancer.,Clinical cancer research : an official journal of the American Association for Cancer Research,2018,"Journal Article;Research Support, Non-U.S. Gov't",include_context,review_or_background,unknown,abstract_available,unknown,SUB008-Q002;SUB008-Q003,"HER2/ERBB/RTK or PI3K breast-cancer context relevant to crosstalk, but not direct PI3K-alpha inhibitor resistance evidence."
SUB008,pmid-30546951,30546951,PMC6287794,10.1080/2162402X.2018.1512942,HER2 signaling regulates the tumor immune microenvironment and trastuzumab efficacy.,Oncoimmunology,2018,"Journal Article;Research Support, Non-U.S. Gov't",include_context,review_or_background,unknown,pmc_available,unknown,SUB008-Q002,"HER2/ERBB/RTK or PI3K breast-cancer context relevant to crosstalk, but not direct PI3K-alpha inhibitor resistance evidence."
SUB008,pmid-30630630,30630630,PMC6430698,10.1016/j.ygyno.2019.01.002,PI3K oncogenic mutations mediate resistance to afatinib in HER2/neu overexpressing gynecological cancers.,Gynecologic oncology,2019,"Journal Article;Research Support, N.I.H., Extramural;Research Support, Non-U.S. Gov't",include_context,analogous_context,unknown,pmc_available,unknown,SUB008-Q002,"PIK3CA mutations mediate HER2/ERBB inhibitor resistance, but the abstract does not test PI3K-alpha inhibitor response."
SUB008,pmid-30911337,30911337,PMC6425535,10.1177/1758835919833519,HER2-positive breast cancer: new therapeutic frontiers and overcoming resistance.,Therapeutic advances in medical oncology,2019,Journal Article;Review,include_context,review_or_background,unknown,pmc_available,unknown,SUB008-Q002,"HER2/ERBB-PI3K pathway crosstalk is relevant background, but abstract does not directly test PI3K-alpha inhibitor resistance."
SUB008,pmid-31101994,31101994,unknown,10.1007/s11864-019-0651-4,The Role of CDK4/6 Inhibitors in Breast Cancer.,Current treatment options in oncology,2019,Journal Article;Review,include_context,review_or_background,unknown,abstract_available,unknown,SUB008-Q002,"HER2/ERBB-PI3K pathway crosstalk is relevant background, but abstract does not directly test PI3K-alpha inhibitor resistance."
SUB008,pmid-31135266,31135266,PMC6592242,10.1080/15384101.2019.1624113,"HER2-L755S mutation induces hyperactive MAPK and PI3K-mTOR signaling, leading to resistance to HER2 tyrosine kinase inhibitor treatment.","Cell cycle (Georgetown, Tex.)",2019,"Journal Article;Research Support, Non-U.S. Gov't",include_context,review_or_background,unknown,pmc_available,unknown,SUB008-Q002;SUB008-Q003,HER2/ERBB/EGFR-PI3K pathway biology is relevant crosstalk context but does not directly test PI3K-alpha inhibitor resistance.
SUB008,pmid-31159599,31159599,unknown,10.1080/14740338.2019.1623877,Benefits versus risk profile of buparlisib for the treatment of breast cancer.,Expert opinion on drug safety,2019,Journal Article;Review,include_context,review_or_background,unknown,abstract_available,unknown,SUB008-Q002;SUB008-Q003,"HER2/ERBB-PI3K pathway crosstalk is relevant background, but abstract does not directly test PI3K-alpha inhibitor resistance."
SUB008,pmid-31256368,31256368,unknown,10.1007/s40265-019-01161-6,Alpelisib: First Global Approval.,Drugs,2019,Journal Article;Review,include_context,review_or_background,unknown,abstract_available,unknown,SUB008-Q001,"HER2/ERBB-PI3K pathway crosstalk is relevant background, but abstract does not directly test PI3K-alpha inhibitor resistance."
SUB008,pmid-31448640,31448640,unknown,10.1080/14737140.2019.1660164,What therapies are on the horizon for HER2 positive breast cancer?,Expert review of anticancer therapy,2019,Journal Article;Review,include_context,review_or_background,unknown,abstract_available,unknown,SUB008-Q002,"HER2/ERBB-PI3K pathway crosstalk is relevant background, but abstract does not directly test PI3K-alpha inhibitor resistance."
SUB008,pmid-31462705,31462705,PMC6937212,10.1038/s41388-019-0953-9,Inhibition of the transcriptional kinase CDK7 overcomes therapeutic resistance in HER2-positive breast cancers.,Oncogene,2019,"Journal Article;Research Support, N.I.H., Extramural;Research Support, Non-U.S. Gov't",include_context,review_or_background,unknown,pmc_available,unknown,SUB008-Q002,"HER2/ERBB-PI3K pathway crosstalk is relevant background, but abstract does not directly test PI3K-alpha inhibitor resistance."
SUB008,pmid-31468695,31468695,PMC6776914,10.15252/embr.201948058,CDK12 drives breast tumor initiation and trastuzumab resistance via WNT and IRS1-ErbB-PI3K signaling.,EMBO reports,2019,"Journal Article;Research Support, Non-U.S. Gov't",include_context,review_or_background,unknown,pmc_available,unknown,SUB008-Q002,"HER2/ERBB-PI3K pathway crosstalk is relevant background, but abstract does not directly test PI3K-alpha inhibitor resistance."
SUB008,pmid-31471681,31471681,PMC11105043,10.1007/s00018-019-03281-4,Mechanisms of resistance to estrogen receptor modulators in ER+/HER2- advanced breast cancer.,Cellular and molecular life sciences : CMLS,2019,Journal Article;Review,include_context,review_or_background,unknown,pmc_available,unknown,SUB008-Q002,"HER2/ERBB-PI3K pathway crosstalk is relevant background, but abstract does not directly test PI3K-alpha inhibitor resistance."
SUB008,pmid-31587152,31587152,unknown,10.1007/s12094-019-02213-9,"Prevalence, prognosis and predictive status of HER2 amplification in anti-EGFR-resistant metastatic colorectal cancer.",Clinical & translational oncology : official publication of the Federation of Spanish Oncology Societies and of the National Cancer Institute of Mexico,2019,Journal Article;Review,include_context,review_or_background,unknown,abstract_available,unknown,SUB008-Q002,"HER2/ERBB-PI3K pathway crosstalk is relevant background, but abstract does not directly test PI3K-alpha inhibitor resistance."
SUB008,pmid-31829029,31829029,unknown,10.2217/fon-2019-0521,Trastuzumab in combination with AT-101 induces cytotoxicity and apoptosis in Her2 positive breast cancer cells.,"Future oncology (London, England)",2019,Journal Article,include_context,review_or_background,unknown,abstract_available,unknown,SUB008-Q002,"HER2/ERBB-PI3K pathway crosstalk is relevant background, but abstract does not directly test PI3K-alpha inhibitor resistance."
SUB008,pmid-31850207,31850207,PMC6901979,10.3389/fonc.2019.01308,Epidermal Growth Factor Receptor Family and its Role in Gastric Cancer.,Frontiers in oncology,2019,Journal Article;Review,include_context,review_or_background,unknown,pmc_available,unknown,SUB008-Q001,"HER2/ERBB-PI3K pathway crosstalk is relevant background, but abstract does not directly test PI3K-alpha inhibitor resistance."
SUB008,pmid-32098826,32098826,PMC7611272,10.1158/1541-7786.MCR-19-1201,Inactivation of NF1 Promotes Resistance to EGFR Inhibition in KRAS/NRAS/BRAFV600 -Wild-Type Colorectal Cancer.,Molecular cancer research : MCR,2020,"Journal Article;Research Support, Non-U.S. Gov't",include_context,review_or_background,unknown,pmc_available,unknown,SUB008-Q003,HER2/ERBB/EGFR-PI3K pathway biology is relevant crosstalk context but does not directly test PI3K-alpha inhibitor resistance.
SUB008,pmid-32252811,32252811,PMC7137211,10.1186/s13058-020-01271-0,Everolimus versus alpelisib in advanced hormone receptor-positive HER2-negative breast cancer: targeting different nodes of the PI3K/AKT/mTORC1 pathway with different clinical implications.,Breast cancer research : BCR,2020,"Comparative Study;Journal Article;Research Support, Non-U.S. Gov't;Review",include_context,review_or_background,unknown,pmc_available,unknown,SUB008-Q001,"HER2/ERBB-PI3K pathway crosstalk is relevant background, but abstract does not directly test PI3K-alpha inhibitor resistance."
SUB008,pmid-32274666,32274666,unknown,10.1007/s10549-020-05618-1,Mechanistic basis for PI3K inhibitor antitumor activity and adverse reactions in advanced breast cancer.,Breast cancer research and treatment,2020,Journal Article;Review,include_context,review_or_background,unknown,abstract_available,unknown,SUB008-Q002,"HER2/ERBB-PI3K pathway crosstalk is relevant background, but abstract does not directly test PI3K-alpha inhibitor resistance."
SUB008,pmid-32278641,32278641,unknown,10.1016/j.clbc.2020.02.002,"Targeting PIK3CA Alterations in Hormone Receptor-Positive, Human Epidermal Growth Factor Receptor-2-Negative Advanced Breast Cancer: New Therapeutic Approaches and Practical Considerations.",Clinical breast cancer,2020,"Journal Article;Research Support, Non-U.S. Gov't;Review",include_context,review_or_background,unknown,abstract_available,unknown,SUB008-Q002,"HER2/ERBB-PI3K pathway crosstalk is relevant background, but abstract does not directly test PI3K-alpha inhibitor resistance."
SUB008,pmid-32351542,32351542,PMC7174681,10.3389/fgene.2020.00349,Sequential or Concomitant Inhibition of Cyclin-Dependent Kinase 4/6 Before mTOR Pathway in Hormone-Positive HER2 Negative Breast Cancer: Biological Insights and Clinical Implications.,Frontiers in genetics,2020,Journal Article;Review,include_context,review_or_background,unknown,pmc_available,unknown,SUB008-Q002,"HER2/ERBB-PI3K pathway crosstalk is relevant background, but abstract does not directly test PI3K-alpha inhibitor resistance."
SUB008,pmid-32426848,32426848,unknown,10.1002/cncr.32931,Therapy after cyclin-dependent kinase inhibition in metastatic hormone receptor-positive breast cancer: Resistance mechanisms and novel treatment strategies.,Cancer,2020,Journal Article;Review,include_context,review_or_background,unknown,abstract_available,unknown,SUB008-Q002,"HER2/ERBB-PI3K pathway crosstalk is relevant background, but abstract does not directly test PI3K-alpha inhibitor resistance."
SUB008,pmid-32545895,32545895,PMC7352740,10.3390/cancers12061573,New Therapeutics in HER2-Positive Advanced Breast Cancer: Towards a Change in Clinical Practices?pi.,Cancers,2020,Journal Article;Review,include_context,review_or_background,unknown,pmc_available,unknown,SUB008-Q002,"HER2/ERBB-PI3K pathway crosstalk is relevant background, but abstract does not directly test PI3K-alpha inhibitor resistance."
SUB008,pmid-32572172,32572172,PMC7494777,10.1038/s41416-020-0952-1,YES1 amplification confers trastuzumab-emtansine (T-DM1) resistance in HER2-positive cancer.,British journal of cancer,2020,"Journal Article;Research Support, Non-U.S. Gov't",include_context,review_or_background,unknown,pmc_available,unknown,SUB008-Q002,"HER2/ERBB-PI3K pathway crosstalk is relevant background, but abstract does not directly test PI3K-alpha inhibitor resistance."
SUB008,pmid-32672423,32672423,PMC7411640,10.15252/emmm.202011987,Combined targeting of G protein-coupled receptor and EGF receptor signaling overcomes resistance to PI3K pathway inhibitors in PTEN-null triple negative breast cancer.,EMBO molecular medicine,2020,"Journal Article;Research Support, Non-U.S. Gov't",include_context,analogous_context,unknown,pmc_available,unknown,SUB008-Q003,EGFR/GPCR bypass of PI3K pathway inhibitors supports RTK crosstalk context but centers PTEN-null PI3Kbeta rather than PI3K-alpha/HER2 resistance.
SUB008,pmid-32878771,32878771,unknown,10.21873/anticanres.14486,The Future of ER+/HER2- Metastatic Breast Cancer Therapy: Beyond PI3K Inhibitors.,Anticancer research,2020,Journal Article;Review,include_context,review_or_background,unknown,abstract_available,unknown,SUB008-Q002,"HER2/ERBB-PI3K pathway crosstalk is relevant background, but abstract does not directly test PI3K-alpha inhibitor resistance."
SUB008,pmid-33213227,33213227,unknown,10.1080/17425255.2021.1844662,"A pharmacokinetic evaluation of alpelisib for the treatment of HR+, HER2-negative, PIK3CA-mutated advanced or metastatic breast cancer.",Expert opinion on drug metabolism & toxicology,2020,Journal Article;Review,include_context,review_or_background,unknown,abstract_available,unknown,SUB008-Q002,"HER2/ERBB-PI3K pathway crosstalk is relevant background, but abstract does not directly test PI3K-alpha inhibitor resistance."
SUB008,pmid-33375317,33375317,PMC7796017,10.3390/ijms22010173,PI3K/AKT/mTOR Signaling Pathway in Breast Cancer: From Molecular Landscape to Clinical Aspects.,International journal of molecular sciences,2020,Journal Article;Review,include_context,review_or_background,unknown,pmc_available,unknown,SUB008-Q002,"HER2/ERBB-PI3K pathway crosstalk is relevant background, but abstract does not directly test PI3K-alpha inhibitor resistance."
SUB008,pmid-33429148,33429148,unknown,10.1016/j.ejca.2020.11.045,CDK12 inhibition enhances sensitivity of HER2+ breast cancers to HER2-tyrosine kinase inhibitor via suppressing PI3K/AKT.,"European journal of cancer (Oxford, England : 1990)",2021,"Journal Article;Research Support, Non-U.S. Gov't",include_context,review_or_background,unknown,abstract_available,unknown,SUB008-Q002,"HER2/ERBB-PI3K pathway crosstalk is relevant background, but abstract does not directly test PI3K-alpha inhibitor resistance."
SUB008,pmid-33436496,33436496,PMC8666826,10.1136/gutjnl-2020-323553,PI3K-driven HER2 expression is a potential therapeutic target in colorectal cancer stem cells.,Gut,2021,"Journal Article;Research Support, Non-U.S. Gov't",include_context,review_or_background,unknown,pmc_available,unknown,SUB008-Q002,"HER2/ERBB-PI3K pathway crosstalk is relevant background, but abstract does not directly test PI3K-alpha inhibitor resistance."
SUB008,pmid-33447231,33447231,PMC7768135,10.1159/000510998,Targeting the Human Epidermal Growth Factor Receptor Family in Breast Cancer beyond HER2.,"Breast care (Basel, Switzerland)",2020,Journal Article;Review,include_context,review_or_background,unknown,pmc_available,unknown,SUB008-Q002,"HER2/ERBB-PI3K pathway crosstalk is relevant background, but abstract does not directly test PI3K-alpha inhibitor resistance."
SUB008,pmid-33463941,33463941,unknown,10.1615/CritRevOncog.2020036080,Sensitization of Cancers Resistant to HER2 Antibodies.,Critical reviews in oncogenesis,2020,Journal Article;Review,include_context,review_or_background,unknown,abstract_available,unknown,SUB008-Q002,"HER2/ERBB-PI3K pathway crosstalk is relevant background, but abstract does not directly test PI3K-alpha inhibitor resistance."
SUB008,pmid-33622114,33622114,unknown,10.1080/14656566.2021.1873952,"Alpelisib for the treatment of PIK3CA-mutated, hormone receptor-positive, HER2-negative metastatic breast cancer.",Expert opinion on pharmacotherapy,2021,"Clinical Trial, Phase III;Journal Article;Randomized Controlled Trial",include_context,review_or_background,unknown,abstract_available,unknown,SUB008-Q001;SUB008-Q002,HER2/ERBB/EGFR-PI3K pathway biology is relevant crosstalk context but does not directly test PI3K-alpha inhibitor resistance.
SUB008,pmid-33662161,33662161,unknown,10.1111/eci.13535,CDK4/6 and PI3K inhibitors: A new promise for patients with HER2-positive breast cancer.,European journal of clinical investigation,2021,Journal Article;Review,include_context,review_or_background,unknown,abstract_available,unknown,SUB008-Q002,"HER2/ERBB-PI3K pathway crosstalk is relevant background, but abstract does not directly test PI3K-alpha inhibitor resistance."
SUB008,pmid-33707948,33707948,PMC7943556,10.2147/TCRM.S251668,Role of Alpelisib in the Treatment of PIK3CA-Mutated Breast Cancer: Patient Selection and Clinical Perspectives.,Therapeutics and clinical risk management,2021,Journal Article;Review,include_context,review_or_background,unknown,pmc_available,unknown,SUB008-Q001;SUB008-Q002,"HER2/ERBB-PI3K pathway crosstalk is relevant background, but abstract does not directly test PI3K-alpha inhibitor resistance."
SUB008,pmid-33723394,33723394,PMC8076303,10.1038/s41416-021-01293-1,PI3K activation promotes resistance to eribulin in HER2-negative breast cancer.,British journal of cancer,2021,"Journal Article;Research Support, Non-U.S. Gov't",include_context,review_or_background,unknown,pmc_available,unknown,SUB008-Q002,HER2/ERBB/EGFR-PI3K pathway biology is relevant crosstalk context but does not directly test PI3K-alpha inhibitor resistance.
SUB008,pmid-33907203,33907203,PMC8079403,10.1038/s41598-021-88331-3,PTEN is a predictive biomarker of trastuzumab resistance and prognostic factor in HER2-overexpressing gastroesophageal adenocarcinoma.,Scientific reports,2021,"Journal Article;Multicenter Study;Research Support, Non-U.S. Gov't",include_context,review_or_background,unknown,pmc_available,unknown,SUB008-Q002,"HER2/ERBB-PI3K pathway crosstalk is relevant background, but abstract does not directly test PI3K-alpha inhibitor resistance."
SUB008,pmid-33928670,33928670,unknown,10.1002/med.21806,Recent insights in the PI3K/Akt pathway as a promising therapeutic target in combination with EGFR-targeting agents to treat head and neck squamous cell carcinoma.,Medicinal research reviews,2021,"Journal Article;Research Support, Non-U.S. Gov't;Review",include_context,review_or_background,unknown,abstract_available,unknown,SUB008-Q003,"HER2/ERBB-PI3K pathway crosstalk is relevant background, but abstract does not directly test PI3K-alpha inhibitor resistance."
SUB008,pmid-33990570,33990570,PMC8121856,10.1038/s41467-021-23053-8,Hyperactivation of HER2-SHCBP1-PLK1 axis promotes tumor cell mitosis and impairs trastuzumab sensitivity to gastric cancer.,Nature communications,2021,"Journal Article;Research Support, Non-U.S. Gov't",include_context,review_or_background,unknown,pmc_available,unknown,SUB008-Q002,"HER2/ERBB-PI3K pathway crosstalk is relevant background, but abstract does not directly test PI3K-alpha inhibitor resistance."
SUB008,pmid-34171264,34171264,PMC8355076,10.1016/j.ccell.2021.06.001,"Co-occurring gain-of-function mutations in HER2 and HER3 modulate HER2/HER3 activation, oncogenesis, and HER2 inhibitor sensitivity.",Cancer cell,2021,"Journal Article;Research Support, N.I.H., Extramural;Research Support, Non-U.S. Gov't",include_context,review_or_background,unknown,pmc_available,unknown,SUB008-Q002,HER2/ERBB/EGFR-PI3K pathway biology is relevant crosstalk context but does not directly test PI3K-alpha inhibitor resistance.
SUB008,pmid-34208071,34208071,PMC8230691,10.3390/cancers13122922,Targeting mTOR and Glycolysis in HER2-Positive Breast Cancer.,Cancers,2021,Journal Article;Review,include_context,review_or_background,unknown,pmc_available,unknown,SUB008-Q002,"HER2/ERBB-PI3K pathway crosstalk is relevant background, but abstract does not directly test PI3K-alpha inhibitor resistance."
SUB008,pmid-34547385,34547385,unknown,10.1016/j.phrs.2021.105900,Development of PI3K inhibitors: Advances in clinical trials and new strategies (Review).,Pharmacological research,2021,"Journal Article;Research Support, Non-U.S. Gov't;Review",include_context,review_or_background,unknown,abstract_available,unknown,SUB008-Q002,"Useful subsection context, but the abstract is adjacent or incomplete and does not directly support a specific primary claim under the stricter evidence threshold."
SUB008,pmid-34986950,34986950,unknown,10.1691/ph.2021.1820,Recent clinical advances in PI3K inhibitors on colorectal cancer.,Die Pharmazie,2021,Journal Article;Review,include_context,review_or_background,unknown,abstract_available,unknown,SUB008-Q002,"Useful subsection context, but the abstract is adjacent or incomplete and does not directly support a specific primary claim under the stricter evidence threshold."
SUB008,pmid-35081970,35081970,PMC8790852,10.1186/s12943-022-01503-1,Molecular mechanism(s) of regulation(s) of c-MET/HGF signaling in head and neck cancer.,Molecular cancer,2022,"Journal Article;Research Support, Non-U.S. Gov't;Review",include_context,review_or_background,unknown,pmc_available,unknown,SUB008-Q001,HER2/ERBB resistance review may provide crosstalk background but lacks direct PI3K-alpha inhibitor evidence.
SUB008,pmid-35142964,35142964,PMC8924093,10.1007/s10555-022-10021-x,Anti-HER2 therapy in metastatic breast cancer: many choices and future directions.,Cancer metastasis reviews,2022,Journal Article;Review,include_context,review_or_background,unknown,pmc_available,unknown,SUB008-Q002,"Useful subsection context, but the abstract is adjacent or incomplete and does not directly support a specific primary claim under the stricter evidence threshold."
SUB008,pmid-35155075,35155075,PMC8824629,10.1055/s-0040-1716694,Advancement of PI3 Kinase Inhibitor Combination Therapies for PI3K-Aberrant Chordoma.,"Journal of neurological surgery. Part B, Skull base",2020,Journal Article,include_context,review_or_background,unknown,pmc_available,unknown,SUB008-Q003,HER2/ERBB/EGFR-PI3K pathway biology is relevant crosstalk context but does not directly test PI3K-alpha inhibitor resistance.
SUB008,pmid-35357905,35357905,PMC8984255,10.1200/PO.21.00370,PIK3CA Mutations Drive Therapeutic Resistance in Human Epidermal Growth Factor Receptor 2-Positive Breast Cancer.,JCO precision oncology,2022,Journal Article;Review,include_context,review_or_background,unknown,pmc_available,unknown,SUB008-Q001;SUB008-Q002,"Useful subsection context, but the abstract is adjacent or incomplete and does not directly support a specific primary claim under the stricter evidence threshold."
SUB008,pmid-35582035,35582035,PMC9019265,10.20517/cdr.2020.112,Statins and endocrine resistance in breast cancer.,"Cancer drug resistance (Alhambra, Calif.)",2021,Journal Article;Review,include_context,review_or_background,unknown,pmc_available,unknown,SUB008-Q002,HER2/ERBB resistance review may provide crosstalk background but lacks direct PI3K-alpha inhibitor evidence.
SUB008,pmid-35689885,35689885,unknown,10.1016/j.ctrv.2022.102418,Resistance mechanisms to HER2-targeted therapy in gastroesophageal adenocarcinoma: A systematic review.,Cancer treatment reviews,2022,Journal Article;Systematic Review,include_context,review_or_background,unknown,abstract_available,unknown,SUB008-Q002,HER2/ERBB resistance review may provide crosstalk background but lacks direct PI3K-alpha inhibitor evidence.
SUB008,pmid-35884366,35884366,PMC9320771,10.3390/cancers14143305,Targeted Therapeutic Options and Future Perspectives for HER2-Positive Breast Cancer.,Cancers,2022,Journal Article;Review,include_context,review_or_background,unknown,pmc_available,unknown,SUB008-Q002,HER2/ERBB resistance review may provide crosstalk background but lacks direct PI3K-alpha inhibitor evidence.
SUB008,pmid-36139701,36139701,PMC9496705,10.3390/cancers14184543,Novel Therapies and Strategies to Overcome Resistance to Anti-HER2-Targeted Drugs.,Cancers,2022,Journal Article;Review,include_context,review_or_background,unknown,pmc_available,unknown,SUB008-Q002,HER2/ERBB resistance review may provide crosstalk background but lacks direct PI3K-alpha inhibitor evidence.
SUB008,pmid-36314338,36314338,unknown,10.26355/eurrev_202210_30043,Efficacy and safety of PI3K/Akt/mTOR inhibitors combined with trastuzumab therapy for HER2-positive breast cancer: a meta-analysis.,European review for medical and pharmacological sciences,2022,Meta-Analysis;Journal Article,include_context,review_or_background,unknown,abstract_available,unknown,SUB008-Q002,HER2/ERBB resistance review may provide crosstalk background but lacks direct PI3K-alpha inhibitor evidence.
SUB008,pmid-36321996,36321996,PMC10011882,10.1158/1078-0432.CCR-22-2115,Biology and Targetability of the Extended Spectrum of PIK3CA Mutations Detected in Breast Carcinoma.,Clinical cancer research : an official journal of the American Association for Cancer Research,2023,Editorial;Comment,include_context,clinical_or_translational,unknown,pmc_available,unknown,SUB008-Q001,"Useful subsection context, but the abstract is adjacent or incomplete and does not directly support a specific primary claim under the stricter evidence threshold."
SUB008,pmid-36411339,36411339,PMC10104814,10.1038/s41401-022-01015-0,Targeting PI3Kα overcomes resistance to KRasG12C inhibitors mediated by activation of EGFR and/or IGF1R.,Acta pharmacologica Sinica,2022,Journal Article,include_context,analogous_context,unknown,pmc_available,unknown,SUB008-Q003,"EGFR/IGF1R-driven KRAS G12C inhibitor resistance overcome by PI3K-alpha targeting is RTK-crosstalk context, not direct PI3K-alpha resistance evidence."
SUB008,pmid-36579519,36579519,PMC9694420,10.3390/jpm12111793,PIK3CAMutations in Breast Cancer Subtypes Other Than HR-Positive/HER2-Negative.,Journal of personalized medicine,2022,Journal Article,include_context,clinical_or_translational,unknown,pmc_available,unknown,SUB008-Q002,"Useful subsection context, but the abstract is adjacent or incomplete and does not directly support a specific primary claim under the stricter evidence threshold."
SUB008,pmid-36780229,36780229,unknown,10.1158/1535-7163.MCT-22-0411,Efficacious Combination Drug Treatment for Colorectal Cancer That Overcomes Resistance to KRAS G12C Inhibitors.,Molecular cancer therapeutics,2023,"Journal Article;Research Support, Non-U.S. Gov't",include_context,analogous_context,unknown,abstract_available,unknown,SUB008-Q003,"Heregulin/PI3K activation in KRAS G12C resistance provides RTK-adjacent analogy, but it is not PI3K-alpha inhibitor resistance or HER2-context evidence."
SUB008,pmid-36825715,36825715,unknown,10.2174/1389557523666230224110738,A Review and Meta-analysis on Trastuzumab Resistance in Patients with HER2+ Breast Cancer.,Mini reviews in medicinal chemistry,2023,Meta-Analysis;Journal Article,include_context,review_or_background,unknown,abstract_available,unknown,SUB008-Q002,HER2/ERBB resistance review may provide crosstalk background but lacks direct PI3K-alpha inhibitor evidence.
SUB008,pmid-36892268,36892268,PMC10552898,10.1002/1878-0261.13416,"ER+, HER2- advanced breast cancer treated with taselisib and fulvestrant: genomic landscape and associated clinical outcomes.",Molecular oncology,2023,"Journal Article;Research Support, Non-U.S. Gov't",include_context,clinical_or_translational,unknown,pmc_available,unknown,SUB008-Q002,Taselisib genomic-outcome data in ER+/HER2- disease can contextualize biomarker interpretation but is not HER2/ERBB or RTK crosstalk evidence.
SUB008,pmid-37044095,37044095,PMC10140479,10.1016/j.xcrm.2023.101002,N-acetylcysteine overcomes NF1 loss-driven resistance to PI3Kα inhibition in breast cancer.,Cell reports. Medicine,2023,"Journal Article;Research Support, Non-U.S. Gov't",include_context,analogous_context,unknown,pmc_available,unknown,SUB008-Q001;SUB008-Q003,"NF1-loss PI3K-alpha inhibitor resistance is direct bypass-biology context, but the abstract does not center HER2/ERBB or RTK crosstalk for this subsection."
SUB008,pmid-37101291,37101291,PMC10131374,10.1186/s13073-023-01181-8,"Multiple PIK3CA mutation clonality correlates with outcomes in taselisib + fulvestrant-treated ER+/HER2-, PIK3CA-mutated breast cancers.",Genome medicine,2023,"Journal Article;Research Support, Non-U.S. Gov't",include_context,analogous_context,unknown,pmc_available,unknown,SUB008-Q002,"Taselisib outcome study gives PIK3CA clonality context, only indirectly HER2/RTK related."
SUB008,pmid-37493631,37493631,PMC10811747,10.1158/1541-7786.MCR-23-0034,CBF-Beta Mitigates PI3K-Alpha-Specific Inhibitor Killing through PIM1 in PIK3CA-Mutant Gastric Cancer.,Molecular cancer research : MCR,2023,"Journal Article;Research Support, Non-U.S. Gov't;Research Support, N.I.H., Extramural",include_context,analogous_context,unknown,pmc_available,unknown,SUB008-Q001,PIM1-mediated survival after PI3K-alpha inhibitor exposure is useful resistance context but not HER2/ERBB or RTK crosstalk.
SUB008,pmid-37576607,37576607,PMC10422890,10.1177/17588359231187201,Evolving perspectives on the treatment of HR+/HER2+ metastatic breast cancer.,Therapeutic advances in medical oncology,2023,Journal Article;Review,include_context,review_or_background,unknown,pmc_available,unknown,SUB008-Q002,HR+/HER2+ treatment review provides clinical context for HER2/endocrine pathway combinations.
SUB008,pmid-37621172,37621172,unknown,10.1097/CCO.0000000000000971,HER2-positive breast cancer: cotargeting to overcome treatment resistance.,Current opinion in oncology,2023,Journal Article,include_context,review_or_background,unknown,abstract_available,unknown,SUB008-Q002,HER2-positive breast-cancer cotargeting review frames resistance-overcoming combinations.
SUB008,pmid-37864955,37864955,unknown,10.1016/j.ctrv.2023.102639,AXL - a new player in resistance to HER2 blockade.,Cancer treatment reviews,2023,Journal Article;Review,include_context,review_or_background,unknown,abstract_available,unknown,SUB008-Q002,AXL review is relevant RTK bypass context in resistance to HER2 blockade.
SUB008,pmid-38175349,38175349,unknown,10.1007/978-3-031-33602-7_10,Innovative Therapeutic Approaches for Patients with HER2-Positive Breast Cancer.,Cancer treatment and research,2023,Review;Journal Article,include_context,review_or_background,unknown,abstract_available,unknown,SUB008-Q002,HER2-positive breast-cancer review provides combination and resistance background.
SUB008,pmid-38429897,38429897,PMC11003831,10.1002/hed.27718,Differential modulation of PI3K/Akt/mTOR activity by EGFR inhibitors: A rationale for co-targeting EGFR and PI3K in cisplatin-resistant HNSCC.,Head & neck,2024,"Journal Article;Research Support, Non-U.S. Gov't;Research Support, N.I.H., Extramural",include_context,analogous_context,unknown,pmc_available,unknown,SUB008-Q003,"EGFR and PI3K cotargeting in cisplatin-resistant HNSCC is RTK bypass context, not direct PI3K-alpha inhibitor resistance evidence."
SUB008,pmid-38529509,38529509,PMC10962705,10.1101/2024.02.19.581073,Overcoming brain-derived therapeutic resistance in HER2+ breast cancer brain metastasis.,bioRxiv : the preprint server for biology,2024,Preprint;Journal Article,include_context,analogous_context,unknown,pmc_available,unknown,SUB008-Q002,Lapatinib response linked to PI3K/MAPK pathway offers HER2/EGFR pathway context.
SUB008,pmid-38759648,38759648,PMC11228398,10.1016/j.xcrm.2024.101575,Emerging treatments in HER2-positive advanced breast cancer: Keep raising the bar.,Cell reports. Medicine,2024,Journal Article;Review,include_context,review_or_background,unknown,pmc_available,unknown,SUB008-Q002,HER2-positive advanced breast-cancer review gives current treatment-resistance context.
SUB008,pmid-38772169,38772169,unknown,10.1016/j.ctrv.2024.102761,"The evolving landscape of metastatic HER2-positive, hormone receptor-positive Breast Cancer.",Cancer treatment reviews,2024,Journal Article;Review,include_context,review_or_background,unknown,abstract_available,unknown,SUB008-Q002,HR-positive/HER2-positive metastatic breast-cancer review frames HER2-endocrine-PI3K combination landscape.
SUB008,pmid-38835349,38835349,PMC11149107,10.20517/cdr.2024.11,HER3-targeted therapy: the mechanism of drug resistance and the development of anticancer drugs.,"Cancer drug resistance (Alhambra, Calif.)",2024,Journal Article;Review,include_context,review_or_background,unknown,pmc_available,unknown,SUB008-Q002,HER3-targeted therapy review gives ERBB resistance and drug-development context.
SUB008,pmid-38851563,38851563,unknown,10.1016/j.ejphar.2024.176725,Mechanisms of acquired resistance to HER2-Positive breast cancer therapies induced by HER3: A comprehensive review.,European journal of pharmacology,2024,Journal Article;Review,include_context,review_or_background,unknown,abstract_available,unknown,SUB008-Q002,HER3 acquired-resistance review is relevant RTK-family context for HER2 therapy escape.
SUB008,pmid-38875362,38875362,PMC11175886,10.1097/MD.0000000000038508,HER2/PI3K/AKT pathway in HER2-positive breast cancer: A review.,Medicine,2024,Journal Article;Review,include_context,review_or_background,unknown,pmc_available,unknown,SUB008-Q002,HER2/PI3K/AKT pathway review frames crosstalk in HER2-positive breast cancer.
SUB008,pmid-38992135,38992135,PMC11357990,10.1038/s43018-024-00781-6,A first-in-class selective inhibitor of EGFR and PI3K offers a single-molecule approach to targeting adaptive resistance.,Nature cancer,2024,"Journal Article;Research Support, N.I.H., Extramural;Research Support, U.S. Gov't, P.H.S.",include_context,analogous_context,unknown,pmc_available,unknown,SUB008-Q003,"EGFR/PI3K dual inhibitor supports RTK-PI3K adaptive-resistance logic, but the abstract is not PI3K-alpha or HER2-specific."
SUB008,pmid-39662202,39662202,unknown,10.1016/j.ctrv.2024.102861,PI3K/AKT/mTOR inhibitors for hormone receptor-positive advanced breast cancer.,Cancer treatment reviews,2024,Journal Article;Review,include_context,review_or_background,unknown,abstract_available,unknown,SUB008-Q002,PI3K/AKT/mTOR inhibitor review in HR-positive disease provides combination-treatment context.
SUB008,pmid-39769140,39769140,PMC11677710,10.3390/ijms252413376,The Biological Roles and Clinical Applications of the PI3K/AKT Pathway in Targeted Therapy Resistance in HER2-Positive Breast Cancer: A Comprehensive Review.,International journal of molecular sciences,2024,Journal Article;Review,include_context,review_or_background,unknown,pmc_available,unknown,SUB008-Q002,HER2-positive breast-cancer review explicitly covers PI3K/AKT pathway roles in targeted therapy resistance.
SUB008,pmid-39821040,39821040,unknown,10.1007/978-3-031-70875-6_24,HER2-Positive Breast Cancer Treatment and Resistance.,Advances in experimental medicine and biology,2025,Journal Article;Review,include_context,analogous_context,unknown,abstract_available,unknown,SUB008-Q002,HER2/ERBB or PI3K pathway review/mechanism context helps frame crosstalk but is not direct PI3K-alpha resistance proof.
SUB008,pmid-39920872,39920872,PMC11806886,10.1186/s40170-025-00375-5,CD36 inhibition enhances the anti-proliferative effects of PI3K inhibitors in PTEN-loss anti-HER2 resistant breast cancer cells.,Cancer & metabolism,2025,Journal Article,include_context,analogous_context,unknown,pmc_available,unknown,SUB008-Q004,CD36 with PI3K inhibitors in anti-HER2-resistant cells is relevant HER2-context biology but not direct ERBB crosstalk primary evidence.
SUB008,pmid-39955879,39955879,unknown,10.1016/j.compbiomed.2025.109809,α-chaconine increases the sensitivity of HER2+ breast cancer cells to trastuzumab by targeting acetylcholinesterase.,Computers in biology and medicine,2025,Journal Article,include_context,analogous_context,unknown,abstract_available,unknown,SUB008-Q002,HER2/ERBB or PI3K pathway review/mechanism context helps frame crosstalk but is not direct PI3K-alpha resistance proof.
SUB008,pmid-40113784,40113784,PMC11926384,10.1038/s41392-025-02180-4,Targeting PI3K inhibitor resistance in breast cancer with metabolic drugs.,Signal transduction and targeted therapy,2025,"Journal Article;Research Support, Non-U.S. Gov't",include_context,analogous_context,unknown,pmc_available,unknown,SUB008-Q002,HER2/ERBB or PI3K pathway review/mechanism context helps frame crosstalk but is not direct PI3K-alpha resistance proof.
SUB008,pmid-40133809,40133809,PMC11938741,10.1186/s10020-025-01163-z,Involvement of microRNAs-449/FASN axis in response to trastuzumab therapy in HER2-positive breast cancer.,"Molecular medicine (Cambridge, Mass.)",2025,Journal Article,include_context,analogous_context,unknown,pmc_available,unknown,SUB008-Q002,HER2/ERBB or PI3K pathway review/mechanism context helps frame crosstalk but is not direct PI3K-alpha resistance proof.
SUB008,pmid-40303293,40303293,PMC12035890,10.7150/ijbs.99275,PPARG Activation of Fatty Acid Metabolism Drives Resistance to Anti-HER2 Therapies in HER2-Positive Breast Cancer.,International journal of biological sciences,2025,"Journal Article;Research Support, Non-U.S. Gov't",include_context,analogous_context,unknown,pmc_available,unknown,SUB008-Q002,HER2/ERBB or PI3K pathway review/mechanism context helps frame crosstalk but is not direct PI3K-alpha resistance proof.
SUB008,pmid-40510030,40510030,PMC12159599,10.20517/cdr.2024.181,FGFR1 overexpression promotes resistance to PI3K inhibitor alpelisib in luminal breast cancer cells through receptor tyrosine kinase signaling-mediated activation of the estrogen receptor.,"Cancer drug resistance (Alhambra, Calif.)",2025,Journal Article,include_context,analogous_context,unknown,pmc_available,unknown,SUB008-Q003,"FGFR1-driven alpelisib resistance is RTK-bypass context, but it is not HER2/ERBB-specific primary evidence."
SUB008,pmid-40565304,40565304,PMC12193243,10.3390/ijms26125844,"Functional Analysis of the PI3K/AKT/mTOR Pathway Inhibitor, Gedatolisib, Plus Fulvestrant with and Without Palbociclib in Breast Cancer Models.",International journal of molecular sciences,2025,Journal Article,include_context,analogous_context,unknown,pmc_available,unknown,SUB008-Q002,HER2/ERBB or PI3K pathway review/mechanism context helps frame crosstalk but is not direct PI3K-alpha resistance proof.
SUB008,pmid-40647529,40647529,PMC12248877,10.3390/cancers17132232,The PI3K/Akt/mTOR Signaling Pathway in Triple-Negative Breast Cancer: A Resistance Pathway and a Prime Target for Targeted Therapies.,Cancers,2025,Journal Article;Review,include_context,analogous_context,unknown,pmc_available,unknown,SUB008-Q003,HER2/ERBB or PI3K pathway review/mechanism context helps frame crosstalk but is not direct PI3K-alpha resistance proof.
SUB008,pmid-40806416,40806416,PMC12346744,10.3390/ijms26157285,Fighting HER2 in Gastric Cancer: Current Approaches and Future Landscapes.,International journal of molecular sciences,2025,Journal Article;Review,include_context,analogous_context,unknown,pmc_available,unknown,SUB008-Q002,HER2/ERBB or PI3K pathway review/mechanism context helps frame crosstalk but is not direct PI3K-alpha resistance proof.
SUB008,pmid-40812669,40812669,unknown,10.1016/j.lfs.2025.123902,Role of MYC inhibition in overcoming resistance to HER2-targeted therapies for breast cancer.,Life sciences,2025,Journal Article;Review,include_context,analogous_context,unknown,abstract_available,unknown,SUB008-Q002,HER2/ERBB or PI3K pathway review/mechanism context helps frame crosstalk but is not direct PI3K-alpha resistance proof.
SUB008,pmid-40836897,40836897,unknown,10.1093/carcin/bgaf048,HECTD3 E3 ligase mediates ubiquitination of AKT-phosphorylated CMTM3 in HER2-overexpressed breast cancer cells.,Carcinogenesis,2025,Journal Article,include_context,analogous_context,unknown,abstract_available,unknown,SUB008-Q002,HER2/ERBB or PI3K pathway review/mechanism context helps frame crosstalk but is not direct PI3K-alpha resistance proof.
SUB008,pmid-40983817,40983817,PMC12552382,10.1007/s12282-025-01779-3,Advances in the intrinsic signaling pathway interactions and clinical translation of HR+/HER2+ breast cancer.,"Breast cancer (Tokyo, Japan)",2025,Journal Article;Review,include_context,analogous_context,unknown,pmc_available,unknown,SUB008-Q002,HER2/ERBB or PI3K pathway review/mechanism context helps frame crosstalk but is not direct PI3K-alpha resistance proof.
SUB008,pmid-41379983,41379983,PMC13022569,10.1158/1535-7163.MCT-25-0505,Targeting Tumor Microenvironment-Derived NRG1-HER2/3 Signaling with Zenocutuzumab Restores Sensitivity to AR Inhibition in PTEN Wild-type Prostate Cancer.,Molecular cancer therapeutics,2026,Journal Article,include_context,analogous_context,unknown,pmc_available,unknown,SUB008-Q002,"NRG1-HER2/3 signaling and zenocutuzumab provide RTK crosstalk context, but PI3K-alpha inhibitor linkage is indirect from abstract."
SUB008,pmid-41406241,41406241,unknown,10.1126/scitranslmed.adp5088,Dual PI3K/mTOR inhibition is required to combat resistance to CDK4/6 inhibitor and endocrine therapy in PIK3CA-mutant breast cancer.,Science translational medicine,2025,"Journal Article;Research Support, Non-U.S. Gov't",include_context,analogous_context,unknown,abstract_available,unknown,SUB008-Q003,"Dual PI3K/mTOR inhibition for CDK4/6/endocrine resistance is pathway-combination context, not HER2/ERBB crosstalk evidence."
SUB008,pmid-41632450,41632450,unknown,10.1158/1078-0432.CCR-25-2833,PI3K Inhibition in Combination with Tamoxifen in Patients with Metastatic HR+/HER2- Breast Cancer: Clinical and Circulating Tumor DNA Results.,Clinical cancer research : an official journal of the American Association for Cancer Research,2026,"Journal Article;Randomized Controlled Trial;Clinical Trial, Phase II",include_context,clinical_or_translational,unknown,abstract_available,unknown,SUB008-Q002,PI3K inhibition plus tamoxifen in HR+/HER2- disease is clinical PI3K context without HER2/ERBB crosstalk.
SUB008,pmid-41789558,41789558,PMC13324342,10.1158/1535-7163.MCT-25-0875,Capivasertib Combines with Trastuzumab Deruxtecan to Enhance Antitumor Activity in HER2-Positive and HER2-Low Tumors.,Molecular cancer therapeutics,2026,Journal Article,include_context,analogous_context,unknown,pmc_available,unknown,SUB008-Q002,"Capivasertib plus trastuzumab deruxtecan is HER2/AKT combination context, not direct PI3K-alpha inhibitor evidence."
SUB008,pmid-41899536,41899536,PMC13024778,10.3390/cancers18060932,Overcoming Trastuzumab-Pertuzumab Resistance and Optimizing Sequential Anti-HER2 Therapy in HER2-Positive Metastatic Breast Cancer.,Cancers,2026,Journal Article;Review,include_context,analogous_context,unknown,pmc_available,unknown,SUB008-Q002,HER2/ERBB or PI3K pathway review/mechanism context helps frame crosstalk but is not direct PI3K-alpha resistance proof.
SUB008,pmid-42268566,42268566,unknown,10.1007/s12094-026-04433-2,The impact of the PI3K/AKT/mTOR signaling pathway on trastuzumab resistance in HER2-positive gastric cancer.,Clinical & translational oncology : official publication of the Federation of Spanish Oncology Societies and of the National Cancer Institute of Mexico,2026,Journal Article;Review,include_context,review_or_background,unknown,abstract_available,unknown,SUB008-Q002,HER2 gastric trastuzumab-resistance review is background context only.
SUB008,pmid-42419085,42419085,PMC13380046,10.1016/j.esmoop.2026.107706,Phase II study of trastuzumab-pkrb plus gedatolisib in patients with HER2-positive metastatic breast cancer who progressed after two or more HER2-directed therapies.,ESMO open,2026,"Journal Article;Clinical Trial, Phase II;Multicenter Study",include_context,clinical_or_translational,unknown,pmc_available,unknown,SUB008-Q002,HER2-positive trastuzumab plus gedatolisib trial is useful ERBB/PI3K combination context but not PI3K-alpha-specific primary evidence.
SUB008,pmid-42500590,42500590,PMC13397341,10.32604/or.2026.085387,Research Advances in Drug Resistance Mechanisms to Anti-HER2 Therapy in HER2-Positive Breast Cancer.,Oncology research,2026,Journal Article;Review,include_context,analogous_context,unknown,pmc_available,unknown,SUB008-Q002,HER2/ERBB or PI3K pathway review/mechanism context helps frame crosstalk but is not direct PI3K-alpha resistance proof.
SUB008,pmid-42518131,42518131,PMC13529841,10.1007/s40265-026-02347-5,Emerging Strategies Targeting the PI3K/AKT/mTOR Pathway in HR+/HER2- Advanced Breast Cancer.,Drugs,2026,Journal Article;Review,include_context,analogous_context,unknown,pmc_available,unknown,SUB008-Q002,HER2/ERBB or PI3K pathway review/mechanism context helps frame crosstalk but is not direct PI3K-alpha resistance proof.
SUB008,pmid-21278786,21278786,PMC3107390,10.1038/onc.2010.626,PI3K inhibition results in enhanced HER signaling and acquired ERK dependency in HER2-overexpressing breast cancer.,Oncogene,2011,"Journal Article;Research Support, Non-U.S. Gov't",include_primary,primary_mechanism,unknown,pmc_available,unknown,SUB008-Q002,Direct evidence that PI3K inhibition enhances HER signaling and creates acquired ERK dependency in HER2-overexpressing breast cancer.
SUB008,pmid-24895459,24895459,unknown,10.1158/1078-0432.CCR-13-3377,Cotargeting of epidermal growth factor receptor and PI3K overcomes PI3K-Akt oncogenic dependence in pancreatic ductal adenocarcinoma.,Clinical cancer research : an official journal of the American Association for Cancer Research,2014,"Journal Article;Research Support, Non-U.S. Gov't",include_primary,primary_mechanism,unknown,abstract_available,unknown,SUB008-Q001,Directly tests EGFR and PI3K-alpha cotargeting as a way to overcome PI3K-Akt dependence.
SUB008,pmid-25053989,25053989,PMC4091530,10.18632/genesandcancer.10,Amphiregulin and PTEN evoke a multimodal mechanism of acquired resistance to PI3K inhibition.,Genes & cancer,2014,Journal Article,include_primary,primary_mechanism,unknown,pmc_available,unknown,SUB008-Q003,Direct acquired PI3K inhibitor resistance model identifies amphiregulin/EGFR signaling as a resistance mechanism.
SUB008,pmid-25528022,25528022,unknown,10.1007/s10549-014-3239-5,A preclinical evaluation of the PI3K alpha/delta dominant inhibitor BAY 80-6946 in HER2-positive breast cancer models with acquired resistance to the HER2-targeted therapies trastuzumab and lapatinib.,Breast cancer research and treatment,2014,"Journal Article;Research Support, Non-U.S. Gov't",include_primary,primary_mechanism,unknown,abstract_available,unknown,SUB008-Q001,Preclinical HER2-resistant models directly test a PI3K alpha/delta inhibitor with HER2-directed therapies.
SUB008,pmid-25873175,25873175,PMC4398915,10.1016/j.ccell.2015.03.010,AXL mediates resistance to PI3Kα inhibition by activating the EGFR/PKC/mTOR axis in head and neck and esophageal squamous cell carcinomas.,Cancer cell,2015,Journal Article,include_primary,primary_mechanism,unknown,pmc_available,unknown,SUB008-Q001,Abstract directly reports AXL-driven EGFR/PKC/mTOR activation mediating resistance to PI3K-alpha inhibition.
SUB008,pmid-26500061,26500061,PMC4846581,10.1038/onc.2015.406,"PI3K-p110α mediates resistance to HER2-targeted therapy in HER2+, PTEN-deficient breast cancers.",Oncogene,2015,Journal Article,include_primary,primary_mechanism,unknown,pmc_available,unknown,SUB008-Q002,Direct HER2/PTEN model evidence tests p110alpha dependence and PI3K inhibition in resistance to HER2-targeted therapy.
SUB008,pmid-26640141,26640141,PMC4896860,10.1038/onc.2015.377,PIK3CA(H1047R)- and Her2-initiated mammary tumors escape PI3K dependency by compensatory activation of MEK-ERK signaling.,Oncogene,2015,Journal Article,include_primary,primary_mechanism,unknown,pmc_available,unknown,SUB008-Q002,Direct HER2/PIK3CA model evidence shows escape from PI3K dependency through compensatory MEK-ERK activation.
SUB008,pmid-30237504,30237504,PMC6148236,10.1038/s41419-018-1025-8,IGF1R upregulation confers resistance to isoform-specific inhibitors of PI3K in PIK3CA-driven ovarian cancer.,Cell death & disease,2018,"Journal Article;Research Support, Non-U.S. Gov't",include_primary,primary_mechanism,unknown,pmc_available,unknown,SUB008-Q003,IGF1R upregulation directly confers acquired resistance to beta-sparing PI3K inhibitor taselisib and is reversed by IGF1R cotargeting.
SUB008,pmid-34544753,34544753,PMC9762331,10.1158/2159-8290.CD-21-0072,RTK-Dependent Inducible Degradation of Mutant PI3Kα Drives GDC-0077 (Inavolisib) Efficacy.,Cancer discovery,2021,"Journal Article;Research Support, Non-U.S. Gov't",include_primary,primary_mechanism,unknown,pmc_available,unknown,SUB008-Q002,Direct GDC-0077/inavolisib evidence links RTK-dependent mutant PI3K-alpha degradation to drug efficacy.
SUB008,pmid-35365185,35365185,PMC8974145,10.1186/s13058-022-01521-3,Targeting SHP2 phosphatase in breast cancer overcomes RTK-mediated resistance to PI3K inhibitors.,Breast cancer research : BCR,2022,"Journal Article;Research Support, Non-U.S. Gov't",include_primary,primary_mechanism,unknown,pmc_available,unknown,SUB008-Q003,Directly tests RTK-mediated resistance to PI3K inhibitors and SHP2 cotargeting in breast cancer models.
SUB008,pmid-35968355,35968355,PMC9360227,unknown,PI3K inhibitors in trastuzumab-resistant HER2-positive breast cancer cells with PI3K pathway alterations.,American journal of cancer research,2022,Journal Article,include_primary,primary_mechanism,unknown,pmc_available,unknown,SUB008-Q002,Direct HER2-positive trastuzumab-resistant breast cancer cell evidence testing PI3K inhibitors in PI3K-pathway-altered models.
SUB008,pmid-36805958,36805958,PMC12440294,10.1158/1535-7163.MCT-21-0667,Tumor and Stromal Cell Targeting with Nintedanib and Alpelisib Overcomes Intrinsic Bladder Cancer Resistance.,Molecular cancer therapeutics,2023,"Journal Article;Research Support, Non-U.S. Gov't",include_primary,primary_mechanism,unknown,pmc_available,unknown,SUB008-Q003,Direct alpelisib combination study in resistant bladder cancer models tests receptor/stromal targeting with PI3K-alpha inhibition.
SUB008,pmid-38986734,38986734,unknown,10.1016/j.canlet.2024.217112,PI3K PROTAC overcomes the lapatinib resistance in PIK3CA-mutant HER2 positive breast cancer.,Cancer letters,2024,Journal Article,include_primary,primary_mechanism,unknown,abstract_available,unknown,SUB008-Q002,HER2-positive PIK3CA-mutant model directly tests PI3K-p110alpha targeting as a way to overcome lapatinib resistance.
SUB008,pmid-36241868,36241868,PMC9652152,10.1038/s41388-022-02482-9,AKT-mTORC1 reactivation is the dominant resistance driver for PI3Kβ/AKT inhibitors in PTEN-null breast cancer and can be overcome by combining with Mcl-1 inhibitors.,Oncogene,2022,"Journal Article;Research Support, Non-U.S. Gov't",uncertain_full_text_needed,clinical_or_translational,unknown,pmc_available,unknown,SUB008-Q003,"PI3K and HER2/ERBB/RTK signals overlap, but PI3K-alpha inhibitor-specific causality needs full text."
SUB009,pmid-24748656,24748656,unknown,10.1158/1535-7163.MCT-13-0639,Picking the point of inhibition: a comparative review of PI3K/AKT/mTOR pathway inhibitors.,Molecular cancer therapeutics,2014,"Journal Article;Research Support, Non-U.S. Gov't;Review",include_context,review_or_background,unknown,abstract_available,unknown,SUB009-Q003,"Despite unknown venue label, this provides useful background for endocrine-therapy crosstalk with PI3K-alpha inhibitor treatment in HR-positive breast cancer but is not direct proof."
SUB009,pmid-31859350,31859350,PMC6923785,10.1093/annonc/mdz280,Biomarkers of response and resistance to PI3K inhibitors in estrogen receptor-positive breast cancer patients and combination therapies involving PI3K inhibitors.,Annals of oncology : official journal of the European Society for Medical Oncology,2019,"Journal Article;Research Support, Non-U.S. Gov't;Review",include_context,review_or_background,unknown,pmc_available,unknown,SUB009-Q002;SUB009-Q003,"Despite unknown venue label, this provides useful background for endocrine-therapy crosstalk with PI3K-alpha inhibitor treatment in HR-positive breast cancer but is not direct proof."
SUB009,pmid-32252811,32252811,PMC7137211,10.1186/s13058-020-01271-0,Everolimus versus alpelisib in advanced hormone receptor-positive HER2-negative breast cancer: targeting different nodes of the PI3K/AKT/mTORC1 pathway with different clinical implications.,Breast cancer research : BCR,2020,"Comparative Study;Journal Article;Research Support, Non-U.S. Gov't;Review",include_context,review_or_background,unknown,pmc_available,unknown,SUB009-Q001;SUB009-Q002;SUB009-Q003,"Despite unknown venue label, this provides useful background for endocrine-therapy crosstalk with PI3K-alpha inhibitor treatment in HR-positive breast cancer but is not direct proof."
SUB009,pmid-32782489,32782489,PMC7388095,10.1177/1758835920940939,Targeting the PI3K/Akt/mTOR pathway in estrogen-receptor positive HER2 negative advanced breast cancer.,Therapeutic advances in medical oncology,2020,Journal Article;Review,include_context,review_or_background,unknown,pmc_available,unknown,SUB009-Q002;SUB009-Q003,"Despite unknown venue label, this provides useful background for endocrine-therapy crosstalk with PI3K-alpha inhibitor treatment in HR-positive breast cancer but is not direct proof."
SUB009,pmid-32964734,32964734,unknown,10.2217/fon-2020-0464,Alpelisib in the treatment of metastatic HR+ breast cancer with PIK3CA mutations.,"Future oncology (London, England)",2020,Journal Article;Review,include_context,review_or_background,unknown,abstract_available,unknown,SUB009-Q002,"Despite unknown venue label, this provides useful background for endocrine-therapy crosstalk with PI3K-alpha inhibitor treatment in HR-positive breast cancer but is not direct proof."
SUB009,pmid-33024087,33024087,PMC7538592,10.1038/s41419-020-03037-0,CD44/HA signaling mediates acquired resistance to a PI3Kα inhibitor.,Cell death & disease,2020,"Journal Article;Research Support, Non-U.S. Gov't",include_context,primary_mechanism,unknown,pmc_available,unknown,SUB009-Q003,CD44/HA-mediated acquired PI3K-alpha inhibitor resistance is useful resistance biology but not endocrine-crosstalk evidence.
SUB009,pmid-33190190,33190190,PMC7854469,10.1007/s12325-020-01552-2,"Clinical Challenges in the Management of Hormone Receptor-Positive, Human Epidermal Growth Factor Receptor 2-Negative Metastatic Breast Cancer: A Literature Review.",Advances in therapy,2020,"Journal Article;Research Support, Non-U.S. Gov't;Review",include_context,review_or_background,unknown,pmc_available,unknown,SUB009-Q002;SUB009-Q003,"Despite unknown venue label, this provides useful background for endocrine-therapy crosstalk with PI3K-alpha inhibitor treatment in HR-positive breast cancer but is not direct proof."
SUB009,pmid-33213227,33213227,unknown,10.1080/17425255.2021.1844662,"A pharmacokinetic evaluation of alpelisib for the treatment of HR+, HER2-negative, PIK3CA-mutated advanced or metastatic breast cancer.",Expert opinion on drug metabolism & toxicology,2020,Journal Article;Review,include_context,review_or_background,unknown,abstract_available,unknown,SUB009-Q002;SUB009-Q003,"Despite unknown venue label, this provides useful background for endocrine-therapy crosstalk with PI3K-alpha inhibitor treatment in HR-positive breast cancer but is not direct proof."
SUB009,pmid-33622114,33622114,unknown,10.1080/14656566.2021.1873952,"Alpelisib for the treatment of PIK3CA-mutated, hormone receptor-positive, HER2-negative metastatic breast cancer.",Expert opinion on pharmacotherapy,2021,"Clinical Trial, Phase III;Journal Article;Randomized Controlled Trial",include_context,review_or_background,unknown,abstract_available,unknown,SUB009-Q002;SUB009-Q003,"Despite unknown venue label, this provides useful background for endocrine-therapy crosstalk with PI3K-alpha inhibitor treatment in HR-positive breast cancer but is not direct proof."
SUB009,pmid-33707948,33707948,PMC7943556,10.2147/TCRM.S251668,Role of Alpelisib in the Treatment of PIK3CA-Mutated Breast Cancer: Patient Selection and Clinical Perspectives.,Therapeutics and clinical risk management,2021,Journal Article;Review,include_context,review_or_background,unknown,pmc_available,unknown,SUB009-Q002;SUB009-Q003,"Despite unknown venue label, this provides useful background for endocrine-therapy crosstalk with PI3K-alpha inhibitor treatment in HR-positive breast cancer but is not direct proof."
SUB009,pmid-33865994,33865994,unknown,10.1016/j.critrevonc.2021.103334,PI3K inhibition in breast cancer: Identifying and overcoming different flavors of resistance.,Critical reviews in oncology/hematology,2021,Journal Article;Review,include_context,review_or_background,unknown,abstract_available,unknown,SUB009-Q002;SUB009-Q003,"Despite unknown venue label, this provides useful background for endocrine-therapy crosstalk with PI3K-alpha inhibitor treatment in HR-positive breast cancer but is not direct proof."
SUB009,pmid-37044095,37044095,PMC10140479,10.1016/j.xcrm.2023.101002,N-acetylcysteine overcomes NF1 loss-driven resistance to PI3Kα inhibition in breast cancer.,Cell reports. Medicine,2023,"Journal Article;Research Support, Non-U.S. Gov't",include_context,primary_mechanism,unknown,pmc_available,unknown,SUB009-Q003,NF1-loss resistance to PI3K-alpha inhibition is mechanistically relevant but does not specifically address endocrine-therapy crosstalk.
SUB009,pmid-37046675,37046675,PMC10093251,10.3390/cancers15072015,Filling the Gap after CDK4/6 Inhibitors: Novel Endocrine and Biologic Treatment Options for Metastatic Hormone Receptor Positive Breast Cancer.,Cancers,2023,Journal Article;Review,include_context,review_or_background,unknown,pmc_available,unknown,SUB009-Q001;SUB009-Q002,"Despite unknown venue label, this provides useful background for endocrine-therapy crosstalk with PI3K-alpha inhibitor treatment in HR-positive breast cancer but is not direct proof."
SUB009,pmid-41226406,41226406,PMC12609478,10.3390/ijms262110366,Navigating Treatment Sequencing in Advanced HR+/HER2- Breast Cancer After CDK4/6 Inhibitors: Biomarker-Driven Strategies and Emerging Therapies.,International journal of molecular sciences,2025,Journal Article;Review,include_context,review_or_background,unknown,pmc_available,unknown,SUB009-Q002;SUB009-Q003,"Despite unknown venue label, this provides useful background for endocrine-therapy crosstalk with PI3K-alpha inhibitor treatment in HR-positive breast cancer but is not direct proof."
SUB009,pmid-41267635,41267635,unknown,10.1080/14737140.2025.2593540,Post-CDK4/6 inhibitor treatment landscape in metastatic hormone receptor-positive breast cancer: a narrative review.,Expert review of anticancer therapy,2025,Journal Article;Review,include_context,review_or_background,unknown,abstract_available,unknown,SUB009-Q002;SUB009-Q003,"Despite unknown venue label, this provides useful background for endocrine-therapy crosstalk with PI3K-alpha inhibitor treatment in HR-positive breast cancer but is not direct proof."
SUB009,pmid-41385990,41385990,unknown,10.1016/j.ctrv.2025.103063,Endocrine-based strategies after CDK4/6 inhibitors in biomarker-selected subgroup of hormone receptor positive advanced breast cancer: A systematic review and network meta-analysis.,Cancer treatment reviews,2025,Journal Article;Network Meta-Analysis;Systematic Review,include_context,review_or_background,unknown,abstract_available,unknown,SUB009-Q001;SUB009-Q002,"Despite unknown venue label, this provides useful background for endocrine-therapy crosstalk with PI3K-alpha inhibitor treatment in HR-positive breast cancer but is not direct proof."
SUB009,pmid-41654790,41654790,PMC12990551,10.1186/s12885-026-15632-z,Efficacy and safety of treatments in HR+/HER2- advanced breast cancer after CDK4/6 inhibitor progression: a network meta-analysis and scoping review.,BMC cancer,2026,Journal Article;Network Meta-Analysis;Scoping Review,include_context,review_or_background,unknown,pmc_available,unknown,SUB009-Q002;SUB009-Q003,"Despite unknown venue label, this provides useful background for endocrine-therapy crosstalk with PI3K-alpha inhibitor treatment in HR-positive breast cancer but is not direct proof."
SUB009,pmid-42351448,42351448,PMC13298351,10.3390/diagnostics16121790,"Post-CDK4/6 Inhibitor Therapeutic Approaches in Hormone Receptor-Positive, HER2-Negative Metastatic Breast Cancer: Current Evidence and Emerging Strategies-A Narrative Review.","Diagnostics (Basel, Switzerland)",2026,Journal Article;Review,include_context,review_or_background,unknown,pmc_available,unknown,SUB009-Q001;SUB009-Q002;SUB009-Q003,"Despite unknown venue label, this provides useful background for endocrine-therapy crosstalk with PI3K-alpha inhibitor treatment in HR-positive breast cancer but is not direct proof."
SUB009,pmid-42565973,42565973,unknown,10.1007/s12282-026-01900-0,"Next-generation endocrine therapy in HR+/HER2 - breast cancer: oral SERDs, ER-targeting innovations, and ctDNA-driven ESR1 mutation-guided switching.","Breast cancer (Tokyo, Japan)",2026,Journal Article;Review,include_context,review_or_background,unknown,abstract_available,unknown,SUB009-Q001;SUB009-Q002;SUB009-Q003,"Despite unknown venue label, this provides useful background for endocrine-therapy crosstalk with PI3K-alpha inhibitor treatment in HR-positive breast cancer but is not direct proof."
SUB009,pmid-31091374,31091374,unknown,10.1056/NEJMoa1813904,"Alpelisib for PIK3CA-Mutated, Hormone Receptor-Positive Advanced Breast Cancer.",The New England journal of medicine,2019,"Clinical Trial, Phase III;Comparative Study;Journal Article;Multicenter Study;Randomized Controlled Trial;Research Support, Non-U.S. Gov't",include_primary,clinical_or_translational,unknown,abstract_available,unknown,SUB009-Q004,SOLAR-1 directly tests alpelisib plus fulvestrant in the endocrine-therapy context central to this subsection.
SUB009,pmid-31594766,31594766,unknown,10.1158/2159-8290.CD-18-0830,PTEN Loss Mediates Clinical Cross-Resistance to CDK4/6 and PI3Kα Inhibitors in Breast Cancer.,Cancer discovery,2019,"Journal Article;Research Support, N.I.H., Extramural;Research Support, Non-U.S. Gov't",include_primary,primary_mechanism,unknown,abstract_available,unknown,SUB009-Q003,Serial clinical samples link PTEN loss after endocrine/CDK4/6 therapy to cross-resistance against PI3K-alpha inhibitors.
SUB009,pmid-33909934,33909934,PMC8265362,10.1002/onco.13804,"Effectiveness of Alpelisib + Fulvestrant Compared with Real-World Standard Treatment Among Patients with HR+, HER2-, PIK3CA-Mutated Breast Cancer.",The oncologist,2021,"Clinical Trial, Phase II;Journal Article;Multicenter Study;Research Support, Non-U.S. Gov't",include_primary,clinical_or_translational,unknown,pmc_available,unknown,SUB009-Q002;SUB009-Q003,Real-world comparative analysis directly evaluates alpelisib plus fulvestrant effectiveness after prior CDK4/6 inhibitor treatment.
SUB009,pmid-39637900,39637900,unknown,10.1016/S1470-2045(24)00673-9,"Alpelisib plus fulvestrant in PIK3CA-mutated, hormone receptor-positive advanced breast cancer after a CDK4/6 inhibitor (BYLieve): one cohort of a phase 2, multicentre, open-label, non-comparative study.",The Lancet. Oncology,2024,"Journal Article;Multicenter Study;Clinical Trial, Phase II;Research Support, Non-U.S. Gov't",include_primary,clinical_or_translational,unknown,abstract_available,unknown,SUB009-Q004,BYLieve directly tests alpelisib plus endocrine therapy after CDK4/6 inhibitor progression in PIK3CA-mutated HR-positive disease.
SUB009,pmid-40845250,40845250,unknown,10.1200/JCO-25-00663,"US Food and Drug Administration Approval Summary: Inavolisib With Palbociclib and Fulvestrant for Endocrine-Resistant, PIK3CA-Mutated, Hormone Receptor-Positive, Human Epidermal Growth Factor Receptor 2-Negative, Locally Advanced or Metastatic Breast Cancer.",Journal of clinical oncology : official journal of the American Society of Clinical Oncology,2025,"Journal Article;Randomized Controlled Trial;Research Support, Non-U.S. Gov't",include_primary,clinical_or_translational,unknown,abstract_available,unknown,SUB009-Q004,FDA approval summary directly anchors inavolisib with palbociclib and fulvestrant in endocrine-resistant PIK3CA-mutated HR-positive disease.
SUB009,pmid-41967638,41967638,unknown,10.1016/j.annonc.2026.04.003,Genomic determinants of response to alpelisib plus fulvestrant in the SOLAR-1 trial.,Annals of oncology : official journal of the European Society for Medical Oncology,2026,Journal Article,include_primary,clinical_or_translational,unknown,abstract_available,unknown,SUB009-Q002;SUB009-Q003,SOLAR-1 biomarker analysis directly links genomic determinants to alpelisib plus fulvestrant response in HR-positive disease.
SUB010,pmid-16378908,16378908,unknown,10.1016/j.semradonc.2005.08.008,"Radiation and new molecular agents, part II: targeting HDAC, HSP90, IGF-1R, PI3K, and Ras.",Seminars in radiation oncology,2006,Journal Article;Review,include_context,review_or_background,unknown,abstract_available,unknown,SUB010-Q001;SUB010-Q003,"Useful heterogeneity or liquid-biopsy context for tracking resistance, but not PI3K-alpha-specific."
SUB010,pmid-23111200,23111200,unknown,10.1097/PDM.0b013e31826ddbd1,Biphasic papillary and lobular breast carcinoma with PIK3CA and IDH1 mutations.,"Diagnostic molecular pathology : the American journal of surgical pathology, part B",2012,"Case Reports;Journal Article;Research Support, Non-U.S. Gov't",include_context,review_or_background,unknown,abstract_available,unknown,SUB010-Q003,"Useful heterogeneity or liquid-biopsy context for tracking resistance, but not PI3K-alpha-specific."
SUB010,pmid-23574264,23574264,unknown,10.1185/03007995.2013.794775,"The predictive role of phosphatase and tensin homolog (PTEN) loss, phosphoinositol-3 (PI3) kinase (PIK3CA) mutation, and PI3K pathway activation in sensitivity to trastuzumab in HER2-positive breast cancer: a meta-analysis.",Current medical research and opinion,2013,Comparative Study;Journal Article;Meta-Analysis,include_context,analogous_context,unknown,abstract_available,unknown,SUB010-Q001,Analogous PIK3CA/clonal resistance context without PI3K-alpha inhibitor exposure.
SUB010,pmid-23780408,23780408,PMC3864404,10.1002/path.4230,Distinct evolutionary trajectories of primary high-grade serous ovarian cancers revealed through spatial mutational profiling.,The Journal of pathology,2013,"Journal Article;Research Support, Non-U.S. Gov't",include_context,review_or_background,unknown,pmc_available,unknown,SUB010-Q003,"Useful heterogeneity or liquid-biopsy context for tracking resistance, but not PI3K-alpha-specific."
SUB010,pmid-24107820,24107820,unknown,unknown,[HER2-positive breast cancer: available targeted agents and biomarkers for therapy response].,Magyar onkologia,2013,Journal Article;Review,include_context,review_or_background,unknown,abstract_available,unknown,SUB010-Q003,"Useful heterogeneity or liquid-biopsy context for tracking resistance, but not PI3K-alpha-specific."
SUB010,pmid-24265155,24265155,PMC3936420,10.1158/2159-8290.CD-13-0642,Acquired resistance and clonal evolution in melanoma during BRAF inhibitor therapy.,Cancer discovery,2013,"Journal Article;Research Support, N.I.H., Extramural;Research Support, Non-U.S. Gov't",include_context,review_or_background,unknown,pmc_available,unknown,SUB010-Q001;SUB010-Q003,"Useful heterogeneity or liquid-biopsy context for tracking resistance, but not PI3K-alpha-specific."
SUB010,pmid-24345884,24345884,PMC3912031,10.4161/cbt.27350,Selective anti-cancer agents as anti-aging drugs.,Cancer biology & therapy,2013,Journal Article,include_context,review_or_background,unknown,pmc_available,unknown,SUB010-Q003,"Useful heterogeneity or liquid-biopsy context for tracking resistance, but not PI3K-alpha-specific."
SUB010,pmid-25070358,25070358,unknown,10.3892/ijo.2014.2567,Evolving therapeutic concepts in prostate cancer based on genome-wide analyses (review).,International journal of oncology,2014,"Journal Article;Research Support, Non-U.S. Gov't;Review",include_context,review_or_background,unknown,abstract_available,unknown,SUB010-Q001;SUB010-Q003,"Useful heterogeneity or liquid-biopsy context for tracking resistance, but not PI3K-alpha-specific."
SUB010,pmid-25109330,25109330,unknown,10.1038/onc.2014.249,Tumor heterogeneity and plasticity as elusive drivers for resistance to MAPK pathway inhibition in melanoma.,Oncogene,2014,Journal Article;Review,include_context,review_or_background,unknown,abstract_available,unknown,SUB010-Q001;SUB010-Q003,"Useful heterogeneity or liquid-biopsy context for tracking resistance, but not PI3K-alpha-specific."
SUB010,pmid-25127237,25127237,PMC4134249,10.1371/journal.pone.0104979,Reporting tumor molecular heterogeneity in histopathological diagnosis.,PloS one,2014,"Journal Article;Research Support, Non-U.S. Gov't",include_context,analogous_context,unknown,pmc_available,unknown,SUB010-Q003,Analogous PIK3CA/clonal resistance context without PI3K-alpha inhibitor exposure.
SUB010,pmid-25623536,25623536,unknown,10.1016/j.bbrc.2015.01.064,Inter- and intra-tumor profiling of multi-regional colon cancer and metastasis.,Biochemical and biophysical research communications,2015,"Case Reports;Journal Article;Research Support, Non-U.S. Gov't",include_context,analogous_context,unknown,abstract_available,unknown,SUB010-Q003,Analogous PIK3CA/clonal resistance context without PI3K-alpha inhibitor exposure.
SUB010,pmid-25993166,25993166,unknown,10.14694/EdBook_AM.2015.35.e149,Overcoming Resistance to Anti-EGFR Therapy in Colorectal Cancer.,American Society of Clinical Oncology educational book. American Society of Clinical Oncology. Annual Meeting,2015,"Journal Article;Research Support, Non-U.S. Gov't;Review",include_context,analogous_context,unknown,abstract_available,unknown,SUB010-Q001,Analogous PIK3CA/clonal resistance context without PI3K-alpha inhibitor exposure.
SUB010,pmid-26085511,26085511,PMC4580992,10.1158/1078-0432.CCR-15-0584,Serial Next-Generation Sequencing of Circulating Cell-Free DNA Evaluating Tumor Clone Response To Molecularly Targeted Drug Administration.,Clinical cancer research : an official journal of the American Association for Cancer Research,2015,"Journal Article;Research Support, Non-U.S. Gov't",include_context,review_or_background,unknown,pmc_available,unknown,SUB010-Q002,"Useful heterogeneity or liquid-biopsy context for tracking resistance, but not PI3K-alpha-specific."
SUB010,pmid-26251629,26251629,PMC4524386,10.2147/CMAR.S47797,New and emerging factors in tumorigenesis: an overview.,Cancer management and research,2015,Journal Article;Review,include_context,review_or_background,unknown,pmc_available,unknown,SUB010-Q001;SUB010-Q003,"Useful heterogeneity or liquid-biopsy context for tracking resistance, but not PI3K-alpha-specific."
SUB010,pmid-26266975,26266975,unknown,10.1038/nature14669,PIK3CA(H1047R) induces multipotency and multi-lineage mammary tumours.,Nature,2015,"Journal Article;Research Support, N.I.H., Extramural;Research Support, Non-U.S. Gov't",include_context,analogous_context,unknown,abstract_available,unknown,SUB010-Q001,Analogous PIK3CA/clonal resistance context without PI3K-alpha inhibitor exposure.
SUB010,pmid-26318427,26318427,PMC4694794,10.18632/oncotarget.4959,New findings on primary and acquired resistance to anti-EGFR therapy in metastatic colorectal cancer: do all roads lead to RAS?,Oncotarget,2015,Journal Article;Review,include_context,review_or_background,unknown,pmc_available,unknown,SUB010-Q002,"Useful heterogeneity or liquid-biopsy context for tracking resistance, but not PI3K-alpha-specific."
SUB010,pmid-26452383,26452383,unknown,10.2174/156800961508151001101742,A Comprehensive Outline of Trastuzumab Resistance Biomarkers in HER2 Overexpressing Breast Cancer.,Current cancer drug targets,2015,"Journal Article;Research Support, Non-U.S. Gov't;Review",include_context,analogous_context,unknown,abstract_available,unknown,SUB010-Q001,Analogous PIK3CA/clonal resistance context without PI3K-alpha inhibitor exposure.
SUB010,pmid-27148695,27148695,PMC5097690,10.1001/jamaoncol.2016.0494,Genomic Alterations in Cell-Free DNA and Enzalutamide Resistance in Castration-Resistant Prostate Cancer.,JAMA oncology,2016,Journal Article,include_context,review_or_background,unknown,pmc_available,unknown,SUB010-Q001,"Useful heterogeneity or liquid-biopsy context for tracking resistance, but not PI3K-alpha-specific."
SUB010,pmid-27174596,27174596,PMC4869259,10.1038/ncomms11579,Heterogeneity and clinical significance of ESR1 mutations in ER-positive metastatic breast cancer patients receiving fulvestrant.,Nature communications,2016,"Clinical Trial, Phase II;Journal Article;Multicenter Study;Randomized Controlled Trial;Research Support, N.I.H., Extramural",include_context,review_or_background,unknown,pmc_available,unknown,SUB010-Q002,"Useful heterogeneity or liquid-biopsy context for tracking resistance, but not PI3K-alpha-specific."
SUB010,pmid-27270325,27270325,PMC5190033,10.18632/oncotarget.9727,Cell-free DNA mutations as biomarkers in breast cancer patients receiving tamoxifen.,Oncotarget,2016,Journal Article,include_context,review_or_background,unknown,pmc_available,unknown,SUB010-Q002,"Useful heterogeneity or liquid-biopsy context for tracking resistance, but not PI3K-alpha-specific."
SUB010,pmid-27283993,27283993,PMC4906406,10.1038/ncomms11815,Circulating tumour DNA profiling reveals heterogeneity of EGFR inhibitor resistance mechanisms in lung cancer patients.,Nature communications,2016,"Journal Article;Research Support, N.I.H., Extramural;Research Support, U.S. Gov't, Non-P.H.S.",include_context,review_or_background,unknown,pmc_available,unknown,SUB010-Q002;SUB010-Q003,"Useful heterogeneity or liquid-biopsy context for tracking resistance, but not PI3K-alpha-specific."
SUB010,pmid-27578007,27578007,unknown,10.1016/j.semcdb.2016.08.033,"Colorectal cancer heterogeneity and targeted therapy: Clinical implications, challenges and solutions for treatment resistance.",Seminars in cell & developmental biology,2016,"Journal Article;Review;Research Support, Non-U.S. Gov't",include_context,analogous_context,unknown,abstract_available,unknown,SUB010-Q001,Analogous PIK3CA/clonal resistance context without PI3K-alpha inhibitor exposure.
SUB010,pmid-27590223,27590223,unknown,10.1016/j.semcdb.2016.08.034,Gene heterogeneity in metastasis of colorectal cancer to the lung.,Seminars in cell & developmental biology,2016,"Journal Article;Review;Research Support, Non-U.S. Gov't",include_context,analogous_context,unknown,abstract_available,unknown,SUB010-Q001,Analogous PIK3CA/clonal resistance context without PI3K-alpha inhibitor exposure.
SUB010,pmid-27602761,27602761,PMC5323211,10.18632/oncotarget.11791,ctDNA dynamics: a novel indicator to track resistance in metastatic breast cancer treated with anti-HER2 therapy.,Oncotarget,2016,Journal Article,include_context,review_or_background,unknown,pmc_available,unknown,SUB010-Q002,"Useful heterogeneity or liquid-biopsy context for tracking resistance, but not PI3K-alpha-specific."
SUB010,pmid-27749841,27749841,PMC5127772,10.1038/ng.3683,Spatial intratumoral heterogeneity and temporal clonal evolution in esophageal squamous cell carcinoma.,Nature genetics,2016,"Journal Article;Research Support, Non-U.S. Gov't;Research Support, N.I.H., Extramural",include_context,analogous_context,unknown,pmc_available,unknown,SUB010-Q001,Analogous PIK3CA/clonal resistance context without PI3K-alpha inhibitor exposure.
SUB010,pmid-27852700,27852700,PMC5433927,10.1158/1078-0432.CCR-16-2017,Genomic Evolution after Chemoradiotherapy in Anal Squamous Cell Carcinoma.,Clinical cancer research : an official journal of the American Association for Cancer Research,2016,Journal Article,include_context,review_or_background,unknown,pmc_available,unknown,SUB010-Q003,"Useful heterogeneity or liquid-biopsy context for tracking resistance, but not PI3K-alpha-specific."
SUB010,pmid-27995550,27995550,unknown,10.1007/s40291-016-0248-6,Somatic Mutations in Prostate Cancer: Closer to Personalized Medicine.,Molecular diagnosis & therapy,2017,Journal Article;Review,include_context,analogous_context,unknown,abstract_available,unknown,SUB010-Q001,Analogous PIK3CA/clonal resistance context without PI3K-alpha inhibitor exposure.
SUB010,pmid-28210865,28210865,unknown,10.1007/s10555-017-9657-1,The impact of melanoma genetics on treatment response and resistance in clinical and experimental studies.,Cancer metastasis reviews,2017,Journal Article,include_context,review_or_background,unknown,abstract_available,unknown,SUB010-Q003,"Useful heterogeneity or liquid-biopsy context for tracking resistance, but not PI3K-alpha-specific."
SUB010,pmid-28330468,28330468,PMC5362993,10.1186/s12885-017-3185-9,Tumor burden monitoring using cell-free tumor DNA could be limited by tumor heterogeneity in advanced breast cancer and should be evaluated together with radiographic imaging.,BMC cancer,2017,"Journal Article;Research Support, Non-U.S. Gov't",include_context,review_or_background,unknown,pmc_available,unknown,SUB010-Q003,"Useful heterogeneity or liquid-biopsy context for tracking resistance, but not PI3K-alpha-specific."
SUB010,pmid-28413127,28413127,unknown,10.1016/j.eururo.2017.03.046,Evolution of Circulating Tumor DNA Profile from First-line to Subsequent Therapy in Metastatic Renal Cell Carcinoma.,European urology,2017,Journal Article,include_context,review_or_background,unknown,abstract_available,unknown,SUB010-Q002,"Useful heterogeneity or liquid-biopsy context for tracking resistance, but not PI3K-alpha-specific."
SUB010,pmid-28424201,28424201,PMC5559326,10.1158/1078-0432.CCR-16-2738,PIK3CA Mutations Contribute to Acquired Cetuximab Resistance in Patients with Metastatic Colorectal Cancer.,Clinical cancer research : an official journal of the American Association for Cancer Research,2017,Journal Article,include_context,review_or_background,unknown,pmc_available,unknown,SUB010-Q002,"Useful heterogeneity or liquid-biopsy context for tracking resistance, but not PI3K-alpha-specific."
SUB010,pmid-28572531,28572531,PMC5564797,10.18632/oncotarget.17913,EGFR G796D mutation mediates resistance to osimertinib.,Oncotarget,2017,Case Reports;Journal Article,include_context,review_or_background,unknown,pmc_available,unknown,SUB010-Q001;SUB010-Q003,"Useful heterogeneity or liquid-biopsy context for tracking resistance, but not PI3K-alpha-specific."
SUB010,pmid-28694015,28694015,unknown,10.1016/j.breast.2017.06.024,Predicting treatment resistance and relapse through circulating DNA.,"Breast (Edinburgh, Scotland)",2017,Journal Article;Review,include_context,review_or_background,unknown,abstract_available,unknown,SUB010-Q002,"Useful heterogeneity or liquid-biopsy context for tracking resistance, but not PI3K-alpha-specific."
SUB010,pmid-28725277,28725277,PMC5493725,10.1007/s12254-017-0326-4,SABCS 2016: systemic therapy for metastatic breast cancer.,Memo,2017,Journal Article;Review,include_context,review_or_background,unknown,pmc_available,unknown,SUB010-Q002,"Useful heterogeneity or liquid-biopsy context for tracking resistance, but not PI3K-alpha-specific."
SUB010,pmid-28841389,28841389,unknown,10.1200/JCO.2017.74.7576,Osimertinib As First-Line Treatment of EGFR Mutation-Positive Advanced Non-Small-Cell Lung Cancer.,Journal of clinical oncology : official journal of the American Society of Clinical Oncology,2017,"Clinical Trial;Journal Article;Research Support, Non-U.S. Gov't",include_context,review_or_background,unknown,abstract_available,unknown,SUB010-Q002,"Useful heterogeneity or liquid-biopsy context for tracking resistance, but not PI3K-alpha-specific."
SUB010,pmid-29034103,29034103,PMC5638139,10.1186/s41199-016-0003-z,Genomic insights into head and neck cancer.,Cancers of the head & neck,2016,Journal Article,include_context,analogous_context,unknown,pmc_available,unknown,SUB010-Q003,Analogous PIK3CA/clonal resistance context without PI3K-alpha inhibitor exposure.
SUB010,pmid-29061642,29061642,unknown,10.1158/1078-0432.CCR-17-2410,Multilayered Omics-Based Analysis of a Head and Neck Cancer Model of Cisplatin Resistance Reveals Intratumoral Heterogeneity and Treatment-Induced Clonal Selection.,Clinical cancer research : an official journal of the American Association for Cancer Research,2017,"Journal Article;Research Support, Non-U.S. Gov't",include_context,review_or_background,unknown,abstract_available,unknown,SUB010-Q003,"Useful heterogeneity or liquid-biopsy context for tracking resistance, but not PI3K-alpha-specific."
SUB010,pmid-29110101,29110101,unknown,10.1007/s10147-017-1211-1,Histological transformation after acquired resistance to epidermal growth factor tyrosine kinase inhibitors.,International journal of clinical oncology,2017,Journal Article;Review,include_context,analogous_context,unknown,abstract_available,unknown,SUB010-Q001,Analogous PIK3CA/clonal resistance context without PI3K-alpha inhibitor exposure.
SUB010,pmid-29180605,29180605,unknown,10.1158/1078-0432.CCR-17-2092,Cell-Free DNA and Circulating Tumor Cells: Comprehensive Liquid Biopsy Analysis in Advanced Breast Cancer.,Clinical cancer research : an official journal of the American Association for Cancer Research,2017,"Journal Article;Research Support, Non-U.S. Gov't",include_context,review_or_background,unknown,abstract_available,unknown,SUB010-Q002,"Useful heterogeneity or liquid-biopsy context for tracking resistance, but not PI3K-alpha-specific."
SUB010,pmid-29222441,29222441,PMC5722928,10.1038/s41467-017-02295-5,Robust RNA-based in situ mutation detection delineates colorectal cancer subclonal evolution.,Nature communications,2017,"Journal Article;Multicenter Study;Research Support, Non-U.S. Gov't;Validation Study;Video-Audio Media",include_context,review_or_background,unknown,pmc_available,unknown,SUB010-Q003,"Useful heterogeneity or liquid-biopsy context for tracking resistance, but not PI3K-alpha-specific."
SUB010,pmid-29291160,29291160,PMC5743835,10.7150/ntno.22419,A dual biomarker detection platform for quantitating circulating tumor DNA (ctDNA).,Nanotheranostics,2018,Journal Article,include_context,review_or_background,unknown,pmc_available,unknown,SUB010-Q002,"Tumor heterogeneity or serial molecular evolution context can frame clonal selection, but not specific PI3K-alpha resistance."
SUB010,pmid-29367069,29367069,PMC5789760,10.1016/j.tranon.2017.12.010,Significance of Liquid Biopsy for Monitoring and Therapy Decision of Colorectal Cancer.,Translational oncology,2018,Journal Article,include_context,review_or_background,unknown,pmc_available,unknown,SUB010-Q002,"Tumor heterogeneity or serial molecular evolution context can frame clonal selection, but not specific PI3K-alpha resistance."
SUB010,pmid-29388061,29388061,unknown,10.1007/s12029-018-0062-y,Clinical Impact of PI3K/BRAF Mutations in RAS Wild Metastatic Colorectal Cancer: Meta-analysis Results.,Journal of gastrointestinal cancer,2019,Journal Article;Meta-Analysis,include_context,review_or_background,unknown,abstract_available,unknown,SUB010-Q001,"Tumor heterogeneity or serial molecular evolution context can frame clonal selection, but not specific PI3K-alpha resistance."
SUB010,pmid-29389895,29389895,PMC5874581,10.3390/medicines5010016,"Ovarian Cancers: Genetic Abnormalities, Tumor Heterogeneity and Progression, Clonal Evolution and Cancer Stem Cells.","Medicines (Basel, Switzerland)",2018,Journal Article;Review,include_context,review_or_background,unknown,pmc_available,unknown,SUB010-Q001,"Tumor heterogeneity or serial molecular evolution context can frame clonal selection, but not specific PI3K-alpha resistance."
SUB010,pmid-29401696,29401696,PMC5871976,10.3390/biom8010007,PIM Kinases and Their Relevance to the PI3K/AKT/mTOR Pathway in the Regulation of Ovarian Cancer.,Biomolecules,2018,"Journal Article;Research Support, Non-U.S. Gov't;Review",include_context,review_or_background,unknown,pmc_available,unknown,SUB010-Q001,"Tumor heterogeneity or serial molecular evolution context can frame clonal selection, but not specific PI3K-alpha resistance."
SUB010,pmid-29497091,29497091,PMC5832789,10.1038/s41467-018-03215-x,Early circulating tumor DNA dynamics and clonal selection with palbociclib and fulvestrant for breast cancer.,Nature communications,2018,"Clinical Trial, Phase III;Journal Article;Multicenter Study;Randomized Controlled Trial;Research Support, Non-U.S. Gov't",include_context,review_or_background,unknown,pmc_available,unknown,SUB010-Q002;SUB010-Q003,"Tumor heterogeneity or serial molecular evolution context can frame clonal selection, but not specific PI3K-alpha resistance."
SUB010,pmid-29636477,29636477,PMC5893593,10.1038/s41467-018-03867-9,Characterization of PIK3CA and PIK3R1 somatic mutations in Chinese breast cancer patients.,Nature communications,2018,"Journal Article;Research Support, Non-U.S. Gov't",include_context,review_or_background,unknown,pmc_available,unknown,SUB010-Q001,"Tumor heterogeneity or serial molecular evolution context can frame clonal selection, but not specific PI3K-alpha resistance."
SUB010,pmid-29755676,29755676,PMC5945519,10.18632/oncotarget.25041,Genetic heterogeneity and actionable mutations in HER2-positive primary breast cancers and their brain metastases.,Oncotarget,2018,Journal Article,include_context,review_or_background,unknown,pmc_available,unknown,SUB010-Q001,"Tumor heterogeneity or serial molecular evolution context can frame clonal selection, but not specific PI3K-alpha resistance."
SUB010,pmid-29807833,29807833,PMC6020712,10.1016/j.ebiom.2018.05.015,Identifying Circulating Tumor DNA Mutation Profiles in Metastatic Breast Cancer Patients with Multiline Resistance.,EBioMedicine,2018,Journal Article,include_context,review_or_background,unknown,pmc_available,unknown,SUB010-Q002,"Tumor heterogeneity or serial molecular evolution context can frame clonal selection, but not specific PI3K-alpha resistance."
SUB010,pmid-29848757,29848757,PMC5991591,10.15252/emmm.201707945,Dynamics of multiple resistance mechanisms in plasma DNA during EGFR-targeted therapies in non-small cell lung cancer.,EMBO molecular medicine,2018,"Journal Article;Research Support, Non-U.S. Gov't",include_context,review_or_background,unknown,pmc_available,unknown,SUB010-Q003,"Tumor heterogeneity or serial molecular evolution context can frame clonal selection, but not specific PI3K-alpha resistance."
SUB010,pmid-29865155,29865155,PMC6025626,10.3390/cancers10060174,Signal-Targeted Therapies and Resistance Mechanisms in Pancreatic Cancer: Future Developments Reside in Proteomics.,Cancers,2018,Journal Article;Review,include_context,review_or_background,unknown,pmc_available,unknown,SUB010-Q001,"Tumor heterogeneity or serial molecular evolution context can frame clonal selection, but not specific PI3K-alpha resistance."
SUB010,pmid-29896679,29896679,unknown,10.1007/978-981-10-7230-7_20,Gastritis-Infection-Cancer Sequence of Epstein-Barr Virus-Associated Gastric Cancer.,Advances in experimental medicine and biology,2018,"Journal Article;Research Support, Non-U.S. Gov't;Review",include_context,review_or_background,unknown,abstract_available,unknown,SUB010-Q001,"Tumor heterogeneity or serial molecular evolution context can frame clonal selection, but not specific PI3K-alpha resistance."
SUB010,pmid-29914973,29914973,PMC6066652,10.1042/BSR20180322,Circulating tumor DNA detectable in early- and late-stage colorectal cancer patients.,Bioscience reports,2018,"Journal Article;Research Support, Non-U.S. Gov't",include_context,review_or_background,unknown,pmc_available,unknown,SUB010-Q002,"Tumor heterogeneity or serial molecular evolution context can frame clonal selection, but not specific PI3K-alpha resistance."
SUB010,pmid-30060526,30060526,PMC6116004,10.3390/cancers10080248,"Lung Cancers: Molecular Characterization, Clonal Heterogeneity and Evolution, and Cancer Stem Cells.",Cancers,2018,Journal Article;Review,include_context,review_or_background,unknown,pmc_available,unknown,SUB010-Q001;SUB010-Q003,"Tumor heterogeneity or serial molecular evolution context can frame clonal selection, but not specific PI3K-alpha resistance."
SUB010,pmid-30133757,30133757,unknown,10.1002/pros.23659,"Tumor heterogeneity, aggressiveness, and immune cell composition in a novel syngeneic PSA-targeted Pten knockout mouse prostate cancer (MuCaP) model.",The Prostate,2018,"Journal Article;Research Support, Non-U.S. Gov't",include_context,review_or_background,unknown,abstract_available,unknown,SUB010-Q003,"Tumor heterogeneity or serial molecular evolution context can frame clonal selection, but not specific PI3K-alpha resistance."
SUB010,pmid-30194005,30194005,PMC6214727,10.1016/j.ygyno.2018.08.043,Assessing inter-component heterogeneity of biphasic uterine carcinosarcomas.,Gynecologic oncology,2018,"Journal Article;Research Support, N.I.H., Extramural",include_context,review_or_background,unknown,pmc_available,unknown,SUB010-Q001,"Tumor heterogeneity or serial molecular evolution context can frame clonal selection, but not specific PI3K-alpha resistance."
SUB010,pmid-30206110,30206110,PMC6368247,10.1158/2159-8290.CD-18-0264,The Genetic Landscape and Clonal Evolution of Breast Cancer Resistance to Palbociclib plus Fulvestrant in the PALOMA-3 Trial.,Cancer discovery,2018,"Clinical Trial, Phase III;Journal Article;Randomized Controlled Trial;Research Support, Non-U.S. Gov't",include_context,review_or_background,unknown,pmc_available,unknown,SUB010-Q001;SUB010-Q002;SUB010-Q003,"Tumor heterogeneity or serial molecular evolution context can frame clonal selection, but not specific PI3K-alpha resistance."
SUB010,pmid-30231331,30231331,PMC6865813,10.1200/EDBK_199765,Liquid Biopsy to Identify Actionable Genomic Alterations.,American Society of Clinical Oncology educational book. American Society of Clinical Oncology. Annual Meeting,2018,Journal Article;Review,include_context,review_or_background,unknown,pmc_available,unknown,SUB010-Q001;SUB010-Q003,"Tumor heterogeneity or serial molecular evolution context can frame clonal selection, but not specific PI3K-alpha resistance."
SUB010,pmid-30235292,30235292,PMC6157814,10.1371/journal.pone.0204202,The efficacy and safety of targeted therapy plus fulvestrant in postmenopausal women with hormone-receptor positive advanced breast cancer: A meta-analysis of randomized-control trials.,PloS one,2018,Journal Article;Meta-Analysis,include_context,review_or_background,unknown,pmc_available,unknown,SUB010-Q002,"Tumor heterogeneity or serial molecular evolution context can frame clonal selection, but not specific PI3K-alpha resistance."
SUB010,pmid-30241001,30241001,unknown,10.1016/j.ejca.2018.08.002,"Buparlisib plus fulvestrant versus placebo plus fulvestrant for postmenopausal, hormone receptor-positive, human epidermal growth factor receptor 2-negative, advanced breast cancer: Overall survival results from BELLE-2.","European journal of cancer (Oxford, England : 1990)",2018,"Clinical Trial, Phase III;Journal Article;Randomized Controlled Trial;Research Support, Non-U.S. Gov't",include_context,review_or_background,unknown,abstract_available,unknown,SUB010-Q002,"Tumor heterogeneity or serial molecular evolution context can frame clonal selection, but not specific PI3K-alpha resistance."
SUB010,pmid-30268455,30268455,unknown,10.1016/j.lungcan.2018.08.007,Non-invasive detection of actionable mutations in advanced non-small-cell lung cancer using targeted sequencing of circulating tumor DNA.,"Lung cancer (Amsterdam, Netherlands)",2018,"Journal Article;Research Support, Non-U.S. Gov't",include_context,review_or_background,unknown,abstract_available,unknown,SUB010-Q002,"Tumor heterogeneity or serial molecular evolution context can frame clonal selection, but not specific PI3K-alpha resistance."
SUB010,pmid-30269082,30269082,unknown,10.1136/gutjnl-2018-316522,Liquid biopsies to track trastuzumab resistance in metastatic HER2-positive gastric cancer.,Gut,2018,"Journal Article;Research Support, Non-U.S. Gov't",include_context,review_or_background,unknown,abstract_available,unknown,SUB010-Q002,PIK3CA-associated heterogeneity/progression data are relevant context for selection questions.
SUB010,pmid-30334995,30334995,PMC6211877,10.1097/MD.0000000000012862,"Liquid biopsy prediction of axillary lymph node metastasis, cancer recurrence, and patient survival in breast cancer: A meta-analysis.",Medicine,2018,Journal Article;Meta-Analysis;Review,include_context,review_or_background,unknown,pmc_available,unknown,SUB010-Q002,"Tumor heterogeneity or serial molecular evolution context can frame clonal selection, but not specific PI3K-alpha resistance."
SUB010,pmid-30482855,30482855,PMC6294939,10.1073/pnas.1807305115,Metabolic network-based stratification of hepatocellular carcinoma reveals three distinct tumor subtypes.,Proceedings of the National Academy of Sciences of the United States of America,2018,"Journal Article;Research Support, Non-U.S. Gov't",include_context,review_or_background,unknown,pmc_available,unknown,SUB010-Q003,"Tumor heterogeneity or serial molecular evolution context can frame clonal selection, but not specific PI3K-alpha resistance."
SUB010,pmid-30501041,30501041,PMC6315660,10.3390/diagnostics8040079,A Pilot Study to Non-Invasively Track PIK3CA Mutation in Head and Neck Cancer.,"Diagnostics (Basel, Switzerland)",2018,Journal Article,include_context,review_or_background,unknown,pmc_available,unknown,SUB010-Q002,"Tumor heterogeneity or serial molecular evolution context can frame clonal selection, but not specific PI3K-alpha resistance."
SUB010,pmid-30620391,30620391,unknown,10.1002/cncr.31959,Circulating tumor DNA alterations in patients with metastatic castration-resistant prostate cancer.,Cancer,2019,Journal Article,include_context,review_or_background,unknown,abstract_available,unknown,SUB010-Q002,"Tumor heterogeneity or serial molecular evolution context can frame clonal selection, but not specific PI3K-alpha resistance."
SUB010,pmid-30860573,30860573,PMC6594458,10.1093/annonc/mdz085,Early ctDNA dynamics as a surrogate for progression-free survival in advanced breast cancer in the BEECH trial.,Annals of oncology : official journal of the European Society for Medical Oncology,2019,"Journal Article;Research Support, Non-U.S. Gov't",include_context,review_or_background,unknown,pmc_available,unknown,SUB010-Q002,"Tumor heterogeneity or serial molecular evolution context can frame clonal selection, but not specific PI3K-alpha resistance."
SUB010,pmid-30870501,30870501,PMC6417677,10.1371/journal.pone.0213815,Clonal analyses of refractory testicular germ cell tumors.,PloS one,2019,"Journal Article;Research Support, Non-U.S. Gov't",include_context,review_or_background,unknown,pmc_available,unknown,SUB010-Q001,"Tumor heterogeneity or serial molecular evolution context can frame clonal selection, but not specific PI3K-alpha resistance."
SUB010,pmid-30893632,30893632,PMC6423490,10.1016/j.tranon.2019.02.014,Chemotherapy Modulates Endocrine Therapy-Related Resistance Mutations in Metastatic Breast Cancer.,Translational oncology,2019,Journal Article,include_context,review_or_background,unknown,pmc_available,unknown,SUB010-Q002,"Tumor heterogeneity or serial molecular evolution context can frame clonal selection, but not specific PI3K-alpha resistance."
SUB010,pmid-30911337,30911337,PMC6425535,10.1177/1758835919833519,HER2-positive breast cancer: new therapeutic frontiers and overcoming resistance.,Therapeutic advances in medical oncology,2019,Journal Article;Review,include_context,review_or_background,unknown,pmc_available,unknown,SUB010-Q003,"Tumor heterogeneity or serial molecular evolution context can frame clonal selection, but not specific PI3K-alpha resistance."
SUB010,pmid-30926636,30926636,unknown,10.1158/1535-7163.MCT-17-1038,Next-Generation Sequencing of Tissue and Circulating Tumor DNA: The UC San Diego Moores Center for Personalized Cancer Therapy Experience with Breast Malignancies.,Molecular cancer therapeutics,2019,"Journal Article;Research Support, N.I.H., Extramural;Research Support, Non-U.S. Gov't",include_context,review_or_background,unknown,abstract_available,unknown,SUB010-Q003,"Tumor heterogeneity or serial molecular evolution context can frame clonal selection, but not specific PI3K-alpha resistance."
SUB010,pmid-30950448,30950448,unknown,10.4103/ijc.IJC_551_17,Cell-free circulating tumor DNA in patients with high-grade glioma as diagnostic biomarker - A guide to future directive.,Indian journal of cancer,2019,Journal Article,include_context,review_or_background,unknown,abstract_available,unknown,SUB010-Q002,PIK3CA-associated heterogeneity/progression data are relevant context for selection questions.
SUB010,pmid-30962959,30962959,PMC6435251,10.1136/esmoopen-2018-000444,Genomic heterogeneity and efficacy of PI3K pathway inhibitors in patients with gynaecological cancer.,ESMO open,2019,Journal Article,include_context,review_or_background,unknown,pmc_available,unknown,SUB010-Q001,"Tumor heterogeneity or serial molecular evolution context can frame clonal selection, but not specific PI3K-alpha resistance."
SUB010,pmid-31088410,31088410,PMC6515626,10.1186/s12885-019-5668-3,Everolimus in hormone receptor-positive metastatic breast cancer: PIK3CA mutation H1047R was a potential efficacy biomarker in a retrospective study.,BMC cancer,2019,Journal Article,include_context,review_or_background,unknown,pmc_available,unknown,SUB010-Q002,"Tumor heterogeneity or serial molecular evolution context can frame clonal selection, but not specific PI3K-alpha resistance."
SUB010,pmid-31099662,31099662,unknown,10.1200/EDBK_237419,Redrawing the Lines: The Next Generation of Treatment in Metastatic Breast Cancer.,American Society of Clinical Oncology educational book. American Society of Clinical Oncology. Annual Meeting,2019,Journal Article;Review,include_context,review_or_background,unknown,abstract_available,unknown,SUB010-Q003,"Tumor heterogeneity or serial molecular evolution context can frame clonal selection, but not specific PI3K-alpha resistance."
SUB010,pmid-31130830,31130830,PMC6528813,10.1007/s11888-019-00430-6,Targeted Therapy in Metastatic Colorectal Cancer: Current Standards and Novel Agents in Review.,Current colorectal cancer reports,2019,Journal Article,include_context,review_or_background,unknown,pmc_available,unknown,SUB010-Q003,"Tumor heterogeneity or serial molecular evolution context can frame clonal selection, but not specific PI3K-alpha resistance."
SUB010,pmid-31173226,31173226,PMC6625406,10.3892/mmr.2019.10322,UBE2T promotes proliferation and regulates PI3K/Akt signaling in renal cell carcinoma.,Molecular medicine reports,2019,Journal Article,include_context,review_or_background,unknown,pmc_available,unknown,SUB010-Q003,"Tumor heterogeneity or serial molecular evolution context can frame clonal selection, but not specific PI3K-alpha resistance."
SUB010,pmid-31263029,31263029,PMC6891150,10.1158/1078-0432.CCR-19-0823,Mechanisms of Innate and Acquired Resistance to Anti-EGFR Therapy: A Review of Current Knowledge with a Focus on Rechallenge Therapies.,Clinical cancer research : an official journal of the American Association for Cancer Research,2019,"Journal Article;Research Support, N.I.H., Extramural;Research Support, Non-U.S. Gov't;Review",include_context,review_or_background,unknown,pmc_available,unknown,SUB010-Q002,PIK3CA-associated heterogeneity/progression data are relevant context for selection questions.
SUB010,pmid-31280421,31280421,unknown,10.1007/s11033-019-04958-6,Cell signaling and cancer: a mechanistic insight into drug resistance.,Molecular biology reports,2019,Journal Article;Review,include_context,review_or_background,unknown,abstract_available,unknown,SUB010-Q003,"Tumor heterogeneity or serial molecular evolution context can frame clonal selection, but not specific PI3K-alpha resistance."
SUB010,pmid-31308077,31308077,unknown,10.1158/1535-7163.MCT-18-1224,KIT-Dependent and KIT-Independent Genomic Heterogeneity of Resistance in Gastrointestinal Stromal Tumors - TORC1/2 Inhibition as Salvage Strategy.,Molecular cancer therapeutics,2019,"Journal Article;Research Support, Non-U.S. Gov't;Research Support, U.S. Gov't, Non-P.H.S.",include_context,review_or_background,unknown,abstract_available,unknown,SUB010-Q001,"Tumor heterogeneity or serial molecular evolution context can frame clonal selection, but not specific PI3K-alpha resistance."
SUB010,pmid-31319998,31319998,unknown,10.1016/j.lungcan.2019.05.024,Paired genomic analysis of squamous cell carcinoma transformed from EGFR-mutated lung adenocarcinoma.,"Lung cancer (Amsterdam, Netherlands)",2019,"Journal Article;Research Support, Non-U.S. Gov't",include_context,review_or_background,unknown,abstract_available,unknown,SUB010-Q003,"Tumor heterogeneity or serial molecular evolution context can frame clonal selection, but not specific PI3K-alpha resistance."
SUB010,pmid-31324031,31324031,PMC6678708,10.3390/cancers11070964,Molecular Basis of Tumor Heterogeneity in Endometrial Carcinosarcoma.,Cancers,2019,Journal Article;Review,include_context,review_or_background,unknown,pmc_available,unknown,SUB010-Q003,"Tumor heterogeneity or serial molecular evolution context can frame clonal selection, but not specific PI3K-alpha resistance."
SUB010,pmid-31374965,31374965,PMC6723836,10.3390/biom9080331,Perspective: Potential Impact and Therapeutic Implications of Oncogenic PI3K Activation on Chromosomal Instability.,Biomolecules,2019,"Journal Article;Research Support, Non-U.S. Gov't;Review",include_context,review_or_background,unknown,pmc_available,unknown,SUB010-Q001,"Tumor heterogeneity or serial molecular evolution context can frame clonal selection, but not specific PI3K-alpha resistance."
SUB010,pmid-31439579,31439579,unknown,10.1158/1078-0432.CCR-19-0508,"POSEIDON Trial Phase 1b Results: Safety, Efficacy and Circulating Tumor DNA Response of the Beta Isoform-Sparing PI3K Inhibitor Taselisib (GDC-0032) Combined with Tamoxifen in Hormone Receptor Positive Metastatic Breast Cancer Patients.",Clinical cancer research : an official journal of the American Association for Cancer Research,2019,"Clinical Trial, Phase I;Journal Article;Multicenter Study;Research Support, Non-U.S. Gov't",include_context,review_or_background,unknown,abstract_available,unknown,SUB010-Q002,PIK3CA-associated heterogeneity/progression data are relevant context for selection questions.
SUB010,pmid-31547056,31547056,PMC6802357,10.3390/ijms20194663,Platelet-Derived Growth Factor Receptor and Ionizing Radiation in High Grade Glioma Cell Lines.,International journal of molecular sciences,2019,Journal Article,include_context,review_or_background,unknown,pmc_available,unknown,SUB010-Q003,"Tumor heterogeneity or serial molecular evolution context can frame clonal selection, but not specific PI3K-alpha resistance."
SUB010,pmid-31557826,31557826,PMC6826737,10.3390/cancers11101425,ErbB3 Phosphorylation as Central Event in Adaptive Resistance to Targeted Therapy in Metastatic Melanoma: Early Detection in CTCs during Therapy and Insights into Regulation by Autocrine Neuregulin.,Cancers,2019,Journal Article,include_context,review_or_background,unknown,pmc_available,unknown,SUB010-Q003,"Tumor heterogeneity or serial molecular evolution context can frame clonal selection, but not specific PI3K-alpha resistance."
SUB010,pmid-31564718,31564718,PMC6889286,10.1038/s41416-019-0573-8,Resistance mechanisms to osimertinib in EGFR-mutated non-small cell lung cancer.,British journal of cancer,2019,"Journal Article;Research Support, Non-U.S. Gov't;Review",include_context,review_or_background,unknown,pmc_available,unknown,SUB010-Q001;SUB010-Q003,"Tumor heterogeneity or serial molecular evolution context can frame clonal selection, but not specific PI3K-alpha resistance."
SUB010,pmid-31598393,31598393,PMC6780671,unknown,Therapeutic targeting of the crosstalk between cancer-associated fibroblasts and cancer stem cells.,American journal of cancer research,2019,Journal Article;Review,include_context,review_or_background,unknown,pmc_available,unknown,SUB010-Q001,"Tumor heterogeneity or serial molecular evolution context can frame clonal selection, but not specific PI3K-alpha resistance."
SUB010,pmid-31632573,31632573,PMC6789267,unknown,PIK3CA mutations contribute to fulvestrant resistance in ER-positive breast cancer.,American journal of translational research,2019,Journal Article,include_context,clinical_or_translational,unknown,pmc_available,unknown,SUB010-Q002,ctDNA from fulvestrant-resistant ER-positive breast cancer informs endocrine clonal context but lacks PI3K-alpha inhibitor exposure.
SUB010,pmid-31673247,31673247,PMC6819469,10.1186/s12935-019-0991-y,PIK3CA-CDKN2A clonal evolution in metastatic breast cancer and multiple points cell-free DNA analysis.,Cancer cell international,2019,Journal Article,include_context,review_or_background,unknown,pmc_available,unknown,SUB010-Q003,"Tumor heterogeneity or serial molecular evolution context can frame clonal selection, but not specific PI3K-alpha resistance."
SUB010,pmid-31700218,31700218,PMC6823822,10.1016/j.sdentj.2019.05.010,Head and neck cancer management and cancer stem cells implication.,The Saudi dental journal,2019,Journal Article;Review,include_context,review_or_background,unknown,pmc_available,unknown,SUB010-Q003,"Tumor heterogeneity or serial molecular evolution context can frame clonal selection, but not specific PI3K-alpha resistance."
SUB010,pmid-31754213,31754213,unknown,10.1038/s41388-019-1104-z,Distinct co-acquired alterations and genomic evolution during TKI treatment in non-small-cell lung cancer patients with or without acquired T790M mutation.,Oncogene,2019,"Journal Article;Research Support, Non-U.S. Gov't",include_context,review_or_background,unknown,abstract_available,unknown,SUB010-Q003,"Tumor heterogeneity or serial molecular evolution context can frame clonal selection, but not specific PI3K-alpha resistance."
SUB010,pmid-31801599,31801599,PMC6894208,10.1186/s13058-019-1229-6,Association of a novel circulating tumor DNA next-generating sequencing platform with circulating tumor cells (CTCs) and CTC clusters in metastatic breast cancer.,Breast cancer research : BCR,2019,"Journal Article;Research Support, N.I.H., Extramural;Research Support, Non-U.S. Gov't",include_context,review_or_background,unknown,pmc_available,unknown,SUB010-Q003,"Tumor heterogeneity or serial molecular evolution context can frame clonal selection, but not specific PI3K-alpha resistance."
SUB010,pmid-31820391,31820391,unknown,10.1007/978-981-32-9755-5_12,RPPAs for Cell Subpopulation Analysis.,Advances in experimental medicine and biology,2019,Journal Article,include_context,review_or_background,unknown,abstract_available,unknown,SUB010-Q001,"Tumor heterogeneity or serial molecular evolution context can frame clonal selection, but not specific PI3K-alpha resistance."
SUB010,pmid-31822380,31822380,unknown,10.1016/j.clgc.2019.10.022,TP53 Gain-of-Function Mutations in Circulating Tumor DNA in Men With Metastatic Castration-Resistant Prostate Cancer.,Clinical genitourinary cancer,2019,"Journal Article;Research Support, Non-U.S. Gov't",include_context,review_or_background,unknown,abstract_available,unknown,SUB010-Q002,"Tumor heterogeneity or serial molecular evolution context can frame clonal selection, but not specific PI3K-alpha resistance."
SUB010,pmid-31837432,31837432,PMC7031679,10.1016/j.jmoldx.2019.10.008,Therapeutic Monitoring of Circulating DNA Mutations in Metastatic Cancer with Personalized Digital PCR.,The Journal of molecular diagnostics : JMD,2019,"Journal Article;Research Support, N.I.H., Extramural;Research Support, Non-U.S. Gov't",include_context,review_or_background,unknown,pmc_available,unknown,SUB010-Q002,"Tumor heterogeneity or serial molecular evolution context can frame clonal selection, but not specific PI3K-alpha resistance."
SUB010,pmid-31843682,31843682,unknown,10.1016/j.jtho.2019.11.024,Circulating Tumor DNA Analysis for Patients with Oncogene-Addicted NSCLC With Isolated Central Nervous System Progression.,Journal of thoracic oncology : official publication of the International Association for the Study of Lung Cancer,2019,"Journal Article;Research Support, Non-U.S. Gov't",include_context,review_or_background,unknown,abstract_available,unknown,SUB010-Q002,"Tumor heterogeneity or serial molecular evolution context can frame clonal selection, but not specific PI3K-alpha resistance."
SUB010,pmid-31949146,31949146,PMC6965135,10.1038/s41467-019-13915-7,Extreme intratumour heterogeneity and driver evolution in mismatch repair deficient gastro-oesophageal cancer.,Nature communications,2020,"Journal Article;Research Support, Non-U.S. Gov't",include_context,review_or_background,unknown,pmc_available,unknown,SUB010-Q001,"Tumor heterogeneity or serial molecular evolution context can frame clonal selection, but not specific PI3K-alpha resistance."
SUB010,pmid-31952056,31952056,unknown,10.1088/1361-6528/ab6d20,GANT61 and curcumin-loaded PLGA nanoparticles for GLI1 and PI3K/Akt-mediated inhibition in breast adenocarcinoma.,Nanotechnology,2020,Journal Article,include_context,review_or_background,unknown,abstract_available,unknown,SUB010-Q003,"Tumor heterogeneity or serial molecular evolution context can frame clonal selection, but not specific PI3K-alpha resistance."
SUB010,pmid-31980592,31980592,PMC7053638,10.18632/aging.102701,PIK3CA gene mutations in the helical domain correlate with high tumor mutation burden and poor prognosis in metastatic breast carcinomas with late-line therapies.,Aging,2020,"Journal Article;Research Support, Non-U.S. Gov't",include_context,review_or_background,unknown,pmc_available,unknown,SUB010-Q002,"Tumor heterogeneity or serial molecular evolution context can frame clonal selection, but not specific PI3K-alpha resistance."
SUB010,pmid-32020432,32020432,unknown,10.1007/s10549-019-05512-5,Clinical significance of gene mutation in ctDNA analysis for hormone receptor-positive metastatic breast cancer.,Breast cancer research and treatment,2020,Journal Article,include_context,review_or_background,unknown,abstract_available,unknown,SUB010-Q002,"Tumor heterogeneity or serial molecular evolution context can frame clonal selection, but not specific PI3K-alpha resistance."
SUB010,pmid-32203070,32203070,PMC7501185,10.1038/s41391-020-0224-4,Plasma cell-free DNA-based predictors of response to abiraterone acetate/prednisone and prognostic factors in metastatic castration-resistant prostate cancer.,Prostate cancer and prostatic diseases,2020,"Journal Article;Research Support, N.I.H., Extramural",include_context,review_or_background,unknown,pmc_available,unknown,SUB010-Q002,"Tumor heterogeneity or serial molecular evolution context can frame clonal selection, but not specific PI3K-alpha resistance."
SUB010,pmid-32210163,32210163,PMC7151639,10.3390/medsci8010018,Breast Cancer: A Molecularly Heterogenous Disease Needing Subtype-Specific Treatments.,"Medical sciences (Basel, Switzerland)",2020,Journal Article;Review,include_context,review_or_background,unknown,pmc_available,unknown,SUB010-Q003,"Tumor heterogeneity or serial molecular evolution context can frame clonal selection, but not specific PI3K-alpha resistance."
SUB010,pmid-32215186,32215186,PMC7082112,10.18632/oncotarget.27517,Early prediction of resistance to tyrosine kinase inhibitors by plasma monitoring of EGFR mutations in NSCLC: a new algorithm for patient selection and personalized treatment.,Oncotarget,2020,Journal Article,include_context,review_or_background,unknown,pmc_available,unknown,SUB010-Q002,"Tumor heterogeneity or serial molecular evolution context can frame clonal selection, but not specific PI3K-alpha resistance."
SUB010,pmid-32220973,32220973,unknown,10.1158/1535-7163.MCT-19-0531,An Emerging Landscape for Canonical and Actionable Molecular Alterations in Primary and Metastatic Prostate Cancer.,Molecular cancer therapeutics,2020,Journal Article,include_context,review_or_background,unknown,abstract_available,unknown,SUB010-Q003,"Tumor heterogeneity or serial molecular evolution context can frame clonal selection, but not specific PI3K-alpha resistance."
SUB010,pmid-32318348,32318348,PMC7154135,10.3389/fonc.2020.00466,Circulating Tumor DNA Is Capable of Monitoring the Therapeutic Response and Resistance in Advanced Colorectal Cancer Patients Undergoing Combined Target and Chemotherapy.,Frontiers in oncology,2020,Journal Article,include_context,review_or_background,unknown,pmc_available,unknown,SUB010-Q002,"Tumor heterogeneity or serial molecular evolution context can frame clonal selection, but not specific PI3K-alpha resistance."
SUB010,pmid-32322022,32322022,unknown,10.1038/s41379-020-0533-0,Morphologic and genetic heterogeneity in breast fibroepithelial lesions-a comprehensive mapping study.,"Modern pathology : an official journal of the United States and Canadian Academy of Pathology, Inc",2020,"Case Reports;Journal Article;Research Support, Non-U.S. Gov't",include_context,review_or_background,unknown,abstract_available,unknown,SUB010-Q001,"Tumor heterogeneity or serial molecular evolution context can frame clonal selection, but not specific PI3K-alpha resistance."
SUB010,pmid-32365913,32365913,PMC7290687,10.3390/cells9051116,Mutation-Associated Phenotypic Heterogeneity in Novel and Canonical PIK3CA Helical and Kinase Domain Mutants.,Cells,2020,"Journal Article;Research Support, Non-U.S. Gov't",include_context,review_or_background,unknown,pmc_available,unknown,SUB010-Q001;SUB010-Q003,"Tumor heterogeneity or serial molecular evolution context can frame clonal selection, but not specific PI3K-alpha resistance."
SUB010,pmid-32419250,32419250,PMC7309952,10.1111/cpr.12826,B-cell lymphoma 2 family genes show a molecular pattern of spatiotemporal heterogeneity in gynaecologic and breast cancer.,Cell proliferation,2020,Journal Article,include_context,review_or_background,unknown,pmc_available,unknown,SUB010-Q003,"Tumor heterogeneity or serial molecular evolution context can frame clonal selection, but not specific PI3K-alpha resistance."
SUB010,pmid-32451180,32451180,unknown,10.1016/j.eururo.2020.04.058,Activating AKT1 and PIK3CA Mutations in Metastatic Castration-Resistant Prostate Cancer.,European urology,2020,"Journal Article;Research Support, Non-U.S. Gov't",include_context,review_or_background,unknown,abstract_available,unknown,SUB010-Q001;SUB010-Q002,"Tumor heterogeneity or serial molecular evolution context can frame clonal selection, but not specific PI3K-alpha resistance."
SUB010,pmid-32623075,32623075,unknown,10.1016/j.lungcan.2020.06.009,Undetectable circulating tumor DNA levels correlate with low risk of recurrence/metastasis in postoperative pathologic stage I lung adenocarcinoma patients.,"Lung cancer (Amsterdam, Netherlands)",2020,"Journal Article;Research Support, Non-U.S. Gov't",include_context,review_or_background,unknown,abstract_available,unknown,SUB010-Q002,"Tumor heterogeneity or serial molecular evolution context can frame clonal selection, but not specific PI3K-alpha resistance."
SUB010,pmid-32642201,32642201,PMC7330397,10.21037/jtd.2020.03.78,Impact of concurrent genomic alterations in epidermal growth factor receptor (EGFR)-mutated lung cancer.,Journal of thoracic disease,2020,Journal Article;Review,include_context,review_or_background,unknown,pmc_available,unknown,SUB010-Q001,"Tumor heterogeneity or serial molecular evolution context can frame clonal selection, but not specific PI3K-alpha resistance."
SUB010,pmid-32676317,32676317,PMC7354150,10.21037/tlcr.2020.04.01,ctDNA analysis reveals different molecular patterns upon disease progression in patients treated with osimertinib.,Translational lung cancer research,2020,Journal Article,include_context,review_or_background,unknown,pmc_available,unknown,SUB010-Q002,"Tumor heterogeneity or serial molecular evolution context can frame clonal selection, but not specific PI3K-alpha resistance."
SUB010,pmid-32700810,32700810,PMC7739197,10.1002/ijc.33230,Comprehensive genomic landscape and precision therapeutic approach in biliary tract cancers.,International journal of cancer,2020,"Journal Article;Research Support, N.I.H., Extramural;Research Support, Non-U.S. Gov't;Research Support, U.S. Gov't, P.H.S.",include_context,review_or_background,unknown,pmc_available,unknown,SUB010-Q002,"Tumor heterogeneity or serial molecular evolution context can frame clonal selection, but not specific PI3K-alpha resistance."
SUB010,pmid-32717309,32717309,unknown,10.1016/j.gene.2020.144991,Current trends and opportunities in targeting p21 activated kinase-1(PAK1) for therapeutic management of breast cancers.,Gene,2020,Journal Article;Review,include_context,review_or_background,unknown,abstract_available,unknown,SUB010-Q001,"Tumor heterogeneity or serial molecular evolution context can frame clonal selection, but not specific PI3K-alpha resistance."
SUB010,pmid-32743548,32743548,PMC7388612,10.1093/noajnl/vdaa078,Temporospatial genomic profiling in glioblastoma identifies commonly altered core pathways underlying tumor progression.,Neuro-oncology advances,2020,Journal Article,include_context,review_or_background,unknown,pmc_available,unknown,SUB010-Q003,"Tumor heterogeneity or serial molecular evolution context can frame clonal selection, but not specific PI3K-alpha resistance."
SUB010,pmid-32793495,32793495,PMC7393232,10.3389/fonc.2020.01240,Longitudinal Monitoring of EGFR and PIK3CA Mutations by Saliva-Based EFIRM in Advanced NSCLC Patients With Local Ablative Therapy and Osimertinib Treatment: Two Case Reports.,Frontiers in oncology,2020,Case Reports;Journal Article,include_context,review_or_background,unknown,pmc_available,unknown,SUB010-Q002,"Tumor heterogeneity or serial molecular evolution context can frame clonal selection, but not specific PI3K-alpha resistance."
SUB010,pmid-32901282,32901282,unknown,10.1093/jalm/jfaa117,Plasma PIK3CA Mutation Testing in Advanced Breast Cancer Patients for Personalized Medicine: A Value Proposition.,The journal of applied laboratory medicine,2020,Journal Article,include_context,methods_or_assay,unknown,abstract_available,unknown,SUB010-Q002,Plasma PIK3CA testing is biomarker-methods context without direct resistance-selection evidence.
SUB010,pmid-32913135,32913135,PMC7669556,10.1158/1078-0432.CCR-20-2000,Multiplex Immunofluorescence in Formalin-Fixed Paraffin-Embedded Tumor Tissue to Identify Single-Cell-Level PI3K Pathway Activation.,Clinical cancer research : an official journal of the American Association for Cancer Research,2020,"Journal Article;Research Support, N.I.H., Extramural;Research Support, Non-U.S. Gov't;Research Support, U.S. Gov't, Non-P.H.S.",include_context,methods_or_assay,unknown,pmc_available,unknown,SUB010-Q003,"Multiplex immunofluorescence is a useful heterogeneity assay context, not evidence of PI3K-alpha inhibitor clonal selection."
SUB010,pmid-32925204,32925204,unknown,10.1097/CCO.0000000000000685,Targeting HER2 heterogeneity in early-stage breast cancer.,Current opinion in oncology,2020,Journal Article;Review,include_context,analogous_context,unknown,abstract_available,unknown,SUB010-Q001,Tumor heterogeneity or clonal evolution background is analogous context for resistance interpretation.
SUB010,pmid-32958578,32958578,unknown,10.1158/2159-8290.CD-20-0553,"Triplet Therapy with Palbociclib, Taselisib, and Fulvestrant in PIK3CA-Mutant Breast Cancer and Doublet Palbociclib and Taselisib in Pathway-Mutant Solid Cancers.",Cancer discovery,2020,"Journal Article;Research Support, Non-U.S. Gov't",include_context,clinical_or_translational,unknown,abstract_available,unknown,SUB010-Q002,Double PIK3CA mutation clonality is relevant biomarker context but the abstract is not direct clonal selection after PI3K-alpha therapy.
SUB010,pmid-33059733,33059733,PMC7559997,10.1186/s13046-020-01713-9,TAM family receptors in conjunction with MAPK signalling are involved in acquired resistance to PI3Kα inhibition in head and neck squamous cell carcinoma.,Journal of experimental & clinical cancer research : CR,2020,Journal Article,include_context,primary_mechanism,unknown,pmc_available,unknown,SUB010-Q002,"TAM/MAPK acquired resistance to PI3K/mTOR inhibition is mechanism context, not tumor heterogeneity or clonal-selection evidence."
SUB010,pmid-33323828,33323828,PMC7846449,10.1097/CM9.0000000000001294,R-CHOP resistance in diffuse large B-cell lymphoma: biological and molecular mechanisms.,Chinese medical journal,2020,Journal Article;Review,include_context,analogous_context,unknown,pmc_available,unknown,SUB010-Q001,Tumor heterogeneity or clonal evolution background is analogous context for resistance interpretation.
SUB010,pmid-33447232,33447232,PMC7768119,10.1159/000512283,Biomarkers in Her2- Positive Disease.,"Breast care (Basel, Switzerland)",2020,Journal Article;Review,include_context,analogous_context,unknown,pmc_available,unknown,SUB010-Q001,Tumor heterogeneity or clonal evolution background is analogous context for resistance interpretation.
SUB010,pmid-33602685,33602685,PMC8282704,10.1158/1078-0432.CCR-20-4879,Clinical and Biomarker Results from Phase I/II Study of PI3K Inhibitor Alpelisib plus Nab-paclitaxel in HER2-Negative Metastatic Breast Cancer.,Clinical cancer research : an official journal of the American Association for Cancer Research,2021,"Clinical Trial, Phase I;Clinical Trial, Phase II;Journal Article;Research Support, N.I.H., Extramural;Research Support, Non-U.S. Gov't",include_context,clinical_or_translational,unknown,pmc_available,unknown,SUB010-Q002,Alpelisib plus nab-paclitaxel biomarker trial provides outcome context but no abstract-level clonal-selection or serial-resistance evidence.
SUB010,pmid-33707948,33707948,PMC7943556,10.2147/TCRM.S251668,Role of Alpelisib in the Treatment of PIK3CA-Mutated Breast Cancer: Patient Selection and Clinical Perspectives.,Therapeutics and clinical risk management,2021,Journal Article;Review,include_context,review_or_background,unknown,pmc_available,unknown,SUB010-Q002,Alpelisib patient-selection review frames clinical context but is not primary heterogeneity evidence.
SUB010,pmid-33804155,33804155,PMC8001927,10.3390/cancers13061317,Biological Heterogeneity of Chondrosarcoma: From (Epi) Genetics through Stemness and Deregulated Signaling to Immunophenotype.,Cancers,2021,Journal Article;Review,include_context,analogous_context,unknown,pmc_available,unknown,SUB010-Q001,Tumor heterogeneity or clonal evolution background is analogous context for resistance interpretation.
SUB010,pmid-34063168,34063168,PMC8124221,10.3390/ijms22094899,Targeting RTK-PI3K-mTOR Axis in Gliomas: An Update.,International journal of molecular sciences,2021,Journal Article;Review,include_context,analogous_context,unknown,pmc_available,unknown,SUB010-Q001;SUB010-Q003,Tumor heterogeneity or clonal evolution background is analogous context for resistance interpretation.
SUB010,pmid-34080325,34080325,PMC8290240,10.1002/cam4.4024,The genomic landscape of teenage and young adult T-cell acute lymphoblastic leukemia.,Cancer medicine,2021,"Journal Article;Research Support, Non-U.S. Gov't;Review",include_context,analogous_context,unknown,pmc_available,unknown,SUB010-Q003,Tumor heterogeneity or clonal evolution background is analogous context for resistance interpretation.
SUB010,pmid-34338570,34338570,unknown,10.1080/14737140.2021.1960160,Combined endocrine and targeted therapy in luminal breast cancer.,Expert review of anticancer therapy,2021,Journal Article;Review,include_context,review_or_background,unknown,abstract_available,unknown,SUB010-Q002,Luminal breast targeted-therapy review is background context only.
SUB010,pmid-34590028,34590028,PMC8474358,10.1016/j.jtocrr.2021.100180,Brief Report: Heterogeneity of Acquired Resistance Mechanisms to Osimertinib and Savolitinib.,JTO clinical and research reports,2021,Journal Article,include_context,analogous_context,unknown,pmc_available,unknown,SUB010-Q001,"Osimertinib/savolitinib resistance heterogeneity is analogous targeted-therapy context, not PI3K-alpha evidence."
SUB010,pmid-34718243,34718243,PMC8985043,10.1159/000520561,Liquid Biopsy in Metastatic Breast Cancer: Current Role of Circulating Tumor Cells and Circulating Tumor DNA.,Oncology research and treatment,2021,Journal Article;Review,include_context,methods_or_assay,unknown,pmc_available,unknown,SUB010-Q002,Liquid biopsy review is useful methods/background for ctDNA but not primary clonal-selection evidence.
SUB010,pmid-34739691,34739691,unknown,10.1007/s11033-021-06863-3,Resistance to endocrine therapy in HR + and/or HER2 + breast cancer: the most promising predictive biomarkers.,Molecular biology reports,2021,Journal Article;Review,include_context,analogous_context,unknown,abstract_available,unknown,SUB010-Q003,Tumor heterogeneity or clonal evolution background is analogous context for resistance interpretation.
SUB010,pmid-34885146,34885146,PMC8656749,10.3390/cancers13236040,Alterations of Chromatin Regulators in the Pathogenesis of Urinary Bladder Urothelial Carcinoma.,Cancers,2021,Journal Article;Review,include_context,analogous_context,unknown,pmc_available,unknown,SUB010-Q001,Tumor heterogeneity or clonal evolution background is analogous context for resistance interpretation.
SUB010,pmid-34958428,34958428,PMC8825381,10.1007/s10555-021-10012-4,Progression and metastasis of small cell lung carcinoma: the role of the PI3K/Akt/mTOR pathway and metabolic alterations.,Cancer metastasis reviews,2021,"Journal Article;Research Support, Non-U.S. Gov't;Review",include_context,analogous_context,unknown,pmc_available,unknown,SUB010-Q001,Tumor heterogeneity or clonal evolution background is analogous context for resistance interpretation.
SUB010,pmid-35013322,35013322,PMC8748754,10.1038/s41467-021-27833-0,Overcoming resistance to immune checkpoint therapy in PTEN-null prostate cancer by intermittent anti-PI3Kα/β/δ treatment.,Nature communications,2022,"Journal Article;Research Support, Non-U.S. Gov't",include_context,analogous_context,unknown,pmc_available,unknown,SUB010-Q001,PTEN-null prostate immunotherapy resistance is heterogeneity-adjacent context but not PI3K-alpha inhibitor clonal selection evidence.
SUB010,pmid-35280779,35280779,PMC8908369,10.3389/fonc.2022.830816,Longitudinal Circulating Tumor DNA Profiling in Metastatic Colorectal Cancer During Anti-EGFR Therapy.,Frontiers in oncology,2022,Journal Article,include_context,analogous_context,unknown,pmc_available,unknown,SUB010-Q002;SUB010-Q003,Longitudinal ctDNA during anti-EGFR therapy is analogous for temporal clonal tracking.
SUB010,pmid-35562750,35562750,PMC9101837,10.1186/s12967-022-03421-8,Identification of mutation patterns and circulating tumour DNA-derived prognostic markers in advanced breast cancer patients.,Journal of translational medicine,2022,Journal Article,include_context,clinical_or_translational,unknown,pmc_available,unknown,SUB010-Q002,Advanced breast cancer ctDNA mutation patterns provide prognostic and heterogeneity context.
SUB010,pmid-35740538,35740538,PMC9221535,10.3390/cancers14122872,Genomic Aberrations in Circulating Tumor DNAs from Palbociclib-Treated Metastatic Breast Cancer Patients Reveal a Novel Resistance Mechanism.,Cancers,2022,Journal Article,include_context,analogous_context,unknown,pmc_available,unknown,SUB010-Q002,"ctDNA aberrations after palbociclib reveal acquired resistance in metastatic breast cancer, analogous to PI3K-alpha serial sampling."
SUB010,pmid-36046364,36046364,PMC9423951,10.1155/2022/9390912,Combining Organoid Models with Next-Generation Sequencing to Reveal Tumor Heterogeneity and Predict Therapeutic Response in Breast Cancer.,Journal of oncology,2022,Journal Article,include_context,methods_or_assay,unknown,pmc_available,unknown,SUB010-Q003,Breast organoid plus NGS models heterogeneity and predicted therapeutic response.
SUB010,pmid-36088510,36088510,PMC9643413,10.1038/s41416-022-01962-9,Shallow WGS of individual CTCs identifies actionable targets for informing treatment decisions in metastatic breast cancer.,British journal of cancer,2022,"Journal Article;Research Support, Non-U.S. Gov't",include_context,methods_or_assay,unknown,pmc_available,unknown,SUB010-Q002,Single-CTC shallow WGS in metastatic breast cancer supports lesion/actionability heterogeneity context.
SUB010,pmid-36321996,36321996,PMC10011882,10.1158/1078-0432.CCR-22-2115,Biology and Targetability of the Extended Spectrum of PIK3CA Mutations Detected in Breast Carcinoma.,Clinical cancer research : an official journal of the American Association for Cancer Research,2023,Editorial;Comment,include_context,primary_mechanism,unknown,pmc_available,unknown,SUB010-Q002,Extended-spectrum PIK3CA mutation targetability frames baseline subclonal dependency questions.
SUB010,pmid-36371022,36371022,unknown,10.1016/j.mrrev.2022.108445,Clonal evolution and expansion associated with therapy resistance and relapse of colorectal cancer.,Mutation research. Reviews in mutation research,2022,"Journal Article;Review;Research Support, Non-U.S. Gov't",include_context,analogous_context,unknown,abstract_available,unknown,SUB010-Q001;SUB010-Q003,Clonal evolution associated with therapy resistance gives analogous temporal-resistance framework.
SUB010,pmid-36518248,36518248,PMC9742482,10.3389/fendo.2022.1075830,Circulating tumor DNA profile and its clinical significance in patients with hormone receptor-positive and HER2-negative mBC.,Frontiers in endocrinology,2022,"Journal Article;Research Support, Non-U.S. Gov't;Observational Study",include_context,clinical_or_translational,unknown,pmc_available,unknown,SUB010-Q002,HR+/HER2- metastatic breast ctDNA profiling informs clinical biomarker heterogeneity.
SUB010,pmid-36553049,36553049,PMC9776872,10.3390/diagnostics12123042,The Clinical Utility of Droplet Digital PCR for Profiling Circulating Tumor DNA in Breast Cancer Patients.,"Diagnostics (Basel, Switzerland)",2022,Journal Article;Review,include_context,methods_or_assay,unknown,pmc_available,unknown,SUB010-Q002,Droplet digital PCR breast ctDNA profiling is useful assay context for serial biomarker review.
SUB010,pmid-36635412,36635412,unknown,10.1007/s12032-022-01942-2,Multi-region sequencing depicts intratumor heterogeneity and clonal evolution in cervical cancer.,"Medical oncology (Northwood, London, England)",2023,Journal Article,include_context,analogous_context,unknown,abstract_available,unknown,SUB010-Q001,Multi-region cervical sequencing provides analogous intratumor heterogeneity and clonal evolution context.
SUB010,pmid-36933295,36933295,unknown,10.1016/j.talanta.2023.124426,Simultaneous quantification of multiple single nucleotide variants in PIK3CA ctDNA using mass-tagged LCR probe sets.,Talanta,2023,Journal Article,include_context,methods_or_assay,unknown,abstract_available,unknown,SUB010-Q002,PIK3CA ctDNA quantification method supports later temporal allele-dynamics extraction.
SUB010,pmid-37064137,37064137,PMC10093715,10.3389/fonc.2023.1160673,"Genomic landscape and survival analysis of ctDNA ""neo-RAS wild-type"" patients with originally RAS mutant metastatic colorectal cancer.",Frontiers in oncology,2023,Journal Article,include_context,analogous_context,unknown,pmc_available,unknown,SUB010-Q002,ctDNA neo-RAS dynamics after therapy provide analogous clonal selection evidence.
SUB010,pmid-37207655,37207655,unknown,10.1016/j.ccell.2023.04.017,Evolutionary states and trajectories characterized by distinct pathways stratify patients with ovarian high grade serous carcinoma.,Cancer cell,2023,"Journal Article;Research Support, Non-U.S. Gov't",include_context,analogous_context,unknown,abstract_available,unknown,SUB010-Q003,Evolutionary trajectories in ovarian cancer provide analogous clonal-state context.
SUB010,pmid-37292686,37292686,PMC10246120,10.21203/rs.3.rs-2921804/v1,"Spatial genomic, biochemical, and cellular mechanisms drive meningioma heterogeneity and evolution.",Research square,2023,Preprint;Journal Article,include_context,analogous_context,unknown,pmc_available,unknown,SUB010-Q001;SUB010-Q003,Spatial/genomic meningioma heterogeneity offers analogous multi-region resistance context.
SUB010,pmid-37490393,37490393,PMC10570672,10.1158/1078-0432.CCR-23-0956,Baseline Mutations and ctDNA Dynamics as Prognostic and Predictive Factors in ER-Positive/HER2-Negative Metastatic Breast Cancer Patients.,Clinical cancer research : an official journal of the American Association for Cancer Research,2023,"Journal Article;Research Support, Non-U.S. Gov't",include_context,clinical_or_translational,unknown,pmc_available,unknown,SUB010-Q002,ctDNA dynamics and baseline mutations in ER+/HER2- metastatic breast cancer inform temporal biomarker interpretation.
SUB010,pmid-37508582,37508582,PMC10377807,10.3390/cells12141919,Evolving Acquired Vemurafenib Resistance in a BRAF V600E Mutant Melanoma PDTX Model to Reveal New Potential Targets.,Cells,2023,"Journal Article;Research Support, Non-U.S. Gov't",include_context,analogous_context,unknown,pmc_available,unknown,SUB010-Q003,BRAF-resistant PDTX model is analogous temporal acquired-resistance modeling context.
SUB010,pmid-37511178,37511178,PMC10379453,10.3390/ijms241411419,Real-World Use of Highly Sensitive Liquid Biopsy Monitoring in Metastatic Breast Cancer Patients Treated with Endocrine Agents after Exposure to Aromatase Inhibitors.,International journal of molecular sciences,2023,Journal Article,include_context,clinical_or_translational,unknown,pmc_available,unknown,SUB010-Q002,Liquid-biopsy monitoring after endocrine therapy provides breast-cancer temporal biomarker context.
SUB010,pmid-37558129,37558129,PMC10841308,10.1016/j.modpat.2023.100299,HER2 Genetic Intratumor Heterogeneity Is Associated With Resistance to Trastuzumab and Trastuzumab Emtansine Therapy in Recurrent High-Grade Endometrial Cancer.,"Modern pathology : an official journal of the United States and Canadian Academy of Pathology, Inc",2023,"Journal Article;Research Support, N.I.H., Extramural;Research Support, Non-U.S. Gov't",include_context,analogous_context,unknown,pmc_available,unknown,SUB010-Q001,"Serial ctDNA, clonal evolution, heterogeneity, or lesion-tracking evidence provides useful context for resistance heterogeneity."
SUB010,pmid-37580773,37580773,PMC10426213,10.1186/s12916-023-03017-z,Potential value of ctDNA monitoring in metastatic HR + /HER2 - breast cancer: longitudinal ctDNA analysis in the phase Ib MONALEESASIA trial.,BMC medicine,2023,"Clinical Trial, Phase I;Journal Article;Research Support, Non-U.S. Gov't",include_context,clinical_or_translational,unknown,pmc_available,unknown,SUB010-Q002,"MONALEESASIA ctDNA dynamics are useful clonal-monitoring context but involve ribociclib/endocrine therapy, not PI3K-alpha inhibition."
SUB010,pmid-37597578,37597578,PMC11335023,10.1016/j.annonc.2023.08.003,"Neratinib + fulvestrant + trastuzumab for HR-positive, HER2-negative, HER2-mutant metastatic breast cancer: outcomes and biomarker analysis from the SUMMIT trial.",Annals of oncology : official journal of the European Society for Medical Oncology,2023,"Journal Article;Randomized Controlled Trial;Research Support, N.I.H., Extramural;Research Support, Non-U.S. Gov't",include_context,analogous_context,unknown,pmc_available,unknown,SUB010-Q002,"Serial ctDNA, clonal evolution, heterogeneity, or lesion-tracking evidence provides useful context for resistance heterogeneity."
SUB010,pmid-37605345,37605345,unknown,10.1002/ajh.27044,Sequencing-based analysis of clonal evolution of 25 mantle cell lymphoma patients at diagnosis and after failure of standard immunochemotherapy.,American journal of hematology,2023,"Journal Article;Research Support, Non-U.S. Gov't",include_context,analogous_context,unknown,abstract_available,unknown,SUB010-Q003,"Serial ctDNA, clonal evolution, heterogeneity, or lesion-tracking evidence provides useful context for resistance heterogeneity."
SUB010,pmid-37634629,37634629,PMC10462813,10.3349/ymj.2023.0096,Monitoring the Outcomes of Systemic Chemotherapy Including Immune Checkpoint Inhibitor for HER2-Positive Metastatic Gastric Cancer by Liquid Biopsy.,Yonsei medical journal,2023,"Journal Article;Clinical Trial, Phase II;Clinical Trial, Phase I",include_context,analogous_context,unknown,pmc_available,unknown,SUB010-Q002,"Serial ctDNA, clonal evolution, heterogeneity, or lesion-tracking evidence provides useful context for resistance heterogeneity."
SUB010,pmid-37656949,37656949,unknown,10.1200/PO.22.00694,Dynamic Monitoring of Circulating Tumor DNA in Patients With Metastatic Colorectal Cancer.,JCO precision oncology,2023,"Journal Article;Research Support, Non-U.S. Gov't",include_context,analogous_context,unknown,abstract_available,unknown,SUB010-Q002,"Serial ctDNA, clonal evolution, heterogeneity, or lesion-tracking evidence provides useful context for resistance heterogeneity."
SUB010,pmid-37658527,37658527,unknown,unknown,Liquid biopsy in breast carcinoma: Are we there yet?,The Malaysian journal of pathology,2023,Journal Article,include_context,analogous_context,unknown,abstract_available,unknown,SUB010-Q002,"Serial ctDNA, clonal evolution, heterogeneity, or lesion-tracking evidence provides useful context for resistance heterogeneity."
SUB010,pmid-37686200,37686200,PMC10487510,10.3390/ijms241713390,Detection and Monitoring of Tumor-Derived Mutations in Circulating Tumor DNA Using the UltraSEEK Lung Panel on the MassARRAY System in Metastatic Non-Small Cell Lung Cancer Patients.,International journal of molecular sciences,2023,Multicenter Study;Journal Article,include_context,analogous_context,unknown,pmc_available,unknown,SUB010-Q002,"Serial ctDNA, clonal evolution, heterogeneity, or lesion-tracking evidence provides useful context for resistance heterogeneity."
SUB010,pmid-37686600,37686600,PMC10486941,10.3390/cancers15174324,NOTCH and AKT Signalling Interact to Drive Mammary Tumour Heterogeneity.,Cancers,2023,Journal Article,include_context,analogous_context,unknown,pmc_available,unknown,SUB010-Q001;SUB010-Q003,"Serial ctDNA, clonal evolution, heterogeneity, or lesion-tracking evidence provides useful context for resistance heterogeneity."
SUB010,pmid-37823778,37823778,PMC10658857,10.1158/2767-9764.CRC-23-0250,Concurrent Targeting of HDAC and PI3K to Overcome Phenotypic Heterogeneity of Castration-resistant and Neuroendocrine Prostate Cancers.,Cancer research communications,2023,"Journal Article;Research Support, N.I.H., Extramural;Research Support, Non-U.S. Gov't",include_context,analogous_context,unknown,pmc_available,unknown,SUB010-Q001,"Serial ctDNA, clonal evolution, heterogeneity, or lesion-tracking evidence provides useful context for resistance heterogeneity."
SUB010,pmid-37977279,37977279,unknown,10.1016/j.mrrev.2023.108477,A comparison between mutational profiles in tumour tissue DNA and circulating tumour DNA in head and neck squamous cell carcinoma - A systematic review.,Mutation research. Reviews in mutation research,2023,"Journal Article;Systematic Review;Comparative Study;Research Support, Non-U.S. Gov't;Research Support, N.I.H., Extramural",include_context,analogous_context,unknown,abstract_available,unknown,SUB010-Q003,"Serial ctDNA, clonal evolution, heterogeneity, or lesion-tracking evidence provides useful context for resistance heterogeneity."
SUB010,pmid-38027900,38027900,PMC10663919,10.1016/j.heliyon.2023.e21853,Early changes in circulating tumor DNA (ctDNA) predict treatment response in metastatic KRAS-mutated colorectal cancer (mCRC) patients.,Heliyon,2023,Journal Article,include_context,analogous_context,unknown,pmc_available,unknown,SUB010-Q002,"Serial ctDNA, clonal evolution, heterogeneity, or lesion-tracking evidence provides useful context for resistance heterogeneity."
SUB010,pmid-38058840,38058840,PMC10695784,unknown,Tracking of trastuzumab resistance in patients with HER2-positive metastatic gastric cancer by CTC liquid biopsy.,American journal of cancer research,2023,Journal Article,include_context,analogous_context,unknown,pmc_available,unknown,SUB010-Q002,"Serial ctDNA, clonal evolution, heterogeneity, or lesion-tracking evidence provides useful context for resistance heterogeneity."
SUB010,pmid-38310289,38310289,PMC10837874,10.1186/s12967-023-04675-6,Integrating cfDNA liquid biopsy and organoid-based drug screening reveals PI3K signaling as a promising therapeutic target in colorectal cancer.,Journal of translational medicine,2024,"Journal Article;Research Support, Non-U.S. Gov't",include_context,analogous_context,unknown,pmc_available,unknown,SUB010-Q002,"Serial ctDNA, clonal evolution, heterogeneity, or lesion-tracking evidence provides useful context for resistance heterogeneity."
SUB010,pmid-38320429,38320429,PMC10937210,10.1016/j.esmoop.2024.102235,Rational thresholding of circulating tumor DNA concentration for improved surveillance of metastatic breast cancer.,ESMO open,2024,Observational Study;Journal Article,include_context,analogous_context,unknown,pmc_available,unknown,SUB010-Q002,"Serial ctDNA, clonal evolution, heterogeneity, or lesion-tracking evidence provides useful context for resistance heterogeneity."
SUB010,pmid-38413796,38413796,PMC11014798,10.1038/s41388-024-02986-6,Fulvestrant and everolimus efficacy after CDK4/6 inhibitor: a prospective study with circulating tumor DNA analysis.,Oncogene,2024,"Journal Article;Research Support, Non-U.S. Gov't",include_context,analogous_context,unknown,pmc_available,unknown,SUB010-Q002,"Serial ctDNA, clonal evolution, heterogeneity, or lesion-tracking evidence provides useful context for resistance heterogeneity."
SUB010,pmid-38427931,38427931,PMC10919481,10.1200/PO.23.00285,Mutational Analysis of Circulating Tumor DNA in Patients With Estrogen Receptor-Positive/Human Epidermal Growth Factor Receptor 2-Negative Advanced Breast Cancer Receiving Palbociclib: Results From the TREnd Trial.,JCO precision oncology,2024,"Randomized Controlled Trial;Journal Article;Research Support, Non-U.S. Gov't",include_context,analogous_context,unknown,pmc_available,unknown,SUB010-Q002,"Serial ctDNA, clonal evolution, heterogeneity, or lesion-tracking evidence provides useful context for resistance heterogeneity."
SUB010,pmid-38630555,38630555,unknown,10.1158/1078-0432.CCR-23-2540,Overcoming Osimertinib Resistance with AKT Inhibition in EGFRm-Driven Non-Small Cell Lung Cancer with PIK3CA/PTEN Alterations.,Clinical cancer research : an official journal of the American Association for Cancer Research,2024,Journal Article,include_context,analogous_context,unknown,abstract_available,unknown,SUB010-Q002,"Serial ctDNA, clonal evolution, heterogeneity, or lesion-tracking evidence provides useful context for resistance heterogeneity."
SUB010,pmid-38635933,38635933,PMC11161242,10.1200/PO.23.00647,Genomic Landscape of Circulating Tumor DNA in Patients With Hormone Receptor-Positive/Human Epidermal Growth Factor Receptor-2-Negative Metastatic Breast Cancer Treated With Abemaciclib: Data From the SCRUM-Japan Cancer Genome Screening Project.,JCO precision oncology,2024,"Journal Article;Research Support, Non-U.S. Gov't",include_context,analogous_context,unknown,pmc_available,unknown,SUB010-Q002,"Serial ctDNA, clonal evolution, heterogeneity, or lesion-tracking evidence provides useful context for resistance heterogeneity."
SUB010,pmid-38689780,38689780,PMC11056539,10.23922/jarc.2023-051,Monitoring ctDNA RAS Mutational Status in Metastatic Colorectal Cancer: A Trial Protocol of RAS-trace and RAS-trace-2 Studies.,"Journal of the anus, rectum and colon",2024,Journal Article,include_context,analogous_context,unknown,pmc_available,unknown,SUB010-Q002,"Serial ctDNA, clonal evolution, heterogeneity, or lesion-tracking evidence provides useful context for resistance heterogeneity."
SUB010,pmid-38815877,38815877,unknown,10.1016/j.critrevonc.2024.104404,Navigating the complexity of PI3K/AKT pathway in HER-2 negative breast cancer: biomarkers and beyond.,Critical reviews in oncology/hematology,2024,Journal Article;Review,include_context,analogous_context,unknown,abstract_available,unknown,SUB010-Q003,"Serial ctDNA, clonal evolution, heterogeneity, or lesion-tracking evidence provides useful context for resistance heterogeneity."
SUB010,pmid-38829582,38829582,unknown,10.1158/1078-0432.CCR-24-0535,Early Evaluation of Risk Stratification and Clinical Outcomes for Patients with Advanced Breast Cancer through Combined Monitoring of Baseline Circulating Tumor Cells and DNA.,Clinical cancer research : an official journal of the American Association for Cancer Research,2024,Journal Article,include_context,analogous_context,unknown,abstract_available,unknown,SUB010-Q002,"Serial ctDNA, clonal evolution, heterogeneity, or lesion-tracking evidence provides useful context for resistance heterogeneity."
SUB010,pmid-38872062,38872062,PMC11420341,10.1007/s10549-024-07376-w,"Comprehensive genomic profiling of ESR1, PIK3CA, AKT1, and PTEN in HR(+)HER2(-) metastatic breast cancer: prevalence along treatment course and predictive value for endocrine therapy resistance in real-world practice.",Breast cancer research and treatment,2024,Journal Article,include_context,clinical_or_translational,unknown,pmc_available,unknown,SUB010-Q002,Large clinicogenomic profiling across treatment lines informs acquired alterations but is not specific to PI3K-alpha inhibitor selection.
SUB010,pmid-39001543,39001543,PMC11240630,10.3390/cancers16132481,Breast Cancer Stem Cells and Tumor Heterogeneity: Characteristics and Therapeutic Strategies.,Cancers,2024,Journal Article;Review,include_context,analogous_context,unknown,pmc_available,unknown,SUB010-Q003,"Serial ctDNA, clonal evolution, heterogeneity, or lesion-tracking evidence provides useful context for resistance heterogeneity."
SUB010,pmid-39235099,39235099,PMC11375731,10.1002/cam4.70101,PIK3CA mutational status in tissue and plasma as a prognostic biomarker in HR+/HER2- breast cancer.,Cancer medicine,2024,Journal Article,include_context,analogous_context,unknown,pmc_available,unknown,SUB010-Q002,"Serial ctDNA, clonal evolution, heterogeneity, or lesion-tracking evidence provides useful context for resistance heterogeneity."
SUB010,pmid-39235812,39235812,PMC11378006,10.1001/jamanetworkopen.2024.31722,Circulating Tumor DNA and Survival in Metastatic Breast Cancer: A Systematic Review and Meta-Analysis.,JAMA network open,2024,"Journal Article;Systematic Review;Meta-Analysis;Research Support, Non-U.S. Gov't",include_context,analogous_context,unknown,pmc_available,unknown,SUB010-Q002,"Serial ctDNA, clonal evolution, heterogeneity, or lesion-tracking evidence provides useful context for resistance heterogeneity."
SUB010,pmid-39236276,39236276,PMC11575912,10.1200/JCO.24.00110,"Phase I/Ib Trial of Inavolisib Plus Palbociclib and Endocrine Therapy for PIK3CA-Mutated, Hormone Receptor-Positive, Human Epidermal Growth Factor Receptor 2-Negative Advanced or Metastatic Breast Cancer.",Journal of clinical oncology : official journal of the American Society of Clinical Oncology,2024,"Clinical Trial, Phase I;Journal Article;Research Support, Non-U.S. Gov't;Research Support, N.I.H., Extramural",include_context,clinical_or_translational,unknown,pmc_available,unknown,SUB010-Q002,Inavolisib trial includes paired pharmacodynamic biomarker analyses but does not expose acquired clonal selection at progression.
SUB010,pmid-39313156,39313156,unknown,10.1016/j.annonc.2024.09.010,"Acquired gene alterations in patients treated with ribociclib plus endocrine therapy or endocrine therapy alone using baseline and end-of-treatment circulating tumor DNA samples in the MONALEESA-2, -3, and -7 trials.",Annals of oncology : official journal of the European Society for Medical Oncology,2024,"Clinical Trial, Phase III;Journal Article;Multicenter Study;Randomized Controlled Trial",include_context,analogous_context,unknown,abstract_available,unknown,SUB010-Q002,"Serial ctDNA, clonal evolution, heterogeneity, or lesion-tracking evidence provides useful context for resistance heterogeneity."
SUB010,pmid-39386783,39386783,PMC11462463,10.1016/j.heliyon.2024.e37873,Development and validation of a multi-marker liquid bead array assay for the simultaneous detection of PIK3CA and ESR1 hotspot mutations in single circulating tumor cells (CTCs).,Heliyon,2024,Journal Article,include_context,analogous_context,unknown,pmc_available,unknown,SUB010-Q002,"Serial ctDNA, clonal evolution, heterogeneity, or lesion-tracking evidence provides useful context for resistance heterogeneity."
SUB010,pmid-39457497,39457497,PMC11505462,10.3390/biomedicines12102183,"A Novel AKT1, ERBB2, ESR1, KRAS, PIK3CA, and TP53 NGS Assay: A Non-Invasive Tool to Monitor Resistance Mechanisms to Hormonal Therapy and CDK4/6 Inhibitors.",Biomedicines,2024,Journal Article,include_context,analogous_context,unknown,pmc_available,unknown,SUB010-Q002,"Serial ctDNA, clonal evolution, heterogeneity, or lesion-tracking evidence provides useful context for resistance heterogeneity."
SUB010,pmid-39497713,39497713,PMC11532185,10.3389/fonc.2024.1435537,Comprehensive liquid biopsy analysis for monitoring NSCLC patients under second-line osimertinib treatment.,Frontiers in oncology,2024,Journal Article,include_context,analogous_context,unknown,pmc_available,unknown,SUB010-Q002,"Serial ctDNA, clonal evolution, heterogeneity, or lesion-tracking evidence provides useful context for resistance heterogeneity."
SUB010,pmid-39521246,39521246,unknown,10.1016/j.jmoldx.2024.08.011,Surveillance of Disease Progression in Metastatic Breast Cancer by Molecular Counting of Circulating Tumor DNA Using Plasma-SeqSensei Breast Cancer in Vitro Diagnostics Assay.,The Journal of molecular diagnostics : JMD,2024,Journal Article,include_context,methods_or_assay,unknown,abstract_available,unknown,SUB010-Q002,Metastatic breast cancer assay study supplies longitudinal ctDNA VAF and progression-threshold context for PIK3CA/TP53-mutated disease.
SUB010,pmid-39543535,39543535,PMC11566382,10.1186/s12885-024-13125-5,Molecular profiling reveals novel therapeutic targets and clonal evolution in ovarian clear cell carcinoma.,BMC cancer,2024,Journal Article,include_context,analogous_context,unknown,pmc_available,unknown,SUB010-Q001,Ovarian clear cell carcinoma WES reconstructs clonal evolution and places PIK3CA among early actionable events.
SUB010,pmid-39587050,39587050,PMC11589615,10.1038/s41467-024-53223-3,HER2-related biomarkers predict clinical outcomes with trastuzumab deruxtecan treatment in patients with HER2-expressing metastatic colorectal cancer: biomarker analyses of DESTINY-CRC01.,Nature communications,2024,"Journal Article;Clinical Trial, Phase II;Multicenter Study;Research Support, Non-U.S. Gov't",include_context,clinical_or_translational,unknown,pmc_available,unknown,SUB010-Q002,T-DXd biomarker analysis offers limited baseline liquid-biopsy context for PIK3CA and other mutations in targeted therapy response.
SUB010,pmid-39614985,39614985,PMC11638444,10.1007/s11864-024-01259-4,Unveiling the Potential of Cyclin-Dependent Kinases 4 and 6 Inhibitors Beyond Progression in Hormone Receptor Positive/Human Epidermal Growth Factor Negative Advanced Breast Cancer - A Clinical Review.,Current treatment options in oncology,2024,Journal Article;Review,include_context,review_or_background,unknown,pmc_available,unknown,SUB010-Q002,CDK4/6 beyond-progression review discusses ctDNA-guided endocrine-resistance management and post-progression sequencing as analogous context.
SUB010,pmid-39691079,39691079,PMC11776857,10.1080/14796694.2024.2435247,Genomic characteristics of PD-L1-Induced resistance to EGFR-TKIs in lung adenocarcinoma.,"Future oncology (London, England)",2024,Journal Article,include_context,clinical_or_translational,unknown,pmc_available,unknown,SUB010-Q001,EGFR-mutant lung cancer study identifies clonal PIK3CA alterations and genomic correlates of EGFR-TKI resistance.
SUB010,pmid-39796090,39796090,PMC11719933,10.3390/ijms26010235,Dynamic Changes in Circulating Tumor DNA During Immunotherapy for Head and Neck Cancer: SHIZUKU-HN Study.,International journal of molecular sciences,2024,Journal Article,include_context,clinical_or_translational,unknown,pmc_available,unknown,SUB010-Q002,Head and neck cancer study uses serial ctDNA VAF to precede progression and detect emerging EGFR/PIK3CA resistance alterations.
SUB010,pmid-39978637,39978637,unknown,10.1016/j.annonc.2025.02.005,ctDNA detection in cerebrospinal fluid and plasma and mutational concordance with the primary tumor in a multicenter prospective study of patients with glioma.,Annals of oncology : official journal of the European Society for Medical Oncology,2025,Journal Article;Multicenter Study,include_context,methods_or_assay,unknown,abstract_available,unknown,SUB010-Q002,Prospective glioma CSF/plasma ctDNA study is useful assay context for detecting PIK3CA and other mutations across tumor and liquid samples.
SUB010,pmid-39985914,39985914,unknown,10.1016/j.ctarc.2025.100881,Unlocking the code: The role of molecular and genetic profiling in revolutionizing glioblastoma treatment.,Cancer treatment and research communications,2025,Journal Article;Review,include_context,review_or_background,unknown,abstract_available,unknown,SUB010-Q003,"GBM review provides broad background that resistance is driven by heterogeneity, TME, and adaptive mechanisms, but no primary clonal data."
SUB010,pmid-39990420,39990420,PMC11844462,10.1101/2025.02.11.637715,Single Cell Resolution Tracking of Cutaneous T-Cell Lymphoma Reveals Clonal Evolution in Disease Progression.,bioRxiv : the preprint server for biology,2025,Journal Article;Preprint,include_context,analogous_context,unknown,pmc_available,unknown,SUB010-Q001;SUB010-Q003,CTCL serial multi-omics study gives strong analogous single-cell evidence for clonal evolution during progression and therapy resistance.
SUB010,pmid-39992716,39992716,PMC12048292,10.1158/0008-5472.CAN-24-1943,Longitudinal Profiling of Circulating Tumor DNA Reveals the Evolutionary Dynamics of Metastatic Prostate Cancer during Serial Therapy.,Cancer research,2025,"Journal Article;Research Support, Non-U.S. Gov't;Research Support, N.I.H., Extramural",include_context,analogous_context,unknown,pmc_available,unknown,SUB010-Q001,Longitudinal prostate ctDNA study directly models subclonal selection and resistant subclones enriched for PI3K-AKT genes during serial therapy.
SUB010,pmid-40009285,40009285,PMC11865409,10.1007/s12672-025-01976-8,Genomic and micro-environmental insights into drug resistance in colorectal cancer liver metastases.,Discover oncology,2025,Journal Article,include_context,analogous_context,unknown,pmc_available,unknown,SUB010-Q001,"CRC liver metastasis profiling contextualizes lesion-site genomic and microenvironmental drug resistance, but lacks serial clonal timing."
SUB010,pmid-40107157,40107157,PMC11964631,10.1016/j.esmoop.2025.104511,Comprehensive genomic profiling by liquid biopsy portrays metastatic colorectal cancer mutational landscape to predict antitumor efficacy of FOLFIRI plus cetuximab in the CAPRI-2 GOIM trial.,ESMO open,2025,"Journal Article;Clinical Trial, Phase II",include_context,clinical_or_translational,unknown,pmc_available,unknown,SUB010-Q002,"CAPRI-2 liquid-biopsy trial tracks baseline and progression resistance variants, clonality, and acquired pathogenic variants after anti-EGFR therapy."
SUB010,pmid-40227200,40227200,PMC12209829,10.1158/1078-0432.CCR-24-1812,Clinical Context Shapes the Relationship between Genomic Alterations and Response to AR Inhibitors and Chemotherapy in Metastatic Prostate Cancer.,Clinical cancer research : an official journal of the American Association for Cancer Research,2025,Journal Article,include_context,analogous_context,unknown,pmc_available,unknown,SUB010-Q001;SUB010-Q003,Prostate cancer translational study examines clinical/genomic changes over time and evolving AR-PI3K relationships across disease states.
SUB010,pmid-40246649,40246649,unknown,10.1016/j.euf.2025.04.006,Future Directions for Circulating Tumor DNA Studies in Renal Cell Carcinoma.,European urology focus,2025,Journal Article;Review,include_context,review_or_background,unknown,abstract_available,unknown,SUB010-Q001;SUB010-Q002;SUB010-Q003,"RCC ctDNA review explicitly discusses therapeutic response dynamics, resistance alterations, and tracking clonal evolution."
SUB010,pmid-40256659,40256659,PMC12008543,10.1016/j.euros.2025.03.009,Circulating Tumor DNA and Response to Cisplatin-based Chemotherapy in Patients with Metastatic Urothelial Carcinoma Enrolled in CALGB 90601 (Alliance).,European urology open science,2025,Journal Article,include_context,clinical_or_translational,unknown,pmc_available,unknown,SUB010-Q002,"Urothelial cfDNA trial gives baseline VAF prognostic and PIK3CA alteration context, but lacks temporal resistance dynamics."
SUB010,pmid-40282442,40282442,PMC12025842,10.3390/cancers17081266,Detection of ESR1 Mutations in Tissue and Liquid Biopsy with Novel Next-Generation Sequencing and Digital Droplet PCR Assays: Insights from Multi-Center Real Life Data of Almost 6000 Patients.,Cancers,2025,Journal Article,include_context,methods_or_assay,unknown,pmc_available,unknown,SUB010-Q001;SUB010-Q003,Large ESR1 assay study supports therapy-pressure selection and liquid-biopsy VAF heterogeneity involving ESR1 and PIK3CA mutations.
SUB010,pmid-40369610,40369610,PMC12079830,10.1186/s13058-025-02020-x,ESR1 testing on FFPE samples from metastatic lesions in HR + /HER2- breast cancer after progression on CDK4/6 inhibitor therapy.,Breast cancer research : BCR,2025,Journal Article,include_context,clinical_or_translational,unknown,pmc_available,unknown,SUB010-Q002,Progression-site metastatic breast biopsies reveal diverse ESR1 mutations plus actionable PIK3CA co-mutations after CDK4/6/endocrine resistance.
SUB010,pmid-40372586,40372586,PMC12378147,10.1007/s10120-025-01621-x,Circulating tumor DNA predicts clinical benefits of immune checkpoint blockade in HER2-negative patients with advanced gastric cancer.,Gastric cancer : official journal of the International Gastric Cancer Association and the Japanese Gastric Cancer Association,2025,"Journal Article;Research Support, Non-U.S. Gov't",include_context,clinical_or_translational,unknown,pmc_available,unknown,SUB010-Q002,Gastric cancer ICI ctDNA study provides limited liquid-biopsy prognostic context but not serial clonal selection.
SUB010,pmid-40378287,40378287,unknown,10.1158/0008-5472.CAN-24-4065,Genomic Analyses Reveal the Evolving Characteristics of Intestinal Metaplasia and Gastric Cancer.,Cancer research,2025,"Journal Article;Research Support, Non-U.S. Gov't",include_context,analogous_context,unknown,abstract_available,unknown,SUB010-Q001,Multiregion gastric precancer/cancer analysis reconstructs evolutionary trajectories and identifies maintained PIK3CA alterations as progression context.
SUB010,pmid-40390063,40390063,PMC12087103,10.1186/s40478-025-02025-9,"Spatial transcriptomics reveal PI3K-AKT and metabolic alterations in aggressive, treatment-resistant lactotroph pituitary neuroendocrine tumors.",Acta neuropathologica communications,2025,"Journal Article;Research Support, Non-U.S. Gov't",include_context,analogous_context,unknown,pmc_available,unknown,SUB010-Q001,Spatial transcriptomics in dopamine-agonist-resistant PitNET links treatment-resistant heterogeneity with PI3K/AKT-altered clones.
SUB010,pmid-40489430,40489430,PMC12148203,10.1002/cncr.35937,Intratumoral heterogeneity of cancer driver genomic alterations in myxoid liposarcomas.,Cancer,2025,Journal Article,include_context,clinical_or_translational,unknown,pmc_available,unknown,SUB010-Q003,Multiregion liposarcoma study directly shows subclonal PIK3CA distribution can undermine targeted therapy uniformity.
SUB010,pmid-40489756,40489756,PMC12153283,10.1097/HC9.0000000000000705,Mechanisms of tumor heterogeneity in TACE-resistant liver cancer: Insights from single-cell and whole-exome sequencing.,Hepatology communications,2025,Journal Article,include_context,analogous_context,unknown,pmc_available,unknown,SUB010-Q001,TACE-resistant HCC study combines single-cell and exome sequencing to connect resistant tumor heterogeneity with a PI3K/AKT-linked mutation model.
SUB010,pmid-40512191,40512191,PMC7618057,10.1158/1078-0432.CCR-24-2763,ctDNA Analysis in ERBB2-Amplified Colorectal Cancer: Biomarker Analysis of the MyPathway Trial.,Clinical cancer research : an official journal of the American Association for Cancer Research,2025,Journal Article,include_context,clinical_or_translational,unknown,pmc_available,unknown,SUB010-Q002,MyPathway biomarker analysis uses longitudinal ctDNA to detect response and emerging MAPK/PI3K co-alterations at progression.
SUB010,pmid-40540707,40540707,unknown,10.1200/EDBK-25-473372,After a CDK4/6 Inhibitor: State of the Art in Hormone Receptor-Positive Metastatic Breast Cancer.,American Society of Clinical Oncology educational book. American Society of Clinical Oncology. Annual Meeting,2025,Journal Article;Review,include_context,review_or_background,unknown,abstract_available,unknown,SUB010-Q001;SUB010-Q003,"Post-CDK4/6 breast cancer review links tumor heterogeneity, PIK3CA/ESR1 alterations, and molecular profiling for sequencing after progression."
SUB010,pmid-40544320,40544320,unknown,10.1080/01616412.2025.2512437,ITGA5 drives glioblastoma progression through SLK-mediated activation of the PI3K-Akt pathway.,Neurological research,2025,Journal Article,include_context,analogous_context,unknown,abstract_available,unknown,SUB010-Q001,"GBM mechanism study includes single-cell evidence of heterogeneous malignant states tied to PI3K-Akt signaling, but not treatment selection."
SUB010,pmid-40610594,40610594,PMC12229642,10.1038/s41698-025-00975-w,Comprehensive analysis of PIK3CA mutations in advanced colorectal cancer using circulating tumor DNA profiling.,NPJ precision oncology,2025,Journal Article,include_context,clinical_or_translational,unknown,pmc_available,unknown,SUB010-Q002,"Large CRC ctDNA study gives PIK3CA VAF and co-alteration landscape context, but no therapy-timed clonal selection."
SUB010,pmid-40652157,40652157,PMC12331804,10.1007/s10549-025-07759-7,"Genomic landscape of hormone therapy-resistant HR-positive, HER2-negative breast cancer.",Breast cancer research and treatment,2025,Journal Article,include_context,clinical_or_translational,unknown,pmc_available,unknown,SUB010-Q001;SUB010-Q002,Paired naive and relapse-site breast cancer sequencing plus ctDNA demonstrates polyclonal resistant disease and actionable PIK3CA/AKT alterations.
SUB010,pmid-40652269,40652269,PMC12255093,10.1186/s13046-025-03457-w,"In-depth assessment of BRAF, NRAS, KRAS, EGFR, and PIK3CA mutations on cell-free DNA in the blood of melanoma patients receiving immune checkpoint inhibition.",Journal of experimental & clinical cancer research : CR,2025,Journal Article,include_context,clinical_or_translational,unknown,pmc_available,unknown,SUB010-Q002,Prospective melanoma ctDNA profiling across therapy provides analogous longitudinal liquid-biopsy monitoring of response and resistance.
SUB010,pmid-40656600,40656600,PMC12254669,10.1177/17588359251353623,Understanding and overcoming CDK4/6 inhibitor resistance in HR+/HER2- metastatic breast cancer: clinical and molecular perspectives.,Therapeutic advances in medical oncology,2025,Journal Article;Review,include_context,review_or_background,unknown,pmc_available,unknown,SUB010-Q002,CDK4/6 resistance review discusses PIK3CA alterations and ctDNA tracking of genomic changes during therapy as analogous background.
SUB010,pmid-40657993,40657993,unknown,10.1097/CCO.0000000000001168,Liquid biopsy in breast cancer: promises and challenges.,Current opinion in oncology,2025,Journal Article;Review,include_context,review_or_background,unknown,abstract_available,unknown,SUB010-Q002,"Breast cancer liquid-biopsy review summarizes ctDNA use for PIK3CA detection, monitoring, and acquired resistance mechanisms."
SUB010,pmid-40702584,40702584,PMC12288196,10.1186/s40364-025-00809-8,Multiple ctDNA- based biomarkers predict benefit from selective RET Inhibition in non-small cell lung cancer patients: exploratory analysis of a prospective study.,Biomarker research,2025,Letter,include_context,clinical_or_translational,unknown,pmc_available,unknown,SUB010-Q002,"RET inhibitor study uses longitudinal ctDNA, baseline PIK3CA co-mutations, and early clearance to monitor response and resistance."
SUB010,pmid-40714513,40714513,PMC12314381,10.1016/j.esmoop.2025.105506,Circulating tumor DNA mutational landscape and dynamics after progression on a CDK4/6 inhibitor in the PACE phase II trial for metastatic HR-positive/HER2-negative breast cancer.,ESMO open,2025,"Journal Article;Clinical Trial, Phase II;Randomized Controlled Trial",include_context,clinical_or_translational,unknown,pmc_available,unknown,SUB010-Q002,"PACE trial serial ctDNA after CDK4/6 progression captures PIK3CA allele-fraction increases at progression, matching temporal allele-dynamics logic."
SUB010,pmid-40742050,40742050,PMC12311930,10.1093/oncolo/oyaf158,Investigating incidence of RAS/RAF and PIK3CA alterations in HER2-amplified colorectal cancer: a comprehensive analysis.,The oncologist,2025,Journal Article,include_context,clinical_or_translational,unknown,pmc_available,unknown,SUB010-Q001,"HER2-amplified CRC analysis contextualizes downstream PIK3CA/RAS alterations as potential resistance markers, but lacks serial selection evidence."
SUB010,pmid-40791422,40791422,PMC12338597,10.1101/2025.07.11.664189,Tumor-initiating genetics and therapy drive divergent molecular evolution in IDH-mutant gliomas.,bioRxiv : the preprint server for biology,2025,Journal Article;Preprint,include_context,analogous_context,unknown,pmc_available,unknown,SUB010-Q002,Longitudinal glioma sequencing directly links therapy exposure to divergent recurrence evolution and newly acquired PI3K-pathway mutations.
SUB010,pmid-40804766,40804766,PMC12438019,10.1002/path.6463,Activation of PI3K and deletion of p53 in keratin 15-expressing mouse mammary cells induces tumor heterogeneity and plasticity modeling metaplastic breast cancer.,The Journal of pathology,2025,"Journal Article;Research Support, N.I.H., Extramural;Research Support, U.S. Gov't, Non-P.H.S.",include_context,primary_mechanism,unknown,pmc_available,unknown,SUB010-Q003,"Pik3ca-activated metaplastic breast cancer model shows heterogeneous tumor histologies and alpelisib sensitivity, useful but not resistance proof."
SUB010,pmid-40819062,40819062,PMC12357851,10.1038/s41523-025-00802-2,Circulating genomic landscape following cyclin-dependent kinase 4/6 inhibitors exposure in HR + /HER2- metastatic breast cancer: a retrospective multi-institutional Consortium analysis.,NPJ breast cancer,2025,Journal Article,include_context,clinical_or_translational,unknown,pmc_available,unknown,SUB010-Q002,Post-CDK4/6 breast cancer ctDNA cohort gives analogous exposure-linked genomic landscape and allele-frequency prognostic context.
SUB010,pmid-40825169,40825169,PMC12369510,10.1200/PO-24-00810,Circulating Tumor DNA Genotyping of Intrinsic and Acquired Gene Alterations in Patients With Advanced Breast Cancer Receiving Palbociclib: Biomarker Results From POLARIS Study.,JCO precision oncology,2025,Journal Article,include_context,clinical_or_translational,unknown,pmc_available,unknown,SUB010-Q002,"Prospective breast cancer ctDNA analysis tracks baseline, early-treatment, and end-of-treatment alterations including PIK3CA under therapeutic pressure."
SUB010,pmid-40881578,40881578,PMC12380622,10.3389/pore.2025.1612186,B7-H3: a consistent marker in metastatic colorectal cancer with potential for targeted treatment.,Pathology oncology research : POR,2025,"Clinical Trial, Phase I;Journal Article",include_context,clinical_or_translational,unknown,pmc_available,unknown,SUB010-Q002,"Sequential metastatic biopsies assess target stability over time, offering limited temporal lesion-sampling context for heterogeneity claims."
SUB010,pmid-40940901,40940901,PMC12427569,10.3390/cancers17172804,"Anti-EGFR Therapy in Metastatic Colorectal Cancer: Identifying, Tracking, and Overcoming Resistance.",Cancers,2025,Journal Article;Review,include_context,review_or_background,unknown,pmc_available,unknown,SUB010-Q001;SUB010-Q003,Anti-EGFR mCRC review squarely covers liquid biopsy monitoring of tumor heterogeneity and real-time clonal evolution in acquired resistance.
SUB010,pmid-40948831,40948831,PMC12432677,10.21037/tlcr-2025-165,Molecular mechanisms and clinical insights in transformed small cell lung cancer: a narrative review.,Translational lung cancer research,2025,Journal Article;Review,include_context,review_or_background,unknown,pmc_available,unknown,SUB010-Q003,"Review of NSCLC-to-SCLC transformation describes selective pressure from targeted therapy, tumor heterogeneity, and lineage plasticity as resistance mechanisms."
SUB010,pmid-40950184,40950184,PMC12424767,10.1101/2025.09.01.673548,Gene-Expression Programs in Salivary Gland Adenoid Cystic Carcinoma Analyzed Using Single-Cell and Spatial Transcriptomics.,bioRxiv : the preprint server for biology,2025,Journal Article;Preprint,include_context,analogous_context,unknown,pmc_available,unknown,SUB010-Q003,"SGACC spatial transcriptomics provides analogous tumor clone and spatial phenotype heterogeneity context, though not therapy-selected."
SUB010,pmid-41000875,41000875,PMC12458950,10.1101/2025.09.16.676608,Clonal dynamics shaped by diverse drug-tolerant persister states in melanoma resistance.,bioRxiv : the preprint server for biology,2025,Journal Article;Preprint,include_context,analogous_context,unknown,pmc_available,unknown,SUB010-Q001,Melanoma lineage-tracing study is strong analogous evidence for pre-treatment persister subclones expanding during targeted therapy resistance.
SUB010,pmid-41009816,41009816,PMC12470448,10.3390/ijms26189254,Methodological Comparison of Short-Read and Long-Read Sequencing Methods on Colorectal Cancer Samples.,International journal of molecular sciences,2025,Journal Article;Comparative Study,include_context,methods_or_assay,unknown,pmc_available,unknown,SUB010-Q003,Sequencing comparison is mostly methodological but provides VAF and variant-detection context for heterogeneous CRC samples including PIK3CA.
SUB010,pmid-41049266,41049266,PMC12495454,10.1002/mco2.70404,Breast Cancer: Molecular Pathogenesis and Targeted Therapy.,MedComm,2025,Journal Article;Review,include_context,review_or_background,unknown,pmc_available,unknown,SUB010-Q001,Breast cancer review gives low-resolution background on intratumoral heterogeneity and liquid biopsy for resistance mutation detection.
SUB010,pmid-41051453,41051453,PMC12500492,10.1007/s12672-025-03559-z,Malignant progression of MES-like cells mediated by COL22A1 in the spatial heterogeneity of glioblastoma.,Discover oncology,2025,Journal Article,include_context,analogous_context,unknown,pmc_available,unknown,SUB010-Q001,"Single-cell GBM analysis gives spatially heterogeneous cell-state context with PI3K signaling, but no therapy-selected clone evidence."
SUB010,pmid-41054532,41054532,PMC12496224,10.1016/j.isci.2025.113456,Dual molecular therapy targeting tumor cell heterogeneity improves therapeutic efficacy in glioblastoma.,iScience,2025,Journal Article,include_context,analogous_context,unknown,pmc_available,unknown,SUB010-Q001,Glioblastoma study directly frames intratumoral heterogeneity as treatment resistance and tests dual targeting of distinct cell states.
SUB010,pmid-41056387,41056387,PMC12666311,10.1158/1078-0432.CCR-25-2112,"The Bi-steric, mTORC1-Selective Inhibitor, RMC-5552, in Advanced Solid Tumors: A Phase 1 Trial.",Clinical cancer research : an official journal of the American Association for Cancer Research,2025,"Journal Article;Clinical Trial, Phase I",include_context,clinical_or_translational,unknown,pmc_available,unknown,SUB010-Q002,"mTORC1 phase 1 trial reports ctDNA clearance of PI3K/mTOR variants, offering limited pathway-targeted ctDNA dynamics context."
SUB010,pmid-41097702,41097702,PMC12523997,10.3390/cancers17193174,Integrating Molecular Phenotyping into Treatment Algorithms for Advanced Oestrogen Receptor-Positive Breast Cancer.,Cancers,2025,Journal Article;Review,include_context,review_or_background,unknown,pmc_available,unknown,SUB010-Q003,"ER-positive breast cancer review links ctDNA, tumor heterogeneity, clonal evolution, and PI3K/AKT/mTOR treatment algorithms as useful background."
SUB010,pmid-41132967,41132967,PMC12541880,10.21037/tlcr-2025-502,Molecular and clonal evolution of primary lesions vs. brain metastasis in EGFR-mutated NSCLC: a retrospective cohort study.,Translational lung cancer research,2025,Journal Article,include_context,analogous_context,unknown,pmc_available,unknown,SUB010-Q001;SUB010-Q003,"EGFR-mutant NSCLC cohort compares primary and brain lesions plus later biopsy, supporting analogous lesion-level clonal evolution under targeted therapy."
SUB010,pmid-41203797,41203797,PMC12594994,10.1038/s41698-025-01106-1,"Co-clinical trial targeting ER, FGFR and CDK4/6 in resistant hormone-positive breast cancer with FGFR alterations.",NPJ precision oncology,2025,Journal Article,include_context,clinical_or_translational,unknown,pmc_available,unknown,SUB010-Q001,Resistant HR+ breast cancer co-clinical trial shows biomarker-defined heterogeneity where PIK3CA/ESR1 status gates FGFR-targeted response.
SUB010,pmid-41207908,41207908,unknown,10.1007/s10620-025-09471-4,Deciphering Cancer Evolution Through Genomic Profiling of Patient-Derived Xenograft Together with Matched Primary Gallbladder Cancer.,Digestive diseases and sciences,2025,Journal Article;Case Reports,include_context,analogous_context,unknown,abstract_available,unknown,SUB010-Q001;SUB010-Q002,"Sequential primary, metastasis, and PDX profiling shows acquired PIK3CA mutation and branched/linear subclonal evolution, though not under PI3K inhibitor pressure."
SUB010,pmid-41270698,41270698,PMC12670099,10.1016/j.esmoop.2025.105904,Whole-exome ctDNA sequencing reveals intratumoral heterogeneity and drivers of relapse in locally advanced head and neck cancer.,ESMO open,2025,Journal Article,include_context,clinical_or_translational,unknown,pmc_available,unknown,SUB010-Q001,"Paired tissue and longitudinal ctDNA WES at diagnosis and relapse directly supports temporal ITH and resistance-alteration assessment, including PI3K-mTORC2."
SUB010,pmid-41415546,41415546,PMC12708320,10.3389/fonc.2025.1663823,Subtype-specific prognostic implications of plasma-detected PIK3CA mutations in Vietnamese breast cancer patients.,Frontiers in oncology,2025,Journal Article,include_context,clinical_or_translational,unknown,pmc_available,unknown,SUB010-Q002,Plasma PIK3CA mutation study in breast cancer provides subtype-specific liquid-biopsy outcome context for PIK3CA-altered disease.
SUB010,pmid-41443411,41443411,unknown,10.1016/j.annonc.2025.12.014,Cetuximab rechallenge in molecularly selected metastatic colorectal cancer: the randomized CAVE-2 GOIM trial.,Annals of oncology : official journal of the European Society for Medical Oncology,2025,"Journal Article;Randomized Controlled Trial;Clinical Trial, Phase II;Multicenter Study",include_context,analogous_context,unknown,abstract_available,unknown,SUB010-Q002,ctDNA-selected anti-EGFR rechallenge trial uses PIK3CA/PTEN/AKT1 and related alterations to define resistant molecular subgroups.
SUB010,pmid-41483371,41483371,unknown,10.1007/s12094-025-04168-6,Clinical utility of longitudinal circulating tumor DNA analysis in metastatic colorectal cancer patients receiving palliative chemotherapy.,Clinical & translational oncology : official publication of the Federation of Spanish Oncology Societies and of the National Cancer Institute of Mexico,2026,Journal Article;Observational Study,include_context,analogous_context,unknown,abstract_available,unknown,SUB010-Q002,"Prospective longitudinal mCRC ctDNA study tracks baseline, first progression, and second progression mutations and acquired resistance."
SUB010,pmid-41526121,41526121,unknown,10.1016/j.aca.2025.345010,Dual-mode temperature-switchable TSCP probes for precise analysis of PIK3CA mutations and VAF.,Analytica chimica acta,2025,"Journal Article;Research Support, Non-U.S. Gov't",include_context,methods_or_assay,unknown,abstract_available,unknown,SUB010-Q003,PIK3CA mutation and VAF assay directly supports clonality assessment and low-frequency variant monitoring relevant to heterogeneity triage.
SUB010,pmid-41587113,41587113,PMC13266340,10.1158/1078-0432.CCR-25-0650,"Role of ctDNA in Predicting the Outcome of Patients with Hormone Receptor-Positive, HER2-Negative Advanced Breast Cancer Treated with First-line Ribociclib and Letrozole: BioItaLEE Trial.",Clinical cancer research : an official journal of the American Association for Cancer Research,2026,"Journal Article;Clinical Trial, Phase III;Multicenter Study",include_context,clinical_or_translational,unknown,pmc_available,unknown,SUB010-Q002,"Prospective HR+/HER2- breast trial uses serial ctDNA to evaluate mutation evolution, PIK3CA baseline frequency, clearance, and new mutations under therapy."
SUB010,pmid-41619106,41619106,unknown,10.1007/s12282-025-01818-z,Prognostic and monitoring value of circulating tumor DNA at multiple clinical time points in breast cancer.,"Breast cancer (Tokyo, Japan)",2026,Journal Article,include_context,clinical_or_translational,unknown,abstract_available,unknown,SUB010-Q002,"Breast cancer ctDNA measured at baseline, post-neoadjuvant therapy, and follow-up tracks PIK3CA/TP53 dynamics and progression risk."
SUB010,pmid-41676502,41676502,PMC12889436,10.64898/2026.02.01.701806,"Functional genomics identifies therapeutic options, biomarkers, and resistance mechanisms for high-grade gliomas.",bioRxiv : the preprint server for biology,2026,Journal Article;Preprint,include_context,analogous_context,unknown,pmc_available,unknown,SUB010-Q001,Patient-derived glioma drug testing identifies heterogeneity as resistance and PI3K signaling as an escape from BET inhibition.
SUB010,pmid-41690056,41690056,unknown,10.1016/j.jocn.2026.111928,The Bone Microenvironment and Therapeutic Resistance in Spinal Metastases: Mechanisms and Clinical Implications.,Journal of clinical neuroscience : official journal of the Neurosurgical Society of Australasia,2026,Journal Article;Review,include_context,review_or_background,unknown,abstract_available,unknown,SUB010-Q003,Spinal metastasis review directly contextualizes lesion-specific progression despite visceral response and site-specific clonal resistance.
SUB010,pmid-41743623,41743623,PMC12929811,10.34133/research.1128,Intratumoral Androgens and Genetic Variants Driving Therapy Resistance in Prostate Cancer.,"Research (Washington, D.C.)",2026,Journal Article;Review,include_context,review_or_background,unknown,pmc_available,unknown,SUB010-Q001;SUB010-Q003,"CRPC review links evolving multifocal spatial heterogeneity, PI3K/AKT crosstalk, lineage plasticity, and dynamic monitoring under therapy."
SUB010,pmid-41746190,41746190,unknown,10.1158/1078-0432.CCR-25-3071,Characterizing Longitudinal Molecular Changes in ctDNA in Patients with Metastatic Castration-Resistant Prostate Cancer.,Clinical cancer research : an official journal of the American Association for Cancer Research,2026,Journal Article,include_context,clinical_or_translational,unknown,abstract_available,unknown,SUB010-Q002,Large real-world paired pre/post-treatment ctDNA analysis captures tumor evolution and post-therapy PIK3CA alteration enrichment.
SUB010,pmid-41776501,41776501,PMC13162433,10.1186/s12943-026-02622-9,Clonal dynamics shaped by diverse drug-tolerant persister states in melanoma resistance.,Molecular cancer,2026,Journal Article,include_context,analogous_context,unknown,pmc_available,unknown,SUB010-Q001;SUB010-Q003,Lineage-traced melanoma model directly shows minor pre-treatment persister subpopulations expanding under targeted-therapy pressure with a PI3K-signaling state.
SUB010,pmid-41776568,41776568,PMC13067520,10.1186/s12916-026-04756-5,Dual-utility ctDNA in diffuse large B-cell lymphoma: integrated genotyping unveils minimal residual disease dynamics and subtype-specific clonal evolution.,BMC medicine,2026,Journal Article,include_context,analogous_context,unknown,pmc_available,unknown,SUB010-Q003,"Serial ctDNA in DLBCL tracks progression, acquired alterations, and subtype-specific clonal evolution including PI3K/AKT pathway enrichment."
SUB010,pmid-41862336,41862336,unknown,10.1016/j.euo.2026.03.005,Blood and Urine Circulating Tumor DNA in Urothelial Bladder Cancer: State of the Art and Clinical Perspective.,European urology oncology,2026,Journal Article;Systematic Review,include_context,review_or_background,unknown,abstract_available,unknown,SUB010-Q002,"Systematic review of bladder cancer ctDNA includes timing, monitoring, and PIK3CA-mediated FGFR inhibitor resistance as liquid-biopsy resistance context."
SUB010,pmid-42061572,42061572,unknown,10.1016/j.jtho.2026.103894,Long-Term Impact of First-Line Amivantamab Plus Lazertinib Versus Osimertinib on Mechanisms of Acquired Resistance in MARIPOSA: A Brief Report.,Journal of thoracic oncology : official publication of the International Association for the Study of Lung Cancer,2026,Journal Article,include_context,analogous_context,unknown,abstract_available,unknown,SUB010-Q002,MARIPOSA paired baseline/end-of-treatment ctDNA analysis directly models acquired resistance timing and includes PIK3CA pathway alterations.
SUB010,pmid-42062666,42062666,PMC13132961,10.1007/s11899-026-00780-7,"BRAF Alterations in Chronic Lymphocytic Leukemia: Genomic Landscape, Co-Mutation Patterns, and Clinical Relevance.",Current hematologic malignancy reports,2026,Journal Article;Review,include_context,review_or_background,unknown,pmc_available,unknown,SUB010-Q003,"CLL review identifies MAPK-pathway clonal evolution at relapse after targeted therapy including PI3K-directed therapy, useful as pathway-resistance context."
SUB010,pmid-42174600,42174600,unknown,10.1186/s12931-026-03626-1,Comprehensive characterization of MET exon 14 skipping mutations in non-small cell lung cancer.,Respiratory research,2026,Journal Article,include_context,analogous_context,unknown,abstract_available,unknown,SUB010-Q001,Large NSCLC cohort includes tissue/plasma profiling of MET-inhibitor resistance with intratumoral heterogeneity and PI3K/AKT/mTOR off-target alterations.
SUB010,pmid-42202492,42202492,PMC13235492,10.1016/j.esmoop.2026.107734,Effect of prior anti-EGFR therapy and baseline ctDNA profiling on the efficacy of pertuzumab plus trastuzumab in HER2-amplified metastatic colorectal cancer: an integrated analysis of TRIUMPH/MyPathway.,ESMO open,2026,Journal Article,include_context,analogous_context,unknown,pmc_available,unknown,SUB010-Q002,"Baseline ctDNA PIK3CA/RAS/BRAF resistance alterations modify response to HER2 therapy after anti-EGFR exposure, informing liquid-biopsy resistance stratification."
SUB010,pmid-42222274,42222274,PMC13220126,10.37349/etat.2026.1002375,ESR1 mutations in ER-positive breast cancer: from endocrine resistance to ctDNA-guided therapeutic interception.,Exploration of targeted anti-tumor therapy,2026,Journal Article;Review,include_context,analogous_context,unknown,pmc_available,unknown,SUB010-Q003,"ctDNA-guided ESR1 review directly addresses selection pressure, mutant clone dynamics, and co-occurring PI3K/AKT alterations in resistant breast cancer."
SUB010,pmid-42239750,42239750,PMC13228831,10.21203/rs.3.rs-9372889/v1,A Novel Patient-Derived Xenograft Model of Inflammatory Breast Cancer.,Research square,2026,Journal Article;Preprint,include_context,analogous_context,unknown,pmc_available,unknown,SUB010-Q002,PIK3CA-mutant inflammatory breast cancer PDX uses ctDNA/tumor sequencing and tests alpelisib/everolimus after refractory HER2-directed therapy.
SUB010,pmid-42263382,42263382,PMC13273583,10.1016/j.breast.2026.104831,New perspectives on endocrine therapy suitability for hormone receptor-positive metastatic breast cancer in clinical practice.,"Breast (Edinburgh, Scotland)",2026,Journal Article;Review,include_context,review_or_background,unknown,pmc_available,unknown,SUB010-Q001,"HR+/HER2- metastatic breast cancer review frames dynamic disease, PIK3CA biomarkers, and sequencing questions relevant to heterogeneous pathway dependence."
SUB010,pmid-42351448,42351448,PMC13298351,10.3390/diagnostics16121790,"Post-CDK4/6 Inhibitor Therapeutic Approaches in Hormone Receptor-Positive, HER2-Negative Metastatic Breast Cancer: Current Evidence and Emerging Strategies-A Narrative Review.","Diagnostics (Basel, Switzerland)",2026,Journal Article;Review,include_context,review_or_background,unknown,pmc_available,unknown,SUB010-Q002;SUB010-Q003,"Post-CDK4/6 HR+/HER2- breast cancer review contextualizes alpelisib, PIK3CA testing, ctDNA surveillance, and acquired resistance sequencing."
SUB010,pmid-42419085,42419085,PMC13380046,10.1016/j.esmoop.2026.107706,Phase II study of trastuzumab-pkrb plus gedatolisib in patients with HER2-positive metastatic breast cancer who progressed after two or more HER2-directed therapies.,ESMO open,2026,"Journal Article;Clinical Trial, Phase II;Multicenter Study",include_context,clinical_or_translational,unknown,pmc_available,unknown,SUB010-Q002,Clinical PI3K-pathway inhibitor combination in PIK3CA-altered breast cancer reports ctDNA dynamics associated with outcomes.
SUB010,pmid-25409150,25409150,PMC4326538,10.1038/nature13948,Convergent loss of PTEN leads to clinical resistance to a PI(3)Kα inhibitor.,Nature,2014,"Journal Article;Research Support, N.I.H., Extramural;Research Support, Non-U.S. Gov't",include_primary,clinical_or_translational,unknown,pmc_available,unknown,SUB010-Q003,Direct serial clinical resistance evidence showing convergent PTEN loss after PI3K-alpha inhibitor therapy.
SUB010,pmid-32864625,32864625,PMC7450824,10.1038/s43018-020-0047-1,Alterations in PTEN and ESR1 promote clinical resistance to alpelisib plus aromatase inhibitors.,Nature cancer,2020,"Journal Article;Research Support, N.I.H., Extramural;Research Support, Non-U.S. Gov't;Research Support, U.S. Gov't, Non-P.H.S.",include_primary,primary_mechanism,unknown,pmc_available,unknown,SUB010-Q002,Longitudinal tumor and ctDNA analysis directly links acquired PTEN/ESR1 alterations to alpelisib resistance and clonal evolution.
SUB010,pmid-35771551,35771551,unknown,10.1158/2159-8290.CD-21-1696,"Alpelisib Monotherapy for PI3K-Altered, Pretreated Advanced Breast Cancer: A Phase II Study.",Cancer discovery,2022,"Clinical Trial, Phase II;Journal Article;Research Support, Non-U.S. Gov't",include_primary,clinical_or_translational,unknown,abstract_available,unknown,SUB010-Q002,Alpelisib monotherapy trial in PI3K-altered breast cancer provides clinical outcome heterogeneity context.
SUB010,pmid-36892268,36892268,PMC10552898,10.1002/1878-0261.13416,"ER+, HER2- advanced breast cancer treated with taselisib and fulvestrant: genomic landscape and associated clinical outcomes.",Molecular oncology,2023,"Journal Article;Research Support, Non-U.S. Gov't",include_primary,clinical_or_translational,unknown,pmc_available,unknown,SUB010-Q002,Taselisib plus fulvestrant genomic landscape links baseline alterations with clinical outcomes.
SUB010,pmid-37101291,37101291,PMC10131374,10.1186/s13073-023-01181-8,"Multiple PIK3CA mutation clonality correlates with outcomes in taselisib + fulvestrant-treated ER+/HER2-, PIK3CA-mutated breast cancers.",Genome medicine,2023,"Journal Article;Research Support, Non-U.S. Gov't",include_primary,clinical_or_translational,unknown,pmc_available,unknown,SUB010-Q001;SUB010-Q002,Multiple PIK3CA mutation clonality correlates with outcomes on taselisib plus fulvestrant.
SUB010,pmid-37916958,37916958,PMC10850944,10.1158/2159-8290.CD-23-0704,Allosteric PI3Kα Inhibition Overcomes On-target Resistance to Orthosteric Inhibitors Mediated by Secondary PIK3CA Mutations.,Cancer discovery,2024,"Journal Article;Research Support, U.S. Gov't, Non-P.H.S.;Research Support, N.I.H., Extramural",include_primary,clinical_or_translational,unknown,pmc_available,unknown,SUB010-Q002;SUB010-Q004,Serial liquid biopsy and rapid autopsy cohort directly links PI3K-alpha inhibitor resistance to acquired subclonal alterations.
SUB011,pmid-27923679,27923679,PMC5704952,10.1016/j.bbcan.2016.11.005,Evolutionary scalpels for dissecting tumor ecosystems.,Biochimica et biophysica acta. Reviews on cancer,2016,"Journal Article;Research Support, N.I.H., Extramural;Review",include_context,analogous_context,unknown,pmc_available,unknown,SUB011-Q003,"Non-genetic plasticity background is useful only as hypothesis context, not direct PI3K-alpha resistance evidence."
SUB011,pmid-28620412,28620412,PMC5450061,10.3389/fgene.2017.00073,Single-Cell mRNA Sequencing in Cancer Research: Integrating the Genomic Fingerprint.,Frontiers in genetics,2017,Journal Article;Review,include_context,analogous_context,unknown,pmc_available,unknown,SUB011-Q003,"Non-genetic plasticity background is useful only as hypothesis context, not direct PI3K-alpha resistance evidence."
SUB011,pmid-28881849,28881849,PMC5581148,10.18632/oncotarget.17893,Advances in single-cell RNA sequencing and its applications in cancer research.,Oncotarget,2017,Journal Article;Review,include_context,analogous_context,unknown,pmc_available,unknown,SUB011-Q003,"Non-genetic plasticity background is useful only as hypothesis context, not direct PI3K-alpha resistance evidence."
SUB011,pmid-29366906,29366906,unknown,10.1016/j.semcancer.2018.01.010,Intratumor heterogeneity in epigenetic patterns.,Seminars in cancer biology,2018,"Journal Article;Research Support, Non-U.S. Gov't;Review",include_context,analogous_context,unknown,abstract_available,unknown,SUB011-Q001;SUB011-Q002;SUB011-Q004,"Non-genetic plasticity background is useful only as hypothesis context, not direct PI3K-alpha resistance evidence."
SUB011,pmid-29732370,29732370,PMC5921997,10.3389/fcell.2018.00044,Microenvironmental Signals and Biochemical Information Processing: Cooperative Determinants of Intratumoral Plasticity and Heterogeneity.,Frontiers in cell and developmental biology,2018,Journal Article;Review,include_context,analogous_context,unknown,pmc_available,unknown,SUB011-Q002;SUB011-Q004,"Non-genetic plasticity background is useful only as hypothesis context, not direct PI3K-alpha resistance evidence."
SUB011,pmid-30987806,30987806,PMC6579620,10.1016/j.tcb.2019.03.003,Intratumoral Heterogeneity: More Than Just Mutations.,Trends in cell biology,2019,"Journal Article;Research Support, N.I.H., Extramural;Research Support, Non-U.S. Gov't;Review",include_context,analogous_context,unknown,pmc_available,unknown,SUB011-Q003,"Non-genetic plasticity background is useful only as hypothesis context, not direct PI3K-alpha resistance evidence."
SUB011,pmid-32223079,32223079,unknown,10.1002/pmic.201900271,Single-Cell Multi-Omics and Its Prospective Application in Cancer Biology.,Proteomics,2020,"Journal Article;Research Support, Non-U.S. Gov't;Review",include_context,analogous_context,unknown,abstract_available,unknown,SUB011-Q003,"Non-genetic plasticity background is useful only as hypothesis context, not direct PI3K-alpha resistance evidence."
SUB011,pmid-32807900,32807900,PMC8450921,10.1038/s41576-020-0265-5,Integrating genetic and non-genetic determinants of cancer evolution by single-cell multi-omics.,Nature reviews. Genetics,2020,Journal Article;Review,include_context,analogous_context,unknown,pmc_available,unknown,SUB011-Q002;SUB011-Q004,"Non-genetic plasticity background is useful only as hypothesis context, not direct PI3K-alpha resistance evidence."
SUB011,pmid-33436349,33436349,unknown,10.1016/j.trecan.2020.12.006,Illuminating Non-genetic Cellular Heterogeneity with Imaging-Based Spatial Proteomics.,Trends in cancer,2021,Journal Article;Review,include_context,analogous_context,unknown,abstract_available,unknown,SUB011-Q002;SUB011-Q004,"Non-genetic plasticity background is useful only as hypothesis context, not direct PI3K-alpha resistance evidence."
SUB011,pmid-33712615,33712615,PMC7955121,10.1038/s41467-021-21884-z,Single-cell transcriptional changes associated with drug tolerance and response to combination therapies in cancer.,Nature communications,2021,"Journal Article;Research Support, N.I.H., Extramural",include_context,review_or_background,unknown,pmc_available,unknown,SUB011-Q003,Single-cell drug tolerance study provides broad methods and combination-response context.
SUB011,pmid-33865994,33865994,unknown,10.1016/j.critrevonc.2021.103334,PI3K inhibition in breast cancer: Identifying and overcoming different flavors of resistance.,Critical reviews in oncology/hematology,2021,Journal Article;Review,include_context,review_or_background,unknown,abstract_available,unknown,SUB011-Q003,PI3K inhibition breast-cancer review is useful but only background for plasticity-specific resistance.
SUB011,pmid-34105295,34105295,PMC8188185,10.1002/advs.202003897,Single-Cell Transcriptome Analysis Uncovers Intratumoral Heterogeneity and Underlying Mechanisms for Drug Resistance in Hepatobiliary Tumor Organoids.,"Advanced science (Weinheim, Baden-Wurttemberg, Germany)",2021,"Journal Article;Research Support, Non-U.S. Gov't",include_context,analogous_context,unknown,pmc_available,unknown,SUB011-Q003,"Hepatobiliary organoid heterogeneity study supports general drug-resistance plasticity context, not PI3K-alpha-specific exposure."
SUB011,pmid-34591417,34591417,PMC8763000,10.20892/j.issn.2095-3941.2021.0267,Single-cell trajectories of melanoma cell resistance to targeted treatment.,Cancer biology & medicine,2021,Journal Article,include_context,analogous_context,unknown,pmc_available,unknown,SUB011-Q002;SUB011-Q003;SUB011-Q004,Melanoma targeted-treatment trajectories are useful plasticity analogy but not PI3K-alpha inhibitor resistance.
SUB011,pmid-34594037,34594037,PMC8675181,10.1038/s41588-021-00927-7,"Epigenetic encoding, heritability and plasticity of glioma transcriptional cell states.",Nature genetics,2021,"Journal Article;Research Support, N.I.H., Extramural;Research Support, Non-U.S. Gov't",include_context,review_or_background,unknown,pmc_available,unknown,SUB011-Q001;SUB011-Q002;SUB011-Q004,Glioma transcriptional-state plasticity review frames epigenetic resistance states.
SUB011,pmid-34712959,34712959,PMC8547038,10.1038/s43018-021-00215-7,Serial single-cell genomics reveals convergent subclonal evolution of resistance as early-stage breast cancer patients progress on endocrine plus CDK4/6 therapy.,Nature cancer,2021,"Journal Article;Research Support, N.I.H., Extramural;Research Support, U.S. Gov't, Non-P.H.S.",include_context,analogous_context,unknown,pmc_available,unknown,SUB011-Q003,Serial single-cell endocrine/CDK4/6 resistance study is relevant plasticity background but lacks PI3K-alpha inhibitor exposure.
SUB011,pmid-34864916,34864916,PMC8990373,10.1182/blood.2021013442,"Single-cell multiomics reveals increased plasticity, resistant populations, and stem-cell-like blasts in KMT2A-rearranged leukemia.",Blood,2022,"Journal Article;Research Support, N.I.H., Extramural;Research Support, Non-U.S. Gov't;Research Support, U.S. Gov't, Non-P.H.S.",include_context,analogous_context,unknown,pmc_available,unknown,SUB011-Q001,Single-cell multiomics leukemia study links plastic/stem-like populations to resistance.
SUB011,pmid-34890551,34890551,PMC8822455,10.1016/j.cell.2021.11.017,"Microenvironment drives cell state, plasticity, and drug response in pancreatic cancer.",Cell,2021,"Journal Article;Research Support, N.I.H., Extramural;Research Support, Non-U.S. Gov't",include_context,analogous_context,unknown,pmc_available,unknown,SUB011-Q002;SUB011-Q004,Microenvironment-driven cell state and drug response in pancreatic cancer gives analogous plasticity context.
SUB011,pmid-34918370,34918370,PMC8762559,10.15252/embj.2021109221,Deciphering functional tumor states at single-cell resolution.,The EMBO journal,2021,Journal Article;Review,include_context,review_or_background,unknown,pmc_available,unknown,SUB011-Q002;SUB011-Q004,Single-cell tumor-state review provides conceptual background for functional state definitions.
SUB011,pmid-35058087,35058087,PMC9018600,10.1016/j.eururo.2021.12.039,Pre-existing Castration-resistant Prostate Cancer-like Cells in Primary Prostate Cancer Promote Resistance to Hormonal Therapy.,European urology,2022,"Journal Article;Research Support, N.I.H., Extramural;Research Support, Non-U.S. Gov't",include_context,analogous_context,unknown,pmc_available,unknown,SUB011-Q001;SUB011-Q002;SUB011-Q004,Pre-existing resistant-like prostate cancer cells model baseline state-mediated resistance.
SUB011,pmid-35078159,35078159,PMC9190291,10.1088/1478-3975/ac4ee2,Roadmap on plasticity and epigenetics in cancer.,Physical biology,2022,Journal Article;Review,include_context,review_or_background,unknown,pmc_available,unknown,SUB011-Q002;SUB011-Q004,Cancer plasticity and epigenetics roadmap gives broad context for non-genetic resistance.
SUB011,pmid-35523183,35523183,PMC9452598,10.1016/j.cell.2022.04.015,"Lineage tracing reveals the phylodynamics, plasticity, and paths of tumor evolution.",Cell,2022,"Journal Article;Research Support, Non-U.S. Gov't;Research Support, N.I.H., Extramural",include_context,review_or_background,unknown,pmc_available,unknown,SUB011-Q001;SUB011-Q002;SUB011-Q004,Lineage tracing review provides conceptual background for tumor plasticity and evolution.
SUB011,pmid-35582229,35582229,PMC8992561,10.20517/cdr.2020.41,Decoding cancer's camouflage: epithelial-mesenchymal plasticity in resistance to immune checkpoint blockade.,"Cancer drug resistance (Alhambra, Calif.)",2020,Journal Article;Review,include_context,analogous_context,unknown,pmc_available,unknown,SUB011-Q003,"Non-genetic plasticity background is useful only as hypothesis context, not direct PI3K-alpha resistance evidence."
SUB011,pmid-35715421,35715421,PMC9206019,10.1038/s41540-022-00230-z,Single-cell characterization of step-wise acquisition of carboplatin resistance in ovarian cancer.,NPJ systems biology and applications,2022,"Journal Article;Research Support, U.S. Gov't, Non-P.H.S.;Research Support, N.I.H., Extramural;Research Support, Non-U.S. Gov't",include_context,analogous_context,unknown,pmc_available,unknown,SUB011-Q003,"Stepwise carboplatin-resistance single-cell study is an analogous plasticity model, not PI3K-alpha inhibitor evidence."
SUB011,pmid-35736000,35736000,PMC9353259,10.1158/2159-8290.CD-21-0282,Mapping Phenotypic Plasticity upon the Cancer Cell State Landscape Using Manifold Learning.,Cancer discovery,2022,"Journal Article;Research Support, U.S. Gov't, Non-P.H.S.;Research Support, N.I.H., Extramural;Research Support, Non-U.S. Gov't",include_context,review_or_background,unknown,pmc_available,unknown,SUB011-Q002;SUB011-Q004,Manifold-learning paper provides methods context for mapping phenotypic plasticity.
SUB011,pmid-35872332,35872332,PMC9378710,10.1016/j.pharmthera.2022.108253,Triple negative breast cancer (TNBC): Non-genetic tumor heterogeneity and immune microenvironment: Emerging treatment options.,Pharmacology & therapeutics,2022,"Journal Article;Review;Research Support, N.I.H., Intramural",include_context,review_or_background,unknown,pmc_available,unknown,SUB011-Q002;SUB011-Q004,TNBC non-genetic heterogeneity review provides breast-cancer plasticity context.
SUB011,pmid-35952360,35952360,PMC9532381,10.1158/0008-5472.CAN-22-1742,Systematic Comparison of Pancreatic Ductal Adenocarcinoma Models Identifies a Conserved Highly Plastic Basal Cell State.,Cancer research,2022,"Journal Article;Research Support, Non-U.S. Gov't;Research Support, N.I.H., Extramural",include_context,review_or_background,unknown,pmc_available,unknown,SUB011-Q001;SUB011-Q002;SUB011-Q004,PDAC model comparison identifies conserved highly plastic basal cell state relevant as background.
SUB011,pmid-35981096,35981096,PMC9653178,10.1126/science.abn0478,Lineage plasticity in prostate cancer depends on JAK/STAT inflammatory signaling.,"Science (New York, N.Y.)",2022,Journal Article,include_context,analogous_context,unknown,pmc_available,unknown,SUB011-Q001;SUB011-Q002;SUB011-Q004,JAK/STAT-dependent lineage plasticity in prostate cancer gives analogous inflammatory-state mechanism.
SUB011,pmid-36332622,36332622,unknown,10.1016/j.ccell.2022.10.011,FOXA2 drives lineage plasticity and KIT pathway activation in neuroendocrine prostate cancer.,Cancer cell,2022,"Journal Article;Research Support, Non-U.S. Gov't",include_context,analogous_context,unknown,abstract_available,unknown,SUB011-Q001;SUB011-Q002;SUB011-Q004,FOXA2 lineage plasticity in neuroendocrine prostate cancer provides analogous lineage-adaptation evidence.
SUB011,pmid-36540278,36540278,PMC9760048,10.2147/BCTT.S388534,Advances in Single-Cell Sequencing Technology and Its Applications in Triple-Negative Breast Cancer.,Breast cancer (Dove Medical Press),2022,Journal Article;Review,include_context,review_or_background,unknown,pmc_available,unknown,SUB011-Q003,Single-cell sequencing review in TNBC gives plasticity context but does not show PI3K-alpha inhibitor-induced state change.
SUB011,pmid-36759978,36759978,unknown,unknown,[Cancer Phenotypic Plasticity and Therapeutic Resistance].,Gan to kagaku ryoho. Cancer & chemotherapy,2023,English Abstract;Journal Article,include_context,review_or_background,unknown,abstract_available,unknown,SUB011-Q002;SUB011-Q004,Phenotypic plasticity and therapeutic resistance review frames the subsection concept.
SUB011,pmid-36859337,36859337,PMC9979432,10.1186/s13058-023-01621-8,Lineage plasticity enables low-ER luminal tumors to evolve and gain basal-like traits.,Breast cancer research : BCR,2023,"Journal Article;Research Support, N.I.H., Extramural",include_context,analogous_context,unknown,pmc_available,unknown,SUB011-Q001;SUB011-Q002;SUB011-Q004,"Single-cell, lineage, EMT, metabolic, or cancer-cell-state plasticity literature provides hypothesis-level context for non-genetic escape."
SUB011,pmid-36882525,36882525,PMC10122711,10.1038/s41388-023-02655-0,TRIM28 promotes luminal cell plasticity in a mouse model of prostate cancer.,Oncogene,2023,"Journal Article;Research Support, N.I.H., Extramural",include_context,analogous_context,unknown,pmc_available,unknown,SUB011-Q001,"Single-cell, lineage, EMT, metabolic, or cancer-cell-state plasticity literature provides hypothesis-level context for non-genetic escape."
SUB011,pmid-36897966,36897966,PMC10089157,10.1073/pnas.2122352120,Quantifying heterogeneity to drug response in cancer-stroma kinetics.,Proceedings of the National Academy of Sciences of the United States of America,2023,"Journal Article;Research Support, Non-U.S. Gov't",include_context,analogous_context,unknown,pmc_available,unknown,SUB011-Q003,"Single-cell, lineage, EMT, metabolic, or cancer-cell-state plasticity literature provides hypothesis-level context for non-genetic escape."
SUB011,pmid-37033874,37033874,PMC10077445,10.1021/acsomega.2c07989,Dynamics of Epithelial-Mesenchymal Plasticity: What Have Single-Cell Investigations Elucidated So Far?,ACS omega,2023,Journal Article;Review,include_context,analogous_context,unknown,pmc_available,unknown,SUB011-Q002;SUB011-Q004,"Single-cell, lineage, EMT, metabolic, or cancer-cell-state plasticity literature provides hypothesis-level context for non-genetic escape."
SUB011,pmid-37044095,37044095,PMC10140479,10.1016/j.xcrm.2023.101002,N-acetylcysteine overcomes NF1 loss-driven resistance to PI3Kα inhibition in breast cancer.,Cell reports. Medicine,2023,"Journal Article;Research Support, Non-U.S. Gov't",include_context,primary_mechanism,unknown,pmc_available,unknown,SUB011-Q003,"NF1-loss alpelisib resistance includes metabolic phenotype changes, but the abstract centers genetic loss rather than plasticity or lineage adaptation."
SUB011,pmid-37169858,37169858,unknown,10.1038/s41576-023-00601-0,The epithelial-mesenchymal plasticity landscape: principles of design and mechanisms of regulation.,Nature reviews. Genetics,2023,"Journal Article;Review;Research Support, Non-U.S. Gov't",include_context,analogous_context,unknown,abstract_available,unknown,SUB011-Q001;SUB011-Q002;SUB011-Q004,"Single-cell, lineage, EMT, metabolic, or cancer-cell-state plasticity literature provides hypothesis-level context for non-genetic escape."
SUB011,pmid-37248149,37248149,PMC10524913,10.1016/j.trecan.2023.05.001,Clinical and translational relevance of intratumor heterogeneity.,Trends in cancer,2023,"Journal Article;Review;Research Support, Non-U.S. Gov't;Research Support, N.I.H., Extramural",include_context,analogous_context,unknown,pmc_available,unknown,SUB011-Q003,"Single-cell, lineage, EMT, metabolic, or cancer-cell-state plasticity literature provides hypothesis-level context for non-genetic escape."
SUB011,pmid-37379213,37379213,unknown,10.1016/j.celrep.2023.112696,Single-cell transcriptomics of NRAS-mutated melanoma transitioning to drug resistance reveals P2RX7 as an indicator of early drug response.,Cell reports,2023,"Journal Article;Research Support, Non-U.S. Gov't",include_context,analogous_context,unknown,abstract_available,unknown,SUB011-Q003,"Single-cell, lineage, EMT, metabolic, or cancer-cell-state plasticity literature provides hypothesis-level context for non-genetic escape."
SUB011,pmid-37421947,37421947,PMC10394170,10.1016/j.xcrm.2023.101101,Single-cell dissection of Merkel cell carcinoma heterogeneity unveils transcriptomic plasticity and therapeutic vulnerabilities.,Cell reports. Medicine,2023,"Journal Article;Research Support, U.S. Gov't, Non-P.H.S.;Research Support, N.I.H., Extramural;Research Support, Non-U.S. Gov't",include_context,analogous_context,unknown,pmc_available,unknown,SUB011-Q002;SUB011-Q004,"Single-cell, lineage, EMT, metabolic, or cancer-cell-state plasticity literature provides hypothesis-level context for non-genetic escape."
SUB011,pmid-37561626,37561626,unknown,10.1016/j.celrep.2023.112967,PTEN regulates hematopoietic lineage plasticity via PU.1-dependent chromatin accessibility.,Cell reports,2023,"Journal Article;Research Support, Non-U.S. Gov't",include_context,analogous_context,unknown,abstract_available,unknown,SUB011-Q001;SUB011-Q002;SUB011-Q004,"Single-cell, lineage, EMT, metabolic, or cancer-cell-state plasticity literature provides hypothesis-level context for non-genetic escape."
SUB011,pmid-37563469,37563469,PMC10513932,10.1038/s42255-023-00861-4,Metabolic rewiring induced by ranolazine improves melanoma responses to targeted therapy and immunotherapy.,Nature metabolism,2023,"Journal Article;Research Support, N.I.H., Extramural;Research Support, Non-U.S. Gov't",include_context,analogous_context,unknown,pmc_available,unknown,SUB011-Q003,"Single-cell, lineage, EMT, metabolic, or cancer-cell-state plasticity literature provides hypothesis-level context for non-genetic escape."
SUB011,pmid-37658004,37658004,PMC10529478,10.1016/j.tig.2023.07.005,Single-cell dissection of tumor microenvironmental response and resistance to cancer therapy.,Trends in genetics : TIG,2023,"Journal Article;Review;Research Support, N.I.H., Extramural;Research Support, Non-U.S. Gov't",include_context,analogous_context,unknown,pmc_available,unknown,SUB011-Q003,"Single-cell, lineage, EMT, metabolic, or cancer-cell-state plasticity literature provides hypothesis-level context for non-genetic escape."
SUB011,pmid-37731743,37731743,PMC10507267,10.3389/fnetp.2023.1225736,Quantifying cancer cell plasticity with gene regulatory networks and single-cell dynamics.,Frontiers in network physiology,2023,Journal Article;Review,include_context,analogous_context,unknown,pmc_available,unknown,SUB011-Q001;SUB011-Q002;SUB011-Q004,"Single-cell, lineage, EMT, metabolic, or cancer-cell-state plasticity literature provides hypothesis-level context for non-genetic escape."
SUB011,pmid-37745469,37745469,PMC10515771,10.1101/2023.09.09.557001,Multiplexed single-cell lineage tracing of mitotic kinesin inhibitor resistance in glioblastoma.,bioRxiv : the preprint server for biology,2023,Preprint;Journal Article,include_context,analogous_context,unknown,pmc_available,unknown,SUB011-Q001;SUB011-Q003,"Single-cell, lineage, EMT, metabolic, or cancer-cell-state plasticity literature provides hypothesis-level context for non-genetic escape."
SUB011,pmid-37786705,37786705,PMC10541589,10.1101/2023.09.18.558231,Evolutionary fingerprints of EMT in pancreatic cancers.,bioRxiv : the preprint server for biology,2023,Preprint;Journal Article,include_context,analogous_context,unknown,pmc_available,unknown,SUB011-Q002;SUB011-Q004,"Single-cell, lineage, EMT, metabolic, or cancer-cell-state plasticity literature provides hypothesis-level context for non-genetic escape."
SUB011,pmid-37798249,37798249,PMC10555713,10.1093/bib/bbad338,SpaRx: elucidate single-cell spatial heterogeneity of drug responses for personalized treatment.,Briefings in bioinformatics,2023,"Journal Article;Research Support, Non-U.S. Gov't;Research Support, N.I.H., Extramural",include_context,analogous_context,unknown,pmc_available,unknown,SUB011-Q002;SUB011-Q004,"Single-cell, lineage, EMT, metabolic, or cancer-cell-state plasticity literature provides hypothesis-level context for non-genetic escape."
SUB011,pmid-37895205,37895205,PMC10606072,10.3390/genes14101856,Decoding Cancer Evolution: Integrating Genetic and Non-Genetic Insights.,Genes,2023,"Journal Article;Review;Research Support, Non-U.S. Gov't",include_context,analogous_context,unknown,pmc_available,unknown,SUB011-Q002;SUB011-Q004,"Single-cell, lineage, EMT, metabolic, or cancer-cell-state plasticity literature provides hypothesis-level context for non-genetic escape."
SUB011,pmid-37932277,37932277,PMC10628298,10.1038/s41467-023-41811-8,Disrupting cellular memory to overcome drug resistance.,Nature communications,2023,"Journal Article;Research Support, N.I.H., Extramural;Research Support, U.S. Gov't, Non-P.H.S.",include_context,analogous_context,unknown,pmc_available,unknown,SUB011-Q001;SUB011-Q002;SUB011-Q004,"Single-cell, lineage, EMT, metabolic, or cancer-cell-state plasticity literature provides hypothesis-level context for non-genetic escape."
SUB011,pmid-37943630,37943630,unknown,10.1530/ERC-23-0041,Impact of the PI3K-alpha inhibitor alpelisib on everolimus resistance and somatostatin receptor expression in an orthotopic pancreatic NEC xenograft mouse model.,Endocrine-related cancer,2023,"Journal Article;Research Support, Non-U.S. Gov't",include_context,analogous_context,unknown,abstract_available,unknown,SUB011-Q003,"Everolimus-resistant NET response to alpelisib is adjacent resistance context, not direct phenotypic plasticity after PI3K-alpha exposure."
SUB011,pmid-37977148,37977148,unknown,10.1016/j.ccell.2023.10.008,A longitudinal single-cell atlas of treatment response in pediatric AML.,Cancer cell,2023,"Journal Article;Research Support, Non-U.S. Gov't",include_context,analogous_context,unknown,abstract_available,unknown,SUB011-Q001;SUB011-Q002;SUB011-Q004,"Single-cell, lineage, EMT, metabolic, or cancer-cell-state plasticity literature provides hypothesis-level context for non-genetic escape."
SUB011,pmid-37995683,37995683,PMC10878415,10.1016/j.ccell.2023.10.009,Temporal evolution reveals bifurcated lineages in aggressive neuroendocrine small cell prostate cancer trans-differentiation.,Cancer cell,2023,"Journal Article;Research Support, Non-U.S. Gov't;Research Support, N.I.H., Extramural",include_context,analogous_context,unknown,pmc_available,unknown,SUB011-Q001;SUB011-Q002;SUB011-Q004,"Single-cell, lineage, EMT, metabolic, or cancer-cell-state plasticity literature provides hypothesis-level context for non-genetic escape."
SUB011,pmid-38129519,38129519,PMC10739852,10.1038/s42003-023-05674-5,Single-cell morphological and transcriptome analysis unveil inhibitors of polyploid giant breast cancer cells in vitro.,Communications biology,2023,"Journal Article;Research Support, N.I.H., Extramural;Research Support, Non-U.S. Gov't",include_context,analogous_context,unknown,pmc_available,unknown,SUB011-Q003,"Single-cell, lineage, EMT, metabolic, or cancer-cell-state plasticity literature provides hypothesis-level context for non-genetic escape."
SUB011,pmid-38175774,38175774,PMC10911805,10.1158/0008-5472.CAN-23-1398,Adipocyte Precursor-Derived NRG1 Promotes Resistance to FGFR Inhibition in Urothelial Carcinoma.,Cancer research,2024,"Journal Article;Research Support, N.I.H., Extramural;Research Support, Non-U.S. Gov't",include_context,analogous_context,unknown,pmc_available,unknown,SUB011-Q003,"Single-cell, lineage, EMT, metabolic, or cancer-cell-state plasticity literature provides hypothesis-level context for non-genetic escape."
SUB011,pmid-38177938,38177938,unknown,10.1038/s43588-023-00427-0,Unraveling non-genetic heterogeneity in cancer with dynamical models and computational tools.,Nature computational science,2023,"Journal Article;Review;Research Support, Non-U.S. Gov't",include_context,analogous_context,unknown,abstract_available,unknown,SUB011-Q002;SUB011-Q004,"Single-cell, lineage, EMT, metabolic, or cancer-cell-state plasticity literature provides hypothesis-level context for non-genetic escape."
SUB011,pmid-38355348,38355348,unknown,10.1016/j.tcb.2024.01.006,Functional analysis of cell plasticity using single-cell technologies.,Trends in cell biology,2024,"Journal Article;Review;Research Support, Non-U.S. Gov't",include_context,analogous_context,unknown,abstract_available,unknown,SUB011-Q001;SUB011-Q002;SUB011-Q004,"Single-cell, lineage, EMT, metabolic, or cancer-cell-state plasticity literature provides hypothesis-level context for non-genetic escape."
SUB011,pmid-38359163,38359163,PMC11142404,10.1158/0008-5472.CAN-23-0438,ASCL1 Drives Tolerance to Osimertinib in EGFR Mutant Lung Cancer in Permissive Cellular Contexts.,Cancer research,2024,Journal Article,include_context,analogous_context,unknown,pmc_available,unknown,SUB011-Q001,"Single-cell, lineage, EMT, metabolic, or cancer-cell-state plasticity literature provides hypothesis-level context for non-genetic escape."
SUB011,pmid-38409176,38409176,PMC10897991,10.1186/s13073-024-01309-4,Deciphering cancer cell state plasticity with single-cell genomics and artificial intelligence.,Genome medicine,2024,"Journal Article;Research Support, Non-U.S. Gov't",include_context,analogous_context,unknown,pmc_available,unknown,SUB011-Q002;SUB011-Q004,"Single-cell, lineage, EMT, metabolic, or cancer-cell-state plasticity literature provides hypothesis-level context for non-genetic escape."
SUB011,pmid-38519642,38519642,PMC11090790,10.1038/s41388-024-03010-7,ZEB1 controls a lineage-specific transcriptional program essential for melanoma cell state transitions.,Oncogene,2024,"Journal Article;Research Support, Non-U.S. Gov't",include_context,analogous_context,unknown,pmc_available,unknown,SUB011-Q001;SUB011-Q002;SUB011-Q004,"Single-cell, lineage, EMT, metabolic, or cancer-cell-state plasticity literature provides hypothesis-level context for non-genetic escape."
SUB011,pmid-38582099,38582099,PMC11200000,10.1002/advs.202308438,Integrative Single Cell Atlas Revealed Intratumoral Heterogeneity Generation from an Adaptive Epigenetic Cell State in Human Bladder Urothelial Carcinoma.,"Advanced science (Weinheim, Baden-Wurttemberg, Germany)",2024,"Journal Article;Research Support, Non-U.S. Gov't",include_context,analogous_context,unknown,pmc_available,unknown,SUB011-Q002;SUB011-Q004,"Single-cell, lineage, EMT, metabolic, or cancer-cell-state plasticity literature provides hypothesis-level context for non-genetic escape."
SUB011,pmid-38589411,38589411,PMC11001886,10.1038/s41467-024-47280-x,Single-cell multiomics reveals the interplay of clonal evolution and cellular plasticity in hepatoblastoma.,Nature communications,2024,Journal Article,include_context,analogous_context,unknown,pmc_available,unknown,SUB011-Q002;SUB011-Q004,"Single-cell, lineage, EMT, metabolic, or cancer-cell-state plasticity literature provides hypothesis-level context for non-genetic escape."
SUB011,pmid-38605363,38605363,PMC11008053,10.1186/s13073-024-01327-2,Single cell lineage tracing reveals clonal dynamics of anti-EGFR therapy resistance in triple negative breast cancer.,Genome medicine,2024,"Journal Article;Research Support, Non-U.S. Gov't",include_context,analogous_context,unknown,pmc_available,unknown,SUB011-Q001,"Single-cell, lineage, EMT, metabolic, or cancer-cell-state plasticity literature provides hypothesis-level context for non-genetic escape."
SUB011,pmid-38645034,38645034,PMC11030323,10.1101/2024.04.09.588340,Single Cell Analysis of Treatment-Resistant Prostate Cancer: Implications of Cell State Changes for Cell Surface Antigen Targeted Therapies.,bioRxiv : the preprint server for biology,2024,Preprint;Journal Article,include_context,analogous_context,unknown,pmc_available,unknown,SUB011-Q001;SUB011-Q002;SUB011-Q004,"Despite unknown venue label, this provides useful background for phenotypic plasticity or lineage/state adaptation tied to PI3K-alpha inhibitor resistance but is not direct proof."
SUB011,pmid-38937474,38937474,PMC11211478,10.1038/s41467-024-49360-4,Farnesyltransferase inhibition overcomes oncogene-addicted non-small cell lung cancer adaptive resistance to targeted therapies.,Nature communications,2024,Journal Article,include_context,analogous_context,unknown,pmc_available,unknown,SUB011-Q002;SUB011-Q004,"Despite unknown venue label, this provides useful background for phenotypic plasticity or lineage/state adaptation tied to PI3K-alpha inhibitor resistance but is not direct proof."
SUB011,pmid-38968122,38968122,PMC11252802,10.1073/pnas.2322203121,Single-cell analysis of treatment-resistant prostate cancer: Implications of cell state changes for cell surface antigen-targeted therapies.,Proceedings of the National Academy of Sciences of the United States of America,2024,"Journal Article;Research Support, N.I.H., Extramural",include_context,analogous_context,unknown,pmc_available,unknown,SUB011-Q001;SUB011-Q002;SUB011-Q004,"Despite unknown venue label, this provides useful background for phenotypic plasticity or lineage/state adaptation tied to PI3K-alpha inhibitor resistance but is not direct proof."
SUB011,pmid-39216232,39216232,PMC11402938,10.1016/j.ebiom.2024.105308,Single-cell RNA sequencing reveals melanoma cell state-dependent heterogeneity of response to MAPK inhibitors.,EBioMedicine,2024,Journal Article,include_context,analogous_context,unknown,pmc_available,unknown,SUB011-Q002;SUB011-Q004,"Despite unknown venue label, this provides useful background for phenotypic plasticity or lineage/state adaptation tied to PI3K-alpha inhibitor resistance but is not direct proof."
SUB011,pmid-39576855,39576855,PMC11584018,10.1126/sciadv.adn4306,Single-cell multi-omics sequencing uncovers region-specific plasticity of glioblastoma for complementary therapeutic targeting.,Science advances,2024,"Journal Article;Research Support, Non-U.S. Gov't",include_context,analogous_context,unknown,pmc_available,unknown,SUB011-Q003,"Despite unknown venue label, this provides useful background for phenotypic plasticity or lineage/state adaptation tied to PI3K-alpha inhibitor resistance but is not direct proof."
SUB011,pmid-39743630,39743630,PMC11701123,10.1038/s41422-024-01025-z,LKB1 inactivation promotes epigenetic remodeling-induced lineage plasticity and antiandrogen resistance in prostate cancer.,Cell research,2025,Journal Article,include_context,analogous_context,unknown,pmc_available,unknown,SUB011-Q001;SUB011-Q002;SUB011-Q004,"Despite unknown venue label, this provides useful background for phenotypic plasticity or lineage/state adaptation tied to PI3K-alpha inhibitor resistance but is not direct proof."
SUB011,pmid-39818200,39818200,unknown,10.1016/j.cels.2024.12.007,Modeling non-genetic adaptation in tumor cells.,Cell systems,2025,Journal Article,include_context,analogous_context,unknown,abstract_available,unknown,SUB011-Q002;SUB011-Q004,"Despite unknown venue label, this provides useful background for phenotypic plasticity or lineage/state adaptation tied to PI3K-alpha inhibitor resistance but is not direct proof."
SUB011,pmid-39837278,39837278,unknown,10.1016/j.devcel.2024.12.018,Plasticity in metastatic colorectal cancer.,Developmental cell,2025,Journal Article,include_context,analogous_context,unknown,abstract_available,unknown,SUB011-Q002;SUB011-Q004,"Despite unknown venue label, this provides useful background for phenotypic plasticity or lineage/state adaptation tied to PI3K-alpha inhibitor resistance but is not direct proof."
SUB011,pmid-39941808,39941808,PMC11816170,10.3390/cancers17030441,Heterogeneity in Cancer.,Cancers,2025,Journal Article;Review,include_context,analogous_context,unknown,pmc_available,unknown,SUB011-Q003,"Despite unknown venue label, this provides useful background for phenotypic plasticity or lineage/state adaptation tied to PI3K-alpha inhibitor resistance but is not direct proof."
SUB011,pmid-40230213,40230213,PMC11997551,10.1158/0008-5472.CAN-23-4022,Lineage Tracing and Single-Cell RNA Sequencing Reveal a Common Transcriptional State in Breast Cancer Tumor-Initiating Cells Characterized by IFN/STAT1 Activity.,Cancer research,2025,"Journal Article;Research Support, N.I.H., Extramural;Research Support, Non-U.S. Gov't",include_context,analogous_context,unknown,pmc_available,unknown,SUB011-Q002;SUB011-Q004,Breast tumor-initiating cell single-cell study offers lineage/state context but no PI3K-alpha treatment link.
SUB011,pmid-40264166,40264166,PMC12016338,10.1186/s12943-025-02311-z,LSD1 inhibition attenuates targeted therapy-induced lineage plasticity in BRAF mutant colorectal cancer.,Molecular cancer,2025,Journal Article,include_context,analogous_context,unknown,pmc_available,unknown,SUB011-Q001;SUB011-Q002;SUB011-Q004,BRAF/EGFR inhibitor-induced lineage plasticity is useful analogy but not PI3K-alpha inhibitor evidence.
SUB011,pmid-40499006,40499006,PMC12314525,10.1158/0008-5472.CAN-25-0999,Epigenetic Heritability of Cell Plasticity Drives Cancer Drug Resistance through a One-to-Many Genotype-to-Phenotype Paradigm.,Cancer research,2025,"Journal Article;Research Support, Non-U.S. Gov't",include_context,analogous_context,unknown,pmc_available,unknown,SUB011-Q001;SUB011-Q002;SUB011-Q004,Epigenetic heritability review frames non-genetic plasticity-driven drug resistance as background.
SUB011,pmid-40809695,40809695,PMC12344368,10.3389/fcell.2025.1619597,"Cancer stem cells in personalized therapy: mechanisms, microenvironment crosstalk, and therapeutic vulnerabilities.",Frontiers in cell and developmental biology,2025,Journal Article;Review,include_context,analogous_context,unknown,pmc_available,unknown,SUB011-Q003,Cancer stem cell review provides plasticity background for therapy resistance but lacks PI3K-alpha exposure.
SUB011,pmid-41002429,41002429,PMC12469014,10.3390/cells14181464,Patient-Derived Tumor Organoids to Model Cancer Cell Plasticity and Overcome Therapeutic Resistance.,Cells,2025,Journal Article;Review,include_context,analogous_context,unknown,pmc_available,unknown,SUB011-Q001;SUB011-Q002;SUB011-Q004,"Organoid review is useful context for modeling cancer cell plasticity and therapeutic resistance, but not PI3K-alpha-specific."
SUB011,pmid-41043722,41043722,unknown,10.1016/j.jhep.2025.09.022,Targeting cell-state plasticity driven by FOXM1/CEBPB axis disrupts developmental heterogeneity and therapeutic resistance in hepatocellular carcinoma.,Journal of hepatology,2025,Journal Article,include_context,analogous_context,unknown,abstract_available,unknown,SUB011-Q002;SUB011-Q004,HCC cell-state plasticity is primary targeted-therapy resistance context but only analogous to PI3K-alpha resistance.
SUB011,pmid-41516316,41516316,PMC12785988,10.3390/ijms27010445,Lineage Plasticity and Histologic Transformation in EGFR-TKI Resistant Lung Cancer.,International journal of molecular sciences,2025,Journal Article;Review,include_context,analogous_context,unknown,pmc_available,unknown,SUB011-Q001;SUB011-Q002;SUB011-Q004,"Analogous cell-state, lineage, or phenotypic-plasticity resistance context without direct PI3K-alpha inhibitor exposure."
SUB011,pmid-41776501,41776501,PMC13162433,10.1186/s12943-026-02622-9,Clonal dynamics shaped by diverse drug-tolerant persister states in melanoma resistance.,Molecular cancer,2026,Journal Article,include_context,analogous_context,unknown,pmc_available,unknown,SUB011-Q001;SUB011-Q002;SUB011-Q004,"Analogous cell-state, lineage, or phenotypic-plasticity resistance context without direct PI3K-alpha inhibitor exposure."
SUB011,pmid-41817574,41817574,PMC13266349,10.1158/0008-5472.CAN-25-0766,PI3K and MAPK Signaling Nodes Serve as Divergent Drivers of Phenotypic Plasticity in Cancer-Associated Fibroblasts in Colorectal Cancer.,Cancer research,2026,Journal Article,include_context,analogous_context,unknown,pmc_available,unknown,SUB011-Q001,"Analogous cell-state, lineage, or phenotypic-plasticity resistance context without direct PI3K-alpha inhibitor exposure."
SUB011,pmid-41923619,41923619,PMC13130694,10.1016/j.xcrm.2026.102712,Targeting TPX2-dependent lineage plasticity by CDK4/6 inhibition reverses therapy resistance in neuroendocrine bladder carcinoma.,Cell reports. Medicine,2026,Journal Article,include_context,analogous_context,unknown,pmc_available,unknown,SUB011-Q001;SUB011-Q002;SUB011-Q003;SUB011-Q004,"Analogous cell-state, lineage, or phenotypic-plasticity resistance context without direct PI3K-alpha inhibitor exposure."
SUB011,pmid-42167227,42167227,PMC13417870,10.1016/j.ccell.2026.04.009,Concurrent genetic and non-genetic resistance mechanisms to KRAS inhibition in colorectal cancer.,Cancer cell,2026,Journal Article,include_context,analogous_context,unknown,pmc_available,unknown,SUB011-Q002;SUB011-Q004,"Analogous cell-state, lineage, or phenotypic-plasticity resistance context without direct PI3K-alpha inhibitor exposure."
SUB011,pmid-42365380,42365380,unknown,10.1186/s13073-026-01690-2,ESR1 mutations and CDK4/6 inhibitor choice shape clonal selection and adaptive cell states during acquired resistance.,Genome medicine,2026,Journal Article,include_context,analogous_context,unknown,abstract_available,unknown,SUB011-Q001;SUB011-Q002;SUB011-Q003;SUB011-Q004,"Analogous cell-state, lineage, or phenotypic-plasticity resistance context without direct PI3K-alpha inhibitor exposure."
SUB011,pmid-42404587,42404587,PMC13329129,10.1002/mco2.70812,Cancer Heterogeneity and Cancer Cell Plasticity: Molecular Mechanisms and Precision Therapy.,MedComm,2026,Journal Article;Review,include_context,analogous_context,unknown,pmc_available,unknown,SUB011-Q003,"Analogous cell-state, lineage, or phenotypic-plasticity resistance context without direct PI3K-alpha inhibitor exposure."
SUB012,pmid-16753575,16753575,unknown,10.1016/j.cmet.2006.05.003,"Nutrient overload, insulin resistance, and ribosomal protein S6 kinase 1, S6K1.",Cell metabolism,2006,Journal Article;Review,include_context,review_or_background,unknown,abstract_available,unknown,SUB012-Q002;SUB012-Q003,Nutrient overload/insulin/S6K review provides metabolic-feedback background relevant to PI3K inhibitor hyperinsulinemia.
SUB012,pmid-21822287,21822287,PMC3169724,10.1038/nm.2402,Oncogenic PIK3CA-driven mammary tumors frequently recur via PI3K pathway-dependent and PI3K pathway-independent mechanisms.,Nature medicine,2011,"Journal Article;Research Support, N.I.H., Extramural;Research Support, Non-U.S. Gov't;Research Support, U.S. Gov't, Non-P.H.S.",include_context,analogous_context,unknown,pmc_available,unknown,SUB012-Q002;SUB012-Q003,PIK3CA-driven tumor recurrence mechanisms are resistance context but not specifically metabolic or microenvironmental escape.
SUB012,pmid-24265156,24265156,PMC3864542,10.1158/2159-8290.CD-13-0063,What a tangled web we weave: emerging resistance mechanisms to inhibition of the phosphoinositide 3-kinase pathway.,Cancer discovery,2013,"Journal Article;Research Support, N.I.H., Extramural;Research Support, Non-U.S. Gov't;Review",include_context,review_or_background,unknown,pmc_available,unknown,SUB012-Q002;SUB012-Q003,Resistance-mechanism review is useful context for PI3K pathway escape categories.
SUB012,pmid-25053989,25053989,PMC4091530,10.18632/genesandcancer.10,Amphiregulin and PTEN evoke a multimodal mechanism of acquired resistance to PI3K inhibition.,Genes & cancer,2014,Journal Article,include_context,analogous_context,unknown,pmc_available,unknown,SUB012-Q002;SUB012-Q003,"Amphiregulin/PTEN acquired PI3K resistance suggests escape signaling, but metabolic or microenvironmental causality is indirect in the abstract."
SUB012,pmid-25088603,25088603,unknown,10.1016/j.jbior.2014.07.002,PTEN expression and function in adult cancer stem cells and prospects for therapeutic targeting.,Advances in biological regulation,2014,"Journal Article;Research Support, Non-U.S. Gov't;Review",include_context,review_or_background,unknown,abstract_available,unknown,SUB012-Q002;SUB012-Q003,"Cancer stem cell/PTEN review provides background for resistant cellular states, not direct metabolic PI3K-alpha evidence."
SUB012,pmid-25306975,25306975,unknown,10.1586/14737140.2015.961429,PI3K/AKT/mTOR pathway inhibitors: the ideal combination partners for breast cancer therapies?,Expert review of anticancer therapy,2014,"Journal Article;Research Support, Non-U.S. Gov't;Review",include_context,review_or_background,unknown,abstract_available,unknown,SUB012-Q002;SUB012-Q003,Breast PI3K/AKT/mTOR combination review gives broad context for escape-oriented combinations.
SUB012,pmid-25628917,25628917,PMC4300701,unknown,MYC-xing it up with PIK3CA mutation and resistance to PI3K inhibitors: summit of two giants in breast cancers.,American journal of cancer research,2014,Journal Article;Review,include_context,review_or_background,unknown,pmc_available,unknown,SUB012-Q002;SUB012-Q003,Commentary on MYC/PIK3CA and PI3K inhibitor resistance is useful hypothesis context for noncanonical escape.
SUB012,pmid-25757539,25757539,unknown,10.1007/s12032-015-0554-6,PI3K/AKT/mTOR pathway is activated after imatinib secondary resistance in gastrointestinal stromal tumors (GISTs).,"Medical oncology (Northwood, London, England)",2015,"Journal Article;Research Support, Non-U.S. Gov't",include_context,review_or_background,unknown,abstract_available,unknown,SUB012-Q003,"Context for PI3K-linked metabolism, stroma, immune effects, or pharmacodynamic setting without direct PI3K-alpha escape proof."
SUB012,pmid-26045339,26045339,PMC4584169,10.1016/j.molonc.2015.04.014,PTEN loss is a context-dependent outcome determinant in obese and non-obese endometrioid endometrial cancer patients.,Molecular oncology,2015,"Journal Article;Research Support, N.I.H., Extramural;Research Support, Non-U.S. Gov't",include_context,review_or_background,unknown,pmc_available,unknown,SUB012-Q002;SUB012-Q003,"Context for PI3K-linked metabolism, stroma, immune effects, or pharmacodynamic setting without direct PI3K-alpha escape proof."
SUB012,pmid-26917948,26917948,PMC4762492,10.4137/TOG.S30529,Pharmacodynamic Biomarker Development for PI3K Pathway Therapeutics.,Translational oncogenomics,2016,Journal Article;Review,include_context,review_or_background,unknown,pmc_available,unknown,SUB012-Q002,"Context for PI3K-linked metabolism, stroma, immune effects, or pharmacodynamic setting without direct PI3K-alpha escape proof."
SUB012,pmid-27655435,27655435,PMC5293166,10.1158/2159-8290.CD-16-0716,"Targeting PI3K in Cancer: Impact on Tumor Cells, Their Protective Stroma, Angiogenesis, and Immunotherapy.",Cancer discovery,2016,Journal Article;Review,include_context,review_or_background,unknown,pmc_available,unknown,SUB012-Q002,"Review is useful for stroma, angiogenesis, and immunotherapy context around PI3K targeting but not direct primary evidence."
SUB012,pmid-28343126,28343126,PMC5482768,10.1016/j.ceb.2017.02.007,PI3K signaling in cancer: beyond AKT.,Current opinion in cell biology,2017,Journal Article;Review,include_context,review_or_background,unknown,pmc_available,unknown,SUB012-Q003,"Context for PI3K-linked metabolism, stroma, immune effects, or pharmacodynamic setting without direct PI3K-alpha escape proof."
SUB012,pmid-28969535,28969535,unknown,10.2174/1568009617666170927114440,The PI3K Pathway at the Crossroads of Cancer and the Immune System: Strategies for Next Generation Immunotherapy Combinations.,Current cancer drug targets,2018,Journal Article;Review,include_context,review_or_background,unknown,abstract_available,unknown,SUB012-Q002;SUB012-Q003,"Context for PI3K-linked metabolism, stroma, immune effects, or pharmacodynamic setting without direct PI3K-alpha escape proof."
SUB012,pmid-29219001,29219001,unknown,10.2217/fon-2017-0588,"PI3K in cancer: its structure, activation modes and role in shaping tumor microenvironment.","Future oncology (London, England)",2017,Journal Article;Review,include_context,review_or_background,unknown,abstract_available,unknown,SUB012-Q002,Review helps frame PI3K activation and tumor microenvironment biology but is not primary resistance evidence.
SUB012,pmid-30237504,30237504,PMC6148236,10.1038/s41419-018-1025-8,IGF1R upregulation confers resistance to isoform-specific inhibitors of PI3K in PIK3CA-driven ovarian cancer.,Cell death & disease,2018,"Journal Article;Research Support, Non-U.S. Gov't",include_context,analogous_context,unknown,pmc_available,unknown,SUB012-Q003,"IGF1R upregulation is relevant bypass context, but it is not metabolic or microenvironmental escape evidence for PI3K-alpha inhibition."
SUB012,pmid-32252811,32252811,PMC7137211,10.1186/s13058-020-01271-0,Everolimus versus alpelisib in advanced hormone receptor-positive HER2-negative breast cancer: targeting different nodes of the PI3K/AKT/mTORC1 pathway with different clinical implications.,Breast cancer research : BCR,2020,"Comparative Study;Journal Article;Research Support, Non-U.S. Gov't;Review",include_context,review_or_background,unknown,pmc_available,unknown,SUB012-Q001,Context for PI3K inhibitor resistance/adverse biology that may frame metabolic or microenvironmental escape.
SUB012,pmid-32274666,32274666,unknown,10.1007/s10549-020-05618-1,Mechanistic basis for PI3K inhibitor antitumor activity and adverse reactions in advanced breast cancer.,Breast cancer research and treatment,2020,Journal Article;Review,include_context,review_or_background,unknown,abstract_available,unknown,SUB012-Q002,Context for PI3K inhibitor resistance/adverse biology that may frame metabolic or microenvironmental escape.
SUB012,pmid-32640259,32640259,unknown,10.1016/j.immuni.2020.06.016,An Oncogenic Alteration Creates a Microenvironment that Promotes Tumor Progression by Conferring a Metabolic Advantage to Regulatory T Cells.,Immunity,2020,"Journal Article;Research Support, Non-U.S. Gov't",include_context,analogous_context,unknown,abstract_available,unknown,SUB012-Q003,"RHOA-mutant immune-metabolic microenvironment explains ICB resistance, not resistance to PI3K-alpha inhibition."
SUB012,pmid-32672423,32672423,PMC7411640,10.15252/emmm.202011987,Combined targeting of G protein-coupled receptor and EGF receptor signaling overcomes resistance to PI3K pathway inhibitors in PTEN-null triple negative breast cancer.,EMBO molecular medicine,2020,"Journal Article;Research Support, Non-U.S. Gov't",include_context,analogous_context,unknown,pmc_available,unknown,SUB012-Q002;SUB012-Q003,EGFR/GPCR bypass of PI3K pathway inhibitors is useful context but centers PTEN-null PI3Kβ rather than PI3K-alpha blockade.
SUB012,pmid-33371187,33371187,PMC7765949,10.3390/cancers12123857,Proteomic Resistance Biomarkers for PI3K Inhibitor in Triple Negative Breast Cancer Patient-Derived Xenograft Models.,Cancers,2020,Journal Article,include_context,analogous_context,unknown,pmc_available,unknown,SUB012-Q002,TNBC PDX biomarker study informs PI3K inhibitor resistance but is pan-PI3K and not metabolic/microenvironmental escape-specific.
SUB012,pmid-33801659,33801659,PMC8037248,10.3390/ijms22073464,PI3K Inhibitors in Cancer: Clinical Implications and Adverse Effects.,International journal of molecular sciences,2021,Journal Article;Review,include_context,review_or_background,unknown,pmc_available,unknown,SUB012-Q002;SUB012-Q003,Context for PI3K inhibitor resistance/adverse biology that may frame metabolic or microenvironmental escape.
SUB012,pmid-33810522,33810522,PMC8037590,10.3390/cancers13071538,"Mechanisms of Resistance to PI3K Inhibitors in Cancer: Adaptive Responses, Drug Tolerance and Cellular Plasticity.",Cancers,2021,Journal Article;Review,include_context,review_or_background,unknown,pmc_available,unknown,SUB012-Q002;SUB012-Q003,Context for PI3K inhibitor resistance/adverse biology that may frame metabolic or microenvironmental escape.
SUB012,pmid-33865994,33865994,unknown,10.1016/j.critrevonc.2021.103334,PI3K inhibition in breast cancer: Identifying and overcoming different flavors of resistance.,Critical reviews in oncology/hematology,2021,Journal Article;Review,include_context,review_or_background,unknown,abstract_available,unknown,SUB012-Q001,Context for PI3K inhibitor resistance/adverse biology that may frame metabolic or microenvironmental escape.
SUB012,pmid-34026830,34026830,PMC8139556,10.3389/fmolb.2021.648663,"The Role of PI3K Inhibition in the Treatment of Breast Cancer, Alone or Combined With Immune Checkpoint Inhibitors.",Frontiers in molecular biosciences,2021,Journal Article;Review,include_context,review_or_background,unknown,pmc_available,unknown,SUB012-Q002;SUB012-Q003,Context for PI3K inhibitor resistance/adverse biology that may frame metabolic or microenvironmental escape.
SUB012,pmid-34831287,34831287,PMC8616488,10.3390/cells10113065,PI3K Pathway Inhibition with NVP-BEZ235 Hinders Glycolytic Metabolism in Glioblastoma Multiforme Cells.,Cells,2021,"Journal Article;Research Support, N.I.H., Extramural;Research Support, U.S. Gov't, Non-P.H.S.",include_context,methods_or_assay,unknown,pmc_available,unknown,SUB012-Q002,PI3K/mTOR inhibition alters glycolytic programs in GBM but does not establish resistance or PI3K-alpha-specific escape.
SUB012,pmid-35484287,35484287,PMC11215755,10.1038/s41571-022-00633-1,At a crossroads: how to translate the roles of PI3K in oncogenic and metabolic signalling into improvements in cancer therapy.,Nature reviews. Clinical oncology,2022,"Journal Article;Review;Research Support, Non-U.S. Gov't;Research Support, N.I.H., Extramural",include_context,review_or_background,unknown,pmc_available,unknown,SUB012-Q003,Context for PI3K inhibitor resistance/adverse biology that may frame metabolic or microenvironmental escape.
SUB012,pmid-35719951,35719951,PMC9203999,10.3389/fonc.2022.862806,Fibroblast-Induced Paradoxical PI3K Pathway Activation in PTEN-Competent Colorectal Cancer: Implications for Therapeutic PI3K/mTOR Inhibition.,Frontiers in oncology,2022,Journal Article,include_context,analogous_context,unknown,pmc_available,unknown,SUB012-Q002;SUB012-Q003,Fibroblast-conditioned media directly affects PI3K/mTOR inhibitor response but the abstract does not test PI3K-alpha blockade.
SUB012,pmid-36243841,36243841,unknown,10.1007/978-3-031-06566-8_4,PTEN in Immunity.,Current topics in microbiology and immunology,2022,Journal Article,include_context,review_or_background,unknown,abstract_available,unknown,SUB012-Q002;SUB012-Q003,Context for PI3K inhibitor resistance/adverse biology that may frame metabolic or microenvironmental escape.
SUB012,pmid-36496978,36496978,PMC9736998,10.3390/cells11233719,NSCLC Cells Resistance to PI3K/mTOR Inhibitors Is Mediated by Delta-6 Fatty Acid Desaturase (FADS2).,Cells,2022,Journal Article,include_context,analogous_context,unknown,pmc_available,unknown,SUB012-Q002;SUB012-Q003,"FADS2 lipid remodeling mediates PI3K/mTOR inhibitor resistance in NSCLC, but it is not PI3K-alpha-specific."
SUB012,pmid-36900211,36900211,PMC10001361,10.3390/cancers15051416,Phosphoinositide 3-Kinase (PI3K) Inhibitors and Breast Cancer: An Overview of Current Achievements.,Cancers,2023,Journal Article;Review,include_context,review_or_background,unknown,pmc_available,unknown,SUB012-Q002;SUB012-Q003,Context for PI3K inhibitor resistance/adverse biology that may frame metabolic or microenvironmental escape.
SUB012,pmid-37466805,37466805,unknown,10.1007/s11030-023-10695-7,Structure-based pharmacophore modeling and DFT studies of Indian Ocean-derived red algal compounds as PI3Kα inhibitors.,Molecular diversity,2023,Journal Article,include_context,review_or_background,unknown,abstract_available,unknown,SUB012-Q001,Metabolic or microenvironmental cancer biology is relevant background but not direct PI3K-alpha inhibitor escape evidence.
SUB012,pmid-37503077,37503077,PMC10371077,10.21203/rs.3.rs-3154719/v1,Cooperative Genomic Lesions in HRAS-Mutant Cancers Predict Resistance to Farnesyltransferase Inhibitors.,Research square,2023,Preprint;Journal Article,include_context,review_or_background,unknown,pmc_available,unknown,SUB012-Q002;SUB012-Q003,PI3K-pathway metabolism or microenvironment biology provides background for escape hypotheses.
SUB012,pmid-37621172,37621172,unknown,10.1097/CCO.0000000000000971,HER2-positive breast cancer: cotargeting to overcome treatment resistance.,Current opinion in oncology,2023,Journal Article,include_context,review_or_background,unknown,abstract_available,unknown,SUB012-Q002;SUB012-Q003,PI3K-pathway metabolism or microenvironment biology provides background for escape hypotheses.
SUB012,pmid-37653631,37653631,unknown,10.2174/1389203724666230830125102,PI3K Signaling Pathways as a Molecular Target for Glioblastoma Multiforme.,Current protein & peptide science,2024,Review;Journal Article,include_context,review_or_background,unknown,abstract_available,unknown,SUB012-Q002;SUB012-Q003,PI3K-pathway metabolism or microenvironment biology provides background for escape hypotheses.
SUB012,pmid-37696083,37696083,unknown,10.1016/j.biopha.2023.115455,Molecular mechanisms of Thrombospondin-2 modulates tumor vasculogenic mimicry by PI3K/AKT/mTOR signaling pathway.,Biomedicine & pharmacotherapy = Biomedecine & pharmacotherapie,2023,Journal Article;Review,include_context,review_or_background,unknown,abstract_available,unknown,SUB012-Q001,PI3K-pathway metabolism or microenvironment biology provides background for escape hypotheses.
SUB012,pmid-37721526,37721526,PMC10841690,10.1158/1078-0432.CCR-23-1441,Suppression of Tumor Cell Lactate-generating Signaling Pathways Eradicates Murine PTEN/p53-deficient Aggressive-variant Prostate Cancer via Macrophage Phagocytosis.,Clinical cancer research : an official journal of the American Association for Cancer Research,2023,Journal Article,include_context,review_or_background,unknown,pmc_available,unknown,SUB012-Q003,Metabolic or microenvironmental cancer biology is relevant background but not direct PI3K-alpha inhibitor escape evidence.
SUB012,pmid-37725704,37725704,PMC10690091,10.1158/0008-5472.CAN-23-0694,The Next-Generation Oral Selective Estrogen Receptor Degrader Camizestrant (AZD9833) Suppresses ER+ Breast Cancer Growth and Overcomes Endocrine and CDK4/6 Inhibitor Resistance.,Cancer research,2023,"Journal Article;Research Support, Non-U.S. Gov't",include_context,review_or_background,unknown,pmc_available,unknown,SUB012-Q003,PI3K-pathway therapeutic context is adjacent but lacks a metabolic or microenvironmental escape link.
SUB012,pmid-37906695,37906695,unknown,10.1158/1535-7163.MCT-21-1037,"TAS0612, a Novel RSK, AKT, and S6K Inhibitor, Exhibits Antitumor Effects in Preclinical Tumor Models.",Molecular cancer therapeutics,2024,"Journal Article;Research Support, Non-U.S. Gov't",include_context,review_or_background,unknown,abstract_available,unknown,SUB012-Q002;SUB012-Q003,PI3K-pathway metabolism or microenvironment biology provides background for escape hypotheses.
SUB012,pmid-37935952,37935952,PMC10725385,10.1007/s10238-023-01227-6,Pan-PI3K inhibition with copanlisib overcomes Treg- and M2-TAM-mediated immune suppression and promotes anti-tumor immune responses.,Clinical and experimental medicine,2023,Journal Article,include_context,analogous_context,unknown,pmc_available,unknown,SUB012-Q002,Copanlisib immunomodulation provides microenvironment context but uses pan-PI3K inhibition rather than PI3K-alpha resistance.
SUB012,pmid-37943630,37943630,unknown,10.1530/ERC-23-0041,Impact of the PI3K-alpha inhibitor alpelisib on everolimus resistance and somatostatin receptor expression in an orthotopic pancreatic NEC xenograft mouse model.,Endocrine-related cancer,2023,"Journal Article;Research Support, Non-U.S. Gov't",include_context,review_or_background,unknown,abstract_available,unknown,SUB012-Q001,PI3K-pathway therapeutic context is adjacent but lacks a metabolic or microenvironmental escape link.
SUB012,pmid-38172946,38172946,PMC10765967,10.1186/s12967-023-04841-w,"Predictive, preventive, and personalized medicine in breast cancer: targeting the PI3K pathway.",Journal of translational medicine,2024,"Journal Article;Review;Research Support, Non-U.S. Gov't",include_context,review_or_background,unknown,pmc_available,unknown,SUB012-Q002;SUB012-Q003,PI3K-pathway metabolism or microenvironment biology provides background for escape hypotheses.
SUB012,pmid-38273040,38273040,PMC10810864,10.1038/s41698-024-00496-y,Integrative modeling uncovers p21-driven drug resistance and prioritizes therapies for PIK3CA-mutant breast cancer.,NPJ precision oncology,2024,Journal Article,include_context,review_or_background,unknown,pmc_available,unknown,SUB012-Q002;SUB012-Q003,PI3K-pathway therapeutic context is adjacent but lacks a metabolic or microenvironmental escape link.
SUB012,pmid-38311054,38311054,PMC11622984,10.1016/j.canlet.2024.216681,Endogenous pAKT activity is associated with response to AKT inhibition alone and in combination with immune checkpoint inhibition in murine models of TNBC.,Cancer letters,2024,"Journal Article;Research Support, N.I.H., Extramural;Research Support, U.S. Gov't, Non-P.H.S.;Research Support, Non-U.S. Gov't",include_context,review_or_background,unknown,pmc_available,unknown,SUB012-Q002,PI3K-pathway metabolism or microenvironment biology provides background for escape hypotheses.
SUB012,pmid-38484209,38484209,PMC10954064,10.1200/PO.23.00124,Comprehensive Analysis Identifies Variability in PI3K Pathway Alterations in Triple-Negative Breast Cancer Subtypes.,JCO precision oncology,2024,"Journal Article;Research Support, N.I.H., Extramural;Research Support, Non-U.S. Gov't",include_context,review_or_background,unknown,pmc_available,unknown,SUB012-Q002,PI3K-pathway metabolism or microenvironment biology provides background for escape hypotheses.
SUB012,pmid-38646899,38646899,unknown,10.1080/14728222.2024.2342522,Strategies and techniques for preclinical therapeutic targeting of PI3K in oncology: where do we stand in 2024?,Expert opinion on therapeutic targets,2024,Journal Article;Review,include_context,review_or_background,unknown,abstract_available,unknown,SUB012-Q002;SUB012-Q003,PI3K-pathway metabolism or microenvironment biology provides background for escape hypotheses.
SUB012,pmid-38700982,38700982,PMC11265541,10.1016/j.celrep.2024.114174,Methylation of the chromatin modifier KMT2D by SMYD2 contributes to therapeutic response in hormone-dependent breast cancer.,Cell reports,2024,"Journal Article;Research Support, N.I.H., Extramural;Research Support, Non-U.S. Gov't",include_context,review_or_background,unknown,pmc_available,unknown,SUB012-Q002,PI3K-pathway therapeutic context is adjacent but lacks a metabolic or microenvironmental escape link.
SUB012,pmid-38920692,38920692,PMC11201409,10.3390/cells13121064,Combination Therapy Approach to Overcome the Resistance to PI3K Pathway Inhibitors in Gynecological Cancers.,Cells,2024,"Journal Article;Review;Research Support, N.I.H., Intramural",include_context,review_or_background,unknown,pmc_available,unknown,SUB012-Q002;SUB012-Q003,PI3K-pathway metabolism or microenvironment biology provides background for escape hypotheses.
SUB012,pmid-38962317,38962317,PMC11220201,10.3389/fphar.2024.1355269,Dissecting gastric cancer heterogeneity and exploring therapeutic strategies using bulk and single-cell transcriptomic analysis and experimental validation of tumor microenvironment and metabolic interplay.,Frontiers in pharmacology,2024,Journal Article,include_context,review_or_background,unknown,pmc_available,unknown,SUB012-Q001,PI3K-pathway metabolism or microenvironment biology provides background for escape hypotheses.
SUB012,pmid-38986734,38986734,unknown,10.1016/j.canlet.2024.217112,PI3K PROTAC overcomes the lapatinib resistance in PIK3CA-mutant HER2 positive breast cancer.,Cancer letters,2024,Journal Article,include_context,review_or_background,unknown,abstract_available,unknown,SUB012-Q002;SUB012-Q003,PI3K-pathway therapeutic context is adjacent but lacks a metabolic or microenvironmental escape link.
SUB012,pmid-38991456,38991456,unknown,10.1016/j.prp.2024.155442,Mechanistic insights into circRNA-mediated regulation of PI3K signaling pathway in glioma progression.,"Pathology, research and practice",2024,Journal Article;Review,include_context,review_or_background,unknown,abstract_available,unknown,SUB012-Q003,PI3K-pathway metabolism or microenvironment biology provides background for escape hypotheses.
SUB012,pmid-39152269,39152269,unknown,10.1038/s41388-024-03095-0,Cooperative genomic lesions in HRAS-mutant cancers predict resistance to farnesyltransferase inhibitors.,Oncogene,2024,"Journal Article;Research Support, N.I.H., Extramural",include_context,review_or_background,unknown,abstract_available,unknown,SUB012-Q002;SUB012-Q003,PI3K-pathway metabolism or microenvironment biology provides background for escape hypotheses.
SUB012,pmid-39158100,39158100,PMC11497468,10.1182/bloodadvances.2024013205,Impact of PIK3CA gain and PTEN loss on mantle cell lymphoma biology and sensitivity to targeted therapies.,Blood advances,2024,"Journal Article;Research Support, Non-U.S. Gov't",include_context,review_or_background,unknown,pmc_available,unknown,SUB012-Q002,Metabolic or microenvironmental cancer biology is relevant background but not direct PI3K-alpha inhibitor escape evidence.
SUB012,pmid-39186679,39186679,PMC7616669,10.1158/0008-5472.CAN-23-3890,PTEN Loss Shapes Macrophage Dynamics in High-Grade Serous Ovarian Carcinoma.,Cancer research,2024,"Journal Article;Research Support, Non-U.S. Gov't",include_context,review_or_background,unknown,pmc_available,unknown,SUB012-Q002;SUB012-Q003,PI3K-pathway metabolism or microenvironment biology provides background for escape hypotheses.
SUB012,pmid-39222264,39222264,unknown,10.1007/s10142-024-01431-x,Modulatory effects of miRNAs in doxorubicin resistance: A mechanistic view.,Functional & integrative genomics,2024,Journal Article;Review,include_context,review_or_background,unknown,abstract_available,unknown,SUB012-Q003,PI3K-pathway metabolism or microenvironment biology provides background for escape hypotheses.
SUB012,pmid-39269555,39269555,unknown,10.1007/s11033-024-09895-7,IL-8 and PI3K pathway influence the susceptibility of TRAIL-sensitive colorectal cancer cells to TRAIL-induced cell death.,Molecular biology reports,2024,Journal Article,include_context,review_or_background,unknown,abstract_available,unknown,SUB012-Q002;SUB012-Q003,PI3K-pathway metabolism or microenvironment biology provides background for escape hypotheses.
SUB012,pmid-39534586,39534586,PMC11557167,10.21037/tbcr-24-29,Regulation of PI3K signaling in cancer metabolism and PI3K-targeting therapy.,Translational breast cancer research : a journal focusing on translational research in breast cancer,2024,Journal Article;Review,include_context,review_or_background,unknown,pmc_available,unknown,SUB012-Q003,Review of PI3K signaling in cancer metabolism and PI3K-targeting therapy frames metabolic escape hypotheses.
SUB012,pmid-39709507,39709507,PMC11839470,10.1038/s41417-024-00867-4,PIK3CA mutation fortifies molecular determinants for immune signaling in vascular cancers.,Cancer gene therapy,2024,Journal Article,include_context,review_or_background,unknown,pmc_available,unknown,SUB012-Q001,Metabolic or microenvironmental cancer biology is relevant background but not direct PI3K-alpha inhibitor escape evidence.
SUB012,pmid-39833955,39833955,PMC11744895,10.1186/s13046-025-03276-z,CD36 enrichment in HER2-positive mesenchymal stem cells drives therapy refractoriness in breast cancer.,Journal of experimental & clinical cancer research : CR,2025,Journal Article,include_context,analogous_context,unknown,pmc_available,unknown,SUB012-Q002;SUB012-Q003,Cancer metabolism or microenvironment resistance context is useful but not directly tied to PI3K-alpha blockade.
SUB012,pmid-39846444,39846444,unknown,10.1080/14656566.2025.2454290,An update on promising and emerging protein kinase B/AKT inhibitors for breast cancer.,Expert opinion on pharmacotherapy,2025,Journal Article;Review,include_context,review_or_background,unknown,abstract_available,unknown,SUB012-Q002;SUB012-Q003,PI3K-pathway metabolism or microenvironment biology provides background for escape hypotheses.
SUB012,pmid-39913886,39913886,PMC12002398,10.1200/PO-24-00451,Phase II Study of Copanlisib in Patients With PTEN Loss: Results From NCI-MATCH ECOG-ACRIN Trial (EAY131) Subprotocols Z1G and Z1H.,JCO precision oncology,2025,"Journal Article;Clinical Trial, Phase II",include_context,review_or_background,unknown,pmc_available,unknown,SUB012-Q001,PI3K-pathway therapeutic context is adjacent but lacks a metabolic or microenvironmental escape link.
SUB012,pmid-40020984,40020984,unknown,10.1016/j.ejphar.2025.177432,Targeting PI3K in cancer treatment: A comprehensive review with insights from clinical outcomes.,European journal of pharmacology,2025,Journal Article;Review,include_context,review_or_background,unknown,abstract_available,unknown,SUB012-Q002;SUB012-Q003,PI3K-pathway metabolism or microenvironment biology provides background for escape hypotheses.
SUB012,pmid-40038309,40038309,PMC11880427,10.1038/s41467-025-57225-7,A metabolic synthetic lethality of phosphoinositide 3-kinase-driven cancer.,Nature communications,2025,Journal Article,include_context,analogous_context,unknown,pmc_available,unknown,SUB012-Q002;SUB012-Q003,Metabolic PI3K-driven cancer vulnerability is useful background but does not directly test PI3K-alpha inhibitor escape.
SUB012,pmid-40054176,40054176,unknown,10.1016/j.phymed.2025.156516,Ginsenoside CK inhibits EMT and overcomes oxaliplatin resistance in gastric cancer by targeting the PI3K/Akt pathway.,Phytomedicine : international journal of phytotherapy and phytopharmacology,2025,Journal Article,include_context,review_or_background,unknown,abstract_available,unknown,SUB012-Q002;SUB012-Q003,PI3K-pathway metabolism or microenvironment biology provides background for escape hypotheses.
SUB012,pmid-40108909,40108909,unknown,10.2174/0113816128357976250122042633,Targeting the PI3K Pathway: Advancements and Achievements in Breast Cancer Therapy.,Current pharmaceutical design,2025,Journal Article;Review,include_context,review_or_background,unknown,abstract_available,unknown,SUB012-Q002;SUB012-Q003,PI3K-pathway metabolism or microenvironment biology provides background for escape hypotheses.
SUB012,pmid-40303293,40303293,PMC12035890,10.7150/ijbs.99275,PPARG Activation of Fatty Acid Metabolism Drives Resistance to Anti-HER2 Therapies in HER2-Positive Breast Cancer.,International journal of biological sciences,2025,"Journal Article;Research Support, Non-U.S. Gov't",include_context,review_or_background,unknown,pmc_available,unknown,SUB012-Q002;SUB012-Q003,PI3K-pathway metabolism or microenvironment biology provides background for escape hypotheses.
SUB012,pmid-40346041,40346041,PMC12064836,10.1038/s41467-025-59588-3,"Ligand-activated EGFR/MAPK signaling but not PI3K, are key resistance mechanisms to EGFR-therapy in colorectal cancer.",Nature communications,2025,Clinical Trial;Journal Article,include_context,review_or_background,unknown,pmc_available,unknown,SUB012-Q003,PI3K-pathway metabolism or microenvironment biology provides background for escape hypotheses.
SUB012,pmid-40390333,40390333,unknown,10.1080/07391102.2025.2502137,Exploring a kinase inhibitor targeting PI3KCA mutant cancer cells.,Journal of biomolecular structure & dynamics,2025,"Journal Article;Research Support, Non-U.S. Gov't",include_context,review_or_background,unknown,abstract_available,unknown,SUB012-Q001,Metabolic or microenvironmental cancer biology is relevant background but not direct PI3K-alpha inhibitor escape evidence.
SUB012,pmid-40563359,40563359,PMC12189509,10.3390/antiox14060726,Oxidized Low-Density Lipoprotein as a Potential Target for Enhancing Immune Checkpoint Inhibitor Therapy in Microsatellite-Stable Colorectal Cancer.,"Antioxidants (Basel, Switzerland)",2025,Journal Article;Review,include_context,review_or_background,unknown,pmc_available,unknown,SUB012-Q001,PI3K-pathway metabolism or microenvironment biology provides background for escape hypotheses.
SUB012,pmid-40635161,40635161,PMC12767208,10.1158/1535-7163.MCT-24-1096,BCL-2 Family Inhibition Enhances mTORC1/2 Inhibition in PIK3CA-Mutant Colorectal Cancer.,Molecular cancer therapeutics,2025,Journal Article,include_context,review_or_background,unknown,pmc_available,unknown,SUB012-Q002;SUB012-Q003,PI3K-pathway metabolism or microenvironment biology provides background for escape hypotheses.
SUB012,pmid-40770043,40770043,PMC12328627,10.1038/s41598-025-14639-z,Identification of new selective CD36 inhibitors to potentiate HER2-targeted therapy in HER2-positive breast cancer.,Scientific reports,2025,Journal Article,include_context,analogous_context,unknown,pmc_available,unknown,SUB012-Q002;SUB012-Q003,Cancer metabolism or microenvironment resistance context is useful but not directly tied to PI3K-alpha blockade.
SUB012,pmid-40837755,40837755,PMC12362534,10.4251/wjgo.v17.i8.106783,Qige San regulates paclitaxel resistance in esophageal cancer by targeting ferroptosis.,World journal of gastrointestinal oncology,2025,Journal Article,include_context,review_or_background,unknown,pmc_available,unknown,SUB012-Q003,PI3K-pathway metabolism or microenvironment biology provides background for escape hypotheses.
SUB012,pmid-40853574,40853574,PMC12378875,10.1007/s12672-025-03299-0,Lipid homeostasis dysregulation in oral cancer drives metabolic reprogramming and offers novel diagnostic and therapeutic opportunities.,Discover oncology,2025,Journal Article;Review,include_context,review_or_background,unknown,pmc_available,unknown,SUB012-Q001,PI3K-pathway metabolism or microenvironment biology provides background for escape hypotheses.
SUB012,pmid-40991650,40991650,PMC12618074,10.1172/JCI180927,USP10/GSK3β-mediated inhibition of PTEN drives resistance to PI3K inhibitors in breast cancer.,The Journal of clinical investigation,2025,"Journal Article;Research Support, Non-U.S. Gov't",include_context,review_or_background,unknown,pmc_available,unknown,SUB012-Q002;SUB012-Q003,Metabolic or microenvironmental cancer biology is relevant background but not direct PI3K-alpha inhibitor escape evidence.
SUB012,pmid-41020523,41020523,PMC12477610,10.1093/bib/bbaf510,AdaSemb: an adaptive knowledge-driven deep learning framework integrating cancer protein assemblies for predicting PI3Kα inhibitor response and resistance.,Briefings in bioinformatics,2025,Journal Article,include_context,review_or_background,unknown,pmc_available,unknown,SUB012-Q001,Metabolic or microenvironmental cancer biology is relevant background but not direct PI3K-alpha inhibitor escape evidence.
SUB012,pmid-41053162,41053162,PMC12690143,10.1038/s41416-025-03189-w,Bypassing cisplatin resistance in Nrf2 hyperactivated head and neck cancer through effective PI3Kinase targeting.,British journal of cancer,2025,Journal Article,include_context,review_or_background,unknown,pmc_available,unknown,SUB012-Q003,Metabolic or microenvironmental cancer biology is relevant background but not direct PI3K-alpha inhibitor escape evidence.
SUB012,pmid-41486700,41486700,PMC13042440,10.1002/advs.202518295,Mechanical Stimuli-Induced Manipulation of Malignant Behavior in Bioprinted Cancer Microtissues via PI3K/NF-κB Activation.,"Advanced science (Weinheim, Baden-Wurttemberg, Germany)",2026,Journal Article,include_context,review_or_background,unknown,pmc_available,unknown,SUB012-Q002;SUB012-Q003,PI3K-pathway metabolism or microenvironment biology provides background for escape hypotheses.
SUB012,pmid-41526341,41526341,PMC12796310,10.1038/s41467-025-67315-1,RAS/MEK/PI3K pathway inhibition augments response to CD40 agonism by targeting CD11b+ Bregs thereby overcoming melanoma PD1-resistance.,Nature communications,2026,Journal Article,include_context,review_or_background,unknown,pmc_available,unknown,SUB012-Q002;SUB012-Q003,PI3K-pathway metabolism or microenvironment biology provides background for escape hypotheses.
SUB012,pmid-41626633,41626633,PMC12908491,10.1093/neuonc/noaf163,Beyond base camp: PI3K/mTOR inhibition for the treatment of pediatric high-grade gliomas.,Neuro-oncology,2025,Journal Article;Review,include_context,review_or_background,unknown,pmc_available,unknown,SUB012-Q002;SUB012-Q003,PI3K-pathway metabolism or microenvironment biology provides background for escape hypotheses.
SUB012,pmid-41642416,41642416,unknown,10.1007/s11912-026-01735-0,THBS2 as a Key Regulator in Gastrointestinal Tumors: from Molecular Mechanisms to Clinical Applications.,Current oncology reports,2026,Journal Article;Review,include_context,review_or_background,unknown,abstract_available,unknown,SUB012-Q001,PI3K-pathway metabolism or microenvironment biology provides background for escape hypotheses.
SUB012,pmid-41789558,41789558,PMC13324342,10.1158/1535-7163.MCT-25-0875,Capivasertib Combines with Trastuzumab Deruxtecan to Enhance Antitumor Activity in HER2-Positive and HER2-Low Tumors.,Molecular cancer therapeutics,2026,Journal Article,include_context,review_or_background,unknown,pmc_available,unknown,SUB012-Q002,PI3K-pathway metabolism or microenvironment biology provides background for escape hypotheses.
SUB012,pmid-41899536,41899536,PMC13024778,10.3390/cancers18060932,Overcoming Trastuzumab-Pertuzumab Resistance and Optimizing Sequential Anti-HER2 Therapy in HER2-Positive Metastatic Breast Cancer.,Cancers,2026,Journal Article;Review,include_context,review_or_background,unknown,pmc_available,unknown,SUB012-Q003,PI3K-pathway metabolism or microenvironment biology provides background for escape hypotheses.
SUB012,pmid-41974248,41974248,unknown,10.1016/j.canlet.2026.218503,Integrated genomic profiling identifies predictive biomarkers for neoadjuvant therapy response in Chinese breast cancer patients.,Cancer letters,2026,Journal Article,include_context,review_or_background,unknown,abstract_available,unknown,SUB012-Q003,PI3K-pathway metabolism or microenvironment biology provides background for escape hypotheses.
SUB012,pmid-42262878,42262878,PMC13476140,10.1172/JCI203835,Epigenetic and oncogenic inhibitors converge to drive a metabolic catastrophe in castration-resistant prostate cancer.,The Journal of clinical investigation,2026,Journal Article,include_context,review_or_background,unknown,pmc_available,unknown,SUB012-Q003,PI3K-pathway metabolism or microenvironment biology provides background for escape hypotheses.
SUB012,pmid-42468791,42468791,unknown,10.1016/j.critrevonc.2026.105491,"The adipose microenvironment in colorectal cancer: Navigating the nexus of inflammation, metabolism, and metastatic reprogramming.",Critical reviews in oncology/hematology,2026,Journal Article;Review,include_context,review_or_background,unknown,abstract_available,unknown,SUB012-Q001,PI3K-pathway metabolism or microenvironment biology provides background for escape hypotheses.
SUB012,pmid-42611356,42611356,unknown,10.1007/s10585-026-10419-9,"THBS2: the key hub linking breast cancer stroma, immunity, and therapeutic response.",Clinical & experimental metastasis,2026,Journal Article;Review,include_context,review_or_background,unknown,abstract_available,unknown,SUB012-Q001,PI3K-pathway metabolism or microenvironment biology provides background for escape hypotheses.
SUB012,pmid-24405121,24405121,unknown,10.1111/bjh.12734,"PI3KCA plays a major role in multiple myeloma and its inhibition with BYL719 decreases proliferation, synergizes with other therapies and overcomes stroma-induced resistance.",British journal of haematology,2014,Journal Article,include_primary,primary_mechanism,unknown,abstract_available,unknown,SUB012-Q001,"Direct BYL719 multiple myeloma study reports overcoming stroma-induced resistance, fitting microenvironmental escape."
SUB012,pmid-31601188,31601188,PMC6785854,10.1186/s12885-019-6057-7,Interleukin-6 mediates resistance to PI3K-pathway-targeted therapy in lymphoma.,BMC cancer,2019,Journal Article,include_primary,primary_mechanism,unknown,pmc_available,unknown,SUB012-Q002;SUB012-Q003,Abstract directly reports IL-6 microenvironmental signaling mediating resistance to PI3K-pathway targeted therapy.
SUB012,pmid-32976773,32976773,PMC7562820,10.1016/j.ccell.2020.08.016,Metabolic Imaging Detects Resistance to PI3Kα Inhibition Mediated by Persistent FOXM1 Expression in ER+ Breast Cancer.,Cancer cell,2020,"Journal Article;Research Support, N.I.H., Extramural;Research Support, Non-U.S. Gov't;Research Support, U.S. Gov't, Non-P.H.S.",include_primary,primary_mechanism,unknown,pmc_available,unknown,SUB012-Q001,Persistent FOXM1 directly marks PI3K-alpha inhibitor resistance through LDH-linked metabolic imaging in ER+ breast cancer.
SUB012,pmid-33024087,33024087,PMC7538592,10.1038/s41419-020-03037-0,CD44/HA signaling mediates acquired resistance to a PI3Kα inhibitor.,Cell death & disease,2020,"Journal Article;Research Support, Non-U.S. Gov't",include_primary,primary_mechanism,unknown,pmc_available,unknown,SUB012-Q001,CD44/HA state is acquired during PI3K-alpha inhibitor resistance and restores sensitivity when disrupted.
SUB012,pmid-37044095,37044095,PMC10140479,10.1016/j.xcrm.2023.101002,N-acetylcysteine overcomes NF1 loss-driven resistance to PI3Kα inhibition in breast cancer.,Cell reports. Medicine,2023,"Journal Article;Research Support, Non-U.S. Gov't",include_primary,primary_mechanism,unknown,pmc_available,unknown,SUB012-Q001,"NF1-loss models directly connect alpelisib resistance to glycolysis, ROS state, and restored sensitivity with NAC."
SUB012,pmid-38286037,38286037,PMC11627550,10.1016/j.biopha.2024.116217,β1 integrin mediates unresponsiveness to PI3Kα inhibition for radiochemosensitization of 3D HNSCC models.,Biomedicine & pharmacotherapy = Biomedecine & pharmacotherapie,2024,Journal Article,include_primary,primary_mechanism,unknown,pmc_available,unknown,SUB012-Q001,Abstract directly links beta1-integrin/3D matrix context to unresponsiveness after PI3K-alpha inhibition with alpelisib.
SUB012,pmid-39920872,39920872,PMC11806886,10.1186/s40170-025-00375-5,CD36 inhibition enhances the anti-proliferative effects of PI3K inhibitors in PTEN-loss anti-HER2 resistant breast cancer cells.,Cancer & metabolism,2025,Journal Article,include_primary,primary_mechanism,unknown,pmc_available,unknown,SUB012-Q001;SUB012-Q003;SUB012-Q004,Abstract directly tests fatty-acid transport inhibition with alpelisib/inavolisib in PTEN-loss anti-HER2-resistant breast cancer cells.
SUB013,pmid-24748656,24748656,unknown,10.1158/1535-7163.MCT-13-0639,Picking the point of inhibition: a comparative review of PI3K/AKT/mTOR pathway inhibitors.,Molecular cancer therapeutics,2014,"Journal Article;Research Support, Non-U.S. Gov't;Review",include_context,review_or_background,unknown,abstract_available,unknown,SUB013-Q003,Comparative PI3K/AKT/mTOR inhibitor review supplies broad pathway-trial context.
SUB013,pmid-26557821,26557821,PMC4569254,10.1159/000405017,Targeted Therapies Overcoming Endocrine Resistance in Hormone Receptor-Positive Breast Cancer.,"Breast care (Basel, Switzerland)",2015,Journal Article;Review,include_context,review_or_background,unknown,pmc_available,unknown,SUB013-Q003,Endocrine-resistance targeted therapy review frames treatment landscape before alpelisib-era trials.
SUB013,pmid-27604488,27604488,PMC5050154,10.1158/2159-8290.CD-16-0305,Systematic Functional Characterization of Resistance to PI3K Inhibition in Breast Cancer.,Cancer discovery,2016,Journal Article,include_context,primary_mechanism,unknown,pmc_available,unknown,SUB013-Q003,Functional BYL719 resistance screen explains benefit limits but is not a positive clinical trial outcome paper.
SUB013,pmid-29100169,29100169,unknown,10.1016/j.ctrv.2017.09.011,"The next era of treatment for hormone receptor-positive, HER2-negative advanced breast cancer: Triplet combination-based endocrine therapies.",Cancer treatment reviews,2017,Journal Article;Review,include_context,review_or_background,unknown,abstract_available,unknown,SUB013-Q003,Triplet endocrine-therapy review frames combination trial strategies in HR+/HER2- disease.
SUB013,pmid-30608416,30608416,PMC6344177,10.1097/MD.0000000000013909,CDK4/6 inhibition versus mTOR blockade as second-line strategy in postmenopausal patients with hormone receptor-positive advanced breast cancer: A network meta-analysis.,Medicine,2019,Journal Article;Network Meta-Analysis,include_context,review_or_background,unknown,pmc_available,unknown,SUB013-Q003,Network meta-analysis comparing CDK4/6 and mTOR blockade provides trial-context background.
SUB013,pmid-31101835,31101835,PMC6525251,10.1038/s41598-019-43429-7,Combination therapy with BYL719 and LEE011 is synergistic and causes a greater suppression of p-S6 in triple negative breast cancer.,Scientific reports,2019,"Journal Article;Research Support, N.I.H., Extramural;Research Support, Non-U.S. Gov't",include_context,primary_mechanism,unknown,pmc_available,unknown,SUB013-Q001,BYL719/CDK4/6 preclinical synergy contextualizes incomplete response but is not clinical trial evidence for positive durable benefit.
SUB013,pmid-31594766,31594766,unknown,10.1158/2159-8290.CD-18-0830,PTEN Loss Mediates Clinical Cross-Resistance to CDK4/6 and PI3Kα Inhibitors in Breast Cancer.,Cancer discovery,2019,"Journal Article;Research Support, N.I.H., Extramural;Research Support, Non-U.S. Gov't",include_context,clinical_or_translational,unknown,abstract_available,unknown,SUB013-Q002,Clinical cross-resistance informs durability limits and sequencing but is not a positive PI3K-alpha trial outcome anchor.
SUB013,pmid-32252811,32252811,PMC7137211,10.1186/s13058-020-01271-0,Everolimus versus alpelisib in advanced hormone receptor-positive HER2-negative breast cancer: targeting different nodes of the PI3K/AKT/mTORC1 pathway with different clinical implications.,Breast cancer research : BCR,2020,"Comparative Study;Journal Article;Research Support, Non-U.S. Gov't;Review",include_context,review_or_background,unknown,pmc_available,unknown,SUB013-Q002,Everolimus versus alpelisib review contextualizes PI3K pathway trial implications.
SUB013,pmid-32426848,32426848,unknown,10.1002/cncr.32931,Therapy after cyclin-dependent kinase inhibition in metastatic hormone receptor-positive breast cancer: Resistance mechanisms and novel treatment strategies.,Cancer,2020,Journal Article;Review,include_context,review_or_background,unknown,abstract_available,unknown,SUB013-Q003,Post-CDK therapy review frames the clinical setting in which PI3K-alpha benefit is interpreted.
SUB013,pmid-33190190,33190190,PMC7854469,10.1007/s12325-020-01552-2,"Clinical Challenges in the Management of Hormone Receptor-Positive, Human Epidermal Growth Factor Receptor 2-Negative Metastatic Breast Cancer: A Literature Review.",Advances in therapy,2020,"Journal Article;Research Support, Non-U.S. Gov't;Review",include_context,review_or_background,unknown,pmc_available,unknown,SUB013-Q002,Alpelisib or PI3K-alpha clinical review context helps interpret positive trials without adding primary trial evidence.
SUB013,pmid-33213227,33213227,unknown,10.1080/17425255.2021.1844662,"A pharmacokinetic evaluation of alpelisib for the treatment of HR+, HER2-negative, PIK3CA-mutated advanced or metastatic breast cancer.",Expert opinion on drug metabolism & toxicology,2020,Journal Article;Review,include_context,review_or_background,unknown,abstract_available,unknown,SUB013-Q002,Alpelisib or PI3K-alpha clinical review context helps interpret positive trials without adding primary trial evidence.
SUB013,pmid-33622114,33622114,unknown,10.1080/14656566.2021.1873952,"Alpelisib for the treatment of PIK3CA-mutated, hormone receptor-positive, HER2-negative metastatic breast cancer.",Expert opinion on pharmacotherapy,2021,"Clinical Trial, Phase III;Journal Article;Randomized Controlled Trial",include_context,review_or_background,unknown,abstract_available,unknown,SUB013-Q002,Alpelisib treatment review is useful clinical background but is not primary positive-trial evidence.
SUB013,pmid-33707948,33707948,PMC7943556,10.2147/TCRM.S251668,Role of Alpelisib in the Treatment of PIK3CA-Mutated Breast Cancer: Patient Selection and Clinical Perspectives.,Therapeutics and clinical risk management,2021,Journal Article;Review,include_context,review_or_background,unknown,pmc_available,unknown,SUB013-Q001;SUB013-Q002;SUB013-Q003,Alpelisib or PI3K-alpha clinical review context helps interpret positive trials without adding primary trial evidence.
SUB013,pmid-33865994,33865994,unknown,10.1016/j.critrevonc.2021.103334,PI3K inhibition in breast cancer: Identifying and overcoming different flavors of resistance.,Critical reviews in oncology/hematology,2021,Journal Article;Review,include_context,review_or_background,unknown,abstract_available,unknown,SUB013-Q001;SUB013-Q002,Alpelisib or PI3K-alpha clinical review context helps interpret positive trials without adding primary trial evidence.
SUB013,pmid-39177931,39177931,PMC11452482,10.1007/s10549-024-07405-8,SGLT2 inhibition improves PI3Kα inhibitor-induced hyperglycemia: findings from preclinical animal models and from patients in the BYLieve and SOLAR-1 trials.,Breast cancer research and treatment,2024,"Clinical Trial, Phase II;Clinical Trial, Phase III;Journal Article;Multicenter Study;Randomized Controlled Trial",include_context,clinical_or_translational,unknown,pmc_available,unknown,SUB013-Q001;SUB013-Q002;SUB013-Q003,"SGLT2 mitigation of PI3K-alpha inhibitor hyperglycemia informs dose intensity and tolerability, not direct durable-benefit efficacy."
SUB013,pmid-39614985,39614985,PMC11638444,10.1007/s11864-024-01259-4,Unveiling the Potential of Cyclin-Dependent Kinases 4 and 6 Inhibitors Beyond Progression in Hormone Receptor Positive/Human Epidermal Growth Factor Negative Advanced Breast Cancer - A Clinical Review.,Current treatment options in oncology,2024,Journal Article;Review,include_context,review_or_background,unknown,pmc_available,unknown,SUB013-Q003,"Despite unknown venue label, this provides useful background for positive PI3K-alpha inhibitor trial benefit and durability limits but is not direct proof."
SUB013,pmid-40163189,40163189,unknown,10.1007/s11864-025-01310-y,Novel Estrogen Receptor - Targeted Therapies in Hormone-Receptor Positive Breast Cancer.,Current treatment options in oncology,2025,Journal Article;Review,include_context,review_or_background,unknown,abstract_available,unknown,SUB013-Q002,"Despite unknown venue label, this provides useful background for positive PI3K-alpha inhibitor trial benefit and durability limits but is not direct proof."
SUB013,pmid-40434676,40434676,unknown,10.1007/s11912-025-01689-9,Management of Metastatic Hormone Receptor-Positive Breast Cancer Beyond CDK4/6 Inhibitors.,Current oncology reports,2025,Journal Article;Review,include_context,review_or_background,unknown,abstract_available,unknown,SUB013-Q003,"Despite unknown venue label, this provides useful background for positive PI3K-alpha inhibitor trial benefit and durability limits but is not direct proof."
SUB013,pmid-41079023,41079023,PMC12514518,10.1016/j.eclinm.2025.103535,Efficacy and safety of systemic therapies following progression on CDK4/6 inhibitors in patients with HR+/HER2- metastatic breast cancer: a systematic review and network meta-analysis.,EClinicalMedicine,2025,Journal Article,include_context,review_or_background,unknown,pmc_available,unknown,SUB013-Q003,"Despite unknown venue label, this provides useful background for positive PI3K-alpha inhibitor trial benefit and durability limits but is not direct proof."
SUB013,pmid-41226406,41226406,PMC12609478,10.3390/ijms262110366,Navigating Treatment Sequencing in Advanced HR+/HER2- Breast Cancer After CDK4/6 Inhibitors: Biomarker-Driven Strategies and Emerging Therapies.,International journal of molecular sciences,2025,Journal Article;Review,include_context,review_or_background,unknown,pmc_available,unknown,SUB013-Q002,"Despite unknown venue label, this provides useful background for positive PI3K-alpha inhibitor trial benefit and durability limits but is not direct proof."
SUB013,pmid-41280894,41280894,PMC12631382,10.3389/fimmu.2025.1693927,Mechanistic optimization of inavolisib combined with CDK4/6 inhibitors in the treatment of PIK3CA-mutated breast tumors.,Frontiers in immunology,2025,Journal Article;Review,include_context,review_or_background,unknown,pmc_available,unknown,SUB013-Q002,"Despite unknown venue label, this provides useful background for positive PI3K-alpha inhibitor trial benefit and durability limits but is not direct proof."
SUB013,pmid-41435752,41435752,unknown,10.1016/j.ejca.2025.116194,PIK3CA mutations and first-line outcomes in endocrine-resistant HR+/HER2- metastatic breast cancer: A multicentric real-world study.,"European journal of cancer (Oxford, England : 1990)",2025,Journal Article;Multicenter Study,include_context,review_or_background,unknown,abstract_available,unknown,SUB013-Q002,"Despite unknown venue label, this provides useful background for positive PI3K-alpha inhibitor trial benefit and durability limits but is not direct proof."
SUB013,pmid-41654790,41654790,PMC12990551,10.1186/s12885-026-15632-z,Efficacy and safety of treatments in HR+/HER2- advanced breast cancer after CDK4/6 inhibitor progression: a network meta-analysis and scoping review.,BMC cancer,2026,Journal Article;Network Meta-Analysis;Scoping Review,include_context,review_or_background,unknown,pmc_available,unknown,SUB013-Q002;SUB013-Q003,"Despite unknown venue label, this provides useful background for positive PI3K-alpha inhibitor trial benefit and durability limits but is not direct proof."
SUB013,pmid-42194689,42194689,PMC13207896,10.3390/jcm15103715,"Molecular Profiling and Targeted Therapeutic Strategies in Breast Cancer: Clinical Integration of HER2, CDK4/6, and PI3K Inhibition with Trastuzumab, Abemaciclib and Alpelisib.",Journal of clinical medicine,2026,Journal Article;Review,include_context,review_or_background,unknown,pmc_available,unknown,SUB013-Q002;SUB013-Q003,"Despite unknown venue label, this provides useful background for positive PI3K-alpha inhibitor trial benefit and durability limits but is not direct proof."
SUB013,pmid-42263466,42263466,unknown,10.1016/j.clbc.2026.05.004,"Pharmacologic Features, Clinical Applications, and Drug Safety Evaluation of Inavolisib in the Treatment of Metastatic Breast Cancer.",Clinical breast cancer,2026,Journal Article;Review,include_context,review_or_background,unknown,abstract_available,unknown,SUB013-Q002,"Despite unknown venue label, this provides useful background for positive PI3K-alpha inhibitor trial benefit and durability limits but is not direct proof."
SUB013,pmid-42351448,42351448,PMC13298351,10.3390/diagnostics16121790,"Post-CDK4/6 Inhibitor Therapeutic Approaches in Hormone Receptor-Positive, HER2-Negative Metastatic Breast Cancer: Current Evidence and Emerging Strategies-A Narrative Review.","Diagnostics (Basel, Switzerland)",2026,Journal Article;Review,include_context,review_or_background,unknown,pmc_available,unknown,SUB013-Q002,"Despite unknown venue label, this provides useful background for positive PI3K-alpha inhibitor trial benefit and durability limits but is not direct proof."
SUB013,pmid-42496151,42496151,unknown,10.1080/17425255.2026.2710110,Inavolisib: a second-generation PI3Kα inhibitor in HR+/HER2-negative breast cancer.,Expert opinion on drug metabolism & toxicology,2026,Journal Article;Review,include_context,review_or_background,unknown,abstract_available,unknown,SUB013-Q002,"Despite unknown venue label, this provides useful background for positive PI3K-alpha inhibitor trial benefit and durability limits but is not direct proof."
SUB013,pmid-42505223,42505223,PMC13409238,10.3390/curroncol33070421,"Evolving First-Line Endocrine Therapy in HR+/HER2- Metastatic Breast Cancer: CDK4/6 Inhibition, Biomarker-Guided Strategies and Emerging Therapeutic Paradigms.","Current oncology (Toronto, Ont.)",2026,Journal Article;Review,include_context,review_or_background,unknown,pmc_available,unknown,SUB013-Q002,"Despite unknown venue label, this provides useful background for positive PI3K-alpha inhibitor trial benefit and durability limits but is not direct proof."
SUB013,pmid-31091374,31091374,unknown,10.1056/NEJMoa1813904,"Alpelisib for PIK3CA-Mutated, Hormone Receptor-Positive Advanced Breast Cancer.",The New England journal of medicine,2019,"Clinical Trial, Phase III;Comparative Study;Journal Article;Multicenter Study;Randomized Controlled Trial;Research Support, Non-U.S. Gov't",include_primary,clinical_or_translational,unknown,abstract_available,unknown,SUB013-Q004,SOLAR-1 directly reports alpelisib plus fulvestrant progression-free survival and safety in PIK3CA-mutated HR-positive HER2-negative advanced breast cancer.
SUB013,pmid-33246021,33246021,unknown,10.1016/j.annonc.2020.11.011,"Alpelisib plus fulvestrant for PIK3CA-mutated, hormone receptor-positive, human epidermal growth factor receptor-2-negative advanced breast cancer: final overall survival results from SOLAR-1.",Annals of oncology : official journal of the European Society for Medical Oncology,2020,"Journal Article;Randomized Controlled Trial;Research Support, Non-U.S. Gov't",include_primary,clinical_or_translational,unknown,abstract_available,unknown,SUB013-Q004,Direct SOLAR-1 final survival analysis anchors positive alpelisib trial benefit and durability limits.
SUB013,pmid-33909934,33909934,PMC8265362,10.1002/onco.13804,"Effectiveness of Alpelisib + Fulvestrant Compared with Real-World Standard Treatment Among Patients with HR+, HER2-, PIK3CA-Mutated Breast Cancer.",The oncologist,2021,"Clinical Trial, Phase II;Journal Article;Multicenter Study;Research Support, Non-U.S. Gov't",include_primary,clinical_or_translational,unknown,pmc_available,unknown,SUB013-Q002,"Direct clinical effectiveness evidence for alpelisib plus fulvestrant in the selected HR+/HER2-/PIK3CA-mutated setting, supporting benefit-limit framing."
SUB013,pmid-39637900,39637900,unknown,10.1016/S1470-2045(24)00673-9,"Alpelisib plus fulvestrant in PIK3CA-mutated, hormone receptor-positive advanced breast cancer after a CDK4/6 inhibitor (BYLieve): one cohort of a phase 2, multicentre, open-label, non-comparative study.",The Lancet. Oncology,2024,"Journal Article;Multicenter Study;Clinical Trial, Phase II;Research Support, Non-U.S. Gov't",include_primary,clinical_or_translational,unknown,abstract_available,unknown,SUB013-Q004,BYLieve cohort A directly evaluates post-CDK4/6 alpelisib plus fulvestrant activity and durability in PIK3CA-mutated HR-positive disease.
SUB013,pmid-40454641,40454641,PMC13496148,10.1056/NEJMoa2501796,Overall Survival with Inavolisib in PIK3CA-Mutated Advanced Breast Cancer.,The New England journal of medicine,2025,"Journal Article;Randomized Controlled Trial;Clinical Trial, Phase III;Multicenter Study",include_primary,clinical_or_translational,unknown,pmc_available,unknown,SUB013-Q004,Phase 3 INAVO120 overall-survival report directly defines positive inavolisib combination benefit and progression limits.
SUB013,pmid-41967638,41967638,unknown,10.1016/j.annonc.2026.04.003,Genomic determinants of response to alpelisib plus fulvestrant in the SOLAR-1 trial.,Annals of oncology : official journal of the European Society for Medical Oncology,2026,Journal Article,include_primary,clinical_or_translational,unknown,abstract_available,unknown,SUB013-Q002,SOLAR-1 genomic-response analysis directly informs clinical benefit heterogeneity and durability limits for alpelisib plus fulvestrant.
SUB014,pmid-22096658,22096658,PMC3215586,10.1158/2159-8290.CD-11-0192,ER and PI3K independently modulate endocrine resistance in ER-positive breast cancer.,Cancer discovery,2011,Journal Article;Comment,include_context,review_or_background,unknown,pmc_available,unknown,SUB014-Q003,Commentary/review on ER and PI3K endocrine resistance gives background for combinations but is not primary negative-trial evidence.
SUB014,pmid-22171948,22171948,unknown,10.1111/j.1755-148X.2011.00950.x,Role and therapeutic potential of PI3K-mTOR signaling in de novo resistance to BRAF inhibition.,Pigment cell & melanoma research,2012,"Journal Article;Research Support, Non-U.S. Gov't",include_context,review_or_background,unknown,abstract_available,unknown,SUB014-Q001;SUB014-Q002,"Despite unknown venue label, this provides useful background for failed, negative, or limited PI3K-pathway inhibitor clinical development but is not direct proof."
SUB014,pmid-23377372,23377372,unknown,10.1007/s00280-012-2043-3,Overcoming acquired resistance to anticancer therapy: focus on the PI3K/AKT/mTOR pathway.,Cancer chemotherapy and pharmacology,2013,"Journal Article;Research Support, Non-U.S. Gov't;Review",include_context,review_or_background,unknown,abstract_available,unknown,SUB014-Q003,"Despite unknown venue label, this provides useful background for failed, negative, or limited PI3K-pathway inhibitor clinical development but is not direct proof."
SUB014,pmid-23400000,23400000,unknown,10.1038/nrclinonc.2013.10,Development of PI3K inhibitors: lessons learned from early clinical trials.,Nature reviews. Clinical oncology,2013,Journal Article;Review,include_context,review_or_background,unknown,abstract_available,unknown,SUB014-Q003,"Despite unknown venue label, this provides useful background for failed, negative, or limited PI3K-pathway inhibitor clinical development but is not direct proof."
SUB014,pmid-23443307,23443307,unknown,10.1007/s00280-013-2121-1,PI3K and MEK inhibitor combinations: examining the evidence in selected tumor types.,Cancer chemotherapy and pharmacology,2013,Journal Article;Review,include_context,review_or_background,unknown,abstract_available,unknown,SUB014-Q003,"Despite unknown venue label, this provides useful background for failed, negative, or limited PI3K-pathway inhibitor clinical development but is not direct proof."
SUB014,pmid-24261963,24261963,PMC3843585,10.1186/1756-8722-6-88,Phosphatidylinositol 3-kinase (PI3K) inhibitors as cancer therapeutics.,Journal of hematology & oncology,2013,"Journal Article;Research Support, Non-U.S. Gov't;Review",include_context,review_or_background,unknown,pmc_available,unknown,SUB014-Q003,"Despite unknown venue label, this provides useful background for failed, negative, or limited PI3K-pathway inhibitor clinical development but is not direct proof."
SUB014,pmid-24561032,24561032,unknown,10.1016/j.ygyno.2014.02.022,Assessing the efficacy of targeting the phosphatidylinositol 3-kinase/AKT/mTOR signaling pathway in endometrial cancer.,Gynecologic oncology,2014,"Journal Article;Research Support, Non-U.S. Gov't",include_context,negative_or_limiting,unknown,abstract_available,unknown,SUB014-Q001,Endometrial xenograft BKM-120 resurgence models limited efficacy but remains preclinical rather than a failed clinical trial.
SUB014,pmid-24735368,24735368,unknown,10.2174/0929867321666140414100127,Targeting drug-resistant prostate cancer with dual PI3K/mTOR inhibition.,Current medicinal chemistry,2014,"Journal Article;Research Support, Non-U.S. Gov't;Review",include_context,review_or_background,unknown,abstract_available,unknown,SUB014-Q002;SUB014-Q003,"Despite unknown venue label, this provides useful background for failed, negative, or limited PI3K-pathway inhibitor clinical development but is not direct proof."
SUB014,pmid-25053989,25053989,PMC4091530,10.18632/genesandcancer.10,Amphiregulin and PTEN evoke a multimodal mechanism of acquired resistance to PI3K inhibition.,Genes & cancer,2014,Journal Article,include_context,primary_mechanism,unknown,pmc_available,unknown,SUB014-Q003,Acquired PI3K inhibitor resistance mechanism is useful for interpreting limited efficacy but is not direct negative-trial evidence.
SUB014,pmid-25057302,25057302,PMC4107712,10.1177/1758834014530023,"The PI3K/AKT/mTOR pathway in breast cancer: targets, trials and biomarkers.",Therapeutic advances in medical oncology,2014,Journal Article;Review,include_context,review_or_background,unknown,pmc_available,unknown,SUB014-Q003,"Despite unknown venue label, this provides useful background for failed, negative, or limited PI3K-pathway inhibitor clinical development but is not direct proof."
SUB014,pmid-25146530,25146530,PMC11823746,10.1007/s00432-014-1803-3,Current clinical regulation of PI3K/PTEN/Akt/mTOR signalling in treatment of human cancer.,Journal of cancer research and clinical oncology,2014,Journal Article;Review,include_context,review_or_background,unknown,pmc_available,unknown,SUB014-Q003,"Despite unknown venue label, this provides useful background for failed, negative, or limited PI3K-pathway inhibitor clinical development but is not direct proof."
SUB014,pmid-25240910,25240910,unknown,10.1016/j.pharmthera.2014.09.006,Targeting PI3 kinase in cancer.,Pharmacology & therapeutics,2014,Journal Article;Review,include_context,review_or_background,unknown,abstract_available,unknown,SUB014-Q003,"Despite unknown venue label, this provides useful background for failed, negative, or limited PI3K-pathway inhibitor clinical development but is not direct proof."
SUB014,pmid-25306975,25306975,unknown,10.1586/14737140.2015.961429,PI3K/AKT/mTOR pathway inhibitors: the ideal combination partners for breast cancer therapies?,Expert review of anticancer therapy,2014,"Journal Article;Research Support, Non-U.S. Gov't;Review",include_context,review_or_background,unknown,abstract_available,unknown,SUB014-Q003,"Despite unknown venue label, this provides useful background for failed, negative, or limited PI3K-pathway inhibitor clinical development but is not direct proof."
SUB014,pmid-25645727,25645727,unknown,10.1517/13543784.2015.1008132,"Buparlisib , an oral pan-PI3K inhibitor for the treatment of breast cancer.",Expert opinion on investigational drugs,2015,"Journal Article;Research Support, Non-U.S. Gov't;Review",include_context,review_or_background,unknown,abstract_available,unknown,SUB014-Q003,"Despite unknown venue label, this provides useful background for failed, negative, or limited PI3K-pathway inhibitor clinical development but is not direct proof."
SUB014,pmid-25650317,25650317,PMC4565533,10.1093/jnci/dju502,Adaptive mitochondrial reprogramming and resistance to PI3K therapy.,Journal of the National Cancer Institute,2015,"Journal Article;Research Support, N.I.H., Extramural;Research Support, Non-U.S. Gov't;Research Support, U.S. Gov't, Non-P.H.S.",include_context,primary_mechanism,unknown,pmc_available,unknown,SUB014-Q003,PI3K therapy resistance mechanism explains limited clinical efficacy but is not itself a failed or negative clinical trial.
SUB014,pmid-26117819,26117819,PMC4728196,10.1016/j.coph.2015.05.016,Drugging PI3K in cancer: refining targets and therapeutic strategies.,Current opinion in pharmacology,2015,"Journal Article;Research Support, Non-U.S. Gov't;Review",include_context,review_or_background,unknown,pmc_available,unknown,SUB014-Q003,"Despite unknown venue label, this provides useful background for failed, negative, or limited PI3K-pathway inhibitor clinical development but is not direct proof."
SUB014,pmid-26201609,26201609,unknown,10.2174/138920101609150715141545,The PI3K-AKt-mTOR Pathway and New Tools to Prevent Acquired Hormone Resistance in Breast Cancer.,Current pharmaceutical biotechnology,2015,Journal Article;Review,include_context,review_or_background,unknown,abstract_available,unknown,SUB014-Q003,"Despite unknown venue label, this provides useful background for failed, negative, or limited PI3K-pathway inhibitor clinical development but is not direct proof."
SUB014,pmid-26251289,26251289,unknown,10.1093/jnci/djv212,Enhancing Endocrine Therapy for Hormone Receptor-Positive Advanced Breast Cancer: Cotargeting Signaling Pathways.,Journal of the National Cancer Institute,2015,"Journal Article;Research Support, Non-U.S. Gov't;Review",include_context,review_or_background,unknown,abstract_available,unknown,SUB014-Q003,"Despite unknown venue label, this provides useful background for failed, negative, or limited PI3K-pathway inhibitor clinical development but is not direct proof."
SUB014,pmid-27896521,27896521,unknown,10.1007/s10555-016-9637-x,"PI3K/AKT/mTOR: role in breast cancer progression, drug resistance, and treatment.",Cancer metastasis reviews,2016,Journal Article;Review,include_context,review_or_background,unknown,abstract_available,unknown,SUB014-Q003,Breast cancer PI3K/AKT/mTOR review summarizes drug-resistance and trial landscape context.
SUB014,pmid-28119806,28119806,PMC5237710,10.1016/j.apsb.2016.07.006,Class I phosphatidylinositol 3-kinase inhibitors for cancer therapy.,Acta pharmaceutica Sinica. B,2016,Journal Article;Review,include_context,review_or_background,unknown,pmc_available,unknown,SUB014-Q003,Class I PI3K inhibitor review provides broad drug-development and limitation context.
SUB014,pmid-29234247,29234247,PMC5704698,10.1159/000481657,"PI3K/mTOR Inhibitors in the Treatment of Luminal Breast Cancer. Why, When and to Whom?","Breast care (Basel, Switzerland)",2017,Journal Article;Review,include_context,review_or_background,unknown,pmc_available,unknown,SUB014-Q003,Luminal breast review discusses PI3K/mTOR trial evidence and limits of available pathway inhibitors.
SUB014,pmid-29252036,29252036,unknown,10.1080/13543784.2018.1417384,PI3K inhibition to overcome endocrine resistance in breast cancer.,Expert opinion on investigational drugs,2018,Journal Article;Review,include_context,review_or_background,unknown,abstract_available,unknown,SUB014-Q003,Review explicitly notes PI3K inhibitor trials with varying efficacy/toxicity and unresolved biomarker questions.
SUB014,pmid-30051890,30051890,PMC6197057,10.1038/s41586-018-0343-4,Suppression of insulin feedback enhances the efficacy of PI3K inhibitors.,Nature,2018,"Journal Article;Research Support, N.I.H., Extramural;Research Support, Non-U.S. Gov't",include_context,negative_or_limiting,unknown,pmc_available,unknown,SUB014-Q003,"Insulin feedback explains limited PI3K-inhibitor efficacy and therapeutic-index constraints, but it is not direct failed-trial evidence."
SUB014,pmid-30237504,30237504,PMC6148236,10.1038/s41419-018-1025-8,IGF1R upregulation confers resistance to isoform-specific inhibitors of PI3K in PIK3CA-driven ovarian cancer.,Cell death & disease,2018,"Journal Article;Research Support, Non-U.S. Gov't",include_context,negative_or_limiting,unknown,pmc_available,unknown,SUB014-Q003,"IGF1R-mediated resistance to isoform-specific PI3K inhibitors is useful biological-limit context, but it is not a failed or negative clinical trial."
SUB014,pmid-30622925,30622925,PMC6314865,10.5306/wjco.v9.i8.172,"Current status of PI3K-mTOR inhibition in hormone-receptor positive, HER2-negative breast cancer.",World journal of clinical oncology,2018,Editorial,include_context,review_or_background,unknown,pmc_available,unknown,SUB014-Q003,Editorial/review summarizes PI3K-mTOR clinical trial limitations in HR+/HER2- breast cancer.
SUB014,pmid-30718284,30718284,PMC6446698,10.1194/jlr.S092130,Treating cancer with phosphatidylinositol-3-kinase inhibitors: increasing efficacy and overcoming resistance.,Journal of lipid research,2019,"Journal Article;Research Support, N.I.H., Extramural;Review",include_context,review_or_background,unknown,pmc_available,unknown,SUB014-Q003,"Review or contextual evidence on PI3K inhibitor development limits, safety, efficacy, or resistance."
SUB014,pmid-30782187,30782187,PMC6379961,10.1186/s12943-019-0954-x,Targeting PI3K in cancer: mechanisms and advances in clinical trials.,Molecular cancer,2019,"Journal Article;Research Support, Non-U.S. Gov't;Review",include_context,review_or_background,unknown,pmc_available,unknown,SUB014-Q003,"Review or contextual evidence on PI3K inhibitor development limits, safety, efficacy, or resistance."
SUB014,pmid-31859349,31859349,PMC6923787,10.1093/annonc/mdz381,Efficacy of PI3K inhibitors in advanced breast cancer.,Annals of oncology : official journal of the European Society for Medical Oncology,2019,"Journal Article;Research Support, Non-U.S. Gov't;Review",include_context,review_or_background,unknown,pmc_available,unknown,SUB014-Q003,"Review or contextual evidence on PI3K inhibitor development limits, safety, efficacy, or resistance."
SUB014,pmid-31928690,31928690,unknown,10.1093/annonc/mdz381,Efficacy of PI3K inhibitors in advanced breast cancer.,Annals of oncology : official journal of the European Society for Medical Oncology,2019,"Journal Article;Research Support, Non-U.S. Gov't;Review",include_context,review_or_background,unknown,abstract_available,unknown,SUB014-Q003,"Review or contextual evidence on PI3K inhibitor development limits, safety, efficacy, or resistance."
SUB014,pmid-32147671,32147671,PMC7156686,10.1038/s41416-020-0769-y,"Imatinib in combination with phosphoinositol kinase inhibitor buparlisib in patients with gastrointestinal stromal tumour who failed prior therapy with imatinib and sunitinib: a Phase 1b, multicentre study.",British journal of cancer,2020,"Clinical Trial, Phase I;Journal Article;Multicenter Study;Research Support, Non-U.S. Gov't",include_context,negative_or_limiting,unknown,pmc_available,unknown,SUB014-Q001,Buparlisib-imatinib GIST trial shows PI3K-combination limitations but is outside PI3K-alpha breast-cancer resistance evidence.
SUB014,pmid-32274666,32274666,unknown,10.1007/s10549-020-05618-1,Mechanistic basis for PI3K inhibitor antitumor activity and adverse reactions in advanced breast cancer.,Breast cancer research and treatment,2020,Journal Article;Review,include_context,review_or_background,unknown,abstract_available,unknown,SUB014-Q003,"Review or contextual evidence on PI3K inhibitor development limits, safety, efficacy, or resistance."
SUB014,pmid-32953006,32953006,PMC7472334,10.1039/d0sc01676d,PI3K inhibitors: review and new strategies.,Chemical science,2020,Journal Article;Review,include_context,review_or_background,unknown,pmc_available,unknown,SUB014-Q003,"Review or contextual evidence on PI3K inhibitor development limits, safety, efficacy, or resistance."
SUB014,pmid-33801659,33801659,PMC8037248,10.3390/ijms22073464,PI3K Inhibitors in Cancer: Clinical Implications and Adverse Effects.,International journal of molecular sciences,2021,Journal Article;Review,include_context,review_or_background,unknown,pmc_available,unknown,SUB014-Q003,"Review or contextual evidence on PI3K inhibitor development limits, safety, efficacy, or resistance."
SUB014,pmid-33865994,33865994,unknown,10.1016/j.critrevonc.2021.103334,PI3K inhibition in breast cancer: Identifying and overcoming different flavors of resistance.,Critical reviews in oncology/hematology,2021,Journal Article;Review,include_context,review_or_background,unknown,abstract_available,unknown,SUB014-Q003,"Review or contextual evidence on PI3K inhibitor development limits, safety, efficacy, or resistance."
SUB014,pmid-33970742,33970742,unknown,10.1080/13543776.2021.1924150,Phosphatidylinositol 3-kinase (PI3K) inhibitors: a recent update on inhibitor design and clinical trials (2016-2020).,Expert opinion on therapeutic patents,2021,Journal Article;Review,include_context,review_or_background,unknown,abstract_available,unknown,SUB014-Q003,"Review or contextual evidence on PI3K inhibitor development limits, safety, efficacy, or resistance."
SUB014,pmid-34026830,34026830,PMC8139556,10.3389/fmolb.2021.648663,"The Role of PI3K Inhibition in the Treatment of Breast Cancer, Alone or Combined With Immune Checkpoint Inhibitors.",Frontiers in molecular biosciences,2021,Journal Article;Review,include_context,review_or_background,unknown,pmc_available,unknown,SUB014-Q003,"Review or contextual evidence on PI3K inhibitor development limits, safety, efficacy, or resistance."
SUB014,pmid-34433523,34433523,unknown,10.1016/j.clgc.2021.07.014,Targeting the PI3K-AKT-mTOR Pathway in Castration Resistant Prostate Cancer: A Review Article.,Clinical genitourinary cancer,2021,Journal Article;Review,include_context,review_or_background,unknown,abstract_available,unknown,SUB014-Q003,"Review or contextual evidence on PI3K inhibitor development limits, safety, efficacy, or resistance."
SUB014,pmid-34547385,34547385,unknown,10.1016/j.phrs.2021.105900,Development of PI3K inhibitors: Advances in clinical trials and new strategies (Review).,Pharmacological research,2021,"Journal Article;Research Support, Non-U.S. Gov't;Review",include_context,review_or_background,unknown,abstract_available,unknown,SUB014-Q003,"Review or adjacent clinical context for PI3K-pathway inhibitor development limits, not direct negative trial evidence."
SUB014,pmid-34765318,34765318,PMC8569340,unknown,Chemoresistance in breast cancer: PI3K/Akt pathway inhibitors vs the current chemotherapy.,American journal of cancer research,2021,Journal Article;Review,include_context,review_or_background,unknown,pmc_available,unknown,SUB014-Q003,"Review or adjacent clinical context for PI3K-pathway inhibitor development limits, not direct negative trial evidence."
SUB014,pmid-34986950,34986950,unknown,10.1691/ph.2021.1820,Recent clinical advances in PI3K inhibitors on colorectal cancer.,Die Pharmazie,2021,Journal Article;Review,include_context,review_or_background,unknown,abstract_available,unknown,SUB014-Q003,"Review or adjacent clinical context for PI3K-pathway inhibitor development limits, not direct negative trial evidence."
SUB014,pmid-35671774,35671774,PMC9630162,10.1016/S1470-2045(22)00284-4,"Fulvestrant plus capivasertib versus placebo after relapse or progression on an aromatase inhibitor in metastatic, oestrogen receptor-positive, HER2-negative breast cancer (FAKTION): overall survival, updated progression-free survival, and expanded biomarker analysis from a randomised, phase 2 trial.",The Lancet. Oncology,2022,"Clinical Trial, Phase II;Journal Article;Multicenter Study;Randomized Controlled Trial;Research Support, Non-U.S. Gov't",include_context,clinical_or_translational,unknown,pmc_available,unknown,SUB014-Q002,"FAKTION capivasertib data are adjacent PI3K/AKT clinical context, not a failed or limited PI3K-alpha inhibitor trial."
SUB014,pmid-35763287,35763287,unknown,10.1080/14737140.2022.2093192,Targeting the PI3K pathway in myeloproliferative neoplasms.,Expert review of anticancer therapy,2022,"Journal Article;Review;Research Support, Non-U.S. Gov't",include_context,review_or_background,unknown,abstract_available,unknown,SUB014-Q003,"Review or adjacent clinical context for PI3K-pathway inhibitor development limits, not direct negative trial evidence."
SUB014,pmid-35899388,35899388,PMC9827175,10.3324/haematol.2022.281266,PI3K inhibitors in chronic lymphocytic leukemia: where do we go from here?,Haematologica,2023,"Review;Research Support, N.I.H., Extramural;Research Support, Non-U.S. Gov't;Journal Article",include_context,review_or_background,unknown,pmc_available,unknown,SUB014-Q002,"Review or adjacent clinical context for PI3K-pathway inhibitor development limits, not direct negative trial evidence."
SUB014,pmid-36314338,36314338,unknown,10.26355/eurrev_202210_30043,Efficacy and safety of PI3K/Akt/mTOR inhibitors combined with trastuzumab therapy for HER2-positive breast cancer: a meta-analysis.,European review for medical and pharmacological sciences,2022,Meta-Analysis;Journal Article,include_context,review_or_background,unknown,abstract_available,unknown,SUB014-Q003,"Review or adjacent clinical context for PI3K-pathway inhibitor development limits, not direct negative trial evidence."
SUB014,pmid-36641927,36641927,unknown,10.1016/j.biopha.2022.114183,Synergistic therapeutic potential of alpelisib in cancers (excluding breast cancer): Preclinical and clinical evidences.,Biomedicine & pharmacotherapy = Biomedecine & pharmacotherapie,2023,Journal Article;Review,include_context,review_or_background,unknown,abstract_available,unknown,SUB014-Q003,"Review or adjacent clinical context for PI3K-pathway inhibitor development limits, not direct negative trial evidence."
SUB014,pmid-36901954,36901954,PMC10003259,10.3390/ijms24054522,Drugging the PI3K/AKT/mTOR Pathway in ER+ Breast Cancer.,International journal of molecular sciences,2023,Journal Article;Review,include_context,review_or_background,unknown,pmc_available,unknown,SUB014-Q003,"Review or adjacent clinical context for PI3K-pathway inhibitor development limits, not direct negative trial evidence."
SUB014,pmid-36914722,36914722,PMC10241926,10.1038/s41416-023-02221-1,The emerging role of PI3K inhibitors for solid tumour treatment and beyond.,British journal of cancer,2023,Journal Article;Review,include_context,review_or_background,unknown,pmc_available,unknown,SUB014-Q002,"Review or adjacent clinical context for PI3K-pathway inhibitor development limits, not direct negative trial evidence."
SUB014,pmid-38172946,38172946,PMC10765967,10.1186/s12967-023-04841-w,"Predictive, preventive, and personalized medicine in breast cancer: targeting the PI3K pathway.",Journal of translational medicine,2024,"Journal Article;Review;Research Support, Non-U.S. Gov't",include_context,review_or_background,unknown,pmc_available,unknown,SUB014-Q003,"Review or adjacent clinical context for PI3K-pathway inhibitor development limits, not direct negative trial evidence."
SUB014,pmid-38173664,38173664,PMC10758851,10.21873/cdp.10279,Development and Clinical Applications of PI3K/AKT/mTOR Pathway Inhibitors as a Therapeutic Option for Leukemias.,Cancer diagnosis & prognosis,2024,Journal Article;Review,include_context,review_or_background,unknown,pmc_available,unknown,SUB014-Q003,"Broad pathway-targeting resistance/failure review is background only, not a PI3K-alpha trial result."
SUB014,pmid-38339274,38339274,PMC10854717,10.3390/cancers16030523,Molecular Mechanisms of Prostate Cancer Development in the Precision Medicine Era: A Comprehensive Review.,Cancers,2024,Journal Article;Review,include_context,review_or_background,unknown,pmc_available,unknown,SUB014-Q002,"Broad pathway-targeting resistance/failure review is background only, not a PI3K-alpha trial result."
SUB014,pmid-38347643,38347643,PMC10863183,10.1186/s40364-024-00566-0,Oncogenic alterations in advanced NSCLC: a molecular super-highway.,Biomarker research,2024,Journal Article;Review,include_context,review_or_background,unknown,pmc_available,unknown,SUB014-Q002,"Broad pathway-targeting resistance/failure review is background only, not a PI3K-alpha trial result."
SUB014,pmid-38396649,38396649,PMC10888452,10.3390/ijms25041973,Molecular Targeting of the Phosphoinositide-3-Protein Kinase (PI3K) Pathway across Various Cancers.,International journal of molecular sciences,2024,Journal Article;Review,include_context,review_or_background,unknown,pmc_available,unknown,SUB014-Q003,"PI3K inhibitor development or resistance review is useful context for failed or limited clinical utility, with venue weight uncertain."
SUB014,pmid-38542151,38542151,PMC10970097,10.3390/ijms25063178,PI3K/Akt/mTOR Signaling Pathway as a Target for Colorectal Cancer Treatment.,International journal of molecular sciences,2024,Journal Article;Review,include_context,review_or_background,unknown,pmc_available,unknown,SUB014-Q003,"Broad pathway-targeting resistance/failure review is background only, not a PI3K-alpha trial result."
SUB014,pmid-38646899,38646899,unknown,10.1080/14728222.2024.2342522,Strategies and techniques for preclinical therapeutic targeting of PI3K in oncology: where do we stand in 2024?,Expert opinion on therapeutic targets,2024,Journal Article;Review,include_context,review_or_background,unknown,abstract_available,unknown,SUB014-Q003,"PI3K inhibitor development or resistance review is useful context for failed or limited clinical utility, with venue weight uncertain."
SUB014,pmid-38763348,38763348,unknown,10.1016/j.cbi.2024.111055,Targeting PI3K/AKT/mTOR signaling to overcome drug resistance in cancer.,Chemico-biological interactions,2024,Journal Article;Review,include_context,review_or_background,unknown,abstract_available,unknown,SUB014-Q003,"Broad pathway-targeting resistance/failure review is background only, not a PI3K-alpha trial result."
SUB014,pmid-38768098,38768098,unknown,10.1080/14737140.2024.2357802,The trend toward more target therapy in pancreatic ductal adenocarcinoma.,Expert review of anticancer therapy,2024,"Journal Article;Review;Research Support, Non-U.S. Gov't",include_context,review_or_background,unknown,abstract_available,unknown,SUB014-Q003,"Broad pathway-targeting resistance/failure review is background only, not a PI3K-alpha trial result."
SUB014,pmid-38892410,38892410,PMC11172446,10.3390/ijms25116220,Targeted Treatment against Cancer Stem Cells in Colorectal Cancer.,International journal of molecular sciences,2024,Journal Article;Review,include_context,review_or_background,unknown,pmc_available,unknown,SUB014-Q001;SUB014-Q002,"Broad pathway-targeting resistance/failure review is background only, not a PI3K-alpha trial result."
SUB014,pmid-38920692,38920692,PMC11201409,10.3390/cells13121064,Combination Therapy Approach to Overcome the Resistance to PI3K Pathway Inhibitors in Gynecological Cancers.,Cells,2024,"Journal Article;Review;Research Support, N.I.H., Intramural",include_context,review_or_background,unknown,pmc_available,unknown,SUB014-Q003,"Broad pathway-targeting resistance/failure review is background only, not a PI3K-alpha trial result."
SUB014,pmid-38927964,38927964,PMC11201395,10.3390/cancers16122259,Resistance to Targeted Inhibitors of the PI3K/AKT/mTOR Pathway in Advanced Oestrogen-Receptor-Positive Breast Cancer.,Cancers,2024,Journal Article;Review,include_context,review_or_background,unknown,pmc_available,unknown,SUB014-Q003,"PI3K inhibitor development or resistance review is useful context for failed or limited clinical utility, with venue weight uncertain."
SUB014,pmid-38930141,38930141,PMC11204965,10.3390/jcm13123611,"Novel Treatment Strategies for Hormone Receptor (HR)-Positive, HER2-Negative Metastatic Breast Cancer.",Journal of clinical medicine,2024,Journal Article;Review,include_context,review_or_background,unknown,pmc_available,unknown,SUB014-Q002,"Broad pathway-targeting resistance/failure review is background only, not a PI3K-alpha trial result."
SUB014,pmid-39179659,39179659,unknown,10.1038/s41571-024-00935-6,Precision therapeutics and emerging strategies for HR-positive metastatic breast cancer.,Nature reviews. Clinical oncology,2024,Journal Article;Review,include_context,review_or_background,unknown,abstract_available,unknown,SUB014-Q002,"Broad pathway-targeting resistance/failure review is background only, not a PI3K-alpha trial result."
SUB014,pmid-39410824,39410824,unknown,10.1080/17460441.2024.2417368,Advances in the design and discovery of next-generation janus kinase-2 (JAK2) inhibitors for the treatment of myeloproliferative neoplasms.,Expert opinion on drug discovery,2024,Journal Article;Review,include_context,review_or_background,unknown,abstract_available,unknown,SUB014-Q002,"Broad pathway-targeting resistance/failure review is background only, not a PI3K-alpha trial result."
SUB014,pmid-39476244,39476244,unknown,10.1007/s00210-024-03540-7,Translating molecular insights into clinical success: alkaloid-based therapies for leukemia.,Naunyn-Schmiedeberg's archives of pharmacology,2024,Journal Article;Review,include_context,review_or_background,unknown,abstract_available,unknown,SUB014-Q003,"Broad pathway-targeting resistance/failure review is background only, not a PI3K-alpha trial result."
SUB014,pmid-39572842,39572842,PMC11746151,10.1038/s41388-024-03227-6,Combination strategies with PARP inhibitors in BRCA-mutated triple-negative breast cancer: overcoming resistance mechanisms.,Oncogene,2024,Journal Article;Review,include_context,review_or_background,unknown,pmc_available,unknown,SUB014-Q003,"Broad pathway-targeting resistance/failure review is background only, not a PI3K-alpha trial result."
SUB014,pmid-39953539,39953539,PMC11829425,10.1186/s12967-025-06144-8,"Targeting PI3K signaling in Lung Cancer: advances, challenges and therapeutic opportunities.",Journal of translational medicine,2025,Journal Article;Review,include_context,review_or_background,unknown,pmc_available,unknown,SUB014-Q002;SUB014-Q003,"PI3K inhibitor development or resistance review is useful context for failed or limited clinical utility, with venue weight uncertain."
SUB014,pmid-40020984,40020984,unknown,10.1016/j.ejphar.2025.177432,Targeting PI3K in cancer treatment: A comprehensive review with insights from clinical outcomes.,European journal of pharmacology,2025,Journal Article;Review,include_context,review_or_background,unknown,abstract_available,unknown,SUB014-Q003,"PI3K inhibitor development or resistance review is useful context for failed or limited clinical utility, with venue weight uncertain."
SUB014,pmid-40049296,40049296,unknown,10.1016/j.bcp.2025.116850,Strategic advancements in targeting the PI3K/AKT/mTOR pathway for Breast cancer therapy.,Biochemical pharmacology,2025,"Journal Article;Review;Research Support, U.S. Gov't, Non-P.H.S.;Research Support, N.I.H., Extramural",include_context,review_or_background,unknown,abstract_available,unknown,SUB014-Q002;SUB014-Q003,"Broad pathway-targeting resistance/failure review is background only, not a PI3K-alpha trial result."
SUB014,pmid-40056280,40056280,unknown,10.1007/s11864-025-01300-0,Evolving Landscape of HER2-Targeted Therapies for Gastric Cancer Patients.,Current treatment options in oncology,2025,Journal Article;Review,include_context,review_or_background,unknown,abstract_available,unknown,SUB014-Q003,"Broad pathway-targeting resistance/failure review is background only, not a PI3K-alpha trial result."
SUB014,pmid-40108909,40108909,unknown,10.2174/0113816128357976250122042633,Targeting the PI3K Pathway: Advancements and Achievements in Breast Cancer Therapy.,Current pharmaceutical design,2025,Journal Article;Review,include_context,review_or_background,unknown,abstract_available,unknown,SUB014-Q003,"PI3K inhibitor development or resistance review is useful context for failed or limited clinical utility, with venue weight uncertain."
SUB014,pmid-40138251,40138251,PMC12402787,10.1158/1535-7163.MCT-24-1027,Therapeutic Targeting of BET Proteins in Sarcoma.,Molecular cancer therapeutics,2025,Journal Article;Review,include_context,review_or_background,unknown,pmc_available,unknown,SUB014-Q003,"Broad pathway-targeting resistance/failure review is background only, not a PI3K-alpha trial result."
SUB014,pmid-40149342,40149342,PMC11940485,10.3390/cancers17061008,Translational Advances in Oncogene and Tumor-Suppressor Gene Research.,Cancers,2025,Journal Article;Review,include_context,review_or_background,unknown,pmc_available,unknown,SUB014-Q002,"Broad pathway-targeting resistance/failure review is background only, not a PI3K-alpha trial result."
SUB014,pmid-40227591,40227591,PMC11988167,10.3390/cancers17071082,Exploring the Genetic Orchestra of Cancer: The Interplay Between Oncogenes and Tumor-Suppressor Genes.,Cancers,2025,Journal Article;Review,include_context,review_or_background,unknown,pmc_available,unknown,SUB014-Q002,"Broad pathway-targeting resistance/failure review is background only, not a PI3K-alpha trial result."
SUB014,pmid-40434676,40434676,unknown,10.1007/s11912-025-01689-9,Management of Metastatic Hormone Receptor-Positive Breast Cancer Beyond CDK4/6 Inhibitors.,Current oncology reports,2025,Journal Article;Review,include_context,review_or_background,unknown,abstract_available,unknown,SUB014-Q002,"Broad pathway-targeting resistance/failure review is background only, not a PI3K-alpha trial result."
SUB014,pmid-40542948,40542948,PMC12182518,10.1007/s12032-025-02830-1,Unlocking glioblastoma: breakthroughs in molecular mechanisms and next-generation therapies.,"Medical oncology (Northwood, London, England)",2025,Journal Article;Systematic Review,include_context,review_or_background,unknown,pmc_available,unknown,SUB014-Q002,"Broad pathway-targeting resistance/failure review is background only, not a PI3K-alpha trial result."
SUB014,pmid-40609954,40609954,unknown,10.1016/j.mrrev.2025.108551,"Molecular insights and emerging therapeutic perspectives of the lncRNA GAS5/miR-21 axis in cancer, fibrosis, cardiovascular, and immune disorders.",Mutation research. Reviews in mutation research,2025,"Journal Article;Review;Research Support, Non-U.S. Gov't",include_context,review_or_background,unknown,abstract_available,unknown,SUB014-Q002,"Broad pathway-targeting resistance/failure review is background only, not a PI3K-alpha trial result."
SUB014,pmid-40647529,40647529,PMC12248877,10.3390/cancers17132232,The PI3K/Akt/mTOR Signaling Pathway in Triple-Negative Breast Cancer: A Resistance Pathway and a Prime Target for Targeted Therapies.,Cancers,2025,Journal Article;Review,include_context,review_or_background,unknown,pmc_available,unknown,SUB014-Q003,"Broad pathway-targeting resistance/failure review is background only, not a PI3K-alpha trial result."
SUB014,pmid-40723181,40723181,PMC12293299,10.3390/cancers17142298,Chronic Lymphocytic Leukemia: Novel Therapeutic Targets Under Investigation.,Cancers,2025,Journal Article;Review,include_context,review_or_background,unknown,pmc_available,unknown,SUB014-Q002,"PI3K inhibitor development or resistance review is useful context for failed or limited clinical utility, with venue weight uncertain."
SUB014,pmid-40746599,40746599,PMC12310466,10.3389/fonc.2025.1547083,"AKT inhibitors in gynecologic oncology: past, present and future.",Frontiers in oncology,2025,Journal Article;Review,include_context,review_or_background,unknown,pmc_available,unknown,SUB014-Q003,"Broad pathway-targeting resistance/failure review is background only, not a PI3K-alpha trial result."
SUB014,pmid-40769730,40769730,PMC13465741,10.21037/apm-25-30,New progress and challenges of targeted therapies for breast cancer.,Annals of palliative medicine,2025,Journal Article;Review,include_context,review_or_background,unknown,pmc_available,unknown,SUB014-Q002,"Broad pathway-targeting resistance/failure review is background only, not a PI3K-alpha trial result."
SUB014,pmid-40850415,40850415,unknown,10.1016/j.ijbiomac.2025.147057,NRG1 fusion glycoproteins in cancer progression - Structural mechanisms and therapeutic potential: A review.,International journal of biological macromolecules,2025,Journal Article;Review,include_context,review_or_background,unknown,abstract_available,unknown,SUB014-Q002,"Broad pathway-targeting resistance/failure review is background only, not a PI3K-alpha trial result."
SUB014,pmid-40943615,40943615,PMC12428904,10.3390/ijms26178696,Current and Emerging Therapies for Targeting the ERK1/2 & PI3K Pathways in Cancer.,International journal of molecular sciences,2025,Journal Article;Review,include_context,review_or_background,unknown,pmc_available,unknown,SUB014-Q003,"Broad pathway-targeting resistance/failure review is background only, not a PI3K-alpha trial result."
SUB014,pmid-40965803,40965803,PMC12847147,10.1007/s40291-025-00815-4,From PIK3CA Mutations to Rational PI3K Inhibition for the Treatment of Colorectal Cancer.,Molecular diagnosis & therapy,2025,Journal Article;Review,include_context,review_or_background,unknown,pmc_available,unknown,SUB014-Q001;SUB014-Q002;SUB014-Q003,"PI3K inhibitor development or resistance review is useful context for failed or limited clinical utility, with venue weight uncertain."
SUB014,pmid-41000594,41000594,PMC12457932,10.3892/ol.2025.15272,"The advantages and challenges of sorafenib combination therapy: Drug resistance, toxicity and future directions (Review).",Oncology letters,2025,Journal Article;Review,include_context,review_or_background,unknown,pmc_available,unknown,SUB014-Q003,"Broad pathway-targeting resistance/failure review is background only, not a PI3K-alpha trial result."
SUB014,pmid-41029960,41029960,unknown,10.1097/CCO.0000000000001187,Targeting androgen receptors in patients with metastatic breast cancer.,Current opinion in oncology,2025,Journal Article;Review,include_context,review_or_background,unknown,abstract_available,unknown,SUB014-Q002;SUB014-Q003,"Broad pathway-targeting resistance/failure review is background only, not a PI3K-alpha trial result."
SUB014,pmid-41065592,41065592,unknown,10.1080/13543784.2025.2573647,Androgen receptor pathway signaling inhibitors in development for prostate cancer therapy.,Expert opinion on investigational drugs,2025,Journal Article;Review,include_context,review_or_background,unknown,abstract_available,unknown,SUB014-Q002,"Broad pathway-targeting resistance/failure review is background only, not a PI3K-alpha trial result."
SUB014,pmid-41303291,41303291,PMC12653845,10.3390/jcm14228247,The Development of Novel Therapies for Chronic Lymphocytic Leukaemia in the Era of Targeted Drugs.,Journal of clinical medicine,2025,Journal Article;Review,include_context,review_or_background,unknown,pmc_available,unknown,SUB014-Q002,Review context on PI3K inhibitor limitations or resistance helps frame failed/limited clinical development.
SUB014,pmid-41525007,41525007,PMC12796031,10.1007/s44446-025-00056-w,"Targeting the PI3K/AKT/mTOR signaling pathway in prostate cancer: Molecular dysregulation, therapeutic advances, and future directions.",Saudi pharmaceutical journal : SPJ : the official publication of the Saudi Pharmaceutical Society,2026,Journal Article;Review,include_context,review_or_background,unknown,pmc_available,unknown,SUB014-Q001,Review context on PI3K inhibitor limitations or resistance helps frame failed/limited clinical development.
SUB014,pmid-41604817,41604817,PMC12865632,10.1016/j.esmoop.2025.105936,Clinical management of common toxicities with inhibitors targeting the PI3K/AKT/mTOR pathway in breast cancer.,ESMO open,2026,Journal Article;Review,include_context,review_or_background,unknown,pmc_available,unknown,SUB014-Q002,Review context on PI3K inhibitor limitations or resistance helps frame failed/limited clinical development.
SUB014,pmid-42045425,42045425,unknown,10.1038/s41573-026-01431-5,The evolving landscape of CDK inhibitor use in breast cancer therapy and beyond.,Nature reviews. Drug discovery,2026,Journal Article;Review,include_context,review_or_background,unknown,abstract_available,unknown,SUB014-Q002,Review context on PI3K inhibitor limitations or resistance helps frame failed/limited clinical development.
SUB014,pmid-42351448,42351448,PMC13298351,10.3390/diagnostics16121790,"Post-CDK4/6 Inhibitor Therapeutic Approaches in Hormone Receptor-Positive, HER2-Negative Metastatic Breast Cancer: Current Evidence and Emerging Strategies-A Narrative Review.","Diagnostics (Basel, Switzerland)",2026,Journal Article;Review,include_context,review_or_background,unknown,pmc_available,unknown,SUB014-Q002,Review context on PI3K inhibitor limitations or resistance helps frame failed/limited clinical development.
SUB014,pmid-42420202,42420202,unknown,10.1080/17568919.2026.2699690,Dual HDAC/PI3K inhibitors as a potential and emerging cancer therapy: a review.,Future medicinal chemistry,2026,Journal Article;Review,include_context,review_or_background,unknown,abstract_available,unknown,SUB014-Q002,Review context on PI3K inhibitor limitations or resistance helps frame failed/limited clinical development.
SUB014,pmid-42496151,42496151,unknown,10.1080/17425255.2026.2710110,Inavolisib: a second-generation PI3Kα inhibitor in HR+/HER2-negative breast cancer.,Expert opinion on drug metabolism & toxicology,2026,Journal Article;Review,include_context,review_or_background,unknown,abstract_available,unknown,SUB014-Q002,Review context on PI3K inhibitor limitations or resistance helps frame failed/limited clinical development.
SUB014,pmid-42518131,42518131,PMC13529841,10.1007/s40265-026-02347-5,Emerging Strategies Targeting the PI3K/AKT/mTOR Pathway in HR+/HER2- Advanced Breast Cancer.,Drugs,2026,Journal Article;Review,include_context,review_or_background,unknown,pmc_available,unknown,SUB014-Q002,Review context on PI3K inhibitor limitations or resistance helps frame failed/limited clinical development.
SUB014,pmid-31439579,31439579,unknown,10.1158/1078-0432.CCR-19-0508,"POSEIDON Trial Phase 1b Results: Safety, Efficacy and Circulating Tumor DNA Response of the Beta Isoform-Sparing PI3K Inhibitor Taselisib (GDC-0032) Combined with Tamoxifen in Hormone Receptor Positive Metastatic Breast Cancer Patients.",Clinical cancer research : an official journal of the American Association for Cancer Research,2019,"Clinical Trial, Phase I;Journal Article;Multicenter Study;Research Support, Non-U.S. Gov't",include_primary,negative_or_limiting,unknown,abstract_available,unknown,SUB014-Q001;SUB014-Q002,"POSEIDON phase 1b directly reports safety, efficacy, and ctDNA response for taselisib plus tamoxifen in HR-positive metastatic breast cancer."
SUB014,pmid-33186740,33186740,PMC8457522,10.1016/j.annonc.2020.10.596,"Phase III randomized study of taselisib or placebo with fulvestrant in estrogen receptor-positive, PIK3CA-mutant, HER2-negative, advanced breast cancer: the SANDPIPER trial.",Annals of oncology : official journal of the European Society for Medical Oncology,2020,"Clinical Trial, Phase III;Journal Article;Randomized Controlled Trial;Research Support, Non-U.S. Gov't",include_primary,negative_or_limiting,unknown,pmc_available,unknown,SUB014-Q004,SANDPIPER phase III directly reports taselisib efficacy and toxicity limits in PIK3CA-mutant ER-positive advanced breast cancer.
SUB014,pmid-36892268,36892268,PMC10552898,10.1002/1878-0261.13416,"ER+, HER2- advanced breast cancer treated with taselisib and fulvestrant: genomic landscape and associated clinical outcomes.",Molecular oncology,2023,"Journal Article;Research Support, Non-U.S. Gov't",include_primary,negative_or_limiting,unknown,pmc_available,unknown,SUB014-Q001,"Clinical PI3K/AKT-pathway trial evidence relevant to limited efficacy, tolerability, or negative boundary conditions."
SUB014,pmid-38273040,38273040,PMC10810864,10.1038/s41698-024-00496-y,Integrative modeling uncovers p21-driven drug resistance and prioritizes therapies for PIK3CA-mutant breast cancer.,NPJ precision oncology,2024,Journal Article,uncertain_full_text_needed,negative_or_limiting,unknown,pmc_available,unknown,SUB014-Q003,"PI3K-pathway inhibitor limitation is mentioned, but abstract does not clearly report a clinical failure/negative trial."
SUB014,pmid-38717161,38717161,PMC11152037,10.1158/2767-9764.CRC-24-0047,Evaluation of Copanlisib in Combination with Eribulin in Triple-negative Breast Cancer Patient-derived Xenograft Models.,Cancer research communications,2024,"Journal Article;Research Support, N.I.H., Extramural;Research Support, Non-U.S. Gov't",uncertain_full_text_needed,negative_or_limiting,unknown,pmc_available,unknown,SUB014-Q003,"Preclinical or indirect PI3K-pathway limitation may motivate failed-trial context, but abstract is not a negative clinical trial."
SUB014,pmid-38722288,38722288,PMC11081008,10.1111/jcmm.18374,The combination of breast cancer PDO and mini-PDX platform for drug screening and individualized treatment.,Journal of cellular and molecular medicine,2024,"Journal Article;Research Support, Non-U.S. Gov't",uncertain_full_text_needed,negative_or_limiting,unknown,pmc_available,unknown,SUB014-Q002,"Preclinical or indirect PI3K-pathway limitation may motivate failed-trial context, but abstract is not a negative clinical trial."
SUB014,pmid-39092562,39092562,PMC11705819,10.1002/1878-0261.13703,"Assessments of prostate cancer cell functions highlight differences between a pan-PI3K/mTOR inhibitor, gedatolisib, and single-node inhibitors of the PI3K/AKT/mTOR pathway.",Molecular oncology,2024,Journal Article,uncertain_full_text_needed,negative_or_limiting,unknown,pmc_available,unknown,SUB014-Q003,"Preclinical or indirect PI3K-pathway limitation may motivate failed-trial context, but abstract is not a negative clinical trial."
SUB014,pmid-39652577,39652577,PMC11831106,10.1158/0008-5472.CAN-24-2608,"Imlunestrant Is an Oral, Brain-Penetrant Selective Estrogen Receptor Degrader with Potent Antitumor Activity in ESR1 Wild-Type and Mutant Breast Cancer.",Cancer research,2025,"Journal Article;Research Support, Non-U.S. Gov't",uncertain_full_text_needed,negative_or_limiting,unknown,pmc_available,unknown,SUB014-Q002,"Preclinical or indirect PI3K-pathway limitation may motivate failed-trial context, but abstract is not a negative clinical trial."
SUB014,pmid-40146324,40146324,unknown,10.1007/s12032-025-02683-8,Enhancing KRAS G12D inhibitor sensitivity in pancreatic cancer through SHP2/PI3K pathway.,"Medical oncology (Northwood, London, England)",2025,Journal Article,uncertain_full_text_needed,negative_or_limiting,unknown,abstract_available,unknown,SUB014-Q003,"Preclinical or indirect PI3K-pathway limitation may motivate failed-trial context, but abstract is not a negative clinical trial."
SUB014,pmid-40295072,40295072,unknown,10.21873/anticanres.17567,Development of Acquired Resistance in Alpelisib-treated Gastric Cancer Cells With PIK3CA Mutations and Overcoming Strategies.,Anticancer research,2025,Journal Article,uncertain_full_text_needed,negative_or_limiting,unknown,abstract_available,unknown,SUB014-Q003,"PI3K-pathway inhibitor limitation is mentioned, but abstract does not clearly report a clinical failure/negative trial."
SUB014,pmid-40878941,40878941,PMC12434331,10.3892/mmr.2025.13666,Aberrant activation of the PI3K/AKT/HIF‑1α pathway promotes glycolysis and lenvatinib resistance in liver cancer.,Molecular medicine reports,2025,Journal Article,uncertain_full_text_needed,negative_or_limiting,unknown,pmc_available,unknown,SUB014-Q003,"Preclinical or indirect PI3K-pathway limitation may motivate failed-trial context, but abstract is not a negative clinical trial."
SUB015,pmid-21307659,21307659,PMC3230295,10.4161/cbt.11.9.15045,Resistance to HER2-directed antibodies and tyrosine kinase inhibitors: mechanisms and clinical implications.,Cancer biology & therapy,2011,"Journal Article;Research Support, N.I.H., Extramural;Research Support, Non-U.S. Gov't;Research Support, U.S. Gov't, Non-P.H.S.;Review",include_context,analogous_context,unknown,pmc_available,unknown,SUB015-Q003,"Combination or resistance-overcoming strategy is relevant clinical context, but lacks explicit PI3K-alpha inhibitor testing."
SUB015,pmid-24811128,24811128,unknown,10.1007/s11864-014-0292-6,HER2 directed therapy for gastric/esophageal cancers.,Current treatment options in oncology,2014,Journal Article;Review,include_context,analogous_context,unknown,abstract_available,unknown,SUB015-Q003,"Combination or resistance-overcoming strategy is relevant clinical context, but lacks explicit PI3K-alpha inhibitor testing."
SUB015,pmid-25220628,25220628,unknown,10.1016/j.ygyno.2014.09.003,Targeting HER2 in ovarian and uterine cancers: challenges and future directions.,Gynecologic oncology,2014,Journal Article;Review,include_context,analogous_context,unknown,abstract_available,unknown,SUB015-Q003,"Combination or resistance-overcoming strategy is relevant clinical context, but lacks explicit PI3K-alpha inhibitor testing."
SUB015,pmid-25799877,25799877,unknown,10.1016/j.bulcan.2015.02.013,[New therapeutical strategies in metastatic hormone-dependent breast cancer].,Bulletin du cancer,2015,Journal Article;Review,include_context,analogous_context,unknown,abstract_available,unknown,SUB015-Q003,"Combination or resistance-overcoming strategy is relevant clinical context, but lacks explicit PI3K-alpha inhibitor testing."
SUB015,pmid-26642065,26642065,unknown,10.1097/GCO.0000000000000243,Cyclin-dependent kinase pathways as targets for women's cancer treatment.,Current opinion in obstetrics & gynecology,2016,Journal Article;Review,include_context,analogous_context,unknown,abstract_available,unknown,SUB015-Q003,"Combination or resistance-overcoming strategy is relevant clinical context, but lacks explicit PI3K-alpha inhibitor testing."
SUB015,pmid-27017286,27017286,unknown,10.1016/j.ctrv.2016.03.002,Targeting CDK4/6 in patients with cancer.,Cancer treatment reviews,2016,"Journal Article;Research Support, Non-U.S. Gov't;Review",include_context,analogous_context,unknown,abstract_available,unknown,SUB015-Q003,"Combination or resistance-overcoming strategy is relevant clinical context, but lacks explicit PI3K-alpha inhibitor testing."
SUB015,pmid-27020857,27020857,PMC5426059,10.1158/0008-5472.CAN-15-0728,Early Adaptation and Acquired Resistance to CDK4/6 Inhibition in Estrogen Receptor-Positive Breast Cancer.,Cancer research,2016,"Journal Article;Research Support, Non-U.S. Gov't",include_context,analogous_context,unknown,pmc_available,unknown,SUB015-Q002;SUB015-Q003,CDK4/6 or endocrine resistance biology is relevant combination context but does not test a PI3K-alpha combination trial.
SUB015,pmid-27030077,27030077,unknown,10.1038/nrclinonc.2016.26,Treating cancer with selective CDK4/6 inhibitors.,Nature reviews. Clinical oncology,2016,Journal Article;Review,include_context,analogous_context,unknown,abstract_available,unknown,SUB015-Q003,"Combination or resistance-overcoming strategy is relevant clinical context, but lacks explicit PI3K-alpha inhibitor testing."
SUB015,pmid-27274308,27274308,PMC4876680,10.2147/BCTT.S83146,Profile of palbociclib in the treatment of metastatic breast cancer.,Breast cancer (Dove Medical Press),2016,Journal Article;Review,include_context,analogous_context,unknown,pmc_available,unknown,SUB015-Q003,"Combination or resistance-overcoming strategy is relevant clinical context, but lacks explicit PI3K-alpha inhibitor testing."
SUB015,pmid-27429659,27429659,PMC4923084,10.1007/s12254-016-0268-2,CDK4/6 inhibition in luminal breast cancer.,Memo,2016,Review;Journal Article,include_context,analogous_context,unknown,pmc_available,unknown,SUB015-Q003,"Combination or resistance-overcoming strategy is relevant clinical context, but lacks explicit PI3K-alpha inhibitor testing."
SUB015,pmid-27729458,27729458,unknown,10.1158/1078-0432.CCR-16-1131,Preclinical Therapeutic Synergy of MEK1/2 and CDK4/6 Inhibition in Neuroblastoma.,Clinical cancer research : an official journal of the American Association for Cancer Research,2016,Journal Article,include_context,analogous_context,unknown,abstract_available,unknown,SUB015-Q003,"Combination or resistance-overcoming strategy is relevant clinical context, but lacks explicit PI3K-alpha inhibitor testing."
SUB015,pmid-27986745,27986745,PMC5457336,10.1158/1078-0432.CCR-16-1114,Dual ALK and CDK4/6 Inhibition Demonstrates Synergy against Neuroblastoma.,Clinical cancer research : an official journal of the American Association for Cancer Research,2016,Journal Article,include_context,analogous_context,unknown,pmc_available,unknown,SUB015-Q003,"Combination or resistance-overcoming strategy is relevant clinical context, but lacks explicit PI3K-alpha inhibitor testing."
SUB015,pmid-28039358,28039358,PMC5334447,10.1158/1541-7786.MCR-16-0319,Stromal Senescence By Prolonged CDK4/6 Inhibition Potentiates Tumor Growth.,Molecular cancer research : MCR,2016,"Journal Article;Research Support, N.I.H., Extramural;Research Support, Non-U.S. Gov't",include_context,analogous_context,unknown,pmc_available,unknown,SUB015-Q003,"Combination or resistance-overcoming strategy is relevant clinical context, but lacks explicit PI3K-alpha inhibitor testing."
SUB015,pmid-28059068,28059068,PMC5227099,10.1038/ncomms13897,CDK4/6 or MAPK blockade enhances efficacy of EGFR inhibition in oesophageal squamous cell carcinoma.,Nature communications,2017,"Journal Article;Research Support, N.I.H., Extramural;Research Support, Non-U.S. Gov't",include_context,analogous_context,unknown,pmc_available,unknown,SUB015-Q003,"Combination or resistance-overcoming strategy is relevant clinical context, but lacks explicit PI3K-alpha inhibitor testing."
SUB015,pmid-28303264,28303264,PMC5347397,10.1016/j.trecan.2016.11.006,"The Strange Case of CDK4/6 Inhibitors: Mechanisms, Resistance, and Combination Strategies.",Trends in cancer,2017,"Journal Article;Review;Research Support, Non-U.S. Gov't",include_context,analogous_context,unknown,pmc_available,unknown,SUB015-Q003,"Combination or resistance-overcoming strategy is relevant clinical context, but lacks explicit PI3K-alpha inhibitor testing."
SUB015,pmid-28438180,28438180,PMC5404666,10.1186/s13045-017-0467-2,Recent advances of highly selective CDK4/6 inhibitors in breast cancer.,Journal of hematology & oncology,2017,Journal Article;Review,include_context,analogous_context,unknown,pmc_available,unknown,SUB015-Q003,"Combination or resistance-overcoming strategy is relevant clinical context, but lacks explicit PI3K-alpha inhibitor testing."
SUB015,pmid-28529550,28529550,PMC5424863,10.1177/1758834017693195,Hormonoresistance in advanced breast cancer: a new revolution in endocrine therapy.,Therapeutic advances in medical oncology,2017,Journal Article;Review,include_context,analogous_context,unknown,pmc_available,unknown,SUB015-Q003,"Combination or resistance-overcoming strategy is relevant clinical context, but lacks explicit PI3K-alpha inhibitor testing."
SUB015,pmid-28626036,28626036,unknown,10.1158/2159-8290.CD-NB2017-093,Treating ER+ Breast Cancer with CDK4/6 Inhibitors.,Cancer discovery,2017,Clinical Trial;Journal Article,include_context,analogous_context,unknown,abstract_available,unknown,SUB015-Q003,"Combination or resistance-overcoming strategy is relevant clinical context, but lacks explicit PI3K-alpha inhibitor testing."
SUB015,pmid-28680952,28680952,PMC5488136,10.1007/s40487-017-0046-2,A Review of Fulvestrant in Breast Cancer.,Oncology and therapy,2017,Journal Article;Review,include_context,review_or_background,unknown,pmc_available,unknown,SUB015-Q003,Review of PI3K-pathway combinations helps frame resistance-overcoming trial logic.
SUB015,pmid-28741274,28741274,unknown,10.1007/s10549-017-4385-3,"Cyclin-dependent kinase 4/6 inhibitors in breast cancer: palbociclib, ribociclib, and abemaciclib.",Breast cancer research and treatment,2017,Journal Article;Review,include_context,analogous_context,unknown,abstract_available,unknown,SUB015-Q003,"Combination or resistance-overcoming strategy is relevant clinical context, but lacks explicit PI3K-alpha inhibitor testing."
SUB015,pmid-29209558,29209558,PMC5704598,10.1186/s40164-017-0091-4,Development and clinical application of anti-HER2 monoclonal and bispecific antibodies for cancer treatment.,Experimental hematology & oncology,2017,Journal Article;Review,include_context,analogous_context,unknown,pmc_available,unknown,SUB015-Q003,"Combination or resistance-overcoming strategy is relevant clinical context, but lacks explicit PI3K-alpha inhibitor testing."
SUB015,pmid-29234248,29234248,PMC5704690,10.1159/000481656,Incorporating CDK4/6 Inhibitors in the Treatment of Advanced Luminal Breast Cancer.,"Breast care (Basel, Switzerland)",2017,Journal Article;Review,include_context,analogous_context,unknown,pmc_available,unknown,SUB015-Q003,"Combination or resistance-overcoming strategy is relevant clinical context, but lacks explicit PI3K-alpha inhibitor testing."
SUB015,pmid-29234249,29234249,PMC5704709,10.1159/000484167,Mechanisms of Resistance to CDK4/6 Inhibitors in Breast Cancer and Potential Biomarkers of Response.,"Breast care (Basel, Switzerland)",2017,Journal Article;Review,include_context,analogous_context,unknown,pmc_available,unknown,SUB015-Q003,"Combination or resistance-overcoming strategy is relevant clinical context, but lacks explicit PI3K-alpha inhibitor testing."
SUB015,pmid-29399694,29399694,unknown,10.3892/or.2018.6221,Mechanisms of the CDK4/6 inhibitor palbociclib (PD 0332991) and its future application in cancer treatment (Review).,Oncology reports,2018,Journal Article;Review,include_context,analogous_context,unknown,abstract_available,unknown,SUB015-Q003,"Combination or resistance-overcoming strategy is relevant clinical context, but lacks explicit PI3K-alpha inhibitor testing."
SUB015,pmid-29644000,29644000,PMC5884655,10.18632/oncotarget.24585,CDK4/6 inhibition as maintenance and combination therapy for high grade serous ovarian cancer.,Oncotarget,2018,Journal Article,include_context,analogous_context,unknown,pmc_available,unknown,SUB015-Q003,"Combination or resistance-overcoming strategy is relevant clinical context, but lacks explicit PI3K-alpha inhibitor testing."
SUB015,pmid-29729292,29729292,unknown,10.1016/j.canlet.2018.04.037,Cyclin E overexpression confers resistance to the CDK4/6 specific inhibitor palbociclib in gastric cancer cells.,Cancer letters,2018,"Journal Article;Research Support, Non-U.S. Gov't",include_context,analogous_context,unknown,abstract_available,unknown,SUB015-Q003,"Combination or resistance-overcoming strategy is relevant clinical context, but lacks explicit PI3K-alpha inhibitor testing."
SUB015,pmid-29781317,29781317,unknown,10.1080/14737140.2018.1477596,Combination therapies for the treatment of HER2-positive breast cancer: current and future prospects.,Expert review of anticancer therapy,2018,Journal Article;Review,include_context,analogous_context,unknown,abstract_available,unknown,SUB015-Q001,"Combination or resistance-overcoming strategy is relevant clinical context, but lacks explicit PI3K-alpha inhibitor testing."
SUB015,pmid-29933034,29933034,PMC6533626,10.1016/j.pharmthera.2018.06.008,CDK4/6 inhibitors in breast cancer therapy: Current practice and future opportunities.,Pharmacology & therapeutics,2018,"Journal Article;Research Support, N.I.H., Extramural;Research Support, Non-U.S. Gov't;Review",include_context,analogous_context,unknown,pmc_available,unknown,SUB015-Q003,"Combination or resistance-overcoming strategy is relevant clinical context, but lacks explicit PI3K-alpha inhibitor testing."
SUB015,pmid-30018827,30018827,PMC6029445,10.1155/2018/7835095,Overcoming Therapeutic Resistance of Triple Positive Breast Cancer with CDK4/6 Inhibition.,International journal of breast cancer,2018,Journal Article;Review,include_context,analogous_context,unknown,pmc_available,unknown,SUB015-Q003,"Combination or resistance-overcoming strategy is relevant clinical context, but lacks explicit PI3K-alpha inhibitor testing."
SUB015,pmid-30078354,30078354,PMC6152498,10.1080/15384101.2018.1502567,Targeting the cell cycle in breast cancer: towards the next phase.,"Cell cycle (Georgetown, Tex.)",2018,"Journal Article;Research Support, Non-U.S. Gov't;Review",include_context,analogous_context,unknown,pmc_available,unknown,SUB015-Q003,"Combination or resistance-overcoming strategy is relevant clinical context, but lacks explicit PI3K-alpha inhibitor testing."
SUB015,pmid-30100092,30100092,unknown,10.1016/j.currproblcancer.2018.07.001,HER2: An emerging target in colorectal cancer.,Current problems in cancer,2018,Journal Article;Review,include_context,analogous_context,unknown,abstract_available,unknown,SUB015-Q003,"Combination or resistance-overcoming strategy is relevant clinical context, but lacks explicit PI3K-alpha inhibitor testing."
SUB015,pmid-30136059,30136059,PMC6407749,10.1007/s11523-018-0587-9,Fulvestrant-Based Combination Therapy for Second-Line Treatment of Hormone Receptor-Positive Advanced Breast Cancer.,Targeted oncology,2019,"Journal Article;Research Support, Non-U.S. Gov't;Review",include_context,analogous_context,unknown,pmc_available,unknown,SUB015-Q003,"Combination or resistance-overcoming strategy is relevant clinical context, but lacks explicit PI3K-alpha inhibitor testing."
SUB015,pmid-30206110,30206110,PMC6368247,10.1158/2159-8290.CD-18-0264,The Genetic Landscape and Clonal Evolution of Breast Cancer Resistance to Palbociclib plus Fulvestrant in the PALOMA-3 Trial.,Cancer discovery,2018,"Clinical Trial, Phase III;Journal Article;Randomized Controlled Trial;Research Support, Non-U.S. Gov't",include_context,analogous_context,unknown,pmc_available,unknown,SUB015-Q003,"Combination or resistance-overcoming strategy is relevant clinical context, but lacks explicit PI3K-alpha inhibitor testing."
SUB015,pmid-30287548,30287548,PMC6359975,10.1158/1078-0432.CCR-18-1967,Arrested Developments: CDK4/6 Inhibitor Resistance and Alterations in the Tumor Immune Microenvironment.,Clinical cancer research : an official journal of the American Association for Cancer Research,2018,"Journal Article;Research Support, N.I.H., Extramural;Research Support, Non-U.S. Gov't;Review",include_context,analogous_context,unknown,pmc_available,unknown,SUB015-Q003,"Combination or resistance-overcoming strategy is relevant clinical context, but lacks explicit PI3K-alpha inhibitor testing."
SUB015,pmid-30359883,30359883,unknown,10.1016/j.breast.2018.10.001,Targeting CDK4/6 pathways and beyond in breast cancer.,"Breast (Edinburgh, Scotland)",2018,Journal Article;Review,include_context,analogous_context,unknown,abstract_available,unknown,SUB015-Q003,"Combination or resistance-overcoming strategy is relevant clinical context, but lacks explicit PI3K-alpha inhibitor testing."
SUB015,pmid-30388455,30388455,PMC6410377,10.1016/j.cell.2018.09.006,A Cancer Cell Program Promotes T Cell Exclusion and Resistance to Checkpoint Blockade.,Cell,2018,"Journal Article;Research Support, N.I.H., Extramural;Research Support, Non-U.S. Gov't",include_context,analogous_context,unknown,pmc_available,unknown,SUB015-Q003,"Combination or resistance-overcoming strategy is relevant clinical context, but lacks explicit PI3K-alpha inhibitor testing."
SUB015,pmid-30389903,30389903,unknown,10.1530/ERC-18-0317,Overcoming CDK4/6 inhibitor resistance in ER-positive breast cancer.,Endocrine-related cancer,2019,"Journal Article;Research Support, Non-U.S. Gov't;Review",include_context,analogous_context,unknown,abstract_available,unknown,SUB015-Q003,"Combination or resistance-overcoming strategy is relevant clinical context, but lacks explicit PI3K-alpha inhibitor testing."
SUB015,pmid-30397176,30397176,PMC6498855,10.1158/1078-0432.CCR-18-0372,A Combination CDK4/6 and IGF1R Inhibitor Strategy for Ewing Sarcoma.,Clinical cancer research : an official journal of the American Association for Cancer Research,2018,"Journal Article;Research Support, N.I.H., Extramural;Research Support, N.I.H., Intramural;Research Support, Non-U.S. Gov't",include_context,analogous_context,unknown,pmc_available,unknown,SUB015-Q003,"Combination or resistance-overcoming strategy is relevant clinical context, but lacks explicit PI3K-alpha inhibitor testing."
SUB015,pmid-30914635,30914635,PMC6435685,10.1038/s41467-019-09068-2,Aberrant FGFR signaling mediates resistance to CDK4/6 inhibitors in ER+ breast cancer.,Nature communications,2019,"Journal Article;Research Support, N.I.H., Extramural;Research Support, Non-U.S. Gov't",include_context,analogous_context,unknown,pmc_available,unknown,SUB015-Q003,"Combination or resistance-overcoming strategy is relevant clinical context, but lacks explicit PI3K-alpha inhibitor testing."
SUB015,pmid-31101994,31101994,unknown,10.1007/s11864-019-0651-4,The Role of CDK4/6 Inhibitors in Breast Cancer.,Current treatment options in oncology,2019,Journal Article;Review,include_context,review_or_background,unknown,abstract_available,unknown,SUB015-Q001;SUB015-Q003,Review of PI3K-pathway combinations helps frame resistance-overcoming trial logic.
SUB015,pmid-31226848,31226848,PMC6627878,10.3390/ijms20123021,Strategies to Overcome Resistance Mechanisms in T-Cell Acute Lymphoblastic Leukemia.,International journal of molecular sciences,2019,Journal Article;Review,include_context,analogous_context,unknown,pmc_available,unknown,SUB015-Q003,"Combination or resistance-overcoming strategy is relevant clinical context, but lacks explicit PI3K-alpha inhibitor testing."
SUB015,pmid-31448640,31448640,unknown,10.1080/14737140.2019.1660164,What therapies are on the horizon for HER2 positive breast cancer?,Expert review of anticancer therapy,2019,Journal Article;Review,include_context,analogous_context,unknown,abstract_available,unknown,SUB015-Q001,"Combination or resistance-overcoming strategy is relevant clinical context, but lacks explicit PI3K-alpha inhibitor testing."
SUB015,pmid-31471681,31471681,PMC11105043,10.1007/s00018-019-03281-4,Mechanisms of resistance to estrogen receptor modulators in ER+/HER2- advanced breast cancer.,Cellular and molecular life sciences : CMLS,2019,Journal Article;Review,include_context,review_or_background,unknown,pmc_available,unknown,SUB015-Q003,Review of PI3K-pathway combinations helps frame resistance-overcoming trial logic.
SUB015,pmid-31486688,31486688,unknown,10.1080/14656566.2019.1651293,An evaluation of fulvestrant for the treatment of metastatic breast cancer.,Expert opinion on pharmacotherapy,2019,Journal Article;Review,include_context,analogous_context,unknown,abstract_available,unknown,SUB015-Q003,"Combination or resistance-overcoming strategy is relevant clinical context, but lacks explicit PI3K-alpha inhibitor testing."
SUB015,pmid-31555743,31555743,PMC6750908,10.1126/sciadv.aax6352,SLC36A1-mTORC1 signaling drives acquired resistance to CDK4/6 inhibitors.,Science advances,2019,"Journal Article;Research Support, N.I.H., Extramural;Research Support, Non-U.S. Gov't",include_context,analogous_context,unknown,pmc_available,unknown,SUB015-Q003,"Combination or resistance-overcoming strategy is relevant clinical context, but lacks explicit PI3K-alpha inhibitor testing."
SUB015,pmid-31575731,31575731,PMC6913182,10.1126/scisignal.aay0482,HIF-independent synthetic lethality between CDK4/6 inhibition and VHL loss across species.,Science signaling,2019,"Journal Article;Research Support, N.I.H., Extramural;Research Support, Non-U.S. Gov't",include_context,analogous_context,unknown,pmc_available,unknown,SUB015-Q003,"Combination or resistance-overcoming strategy is relevant clinical context, but lacks explicit PI3K-alpha inhibitor testing."
SUB015,pmid-31594766,31594766,unknown,10.1158/2159-8290.CD-18-0830,PTEN Loss Mediates Clinical Cross-Resistance to CDK4/6 and PI3Kα Inhibitors in Breast Cancer.,Cancer discovery,2019,"Journal Article;Research Support, N.I.H., Extramural;Research Support, Non-U.S. Gov't",include_context,primary_mechanism,unknown,abstract_available,unknown,SUB015-Q003,"PTEN-loss cross-resistance strongly informs combination rationale, but it is not itself a combination trial designed to overcome resistance."
SUB015,pmid-31832106,31832106,PMC6887797,10.1177/1758835919887665,The emerging role of CDK4/6i in HER2-positive breast cancer.,Therapeutic advances in medical oncology,2019,Journal Article;Review,include_context,analogous_context,unknown,pmc_available,unknown,SUB015-Q001,"Combination or resistance-overcoming strategy is relevant clinical context, but lacks explicit PI3K-alpha inhibitor testing."
SUB015,pmid-31909732,31909732,PMC6951437,10.1158/1535-7163.MCT-19-0253,The Ongoing Search for Biomarkers of CDK4/6 Inhibitor Responsiveness in Breast Cancer.,Molecular cancer therapeutics,2020,"Journal Article;Research Support, N.I.H., Extramural;Review",include_context,analogous_context,unknown,pmc_available,unknown,SUB015-Q003,"Combination or resistance-overcoming strategy is relevant clinical context, but lacks explicit PI3K-alpha inhibitor testing."
SUB015,pmid-32061162,32061162,unknown,10.1530/ERC-19-0501,Cyclin E1 and cyclin E2 in ER+ breast cancer: prospects as biomarkers and therapeutic targets.,Endocrine-related cancer,2020,"Journal Article;Research Support, Non-U.S. Gov't;Review",include_context,analogous_context,unknown,abstract_available,unknown,SUB015-Q003,"Combination or resistance-overcoming strategy is relevant clinical context, but lacks explicit PI3K-alpha inhibitor testing."
SUB015,pmid-32256106,32256106,PMC7090187,10.2147/BCTT.S196240,Fulvestrant in Combination with CDK4/6 Inhibitors for HER2- Metastatic Breast Cancers: Current Perspectives.,Breast cancer (Dove Medical Press),2020,Journal Article;Review,include_context,analogous_context,unknown,pmc_available,unknown,SUB015-Q003,"Combination or resistance-overcoming strategy is relevant clinical context, but lacks explicit PI3K-alpha inhibitor testing."
SUB015,pmid-32289274,32289274,unknown,10.1016/j.ccell.2020.03.010,Mechanisms of Sensitivity and Resistance to CDK4/6 Inhibition.,Cancer cell,2020,"Journal Article;Research Support, Non-U.S. Gov't;Review",include_context,analogous_context,unknown,abstract_available,unknown,SUB015-Q003,"Combination or resistance-overcoming strategy is relevant clinical context, but lacks explicit PI3K-alpha inhibitor testing."
SUB015,pmid-32393766,32393766,PMC7214447,10.1038/s41467-020-16170-3,Acquired resistance to combined BET and CDK4/6 inhibition in triple-negative breast cancer.,Nature communications,2020,"Journal Article;Research Support, N.I.H., Extramural;Research Support, Non-U.S. Gov't;Research Support, U.S. Gov't, Non-P.H.S.",include_context,analogous_context,unknown,pmc_available,unknown,SUB015-Q003,"Combination or resistance-overcoming strategy is relevant clinical context, but lacks explicit PI3K-alpha inhibitor testing."
SUB015,pmid-32504067,32504067,PMC8027849,10.1038/s41401-020-0416-4,Intrinsic and acquired resistance to CDK4/6 inhibitors and potential overcoming strategies.,Acta pharmacologica Sinica,2020,Journal Article;Review,include_context,analogous_context,unknown,pmc_available,unknown,SUB015-Q003,"Combination or resistance-overcoming strategy is relevant clinical context, but lacks explicit PI3K-alpha inhibitor testing."
SUB015,pmid-32523378,32523378,PMC7237121,10.2147/CMAR.S250632,Current Therapeutic Progress of CDK4/6 Inhibitors in Breast Cancer.,Cancer management and research,2020,Journal Article;Review,include_context,analogous_context,unknown,pmc_available,unknown,SUB015-Q003,"Combination or resistance-overcoming strategy is relevant clinical context, but lacks explicit PI3K-alpha inhibitor testing."
SUB015,pmid-32712436,32712436,unknown,10.1016/j.ejmech.2020.112531,Getting under the skin: The role of CDK4/6 in melanomas.,European journal of medicinal chemistry,2020,Journal Article;Review,include_context,analogous_context,unknown,abstract_available,unknown,SUB015-Q003,"Combination or resistance-overcoming strategy is relevant clinical context, but lacks explicit PI3K-alpha inhibitor testing."
SUB015,pmid-32795346,32795346,PMC7427086,10.1186/s13058-020-01320-8,Targeting activated PI3K/mTOR signaling overcomes acquired resistance to CDK4/6-based therapies in preclinical models of hormone receptor-positive breast cancer.,Breast cancer research : BCR,2020,"Journal Article;Research Support, Non-U.S. Gov't;Research Support, U.S. Gov't, Non-P.H.S.",include_context,primary_mechanism,unknown,pmc_available,unknown,SUB015-Q002,Preclinical PI3K/mTOR targeting after CDK4/6 resistance supports rationale but is not a clinical combination trial.
SUB015,pmid-32982644,32982644,PMC7490658,10.1159/000508675,Endocrine-Resistant Breast Cancer: Mechanisms and Treatment.,"Breast care (Basel, Switzerland)",2020,Journal Article;Review,include_context,review_or_background,unknown,pmc_available,unknown,SUB015-Q003,Treatment-landscape review frames PI3K-alpha combination strategies but is not direct proof of resistance biology.
SUB015,pmid-33413549,33413549,PMC7792133,10.1186/s13046-020-01788-4,The immunomodulatory effects of endocrine therapy in breast cancer.,Journal of experimental & clinical cancer research : CR,2021,Journal Article;Review,include_context,review_or_background,unknown,pmc_available,unknown,SUB015-Q003,Treatment-landscape review frames PI3K-alpha combination strategies but is not direct proof of resistance biology.
SUB015,pmid-33463941,33463941,unknown,10.1615/CritRevOncog.2020036080,Sensitization of Cancers Resistant to HER2 Antibodies.,Critical reviews in oncogenesis,2020,Journal Article;Review,include_context,review_or_background,unknown,abstract_available,unknown,SUB015-Q003,Treatment-landscape review frames PI3K-alpha combination strategies but is not direct proof of resistance biology.
SUB015,pmid-33865994,33865994,unknown,10.1016/j.critrevonc.2021.103334,PI3K inhibition in breast cancer: Identifying and overcoming different flavors of resistance.,Critical reviews in oncology/hematology,2021,Journal Article;Review,include_context,review_or_background,unknown,abstract_available,unknown,SUB015-Q003,Resistance review summarizes combination strategies but is not primary combination-trial evidence.
SUB015,pmid-34392831,34392831,PMC8365900,10.1186/s13058-021-01462-3,ESR1 mutation as an emerging clinical biomarker in metastatic hormone receptor-positive breast cancer.,Breast cancer research : BCR,2021,Journal Article;Review,include_context,review_or_background,unknown,pmc_available,unknown,SUB015-Q003,Treatment-landscape review frames PI3K-alpha combination strategies but is not direct proof of resistance biology.
SUB015,pmid-35732328,35732328,PMC9247880,10.21873/cgp.20328,Molecular Genetics and Targeted Therapies for Paediatric High-grade Glioma.,Cancer genomics & proteomics,2022,Journal Article;Review,include_context,review_or_background,unknown,pmc_available,unknown,SUB015-Q003,Treatment-landscape review frames PI3K-alpha combination strategies but is not direct proof of resistance biology.
SUB015,pmid-36071983,36071983,PMC9446423,10.37349/etat.2022.00096,Endocrine therapy resistance: what we know and future directions.,Exploration of targeted anti-tumor therapy,2022,Journal Article;Review,include_context,review_or_background,unknown,pmc_available,unknown,SUB015-Q003,Treatment-landscape review frames PI3K-alpha combination strategies but is not direct proof of resistance biology.
SUB015,pmid-36901954,36901954,PMC10003259,10.3390/ijms24054522,Drugging the PI3K/AKT/mTOR Pathway in ER+ Breast Cancer.,International journal of molecular sciences,2023,Journal Article;Review,include_context,review_or_background,unknown,pmc_available,unknown,SUB015-Q002;SUB015-Q003,ER+ PI3K/AKT/mTOR review is background for combination logic only.
SUB015,pmid-37004700,37004700,unknown,10.1007/s11912-023-01393-6,Advances in Endocrine Therapy for Hormone Receptor-Positive Advanced Breast Cancer.,Current oncology reports,2023,Journal Article;Review,include_context,review_or_background,unknown,abstract_available,unknown,SUB015-Q003,Treatment-landscape review frames PI3K-alpha combination strategies but is not direct proof of resistance biology.
SUB015,pmid-37044095,37044095,PMC10140479,10.1016/j.xcrm.2023.101002,N-acetylcysteine overcomes NF1 loss-driven resistance to PI3Kα inhibition in breast cancer.,Cell reports. Medicine,2023,"Journal Article;Research Support, Non-U.S. Gov't",include_context,primary_mechanism,unknown,pmc_available,unknown,SUB015-Q003,"NAC sensitization of NF1-loss alpelisib-resistant models is preclinical resistance-overcoming context, not a combination trial."
SUB015,pmid-37576607,37576607,PMC10422890,10.1177/17588359231187201,Evolving perspectives on the treatment of HR+/HER2+ metastatic breast cancer.,Therapeutic advances in medical oncology,2023,Journal Article;Review,include_context,review_or_background,unknown,pmc_available,unknown,SUB015-Q001;SUB015-Q003,Treatment-landscape review frames PI3K-alpha combination strategies but is not direct proof of resistance biology.
SUB015,pmid-37725704,37725704,PMC10690091,10.1158/0008-5472.CAN-23-0694,The Next-Generation Oral Selective Estrogen Receptor Degrader Camizestrant (AZD9833) Suppresses ER+ Breast Cancer Growth and Overcomes Endocrine and CDK4/6 Inhibitor Resistance.,Cancer research,2023,"Journal Article;Research Support, Non-U.S. Gov't",include_context,analogous_context,unknown,pmc_available,unknown,SUB015-Q002;SUB015-Q003,"Camizestrant combinations include PI3K/AKT/mTOR cotargeting in preclinical models, useful context but not trial evidence."
SUB015,pmid-37916958,37916958,PMC10850944,10.1158/2159-8290.CD-23-0704,Allosteric PI3Kα Inhibition Overcomes On-target Resistance to Orthosteric Inhibitors Mediated by Secondary PIK3CA Mutations.,Cancer discovery,2024,"Journal Article;Research Support, U.S. Gov't, Non-P.H.S.;Research Support, N.I.H., Extramural",include_context,primary_mechanism,unknown,pmc_available,unknown,SUB015-Q003,Allosteric PI3K-alpha resistance paper informs combination rationale but is not itself a clinical combination trial.
SUB015,pmid-37943630,37943630,unknown,10.1530/ERC-23-0041,Impact of the PI3K-alpha inhibitor alpelisib on everolimus resistance and somatostatin receptor expression in an orthotopic pancreatic NEC xenograft mouse model.,Endocrine-related cancer,2023,"Journal Article;Research Support, Non-U.S. Gov't",include_context,analogous_context,unknown,abstract_available,unknown,SUB015-Q003,"Alpelisib in everolimus-resistant NET xenografts is preclinical sequencing/combination context, not a clinical resistance-overcoming trial."
SUB015,pmid-38930141,38930141,PMC11204965,10.3390/jcm13123611,"Novel Treatment Strategies for Hormone Receptor (HR)-Positive, HER2-Negative Metastatic Breast Cancer.",Journal of clinical medicine,2024,Journal Article;Review,include_context,review_or_background,unknown,pmc_available,unknown,SUB015-Q003,HR+/HER2- treatment strategy review gives clinical context for PI3K-alpha combinations.
SUB015,pmid-40540707,40540707,unknown,10.1200/EDBK-25-473372,After a CDK4/6 Inhibitor: State of the Art in Hormone Receptor-Positive Metastatic Breast Cancer.,American Society of Clinical Oncology educational book. American Society of Clinical Oncology. Annual Meeting,2025,Journal Article;Review,include_context,review_or_background,unknown,abstract_available,unknown,SUB015-Q003,Post-CDK4/6 treatment review frames sequencing and combination options.
SUB015,pmid-40544690,40544690,unknown,10.1016/j.ctrv.2025.102980,"Overcoming Resistance to CDK4/6 inhibitors in Hormone Receptor positive, HER2 negative breast cancer: Innovative Combinations and Emerging Strategies.",Cancer treatment reviews,2025,Journal Article;Review,include_context,review_or_background,unknown,abstract_available,unknown,SUB015-Q003,CDK4/6 resistance combinations review is useful context for post-CDK combination logic.
SUB015,pmid-40656600,40656600,PMC12254669,10.1177/17588359251353623,Understanding and overcoming CDK4/6 inhibitor resistance in HR+/HER2- metastatic breast cancer: clinical and molecular perspectives.,Therapeutic advances in medical oncology,2025,Journal Article;Review,include_context,review_or_background,unknown,pmc_available,unknown,SUB015-Q003,CDK4/6 resistance review frames why PI3K-alpha combinations are clinically tested.
SUB015,pmid-40989687,40989687,PMC12450692,10.3389/fonc.2025.1596634,Pharmacologic management of HR+/HER2- mBC: a clinically oriented review.,Frontiers in oncology,2025,Journal Article;Review,include_context,review_or_background,unknown,pmc_available,unknown,SUB015-Q003,HR+/HER2- pharmacologic management review provides clinical landscape for combination placement.
SUB015,pmid-41544376,41544376,PMC12830294,10.1016/j.neo.2025.101266,Dual CDK4/6-PI3K/mTOR inhibition reinforces cytostatic programs and tumor control in preclinical models of primary and metastatic osteosarcoma.,"Neoplasia (New York, N.Y.)",2026,Journal Article,include_context,analogous_context,unknown,pmc_available,unknown,SUB015-Q003,Analogous osteosarcoma combination model supports pathway-cotargeting rationale but is not a clinical PI3K-alpha resistance-overcoming trial.
SUB015,pmid-42103903,42103903,unknown,10.1038/s41417-026-01039-2,Dual PI3K/AKT/mTOR and CDK4/6 inhibition suppresses survivin to overcome uterine dedifferentiated endometrial carcinoma.,Cancer gene therapy,2026,Journal Article,include_context,analogous_context,unknown,abstract_available,unknown,SUB015-Q003,Analogous preclinical dual PI3K/AKT/mTOR and CDK4/6 inhibition supports combination rationale but is not a clinical PI3K-alpha trial.
SUB015,pmid-42263466,42263466,unknown,10.1016/j.clbc.2026.05.004,"Pharmacologic Features, Clinical Applications, and Drug Safety Evaluation of Inavolisib in the Treatment of Metastatic Breast Cancer.",Clinical breast cancer,2026,Journal Article;Review,include_context,review_or_background,unknown,abstract_available,unknown,SUB015-Q002,Inavolisib pharmacology and safety review supports clinical combination interpretation.
SUB015,pmid-42351448,42351448,PMC13298351,10.3390/diagnostics16121790,"Post-CDK4/6 Inhibitor Therapeutic Approaches in Hormone Receptor-Positive, HER2-Negative Metastatic Breast Cancer: Current Evidence and Emerging Strategies-A Narrative Review.","Diagnostics (Basel, Switzerland)",2026,Journal Article;Review,include_context,review_or_background,unknown,pmc_available,unknown,SUB015-Q002,Post-CDK4/6 HR+/HER2- review contextualizes combination sequencing after resistance.
SUB015,pmid-42496151,42496151,unknown,10.1080/17425255.2026.2710110,Inavolisib: a second-generation PI3Kα inhibitor in HR+/HER2-negative breast cancer.,Expert opinion on drug metabolism & toxicology,2026,Journal Article;Review,include_context,review_or_background,unknown,abstract_available,unknown,SUB015-Q002,Inavolisib review frames the second-generation PI3Kalpha combination setting.
SUB015,pmid-32887722,32887722,unknown,10.1158/1078-0432.CCR-20-0645,Phase Ib Study of Ribociclib plus Fulvestrant and Ribociclib plus Fulvestrant plus PI3K Inhibitor (Alpelisib or Buparlisib) for HR+ Advanced Breast Cancer.,Clinical cancer research : an official journal of the American Association for Cancer Research,2020,"Journal Article;Research Support, Non-U.S. Gov't",include_primary,clinical_or_translational,unknown,abstract_available,unknown,SUB015-Q002,Clinical combination trial involving PI3K-alpha/PI3K inhibition tests a resistance-overcoming treatment logic.
SUB015,pmid-40845250,40845250,unknown,10.1200/JCO-25-00663,"US Food and Drug Administration Approval Summary: Inavolisib With Palbociclib and Fulvestrant for Endocrine-Resistant, PIK3CA-Mutated, Hormone Receptor-Positive, Human Epidermal Growth Factor Receptor 2-Negative, Locally Advanced or Metastatic Breast Cancer.",Journal of clinical oncology : official journal of the American Society of Clinical Oncology,2025,"Journal Article;Randomized Controlled Trial;Research Support, Non-U.S. Gov't",include_primary,clinical_or_translational,unknown,abstract_available,unknown,SUB015-Q004,FDA approval summary directly supports the inavolisib plus palbociclib and fulvestrant clinical combination in endocrine-resistant PIK3CA-mutated disease.
SUB015,pmid-42202490,42202490,PMC13235453,10.1016/j.esmoop.2026.107735,"Safety analyses of the INAVO120 randomised phase III trial of inavolisib or placebo with palbociclib-fulvestrant in patients with PIK3CA-mutated, hormone receptor-positive, HER2-negative, endocrine-resistant advanced breast cancer.",ESMO open,2026,"Journal Article;Randomized Controlled Trial;Clinical Trial, Phase III",include_primary,clinical_or_translational,unknown,pmc_available,unknown,SUB015-Q004,"INAVO120 safety analysis directly evaluates the inavolisib, palbociclib, and fulvestrant resistance-oriented clinical combination."
SUB016,pmid-27604488,27604488,PMC5050154,10.1158/2159-8290.CD-16-0305,Systematic Functional Characterization of Resistance to PI3K Inhibition in Breast Cancer.,Cancer discovery,2016,Journal Article,include_context,review_or_background,unknown,pmc_available,unknown,SUB016-Q002;SUB016-Q003,Resistance background frames future next-generation inhibitor questions but is not itself a next-gen inhibitor paper.
SUB016,pmid-32252811,32252811,PMC7137211,10.1186/s13058-020-01271-0,Everolimus versus alpelisib in advanced hormone receptor-positive HER2-negative breast cancer: targeting different nodes of the PI3K/AKT/mTORC1 pathway with different clinical implications.,Breast cancer research : BCR,2020,"Comparative Study;Journal Article;Research Support, Non-U.S. Gov't;Review",include_context,review_or_background,unknown,pmc_available,unknown,SUB016-Q002;SUB016-Q003,Resistance background frames future next-generation inhibitor questions but is not itself a next-gen inhibitor paper.
SUB016,pmid-33622114,33622114,unknown,10.1080/14656566.2021.1873952,"Alpelisib for the treatment of PIK3CA-mutated, hormone receptor-positive, HER2-negative metastatic breast cancer.",Expert opinion on pharmacotherapy,2021,"Clinical Trial, Phase III;Journal Article;Randomized Controlled Trial",include_context,review_or_background,unknown,abstract_available,unknown,SUB016-Q002;SUB016-Q003,Resistance background frames future next-generation inhibitor questions but is not itself a next-gen inhibitor paper.
SUB016,pmid-33865994,33865994,unknown,10.1016/j.critrevonc.2021.103334,PI3K inhibition in breast cancer: Identifying and overcoming different flavors of resistance.,Critical reviews in oncology/hematology,2021,Journal Article;Review,include_context,review_or_background,unknown,abstract_available,unknown,SUB016-Q002;SUB016-Q003,Resistance background frames future next-generation inhibitor questions but is not itself a next-gen inhibitor paper.
SUB016,pmid-37044095,37044095,PMC10140479,10.1016/j.xcrm.2023.101002,N-acetylcysteine overcomes NF1 loss-driven resistance to PI3Kα inhibition in breast cancer.,Cell reports. Medicine,2023,"Journal Article;Research Support, Non-U.S. Gov't",include_context,review_or_background,unknown,pmc_available,unknown,SUB016-Q002;SUB016-Q003,Resistance background frames future next-generation inhibitor questions but is not itself a next-gen inhibitor paper.
SUB016,pmid-37493631,37493631,PMC10811747,10.1158/1541-7786.MCR-23-0034,CBF-Beta Mitigates PI3K-Alpha-Specific Inhibitor Killing through PIM1 in PIK3CA-Mutant Gastric Cancer.,Molecular cancer research : MCR,2023,"Journal Article;Research Support, Non-U.S. Gov't;Research Support, N.I.H., Extramural",include_context,analogous_context,unknown,pmc_available,unknown,SUB016-Q002;SUB016-Q003,"PIM1-mediated survival during PI3K-alpha inhibitor killing is resistance-mechanism context, not mutant-selective or allosteric PI3K-alpha inhibitor evidence."
SUB016,pmid-38286037,38286037,PMC11627550,10.1016/j.biopha.2024.116217,β1 integrin mediates unresponsiveness to PI3Kα inhibition for radiochemosensitization of 3D HNSCC models.,Biomedicine & pharmacotherapy = Biomedecine & pharmacotherapie,2024,Journal Article,include_context,review_or_background,unknown,pmc_available,unknown,SUB016-Q002;SUB016-Q003,Resistance background frames future next-generation inhibitor questions but is not itself a next-gen inhibitor paper.
SUB016,pmid-39709507,39709507,PMC11839470,10.1038/s41417-024-00867-4,PIK3CA mutation fortifies molecular determinants for immune signaling in vascular cancers.,Cancer gene therapy,2024,Journal Article,include_context,review_or_background,unknown,pmc_available,unknown,SUB016-Q002;SUB016-Q003,Resistance background frames future next-generation inhibitor questions but is not itself a next-gen inhibitor paper.
SUB016,pmid-40390333,40390333,unknown,10.1080/07391102.2025.2502137,Exploring a kinase inhibitor targeting PI3KCA mutant cancer cells.,Journal of biomolecular structure & dynamics,2025,"Journal Article;Research Support, Non-U.S. Gov't",include_context,methods_or_assay,unknown,abstract_available,unknown,SUB016-Q002;SUB016-Q003,Kinase-inhibitor exploration in PIK3CA-mutant cells is useful discovery context but not direct allosteric/mutant-selective resistance evidence.
SUB016,pmid-40723456,40723456,PMC12292759,10.3390/biology14070896,In Silico Discovery of a Novel Potential Allosteric PI3Kα Inhibitor Incorporating 3-(2-Chloro-5-fluorophenyl)isoindolin-1-one to Target Head and Neck Squamous Cell Carcinoma.,Biology,2025,Journal Article,include_context,methods_or_assay,unknown,pmc_available,unknown,SUB016-Q002;SUB016-Q003,In silico allosteric PI3K-alpha inhibitor discovery is relevant methods context but lacks primary biological or clinical evidence in the abstract.
SUB016,pmid-40829787,40829787,unknown,10.1146/annurev-pharmtox-082924-022724,Structural Insights into the Development of Inhibitors Against Cancer-Specific Mutations of PI3Kα.,Annual review of pharmacology and toxicology,2025,Journal Article;Review,include_context,review_or_background,unknown,abstract_available,unknown,SUB016-Q001;SUB016-Q002;SUB016-Q003,"Directly addresses mutant-selective/allosteric PI3K-alpha inhibitor design, activity, or resistance-overcoming claims."
SUB016,pmid-42286162,42286162,PMC13338215,10.1038/s41598-026-57722-9,"Identification of PI3K alpha inhibitors through large-scale virtual screening and integrated molecular modeling, biophysical characterization, and ADMET profiling.",Scientific reports,2026,Journal Article,include_context,methods_or_assay,unknown,pmc_available,unknown,SUB016-Q002;SUB016-Q003,"Virtual screening and ADMET profiling are methods context for PI3K-alpha inhibitor discovery, not primary evidence for mutant-selective/allosteric activity or resistance."
SUB016,pmid-37623743,37623743,PMC10618743,10.1158/2159-8290.CD-23-0396,"STX-478, a Mutant-Selective, Allosteric PI3Kα Inhibitor Spares Metabolic Dysfunction and Improves Therapeutic Response in PI3Kα-Mutant Xenografts.",Cancer discovery,2023,"Journal Article;Research Support, Non-U.S. Gov't",include_primary,primary_mechanism,unknown,pmc_available,unknown,SUB016-Q004,Direct STX-478 discovery/preclinical evidence for mutant-selective allosteric PI3K-alpha inhibition and improved therapeutic window.
SUB016,pmid-37916958,37916958,PMC10850944,10.1158/2159-8290.CD-23-0704,Allosteric PI3Kα Inhibition Overcomes On-target Resistance to Orthosteric Inhibitors Mediated by Secondary PIK3CA Mutations.,Cancer discovery,2024,"Journal Article;Research Support, U.S. Gov't, Non-P.H.S.;Research Support, N.I.H., Extramural",include_primary,primary_mechanism,unknown,pmc_available,unknown,SUB016-Q001;SUB016-Q002;SUB016-Q003;SUB016-Q004,Direct evidence that allosteric PI3K-alpha inhibition can overcome secondary PIK3CA on-target resistance to orthosteric inhibitors.
SUB017,pmid-17936563,17936563,unknown,10.1016/j.ccr.2007.08.030,A functional genetic approach identifies the PI3K pathway as a major determinant of trastuzumab resistance in breast cancer.,Cancer cell,2007,"Clinical Trial;Journal Article;Multicenter Study;Research Support, N.I.H., Extramural;Research Support, Non-U.S. Gov't",include_context,analogous_context,unknown,abstract_available,unknown,SUB017-Q003,PI3K pathway determinants of trastuzumab resistance are useful biomarker biology but not PI3K-alpha inhibitor patient selection.
SUB017,pmid-18676830,18676830,PMC2680495,10.1158/0008-5472.CAN-07-6854,"An integrative genomic and proteomic analysis of PIK3CA, PTEN, and AKT mutations in breast cancer.",Cancer research,2008,"Journal Article;Research Support, N.I.H., Extramural;Research Support, Non-U.S. Gov't",include_context,clinical_or_translational,unknown,pmc_available,unknown,SUB017-Q001;SUB017-Q002,Integrated PI3K-pathway genomic/proteomic breast-cancer study informs biomarker biology but predates direct clinical PI3K-alpha inhibitor selection.
SUB017,pmid-19738166,19738166,PMC2758310,10.1093/jnci/djp280,Biomarkers predicting clinical outcome of epidermal growth factor receptor-targeted therapy in metastatic colorectal cancer.,Journal of the National Cancer Institute,2009,"Journal Article;Research Support, Non-U.S. Gov't;Review",include_context,review_or_background,unknown,pmc_available,unknown,SUB017-Q001;SUB017-Q002;SUB017-Q003,EGFR-targeted clinical outcome biomarkers provide analogous patient-selection context.
SUB017,pmid-20940279,20940279,unknown,10.1158/1078-0432.CCR-10-1133,PIK3CA mutations may be discordant between primary and corresponding metastatic disease in breast cancer.,Clinical cancer research : an official journal of the American Association for Cancer Research,2010,"Comparative Study;Journal Article;Research Support, Non-U.S. Gov't",include_context,methods_or_assay,unknown,abstract_available,unknown,SUB017-Q001;SUB017-Q002,PIK3CA discordance between primary and metastatic lesions supports biomarker sampling concerns but not PI3K-alpha inhibitor outcome prediction.
SUB017,pmid-21129603,21129603,unknown,10.1016/S0305-7372(10)70012-8,Therapeutic implications of resistance to molecular therapies in metastatic colorectal cancer.,Cancer treatment reviews,2010,"Journal Article;Research Support, Non-U.S. Gov't;Review",include_context,review_or_background,unknown,abstract_available,unknown,SUB017-Q003,Molecular therapy resistance review in colorectal cancer supplies analogous biomarker framework.
SUB017,pmid-21163703,21163703,unknown,10.1016/S1470-2045(10)70209-6,"KRAS, BRAF, PIK3CA, and PTEN mutations: implications for targeted therapies in metastatic colorectal cancer.",The Lancet. Oncology,2010,"Journal Article;Research Support, Non-U.S. Gov't;Review",include_context,review_or_background,unknown,abstract_available,unknown,SUB017-Q001;SUB017-Q002,KRAS/BRAF/PIK3CA/PTEN targeted-therapy review offers broad biomarker background.
SUB017,pmid-21358673,21358673,unknown,10.1038/onc.2011.42,"PIK3CA mutation, but not PTEN loss of function, determines the sensitivity of breast cancer cells to mTOR inhibitory drugs.",Oncogene,2011,"Journal Article;Research Support, Non-U.S. Gov't",include_context,clinical_or_translational,unknown,abstract_available,unknown,SUB017-Q001;SUB017-Q002,"Breast-cancer cell sensitivity to mTOR inhibitors by PIK3CA status is adjacent pathway biomarker context, not PI3K-alpha selection evidence."
SUB017,pmid-21490305,21490305,PMC3112276,10.1158/1535-7163.MCT-10-1089,PI3K pathway mutations and PTEN levels in primary and metastatic breast cancer.,Molecular cancer therapeutics,2011,"Journal Article;Research Support, N.I.H., Extramural;Research Support, Non-U.S. Gov't",include_context,methods_or_assay,unknown,pmc_available,unknown,SUB017-Q001;SUB017-Q002,Primary-metastatic PIK3CA/PTEN comparisons inform biomarker discordance but lack PI3K-alpha inhibitor response data.
SUB017,pmid-22039088,22039088,unknown,10.1093/annonc/mdr464,PIK3CA exon 20 mutations as a potential biomarker for resistance to anti-EGFR monoclonal antibodies in KRAS wild-type metastatic colorectal cancer: a systematic review and meta-analysis.,Annals of oncology : official journal of the European Society for Medical Oncology,2011,"Journal Article;Meta-Analysis;Research Support, Non-U.S. Gov't;Systematic Review",include_context,review_or_background,unknown,abstract_available,unknown,SUB017-Q003,PIK3CA exon 20 anti-EGFR resistance meta-analysis is analogous predictive biomarker context.
SUB017,pmid-22422409,22422409,PMC3307149,10.1158/1078-0432.CCR-11-2123,PIK3CA/PTEN mutations and Akt activation as markers of sensitivity to allosteric mTOR inhibitors.,Clinical cancer research : an official journal of the American Association for Cancer Research,2012,"Journal Article;Research Support, N.I.H., Extramural;Research Support, Non-U.S. Gov't",include_context,clinical_or_translational,unknown,pmc_available,unknown,SUB017-Q003,PIK3CA/PTEN markers of mTOR inhibitor sensitivity provide pathway biomarker context but do not test PI3K-alpha therapy.
SUB017,pmid-22647972,22647972,unknown,10.1016/j.critrevonc.2012.05.001,Prognostic and predictive biomarkers for epidermal growth factor receptor-targeted therapy in colorectal cancer: beyond KRAS mutations.,Critical reviews in oncology/hematology,2012,Journal Article;Review,include_context,review_or_background,unknown,abstract_available,unknown,SUB017-Q003,EGFR-targeted biomarker review provides analogous predictive-biomarker framework.
SUB017,pmid-22994502,22994502,unknown,10.1517/13543784.2012.726218,Everolimus in the treatment of hormone receptor-positive breast cancer.,Expert opinion on investigational drugs,2012,"Journal Article;Research Support, Non-U.S. Gov't;Review",include_context,review_or_background,unknown,abstract_available,unknown,SUB017-Q003,Everolimus HR-positive breast-cancer review supplies PI3K/mTOR biomarker background.
SUB017,pmid-23144797,23144797,PMC3492590,10.1371/journal.pone.0047020,Multi-purpose utility of circulating plasma DNA testing in patients with advanced cancers.,PloS one,2012,"Journal Article;Research Support, Non-U.S. Gov't",include_context,methods_or_assay,unknown,pmc_available,unknown,SUB017-Q003,Circulating plasma DNA testing review supports liquid-biopsy biomarker context.
SUB017,pmid-23284662,23284662,PMC3524125,10.1371/journal.pone.0051153,"Mutation scanning using MUT-MAP, a high-throughput, microfluidic chip-based, multi-analyte panel.",PloS one,2012,"Journal Article;Research Support, Non-U.S. Gov't",include_context,methods_or_assay,unknown,pmc_available,unknown,SUB017-Q002,MUT-MAP mutation scanning provides assay-method context for biomarker panels.
SUB017,pmid-23301057,23301057,PMC3534682,10.1371/journal.pone.0053292,PIK3CA genotype and a PIK3CA mutation-related gene signature and response to everolimus and letrozole in estrogen receptor positive breast cancer.,PloS one,2013,"Journal Article;Randomized Controlled Trial;Research Support, Non-U.S. Gov't",include_context,clinical_or_translational,unknown,pmc_available,unknown,SUB017-Q001;SUB017-Q002,"PIK3CA genotype/signature association with everolimus and letrozole response is adjacent mTOR biomarker context, not PI3K-alpha selection evidence."
SUB017,pmid-23562214,23562214,unknown,10.1016/j.ctrv.2013.02.006,Molecular determinants of trastuzumab efficacy: What is their clinical relevance?,Cancer treatment reviews,2013,"Journal Article;Research Support, Non-U.S. Gov't;Review",include_context,review_or_background,unknown,abstract_available,unknown,SUB017-Q001;SUB017-Q002;SUB017-Q003,Trastuzumab biomarker review gives analogous HER2/PI3K pathway marker context.
SUB017,pmid-23563269,23563269,unknown,10.1038/nature12065,Non-invasive analysis of acquired resistance to cancer therapy by sequencing of plasma DNA.,Nature,2013,"Journal Article;Research Support, Non-U.S. Gov't",include_context,methods_or_assay,unknown,abstract_available,unknown,SUB017-Q001;SUB017-Q002,Plasma DNA sequencing for acquired resistance provides assay context for serial biomarkers.
SUB017,pmid-23619167,23619167,PMC3710532,10.1158/2159-8290.CD-13-0103,Frequent mutation of the PI3K pathway in head and neck cancer defines predictive biomarkers.,Cancer discovery,2013,"Journal Article;Research Support, N.I.H., Extramural",include_context,review_or_background,unknown,pmc_available,unknown,SUB017-Q001;SUB017-Q002,Head and neck PI3K pathway mutation paper defines predictive biomarker concepts.
SUB017,pmid-23876834,23876834,unknown,10.1016/j.ejca.2013.06.014,Feasibility of preemptive biomarker profiling for personalised early clinical drug development at a Comprehensive Cancer Center.,"European journal of cancer (Oxford, England : 1990)",2013,"Journal Article;Research Support, Non-U.S. Gov't",include_context,review_or_background,unknown,abstract_available,unknown,SUB017-Q002,Preemptive biomarker profiling feasibility supports clinical implementation context.
SUB017,pmid-24520381,24520381,PMC3919784,10.1371/journal.pone.0088401,Targeted biomarker profiling of matched primary and metastatic estrogen receptor positive breast cancers.,PloS one,2014,"Journal Article;Research Support, Non-U.S. Gov't",include_context,methods_or_assay,unknown,pmc_available,unknown,SUB017-Q003,Matched primary/metastatic ER-positive biomarker profiling informs sampling strategy but not PI3K-alpha inhibitor outcomes.
SUB017,pmid-24666267,24666267,unknown,10.3109/0284186X.2014.895036,"The predictive value of KRAS, NRAS, BRAF, PIK3CA and PTEN for anti-EGFR treatment in metastatic colorectal cancer: A systematic review and meta-analysis.","Acta oncologica (Stockholm, Sweden)",2014,Journal Article;Meta-Analysis;Systematic Review,include_context,review_or_background,unknown,abstract_available,unknown,SUB017-Q003,Systematic review of PIK3CA/PTEN as anti-EGFR biomarkers provides analogous biomarker context.
SUB017,pmid-24947048,24947048,PMC4071027,10.1186/1471-2407-14-456,"Single cell mutational analysis of PIK3CA in circulating tumor cells and metastases in breast cancer reveals heterogeneity, discordance, and mutation persistence in cultured disseminated tumor cells from bone marrow.",BMC cancer,2014,"Journal Article;Research Support, N.I.H., Extramural;Research Support, Non-U.S. Gov't",include_context,methods_or_assay,unknown,pmc_available,unknown,SUB017-Q002,Single-cell PIK3CA heterogeneity in CTCs/metastases supports biomarker sampling context but lacks PI3K-alpha treatment outcome linkage.
SUB017,pmid-25032217,25032217,PMC4086227,10.1155/2014/591867,Current approaches for predicting a lack of response to anti-EGFR therapy in KRAS wild-type patients.,BioMed research international,2014,"Journal Article;Research Support, Non-U.S. Gov't;Review",include_context,review_or_background,unknown,pmc_available,unknown,SUB017-Q001;SUB017-Q002,Anti-EGFR nonresponse biomarker review gives analogous predictive-biomarker framework.
SUB017,pmid-25300346,25300346,unknown,10.1159/000366426,PTEN deficiency as a predictive biomarker of resistance to HER2-targeted therapy in advanced gastric cancer.,Oncology,2014,Journal Article,include_context,review_or_background,unknown,abstract_available,unknown,SUB017-Q003,PTEN deficiency as resistance biomarker is analogous pathway-selection context.
SUB017,pmid-25621052,25621052,PMC4301480,10.3892/ol.2014.2744,Phospho-PRAS40Thr246 predicts trastuzumab response in patients with HER2-positive metastatic breast cancer.,Oncology letters,2014,Journal Article,include_context,review_or_background,unknown,pmc_available,unknown,SUB017-Q003,Phospho-PRAS40 response marker gives PI3K/AKT pathway biomarker context.
SUB017,pmid-25851628,25851628,PMC5006510,10.1093/annonc/mdv175,Benefit to neoadjuvant anti-human epidermal growth factor receptor 2 (HER2)-targeted therapies in HER2-positive primary breast cancer is independent of phosphatase and tensin homolog deleted from chromosome 10 (PTEN) status.,Annals of oncology : official journal of the European Society for Medical Oncology,2015,"Clinical Trial, Phase III;Journal Article;Multicenter Study;Randomized Controlled Trial;Research Support, U.S. Gov't, Non-P.H.S.",include_context,review_or_background,unknown,pmc_available,unknown,SUB017-Q003,PTEN status analysis in HER2-targeted breast therapy is pathway biomarker context.
SUB017,pmid-26014291,26014291,PMC4550690,10.1200/JCO.2014.60.4165,Feasibility of Large-Scale Genomic Testing to Facilitate Enrollment Onto Genomically Matched Clinical Trials.,Journal of clinical oncology : official journal of the American Society of Clinical Oncology,2015,"Journal Article;Research Support, N.I.H., Extramural;Research Support, Non-U.S. Gov't",include_context,methods_or_assay,unknown,pmc_available,unknown,SUB017-Q001;SUB017-Q002,Large-scale genomic testing feasibility provides broad patient-selection implementation context.
SUB017,pmid-26245675,26245675,PMC4571802,10.1634/theoncologist.2015-0138,Prospective Biomarker Analysis of the Randomized CHER-LOB Study Evaluating the Dual Anti-HER2 Treatment With Trastuzumab and Lapatinib Plus Chemotherapy as Neoadjuvant Therapy for HER2-Positive Breast Cancer.,The oncologist,2015,"Clinical Trial, Phase II;Journal Article;Multicenter Study;Randomized Controlled Trial;Research Support, Non-U.S. Gov't",include_context,review_or_background,unknown,pmc_available,unknown,SUB017-Q003,PI3K/PIK3CA biomarker or testing evidence is useful patient-selection context but is not clearly tied to PI3K-alpha inhibitor outcome.
SUB017,pmid-26452383,26452383,unknown,10.2174/156800961508151001101742,A Comprehensive Outline of Trastuzumab Resistance Biomarkers in HER2 Overexpressing Breast Cancer.,Current cancer drug targets,2015,"Journal Article;Research Support, Non-U.S. Gov't;Review",include_context,review_or_background,unknown,abstract_available,unknown,SUB017-Q001;SUB017-Q002,PI3K/PIK3CA biomarker or testing evidence is useful patient-selection context but is not clearly tied to PI3K-alpha inhibitor outcome.
SUB017,pmid-27084427,27084427,PMC4833894,10.1016/j.tranon.2016.01.001,"Analysis of PI3K/mTOR Pathway Biomarkers and Their Prognostic Value in Women with Hormone Receptor-Positive, HER2-Negative Early Breast Cancer.",Translational oncology,2016,Journal Article,include_context,review_or_background,unknown,pmc_available,unknown,SUB017-Q003,PI3K/PIK3CA biomarker or testing evidence is useful patient-selection context but is not clearly tied to PI3K-alpha inhibitor outcome.
SUB017,pmid-27265061,27265061,unknown,10.1016/j.clbc.2016.05.004,Detection of TP53/PIK3CA Mutations in Cell-Free Plasma DNA From Metastatic Breast Cancer Patients Using Next Generation Sequencing.,Clinical breast cancer,2016,Journal Article,include_context,review_or_background,unknown,abstract_available,unknown,SUB017-Q003,PI3K/PIK3CA biomarker or testing evidence is useful patient-selection context but is not clearly tied to PI3K-alpha inhibitor outcome.
SUB017,pmid-27384237,27384237,PMC5016060,10.1634/theoncologist.2015-0369,Deciphering and Targeting Oncogenic Mutations and Pathways in Breast Cancer.,The oncologist,2016,"Journal Article;Review;Research Support, Non-U.S. Gov't",include_context,review_or_background,unknown,pmc_available,unknown,SUB017-Q001;SUB017-Q002,PI3K/PIK3CA biomarker or testing evidence is useful patient-selection context but is not clearly tied to PI3K-alpha inhibitor outcome.
SUB017,pmid-27388585,27388585,unknown,10.1001/jamaoncol.2016.0891,Landscape of Phosphatidylinositol-3-Kinase Pathway Alterations Across 19 784 Diverse Solid Tumors.,JAMA oncology,2016,Journal Article,include_context,review_or_background,unknown,abstract_available,unknown,SUB017-Q003,PI3K/PIK3CA biomarker or testing evidence is useful patient-selection context but is not clearly tied to PI3K-alpha inhibitor outcome.
SUB017,pmid-27491860,27491860,PMC5423206,10.1016/j.molonc.2016.07.005,Frequent detection of PIK3CA mutations in single circulating tumor cells of patients suffering from HER2-negative metastatic breast cancer.,Molecular oncology,2016,"Journal Article;Research Support, Non-U.S. Gov't",include_context,review_or_background,unknown,pmc_available,unknown,SUB017-Q003,PI3K/PIK3CA biomarker or testing evidence is useful patient-selection context but is not clearly tied to PI3K-alpha inhibitor outcome.
SUB017,pmid-28228706,28228706,PMC5290430,10.1159/000453133,The PI3K Pathway: Background and Treatment Approaches.,"Breast care (Basel, Switzerland)",2016,Journal Article;Review,include_context,review_or_background,unknown,pmc_available,unknown,SUB017-Q001;SUB017-Q002,PI3K/PIK3CA biomarker or testing evidence is useful patient-selection context but is not clearly tied to PI3K-alpha inhibitor outcome.
SUB017,pmid-29252036,29252036,unknown,10.1080/13543784.2018.1417384,PI3K inhibition to overcome endocrine resistance in breast cancer.,Expert opinion on investigational drugs,2018,Journal Article;Review,include_context,review_or_background,unknown,abstract_available,unknown,SUB017-Q003,PI3K/PIK3CA biomarker or testing evidence is useful patient-selection context but is not clearly tied to PI3K-alpha inhibitor outcome.
SUB017,pmid-29345357,29345357,PMC5995110,10.1002/jcb.26687,The prognostic value of PI3K mutational status in breast cancer: A meta-analysis.,Journal of cellular biochemistry,2018,"Journal Article;Meta-Analysis;Research Support, N.I.H., Extramural;Research Support, Non-U.S. Gov't;Systematic Review",include_context,review_or_background,unknown,pmc_available,unknown,SUB017-Q001;SUB017-Q002,PI3K/PIK3CA biomarker or testing evidence is useful patient-selection context but is not clearly tied to PI3K-alpha inhibitor outcome.
SUB017,pmid-29807833,29807833,PMC6020712,10.1016/j.ebiom.2018.05.015,Identifying Circulating Tumor DNA Mutation Profiles in Metastatic Breast Cancer Patients with Multiline Resistance.,EBioMedicine,2018,Journal Article,include_context,review_or_background,unknown,pmc_available,unknown,SUB017-Q001;SUB017-Q002,PI3K/PIK3CA biomarker or testing evidence is useful patient-selection context but is not clearly tied to PI3K-alpha inhibitor outcome.
SUB017,pmid-30613307,30613307,PMC6299689,10.7150/thno.29164,"Genomic Landscape and Endocrine-Resistant Subgroup in Estrogen Receptor-Positive, Progesterone Receptor-Negative, and HER2-Negative Breast Cancer.",Theranostics,2018,"Journal Article;Research Support, Non-U.S. Gov't",include_context,review_or_background,unknown,pmc_available,unknown,SUB017-Q001;SUB017-Q002,PI3K/PIK3CA biomarker or testing evidence is useful patient-selection context but is not clearly tied to PI3K-alpha inhibitor outcome.
SUB017,pmid-30651399,30651399,PMC6519770,10.1634/theoncologist.2018-0314,"Exploring Biomarkers of Phosphoinositide 3-Kinase Pathway Activation in the Treatment of Hormone Receptor Positive, Human Epidermal Growth Receptor 2 Negative Advanced Breast Cancer.",The oncologist,2019,"Journal Article;Research Support, Non-U.S. Gov't;Review",include_context,review_or_background,unknown,pmc_available,unknown,SUB017-Q003,Biomarker review is useful patient-selection background but not primary evidence under the strict rule.
SUB017,pmid-30652258,30652258,PMC7489296,10.1007/s11307-018-01308-z,PIK3CA Mutational Status Is Associated with High Glycolytic Activity in ER+/HER2- Early Invasive Breast Cancer: a Molecular Imaging Study Using [18F]FDG PET/CT.,Molecular imaging and biology,2019,"Journal Article;Research Support, N.I.H., Extramural;Research Support, Non-U.S. Gov't",include_context,review_or_background,unknown,pmc_available,unknown,SUB017-Q003,PI3K/PIK3CA biomarker or testing evidence is useful patient-selection context but is not clearly tied to PI3K-alpha inhibitor outcome.
SUB017,pmid-31088410,31088410,PMC6515626,10.1186/s12885-019-5668-3,Everolimus in hormone receptor-positive metastatic breast cancer: PIK3CA mutation H1047R was a potential efficacy biomarker in a retrospective study.,BMC cancer,2019,Journal Article,include_context,review_or_background,unknown,pmc_available,unknown,SUB017-Q003,PI3K/PIK3CA biomarker or testing evidence is useful patient-selection context but is not clearly tied to PI3K-alpha inhibitor outcome.
SUB017,pmid-31256368,31256368,unknown,10.1007/s40265-019-01161-6,Alpelisib: First Global Approval.,Drugs,2019,Journal Article;Review,include_context,review_or_background,unknown,abstract_available,unknown,SUB017-Q001,PI3K/PIK3CA biomarker or testing evidence is useful patient-selection context but is not clearly tied to PI3K-alpha inhibitor outcome.
SUB017,pmid-31297647,31297647,unknown,10.1007/s10549-019-05349-y,PIK3CA mutations early persistence in cell-free tumor DNA as a negative prognostic factor in metastatic breast cancer patients treated with hormonal therapy.,Breast cancer research and treatment,2019,Journal Article,include_context,review_or_background,unknown,abstract_available,unknown,SUB017-Q003,PI3K/PIK3CA biomarker or testing evidence is useful patient-selection context but is not clearly tied to PI3K-alpha inhibitor outcome.
SUB017,pmid-31780379,31780379,unknown,10.1016/j.clbc.2019.06.017,Practical Treatment Strategies and Future Directions After Progression While Receiving CDK4/6 Inhibition and Endocrine Therapy in Advanced HR+/HER2- Breast Cancer.,Clinical breast cancer,2019,Journal Article,include_context,review_or_background,unknown,abstract_available,unknown,SUB017-Q003,PI3K/PIK3CA biomarker or testing evidence is useful patient-selection context but is not clearly tied to PI3K-alpha inhibitor outcome.
SUB017,pmid-31859350,31859350,PMC6923785,10.1093/annonc/mdz280,Biomarkers of response and resistance to PI3K inhibitors in estrogen receptor-positive breast cancer patients and combination therapies involving PI3K inhibitors.,Annals of oncology : official journal of the European Society for Medical Oncology,2019,"Journal Article;Research Support, Non-U.S. Gov't;Review",include_context,review_or_background,unknown,pmc_available,unknown,SUB017-Q003,"Despite unknown venue label, this provides useful background for biomarker strategy or patient selection for PI3K-alpha pathway therapy but is not direct proof."
SUB017,pmid-32252811,32252811,PMC7137211,10.1186/s13058-020-01271-0,Everolimus versus alpelisib in advanced hormone receptor-positive HER2-negative breast cancer: targeting different nodes of the PI3K/AKT/mTORC1 pathway with different clinical implications.,Breast cancer research : BCR,2020,"Comparative Study;Journal Article;Research Support, Non-U.S. Gov't;Review",include_context,review_or_background,unknown,pmc_available,unknown,SUB017-Q001,"Despite unknown venue label, this provides useful background for biomarker strategy or patient selection for PI3K-alpha pathway therapy but is not direct proof."
SUB017,pmid-32278641,32278641,unknown,10.1016/j.clbc.2020.02.002,"Targeting PIK3CA Alterations in Hormone Receptor-Positive, Human Epidermal Growth Factor Receptor-2-Negative Advanced Breast Cancer: New Therapeutic Approaches and Practical Considerations.",Clinical breast cancer,2020,"Journal Article;Research Support, Non-U.S. Gov't;Review",include_context,review_or_background,unknown,abstract_available,unknown,SUB017-Q003,"Despite unknown venue label, this provides useful background for biomarker strategy or patient selection for PI3K-alpha pathway therapy but is not direct proof."
SUB017,pmid-33024087,33024087,PMC7538592,10.1038/s41419-020-03037-0,CD44/HA signaling mediates acquired resistance to a PI3Kα inhibitor.,Cell death & disease,2020,"Journal Article;Research Support, Non-U.S. Gov't",include_context,primary_mechanism,unknown,pmc_available,unknown,SUB017-Q001,"Direct PI3K-alpha resistance mechanism can inform biomarkers, but the abstract is mechanism-focused rather than a patient-selection strategy."
SUB017,pmid-33622114,33622114,unknown,10.1080/14656566.2021.1873952,"Alpelisib for the treatment of PIK3CA-mutated, hormone receptor-positive, HER2-negative metastatic breast cancer.",Expert opinion on pharmacotherapy,2021,"Clinical Trial, Phase III;Journal Article;Randomized Controlled Trial",include_context,review_or_background,unknown,abstract_available,unknown,SUB017-Q001;SUB017-Q002,"Despite unknown venue label, this provides useful background for biomarker strategy or patient selection for PI3K-alpha pathway therapy but is not direct proof."
SUB017,pmid-33707948,33707948,PMC7943556,10.2147/TCRM.S251668,Role of Alpelisib in the Treatment of PIK3CA-Mutated Breast Cancer: Patient Selection and Clinical Perspectives.,Therapeutics and clinical risk management,2021,Journal Article;Review,include_context,review_or_background,unknown,pmc_available,unknown,SUB017-Q001;SUB017-Q002,"Despite unknown venue label, this provides useful background for biomarker strategy or patient selection for PI3K-alpha pathway therapy but is not direct proof."
SUB017,pmid-33842357,33842357,PMC8027489,10.3389/fonc.2021.644737,"PIK3CA Mutations as a Molecular Target for Hormone Receptor-Positive, HER2-Negative Metastatic Breast Cancer.",Frontiers in oncology,2021,Journal Article;Review,include_context,review_or_background,unknown,pmc_available,unknown,SUB017-Q001;SUB017-Q002,"Despite unknown venue label, this provides useful background for biomarker strategy or patient selection for PI3K-alpha pathway therapy but is not direct proof."
SUB017,pmid-33854152,33854152,PMC8047009,10.1038/s41598-021-87645-6,"Impact of clinical targeted sequencing on endocrine responsiveness in estrogen receptor-positive, HER2-negative metastatic breast cancer.",Scientific reports,2021,"Journal Article;Research Support, Non-U.S. Gov't",include_context,review_or_background,unknown,pmc_available,unknown,SUB017-Q001;SUB017-Q002,"Despite unknown venue label, this provides useful background for biomarker strategy or patient selection for PI3K-alpha pathway therapy but is not direct proof."
SUB017,pmid-33865994,33865994,unknown,10.1016/j.critrevonc.2021.103334,PI3K inhibition in breast cancer: Identifying and overcoming different flavors of resistance.,Critical reviews in oncology/hematology,2021,Journal Article;Review,include_context,review_or_background,unknown,abstract_available,unknown,SUB017-Q001,"Despite unknown venue label, this provides useful background for biomarker strategy or patient selection for PI3K-alpha pathway therapy but is not direct proof."
SUB017,pmid-34049187,34049187,unknown,10.1016/j.ctrv.2021.102223,Precision medicine in breast cancer: From clinical trials to clinical practice.,Cancer treatment reviews,2021,Journal Article;Review,include_context,review_or_background,unknown,abstract_available,unknown,SUB017-Q001;SUB017-Q002,"Despite unknown venue label, this provides useful background for biomarker strategy or patient selection for PI3K-alpha pathway therapy but is not direct proof."
SUB017,pmid-34504990,34504990,PMC8423397,10.1200/PO.20.00445,Genomic Profiling of Premenopausal HR+ and HER2- Metastatic Breast Cancer by Circulating Tumor DNA and Association of Genetic Alterations With Therapeutic Response to Endocrine Therapy and Ribociclib.,JCO precision oncology,2021,"Clinical Trial, Phase III;Journal Article;Multicenter Study;Randomized Controlled Trial",include_context,review_or_background,unknown,pmc_available,unknown,SUB017-Q003,"Despite unknown venue label, this provides useful background for biomarker strategy or patient selection for PI3K-alpha pathway therapy but is not direct proof."
SUB017,pmid-35055414,35055414,PMC8779216,10.3390/jpm12010099,Use of Circulating Tumour DNA (ctDNA) for Measurement of Therapy Predictive Biomarkers in Patients with Cancer.,Journal of personalized medicine,2022,Journal Article;Review,include_context,review_or_background,unknown,pmc_available,unknown,SUB017-Q003,"Despite unknown venue label, this provides useful background for biomarker strategy or patient selection for PI3K-alpha pathway therapy but is not direct proof."
SUB017,pmid-35114920,35114920,unknown,10.2174/1389450123666220202154757,Recent Advances in PI3 Kinase Inhibitors: Anticancer Activities and Structure-Activity Relationships.,Mini reviews in medicinal chemistry,2022,Journal Article;Review,include_context,review_or_background,unknown,abstract_available,unknown,SUB017-Q001,"Despite unknown venue label, this provides useful background for biomarker strategy or patient selection for PI3K-alpha pathway therapy but is not direct proof."
SUB017,pmid-35357905,35357905,PMC8984255,10.1200/PO.21.00370,PIK3CA Mutations Drive Therapeutic Resistance in Human Epidermal Growth Factor Receptor 2-Positive Breast Cancer.,JCO precision oncology,2022,Journal Article;Review,include_context,review_or_background,unknown,pmc_available,unknown,SUB017-Q001,"Despite unknown venue label, this provides useful background for biomarker strategy or patient selection for PI3K-alpha pathway therapy but is not direct proof."
SUB017,pmid-35671774,35671774,PMC9630162,10.1016/S1470-2045(22)00284-4,"Fulvestrant plus capivasertib versus placebo after relapse or progression on an aromatase inhibitor in metastatic, oestrogen receptor-positive, HER2-negative breast cancer (FAKTION): overall survival, updated progression-free survival, and expanded biomarker analysis from a randomised, phase 2 trial.",The Lancet. Oncology,2022,"Clinical Trial, Phase II;Journal Article;Multicenter Study;Randomized Controlled Trial;Research Support, Non-U.S. Gov't",include_context,analogous_context,unknown,pmc_available,unknown,SUB017-Q003,AKT-inhibitor biomarker analysis is clinically useful pathway context but not direct PI3K-alpha inhibitor biomarker evidence.
SUB017,pmid-35759724,35759724,unknown,10.1200/JCO.22.01063,Biomarkers for Systemic Therapy in Metastatic Breast Cancer: ASCO Guideline Update.,Journal of clinical oncology : official journal of the American Society of Clinical Oncology,2022,Journal Article;Systematic Review;Practice Guideline,include_context,review_or_background,unknown,abstract_available,unknown,SUB017-Q001;SUB017-Q002,"Despite unknown venue label, this provides useful background for biomarker strategy or patient selection for PI3K-alpha pathway therapy but is not direct proof."
SUB017,pmid-35968355,35968355,PMC9360227,unknown,PI3K inhibitors in trastuzumab-resistant HER2-positive breast cancer cells with PI3K pathway alterations.,American journal of cancer research,2022,Journal Article,include_context,methods_or_assay,unknown,pmc_available,unknown,SUB017-Q003,Preclinical HER2-positive cell-line study is useful biomarker context but not direct patient-selection evidence for PI3K-alpha therapy.
SUB017,pmid-35971313,35971313,unknown,10.1177/10781552221119797,"Prognostic and predictive biomarkers with therapeutic targets in breast cancer: A 2022 update on current developments, evidence, and recommendations.",Journal of oncology pharmacy practice : official publication of the International Society of Oncology Pharmacy Practitioners,2022,Journal Article,include_context,review_or_background,unknown,abstract_available,unknown,SUB017-Q001;SUB017-Q002,"Despite unknown venue label, this provides useful background for biomarker strategy or patient selection for PI3K-alpha pathway therapy but is not direct proof."
SUB017,pmid-36071033,36071033,PMC9452562,10.1038/s41467-022-32828-6,High p16 expression and heterozygous RB1 loss are biomarkers for CDK4/6 inhibitor resistance in ER+ breast cancer.,Nature communications,2022,"Journal Article;Research Support, Non-U.S. Gov't;Research Support, N.I.H., Extramural;Research Support, U.S. Gov't, Non-P.H.S.",include_context,review_or_background,unknown,pmc_available,unknown,SUB017-Q003,"Despite unknown venue label, this provides useful background for biomarker strategy or patient selection for PI3K-alpha pathway therapy but is not direct proof."
SUB017,pmid-36470901,36470901,PMC9723105,10.1038/s41467-022-35245-x,Tissue and liquid biopsy profiling reveal convergent tumor evolution and therapy evasion in breast cancer.,Nature communications,2022,Journal Article,include_context,review_or_background,unknown,pmc_available,unknown,SUB017-Q001,Tissue/liquid biopsy profiling study provides broad acquired-alteration context for advanced breast cancer selection.
SUB017,pmid-36633813,36633813,unknown,10.1007/s40262-022-01195-2,Pharmacokinetics and Pharmacodynamic of Alpelisib.,Clinical pharmacokinetics,2023,Journal Article;Review,include_context,review_or_background,unknown,abstract_available,unknown,SUB017-Q001;SUB017-Q002,Alpelisib PK/PD review provides exposure-efficacy/safety context for patient selection and tolerability.
SUB017,pmid-37106324,37106324,PMC10134571,10.1186/s12885-023-10853-y,The impact of PIK3CA mutations and PTEN expression on the effect of neoadjuvant therapy for postmenopausal luminal breast cancer patients.,BMC cancer,2023,Journal Article,include_context,clinical_or_translational,unknown,pmc_available,unknown,SUB017-Q001;SUB017-Q002;SUB017-Q003,PIK3CA/PTEN neoadjuvant-response biomarkers are useful adjacent selection context but not PI3K-alpha inhibitor outcomes.
SUB017,pmid-38286037,38286037,PMC11627550,10.1016/j.biopha.2024.116217,β1 integrin mediates unresponsiveness to PI3Kα inhibition for radiochemosensitization of 3D HNSCC models.,Biomedicine & pharmacotherapy = Biomedecine & pharmacotherapie,2024,Journal Article,include_context,clinical_or_translational,unknown,pmc_available,unknown,SUB017-Q001,"HNSCC alpelisib nonresponse models suggest extracellular-matrix biomarkers, but tumor and treatment context are only partial."
SUB017,pmid-38815877,38815877,unknown,10.1016/j.critrevonc.2024.104404,Navigating the complexity of PI3K/AKT pathway in HER-2 negative breast cancer: biomarkers and beyond.,Critical reviews in oncology/hematology,2024,Journal Article;Review,include_context,review_or_background,unknown,abstract_available,unknown,SUB017-Q001;SUB017-Q002;SUB017-Q003,Review specifically discusses biomarkers of response and resistance to PI3K/AKT inhibitors and assay challenges.
SUB017,pmid-38822093,38822093,PMC11143214,10.1038/s41598-024-62664-1,PIK3CA mutations in endocrine-resistant breast cancer.,Scientific reports,2024,Journal Article,include_context,clinical_or_translational,unknown,pmc_available,unknown,SUB017-Q003,Endocrine-resistant breast PIK3CA fluctuation study aids biomarker framing but is not PI3K-alpha therapy selected.
SUB017,pmid-38884134,38884134,unknown,10.1093/jjco/hyae072,Analysis of PIK3CA mutations in the primary and recurrent tumors of hormone receptor positive/human epidermal growth factor receptor 2 negative breast cancer.,Japanese journal of clinical oncology,2024,Journal Article,include_context,clinical_or_translational,unknown,abstract_available,unknown,SUB017-Q001;SUB017-Q002,Matched primary/recurrent PIK3CA data inform testing timing but do not link PI3K-alpha therapy to outcome.
SUB017,pmid-39235099,39235099,PMC11375731,10.1002/cam4.70101,PIK3CA mutational status in tissue and plasma as a prognostic biomarker in HR+/HER2- breast cancer.,Cancer medicine,2024,Journal Article,include_context,clinical_or_translational,unknown,pmc_available,unknown,SUB017-Q003,Tissue/plasma PIK3CA concordance and prognosis are useful selection context but not PI3K-alpha treatment-outcome proof.
SUB017,pmid-39674130,39674130,PMC11699375,10.1016/j.esmoop.2024.103997,Practical treatment strategies and novel therapies in the phosphoinositide 3-kinase (PI3K)/protein kinase B (AKT)/mammalian target of rapamycin (mTOR) pathway in hormone receptor-positive/human epidermal growth factor receptor 2 (HER2)-negative (HR+/HER2-) advanced breast cancer.,ESMO open,2024,Journal Article;Review,include_context,review_or_background,unknown,pmc_available,unknown,SUB017-Q001;SUB017-Q002,PI3K/AKT/mTOR practical strategy review frames biomarkers for pathway-targeted treatment.
SUB017,pmid-39684756,39684756,PMC11641624,10.3390/ijms252313045,Molecular Profiling of Endocrine Resistance in HR+/HER2-Metastatic Breast Cancer: Insights from Extracellular Vesicles-Derived DNA and ctDNA in Liquid Biopsies.,International journal of molecular sciences,2024,Journal Article,include_context,review_or_background,unknown,pmc_available,unknown,SUB017-Q003,Liquid biopsy study/review on endocrine resistance in HR+/HER2- metastatic breast cancer informs biomarker strategy.
SUB017,pmid-39687977,39687977,unknown,10.1111/his.15395,Recent advancements in biomarkers and molecular diagnostics in hormonal receptor-positive breast cancer.,Histopathology,2024,Journal Article;Review,include_context,review_or_background,unknown,abstract_available,unknown,SUB017-Q003,Biomarker and diagnostics review in HR+ breast cancer is useful selection context.
SUB017,pmid-39796647,39796647,PMC11718791,10.3390/cancers17010016,New Emerging Therapies Targeting PI3K/AKT/mTOR/PTEN Pathway in Hormonal Receptor-Positive and HER2-Negative Breast Cancer-Current State and Molecular Pathology Perspective.,Cancers,2024,Journal Article;Review,include_context,review_or_background,unknown,pmc_available,unknown,SUB017-Q001;SUB017-Q002,Molecular-pathology review directly frames PI3K/AKT/mTOR/PTEN biomarkers in HR+/HER2- breast cancer.
SUB017,pmid-40369610,40369610,PMC12079830,10.1186/s13058-025-02020-x,ESR1 testing on FFPE samples from metastatic lesions in HR + /HER2- breast cancer after progression on CDK4/6 inhibitor therapy.,Breast cancer research : BCR,2025,Journal Article,include_context,review_or_background,unknown,pmc_available,unknown,SUB017-Q001;SUB017-Q002,ESR1 testing paper is adjacent biomarker context after CDK4/6 progression but not PI3K-alpha selected therapy.
SUB017,pmid-40390333,40390333,unknown,10.1080/07391102.2025.2502137,Exploring a kinase inhibitor targeting PI3KCA mutant cancer cells.,Journal of biomolecular structure & dynamics,2025,"Journal Article;Research Support, Non-U.S. Gov't",include_context,review_or_background,unknown,abstract_available,unknown,SUB017-Q001,"Kinase-inhibitor paper targeting PIK3CA-mutant cells is mechanistic context for mutant selectivity, not clinical selection."
SUB017,pmid-40434676,40434676,unknown,10.1007/s11912-025-01689-9,Management of Metastatic Hormone Receptor-Positive Breast Cancer Beyond CDK4/6 Inhibitors.,Current oncology reports,2025,Journal Article;Review,include_context,review_or_background,unknown,abstract_available,unknown,SUB017-Q001;SUB017-Q002,Management review gives context for biomarkers after CDK4/6 inhibitors but is not direct PI3K-alpha evidence.
SUB017,pmid-40540707,40540707,unknown,10.1200/EDBK-25-473372,After a CDK4/6 Inhibitor: State of the Art in Hormone Receptor-Positive Metastatic Breast Cancer.,American Society of Clinical Oncology educational book. American Society of Clinical Oncology. Annual Meeting,2025,Journal Article;Review,include_context,review_or_background,unknown,abstract_available,unknown,SUB017-Q002;SUB017-Q003,Post-CDK4/6 HR+ metastatic breast review provides treatment sequencing context for biomarker-selected PI3K-pathway therapy.
SUB017,pmid-40657993,40657993,unknown,10.1097/CCO.0000000000001168,Liquid biopsy in breast cancer: promises and challenges.,Current opinion in oncology,2025,Journal Article;Review,include_context,review_or_background,unknown,abstract_available,unknown,SUB017-Q001;SUB017-Q002;SUB017-Q003,"Biomarker/testing or precision-therapy context relevant to PI3K-alpha selection, but not primary outcome evidence."
SUB017,pmid-40825169,40825169,PMC12369510,10.1200/PO-24-00810,Circulating Tumor DNA Genotyping of Intrinsic and Acquired Gene Alterations in Patients With Advanced Breast Cancer Receiving Palbociclib: Biomarker Results From POLARIS Study.,JCO precision oncology,2025,Journal Article,include_context,review_or_background,unknown,pmc_available,unknown,SUB017-Q003,"Biomarker/testing or precision-therapy context relevant to PI3K-alpha selection, but not primary outcome evidence."
SUB017,pmid-41280894,41280894,PMC12631382,10.3389/fimmu.2025.1693927,Mechanistic optimization of inavolisib combined with CDK4/6 inhibitors in the treatment of PIK3CA-mutated breast tumors.,Frontiers in immunology,2025,Journal Article;Review,include_context,review_or_background,unknown,pmc_available,unknown,SUB017-Q001;SUB017-Q002;SUB017-Q003,"Biomarker/testing or precision-therapy context relevant to PI3K-alpha selection, but not primary outcome evidence."
SUB017,pmid-41498288,41498288,unknown,10.1097/COC.0000000000001294,"Predictive Value of PIK3CA Mutations for Response to CDK4/6 Inhibitors in Hormone Receptor-Positive, HER2-Negative Metastatic Breast Cancer: A Systematic Review and Meta-Analysis.",American journal of clinical oncology,2026,Journal Article,include_context,review_or_background,unknown,abstract_available,unknown,SUB017-Q003,"Biomarker/testing or precision-therapy context relevant to PI3K-alpha selection, but not primary outcome evidence."
SUB017,pmid-41999452,41999452,PMC13091897,10.1007/s11864-026-01391-3,Beyond CDK4/6 Inhibition: Current Strategies in Hormone Receptor-Positive Metastatic Breast Cancer.,Current treatment options in oncology,2026,Journal Article;Review,include_context,review_or_background,unknown,pmc_available,unknown,SUB017-Q001;SUB017-Q002;SUB017-Q003,"Biomarker/testing or precision-therapy context relevant to PI3K-alpha selection, but not primary outcome evidence."
SUB017,pmid-41999684,41999684,PMC13101763,10.1016/j.breast.2026.104786,Integrating PIK3CA Testing into Clinical Practice for Advanced HR+/HER2- Breast Cancer: An Expert Consensus.,"Breast (Edinburgh, Scotland)",2026,Consensus Statement;Journal Article,include_context,review_or_background,unknown,pmc_available,unknown,SUB017-Q001;SUB017-Q002;SUB017-Q004,"Biomarker/testing or precision-therapy context relevant to PI3K-alpha selection, but not primary outcome evidence."
SUB017,pmid-42052484,42052484,PMC13111025,10.3389/fonc.2026.1807951,Application of PI3K inhibitors in breast cancer treatment: a clinical trial landscape analysis based on clinical trial databases and registries.,Frontiers in oncology,2026,Journal Article;Systematic Review,include_context,review_or_background,unknown,pmc_available,unknown,SUB017-Q003,"Biomarker/testing or precision-therapy context relevant to PI3K-alpha selection, but not primary outcome evidence."
SUB017,pmid-42192904,42192904,PMC13204081,10.3390/cancers18101544,The Current Landscape of Metastatic Breast Cancer: A Pathology Guide on Emerging Biomarkers.,Cancers,2026,Journal Article;Review,include_context,review_or_background,unknown,pmc_available,unknown,SUB017-Q003,"Biomarker/testing or precision-therapy context relevant to PI3K-alpha selection, but not primary outcome evidence."
SUB017,pmid-42194689,42194689,PMC13207896,10.3390/jcm15103715,"Molecular Profiling and Targeted Therapeutic Strategies in Breast Cancer: Clinical Integration of HER2, CDK4/6, and PI3K Inhibition with Trastuzumab, Abemaciclib and Alpelisib.",Journal of clinical medicine,2026,Journal Article;Review,include_context,review_or_background,unknown,pmc_available,unknown,SUB017-Q001;SUB017-Q002;SUB017-Q003,"Biomarker/testing or precision-therapy context relevant to PI3K-alpha selection, but not primary outcome evidence."
SUB017,pmid-42323696,42323696,unknown,10.1186/s13058-026-02324-6,Impact of somatic PIK3CA mutations on clinical outcomes in HER2-positive breast cancer.,Breast cancer research : BCR,2026,Journal Article,include_context,clinical_or_translational,unknown,abstract_available,unknown,SUB017-Q003,"PIK3CA prognostic analysis in HER2-positive breast cancer lacks PI3K-alpha inhibitor treatment context, so it is biomarker background only."
SUB017,pmid-42351448,42351448,PMC13298351,10.3390/diagnostics16121790,"Post-CDK4/6 Inhibitor Therapeutic Approaches in Hormone Receptor-Positive, HER2-Negative Metastatic Breast Cancer: Current Evidence and Emerging Strategies-A Narrative Review.","Diagnostics (Basel, Switzerland)",2026,Journal Article;Review,include_context,review_or_background,unknown,pmc_available,unknown,SUB017-Q003,"Biomarker/testing or precision-therapy context relevant to PI3K-alpha selection, but not primary outcome evidence."
SUB017,pmid-42437171,42437171,PMC13355476,10.1016/j.jlb.2026.100475,ESR1 and PIK3CA circulating tumor DNA (ctDNA) mutation status as predictive biomarkers beyond variant allele fraction (VAF) in metastatic breast cancer.,The journal of liquid biopsy,2026,Journal Article;Review,include_context,review_or_background,unknown,pmc_available,unknown,SUB017-Q001;SUB017-Q002,ctDNA biomarker review frames PIK3CA/ESR1 interpretation and pivotal trials but is not primary outcome evidence.
SUB017,pmid-42505223,42505223,PMC13409238,10.3390/curroncol33070421,"Evolving First-Line Endocrine Therapy in HR+/HER2- Metastatic Breast Cancer: CDK4/6 Inhibition, Biomarker-Guided Strategies and Emerging Therapeutic Paradigms.","Current oncology (Toronto, Ont.)",2026,Journal Article;Review,include_context,review_or_background,unknown,pmc_available,unknown,SUB017-Q003,"Biomarker/testing or precision-therapy context relevant to PI3K-alpha selection, but not primary outcome evidence."
SUB017,pmid-42518131,42518131,PMC13529841,10.1007/s40265-026-02347-5,Emerging Strategies Targeting the PI3K/AKT/mTOR Pathway in HR+/HER2- Advanced Breast Cancer.,Drugs,2026,Journal Article;Review,include_context,review_or_background,unknown,pmc_available,unknown,SUB017-Q001;SUB017-Q002;SUB017-Q003,"Biomarker/testing or precision-therapy context relevant to PI3K-alpha selection, but not primary outcome evidence."
SUB017,pmid-24608574,24608574,unknown,10.1158/1535-7163.MCT-13-0865,Characterization of the novel and specific PI3Kα inhibitor NVP-BYL719 and development of the patient stratification strategy for clinical trials.,Molecular cancer therapeutics,2014,Journal Article,include_primary,clinical_or_translational,unknown,abstract_available,unknown,SUB017-Q002,BYL719 characterization directly includes a PI3K-alpha patient-stratification strategy based on PIK3CA mutation biology.
SUB017,pmid-27604488,27604488,PMC5050154,10.1158/2159-8290.CD-16-0305,Systematic Functional Characterization of Resistance to PI3K Inhibition in Breast Cancer.,Cancer discovery,2016,Journal Article,include_primary,primary_mechanism,unknown,pmc_available,unknown,SUB017-Q001,"Biomarker, assay, subgroup, or functional sensitivity evidence is directly tied to PI3K-alpha inhibitor selection or outcomes."
SUB017,pmid-28382169,28382169,PMC5381259,10.7150/thno.17830,Integration of Receptor Tyrosine Kinases Determines Sensitivity to PI3Kα-selective Inhibitors in Breast Cancer.,Theranostics,2017,Journal Article,include_primary,primary_mechanism,unknown,pmc_available,unknown,SUB017-Q003,"Biomarker, assay, subgroup, or functional sensitivity evidence is directly tied to PI3K-alpha inhibitor selection or outcomes."
SUB017,pmid-31091374,31091374,unknown,10.1056/NEJMoa1813904,"Alpelisib for PIK3CA-Mutated, Hormone Receptor-Positive Advanced Breast Cancer.",The New England journal of medicine,2019,"Clinical Trial, Phase III;Comparative Study;Journal Article;Multicenter Study;Randomized Controlled Trial;Research Support, Non-U.S. Gov't",include_primary,clinical_or_translational,unknown,abstract_available,unknown,SUB017-Q004,"Biomarker, assay, subgroup, or functional sensitivity evidence is directly tied to PI3K-alpha inhibitor selection or outcomes."
SUB017,pmid-32494066,32494066,unknown,10.1038/s41586-020-2175-2,Landscape and function of multiple mutations within individual oncogenes.,Nature,2020,"Journal Article;Research Support, Non-U.S. Gov't",include_primary,primary_mechanism,unknown,abstract_available,unknown,SUB017-Q001;SUB017-Q002,Functional pan-cancer evidence directly links multiple PIK3CA mutations to enhanced PI3K inhibitor sensitivity as a biomarker concept.
SUB017,pmid-32929011,32929011,PMC7533832,10.1073/pnas.2000060117,PIK3CA C-terminal frameshift mutations are novel oncogenic events that sensitize tumors to PI3K-α inhibition.,Proceedings of the National Academy of Sciences of the United States of America,2020,"Journal Article;Research Support, N.I.H., Extramural;Research Support, Non-U.S. Gov't",include_primary,primary_mechanism,unknown,pmc_available,unknown,SUB017-Q001,Functional evidence directly supports rare PIK3CA frameshift mutations as sensitivity biomarkers for PI3K-alpha inhibition.
SUB017,pmid-32976773,32976773,PMC7562820,10.1016/j.ccell.2020.08.016,Metabolic Imaging Detects Resistance to PI3Kα Inhibition Mediated by Persistent FOXM1 Expression in ER+ Breast Cancer.,Cancer cell,2020,"Journal Article;Research Support, N.I.H., Extramural;Research Support, Non-U.S. Gov't;Research Support, U.S. Gov't, Non-P.H.S.",include_primary,primary_mechanism,unknown,pmc_available,unknown,SUB017-Q001;SUB017-Q002;SUB017-Q003,Abstract directly proposes metabolic imaging of persistent FOXM1 as a biomarker of PI3K-alpha inhibitor resistance.
SUB017,pmid-33602685,33602685,PMC8282704,10.1158/1078-0432.CCR-20-4879,Clinical and Biomarker Results from Phase I/II Study of PI3K Inhibitor Alpelisib plus Nab-paclitaxel in HER2-Negative Metastatic Breast Cancer.,Clinical cancer research : an official journal of the American Association for Cancer Research,2021,"Clinical Trial, Phase I;Clinical Trial, Phase II;Journal Article;Research Support, N.I.H., Extramural;Research Support, Non-U.S. Gov't",include_primary,clinical_or_translational,unknown,pmc_available,unknown,SUB017-Q003,Clinical alpelisib trial includes biomarker testing linking PIK3CA mutation status to response endpoints.
SUB017,pmid-33685991,33685991,PMC8137641,10.1158/0008-5472.CAN-20-3232,Genomic Alterations in PIK3CA-Mutated Breast Cancer Result in mTORC1 Activation and Limit the Sensitivity to PI3Kα Inhibitors.,Cancer research,2021,"Journal Article;Research Support, N.I.H., Extramural;Research Support, Non-U.S. Gov't;Research Support, U.S. Gov't, Non-P.H.S.",include_primary,primary_mechanism,unknown,pmc_available,unknown,SUB017-Q001;SUB017-Q002,Genomic loss-of-function screen directly identifies alterations that limit PI3K-alpha inhibitor sensitivity and may guide resistance biomarkers.
SUB017,pmid-37044095,37044095,PMC10140479,10.1016/j.xcrm.2023.101002,N-acetylcysteine overcomes NF1 loss-driven resistance to PI3Kα inhibition in breast cancer.,Cell reports. Medicine,2023,"Journal Article;Research Support, Non-U.S. Gov't",include_primary,clinical_or_translational,unknown,pmc_available,unknown,SUB017-Q001,NF1-loss screen directly identifies a biomarker-like determinant of alpelisib resistance and rescue strategy.
SUB017,pmid-37916958,37916958,PMC10850944,10.1158/2159-8290.CD-23-0704,Allosteric PI3Kα Inhibition Overcomes On-target Resistance to Orthosteric Inhibitors Mediated by Secondary PIK3CA Mutations.,Cancer discovery,2024,"Journal Article;Research Support, U.S. Gov't, Non-P.H.S.;Research Support, N.I.H., Extramural",include_primary,clinical_or_translational,unknown,pmc_available,unknown,SUB017-Q001;SUB017-Q004,Serial clinical resistance study directly identifies acquired biomarkers after PI3K-alpha inhibitor therapy.
SUB017,pmid-38273040,38273040,PMC10810864,10.1038/s41698-024-00496-y,Integrative modeling uncovers p21-driven drug resistance and prioritizes therapies for PIK3CA-mutant breast cancer.,NPJ precision oncology,2024,Journal Article,include_primary,clinical_or_translational,unknown,pmc_available,unknown,SUB017-Q001;SUB017-Q002,BYL719-sensitive versus resistant breast models directly identify p21 and PDK1 as resistance and combination-selection markers.
SUB017,pmid-42373848,42373848,unknown,10.1038/s41598-026-57970-9,A phase II study of alpelisib and capecitabine in patients with previously treated metastatic colorectal cancer (KCSG-CO21-04).,Scientific reports,2026,Journal Article,include_primary,clinical_or_translational,unknown,abstract_available,unknown,SUB017-Q002,"Phase II alpelisib colorectal study directly links molecular selection, KRAS/liver context, ctDNA dynamics, outcomes, and tolerability."
SUB018,pmid-25528022,25528022,unknown,10.1007/s10549-014-3239-5,A preclinical evaluation of the PI3K alpha/delta dominant inhibitor BAY 80-6946 in HER2-positive breast cancer models with acquired resistance to the HER2-targeted therapies trastuzumab and lapatinib.,Breast cancer research and treatment,2014,"Journal Article;Research Support, Non-U.S. Gov't",include_context,analogous_context,unknown,abstract_available,unknown,SUB018-Q002;SUB018-Q003,"HER2-resistant model testing a PI3K alpha/delta inhibitor is crosstalk context, but it addresses resistance to HER2 therapy rather than PI3K-alpha inhibitor resistance."
SUB018,pmid-32252811,32252811,PMC7137211,10.1186/s13058-020-01271-0,Everolimus versus alpelisib in advanced hormone receptor-positive HER2-negative breast cancer: targeting different nodes of the PI3K/AKT/mTORC1 pathway with different clinical implications.,Breast cancer research : BCR,2020,"Comparative Study;Journal Article;Research Support, Non-U.S. Gov't;Review",include_context,review_or_background,unknown,pmc_available,unknown,SUB018-Q002;SUB018-Q003,Review summarizes priority PI3K-alpha resistance mechanisms or verification targets.
SUB018,pmid-33622114,33622114,unknown,10.1080/14656566.2021.1873952,"Alpelisib for the treatment of PIK3CA-mutated, hormone receptor-positive, HER2-negative metastatic breast cancer.",Expert opinion on pharmacotherapy,2021,"Clinical Trial, Phase III;Journal Article;Randomized Controlled Trial",include_context,review_or_background,unknown,abstract_available,unknown,SUB018-Q002;SUB018-Q003,Alpelisib treatment review is useful clinical background for verification planning but not primary evidence.
SUB018,pmid-33865994,33865994,unknown,10.1016/j.critrevonc.2021.103334,PI3K inhibition in breast cancer: Identifying and overcoming different flavors of resistance.,Critical reviews in oncology/hematology,2021,Journal Article;Review,include_context,review_or_background,unknown,abstract_available,unknown,SUB018-Q002;SUB018-Q003,Review summarizes priority PI3K-alpha resistance mechanisms or verification targets.
SUB018,pmid-35331184,35331184,PMC8953069,10.1186/s12885-022-09357-y,Context dependent isoform specific PI3K inhibition confers drug resistance in hepatocellular carcinoma cells.,BMC cancer,2022,Journal Article,include_context,analogous_context,unknown,pmc_available,unknown,SUB018-Q002;SUB018-Q003,"Isoform-specific PI3K inhibition in HCC is resistance-context evidence, but the abstract is outside the core PI3K-alpha breast/priority mechanisms."
SUB018,pmid-35357905,35357905,PMC8984255,10.1200/PO.21.00370,PIK3CA Mutations Drive Therapeutic Resistance in Human Epidermal Growth Factor Receptor 2-Positive Breast Cancer.,JCO precision oncology,2022,Journal Article;Review,include_context,review_or_background,unknown,pmc_available,unknown,SUB018-Q002;SUB018-Q003,Review summarizes priority PI3K-alpha resistance mechanisms or verification targets.
SUB018,pmid-40390333,40390333,unknown,10.1080/07391102.2025.2502137,Exploring a kinase inhibitor targeting PI3KCA mutant cancer cells.,Journal of biomolecular structure & dynamics,2025,"Journal Article;Research Support, Non-U.S. Gov't",include_context,methods_or_assay,unknown,abstract_available,unknown,SUB018-Q002;SUB018-Q003,PIK3CA-mutant inhibitor exploration is discovery context and lacks direct abstract evidence for a priority resistance mechanism.
SUB018,pmid-42286162,42286162,PMC13338215,10.1038/s41598-026-57722-9,"Identification of PI3K alpha inhibitors through large-scale virtual screening and integrated molecular modeling, biophysical characterization, and ADMET profiling.",Scientific reports,2026,Journal Article,include_context,methods_or_assay,unknown,pmc_available,unknown,SUB018-Q002;SUB018-Q003,"PI3K-alpha virtual screening is a retrieval/methods candidate, but it is not primary evidence for a priority resistance mechanism."
SUB018,pmid-25409150,25409150,PMC4326538,10.1038/nature13948,Convergent loss of PTEN leads to clinical resistance to a PI(3)Kα inhibitor.,Nature,2014,"Journal Article;Research Support, N.I.H., Extramural;Research Support, Non-U.S. Gov't",include_primary,primary_mechanism,unknown,pmc_available,unknown,SUB018-Q004,Direct serial clinical evidence shows convergent PTEN loss causing resistance to a PI3K-alpha inhibitor.
SUB018,pmid-25873175,25873175,PMC4398915,10.1016/j.ccell.2015.03.010,AXL mediates resistance to PI3Kα inhibition by activating the EGFR/PKC/mTOR axis in head and neck and esophageal squamous cell carcinomas.,Cancer cell,2015,Journal Article,include_primary,primary_mechanism,unknown,pmc_available,unknown,SUB018-Q002;SUB018-Q003,Direct squamous cancer model evidence shows AXL-mediated resistance to PI3K-alpha inhibition through EGFR/PKC/mTOR signaling.
SUB018,pmid-27604488,27604488,PMC5050154,10.1158/2159-8290.CD-16-0305,Systematic Functional Characterization of Resistance to PI3K Inhibition in Breast Cancer.,Cancer discovery,2016,Journal Article,include_primary,primary_mechanism,unknown,pmc_available,unknown,SUB018-Q002;SUB018-Q003,Direct systematic functional screen characterizes mechanisms of resistance to PI3K inhibition in breast cancer.
SUB018,pmid-32976773,32976773,PMC7562820,10.1016/j.ccell.2020.08.016,Metabolic Imaging Detects Resistance to PI3Kα Inhibition Mediated by Persistent FOXM1 Expression in ER+ Breast Cancer.,Cancer cell,2020,"Journal Article;Research Support, N.I.H., Extramural;Research Support, Non-U.S. Gov't;Research Support, U.S. Gov't, Non-P.H.S.",include_primary,primary_mechanism,unknown,pmc_available,unknown,SUB018-Q002;SUB018-Q003,Direct ER+ breast cancer evidence links persistent FOXM1 expression to resistance detectable during PI3K-alpha inhibition.
SUB018,pmid-33024087,33024087,PMC7538592,10.1038/s41419-020-03037-0,CD44/HA signaling mediates acquired resistance to a PI3Kα inhibitor.,Cell death & disease,2020,"Journal Article;Research Support, Non-U.S. Gov't",include_primary,primary_mechanism,unknown,pmc_available,unknown,SUB018-Q002;SUB018-Q003,Direct acquired-resistance evidence connects CD44/HA signaling to reduced response after PI3K-alpha inhibition.
SUB018,pmid-33186740,33186740,PMC8457522,10.1016/j.annonc.2020.10.596,"Phase III randomized study of taselisib or placebo with fulvestrant in estrogen receptor-positive, PIK3CA-mutant, HER2-negative, advanced breast cancer: the SANDPIPER trial.",Annals of oncology : official journal of the European Society for Medical Oncology,2020,"Clinical Trial, Phase III;Journal Article;Randomized Controlled Trial;Research Support, Non-U.S. Gov't",include_primary,negative_or_limiting,unknown,pmc_available,unknown,SUB018-Q004,Direct phase III SANDPIPER evidence defines a clinically limited PI3K-inhibitor trial and safety/utility boundary.
SUB018,pmid-37044095,37044095,PMC10140479,10.1016/j.xcrm.2023.101002,N-acetylcysteine overcomes NF1 loss-driven resistance to PI3Kα inhibition in breast cancer.,Cell reports. Medicine,2023,"Journal Article;Research Support, Non-U.S. Gov't",include_primary,primary_mechanism,unknown,pmc_available,unknown,SUB018-Q002;SUB018-Q003,Direct breast cancer resistance-screen evidence links NF1 loss to PI3K-alpha inhibitor resistance and tests NAC rescue.
SUB018,pmid-37493631,37493631,PMC10811747,10.1158/1541-7786.MCR-23-0034,CBF-Beta Mitigates PI3K-Alpha-Specific Inhibitor Killing through PIM1 in PIK3CA-Mutant Gastric Cancer.,Molecular cancer research : MCR,2023,"Journal Article;Research Support, Non-U.S. Gov't;Research Support, N.I.H., Extramural",include_primary,primary_mechanism,unknown,pmc_available,unknown,SUB018-Q002;SUB018-Q003,Direct PI3K-alpha inhibitor resistance study in PIK3CA-mutant gastric cancer implicates CBF-beta/PIM1 survival signaling.
SUB018,pmid-37916958,37916958,PMC10850944,10.1158/2159-8290.CD-23-0704,Allosteric PI3Kα Inhibition Overcomes On-target Resistance to Orthosteric Inhibitors Mediated by Secondary PIK3CA Mutations.,Cancer discovery,2024,"Journal Article;Research Support, U.S. Gov't, Non-P.H.S.;Research Support, N.I.H., Extramural",include_primary,primary_mechanism,unknown,pmc_available,unknown,SUB018-Q002;SUB018-Q003;SUB018-Q004,Direct priority evidence for secondary PIK3CA resistance mutations and allosteric PI3K-alpha inhibitor rescue.
SUB018,pmid-38286037,38286037,PMC11627550,10.1016/j.biopha.2024.116217,β1 integrin mediates unresponsiveness to PI3Kα inhibition for radiochemosensitization of 3D HNSCC models.,Biomedicine & pharmacotherapy = Biomedecine & pharmacotherapie,2024,Journal Article,include_primary,primary_mechanism,unknown,pmc_available,unknown,SUB018-Q002;SUB018-Q003,Direct PI3K-alpha inhibitor unresponsiveness study identifies beta1 integrin as a resistance mediator in 3D HNSCC models.
